agent,planning_depth,trial_num_within_goal,decision,meta_rollouts,plan_rollouts,total_rollouts
0,3,1,1,3.8761011266018324,3.8761011266018324,7.752202253203665
0,3,1,2,0.0,0.0,0.0
0,3,1,3,0.0,0.0,0.0
0,3,2,1,3.8761011266018324,3.8761011266018324,7.752202253203665
0,3,2,2,0.0,0.0,0.0
0,3,2,3,0.0,0.0,0.0
0,3,3,1,0.0,3.8761011266018324,3.8761011266018324
0,3,3,2,3.8761011266018324,3.8761011266018324,7.752202253203665
0,3,3,3,0.0,0.0,0.0
0,3,4,1,0.0,0.0,0.0
0,3,4,2,0.0,3.8761011266018324,3.8761011266018324
0,3,4,3,0.0,0.0,0.0
0,3,5,1,0.0,0.0,0.0
0,3,5,2,0.0,3.8761011266018324,3.8761011266018324
0,3,5,3,0.0,0.0,0.0
0,3,6,1,0.0,0.0,0.0
0,3,6,2,0.0,3.8761011266018324,3.8761011266018324
0,3,6,3,0.0,0.0,0.0
0,3,7,1,0.0,3.8761011266018324,3.8761011266018324
0,3,7,2,0.0,0.0,0.0
0,3,7,3,0.0,0.0,0.0
0,3,8,1,0.0,3.8761011266018324,3.8761011266018324
0,3,8,2,0.0,0.0,0.0
0,3,8,3,0.0,0.0,0.0
0,3,9,1,0.0,3.8761011266018324,3.8761011266018324
0,3,9,2,0.0,0.0,0.0
0,3,9,3,0.0,0.0,0.0
0,3,10,1,0.0,3.8761011266018324,3.8761011266018324
0,3,10,2,0.0,0.0,0.0
0,3,10,3,0.0,0.0,0.0
0,3,11,1,0.0,3.8761011266018324,3.8761011266018324
0,3,11,2,0.0,3.8761011266018324,3.8761011266018324
0,3,11,3,0.0,0.0,0.0
0,3,12,1,0.0,0.0,0.0
0,3,12,2,0.0,3.8761011266018324,3.8761011266018324
0,3,12,3,0.0,0.0,0.0
0,3,13,1,0.0,3.8761011266018324,3.8761011266018324
0,3,13,2,0.0,0.0,0.0
0,3,13,3,0.0,0.0,0.0
0,3,14,1,0.0,3.8761011266018324,3.8761011266018324
0,3,14,2,0.0,3.8761011266018324,3.8761011266018324
0,3,14,3,0.0,0.0,0.0
0,3,15,1,0.0,0.0,0.0
0,3,15,2,0.0,3.8761011266018324,3.8761011266018324
0,3,15,3,0.0,0.0,0.0
0,3,16,1,0.0,3.8761011266018324,3.8761011266018324
0,3,16,2,0.0,3.8761011266018324,3.8761011266018324
0,3,16,3,0.0,0.0,0.0
0,3,17,1,0.0,3.8761011266018324,3.8761011266018324
0,3,17,2,0.0,3.8761011266018324,3.8761011266018324
0,3,17,3,0.0,0.0,0.0
0,3,18,1,0.0,3.8761011266018324,3.8761011266018324
0,3,18,2,0.0,0.0,0.0
0,3,18,3,0.0,0.0,0.0
0,3,19,1,0.0,3.8761011266018324,3.8761011266018324
0,3,19,2,0.0,3.8761011266018324,3.8761011266018324
0,3,19,3,0.0,0.0,0.0
0,3,20,1,0.0,3.8761011266018324,3.8761011266018324
0,3,20,2,0.0,0.0,0.0
0,3,20,3,0.0,0.0,0.0
0,2,1,1,4.670201183380856,3.8761011266018324,8.54630230998269
0,2,1,2,0.0,0.0,0.0
0,2,1,3,0.0,0.0,0.0
0,2,2,1,0.7941000567790231,3.8761011266018324,4.670201183380856
0,2,2,2,0.0,0.0,0.0
0,2,2,3,0.0,0.0,0.0
0,2,3,1,0.7941000567790231,3.8761011266018324,4.670201183380856
0,2,3,2,0.0,0.0,0.0
0,2,3,3,0.0,0.0,0.0
0,2,4,1,0.7941000567790231,3.8761011266018324,4.670201183380856
0,2,4,2,3.8761011266018324,3.8761011266018324,7.752202253203665
0,2,4,3,0.0,0.0,0.0
0,2,5,1,0.0,0.0,0.0
0,2,5,2,0.0,3.8761011266018324,3.8761011266018324
0,2,5,3,0.0,0.0,0.0
0,2,6,1,0.0,0.0,0.0
0,2,6,2,0.0,3.8761011266018324,3.8761011266018324
0,2,6,3,0.0,0.0,0.0
0,2,7,1,0.0,0.0,0.0
0,2,7,2,0.0,3.8761011266018324,3.8761011266018324
0,2,7,3,2.0,2.0,4.0
0,2,8,1,0.0,3.8761011266018324,3.8761011266018324
0,2,8,2,0.0,3.8761011266018324,3.8761011266018324
0,2,8,3,0.0,0.0,0.0
0,2,9,1,0.0,0.0,0.0
0,2,9,2,0.0,3.8761011266018324,3.8761011266018324
0,2,9,3,0.0,2.0,2.0
0,2,10,1,0.0,3.8761011266018324,3.8761011266018324
0,2,10,2,0.0,0.0,0.0
0,2,10,3,0.0,0.0,0.0
0,2,11,1,0.0,3.8761011266018324,3.8761011266018324
0,2,11,2,0.0,3.8761011266018324,3.8761011266018324
0,2,11,3,0.0,0.0,0.0
0,2,12,1,0.0,0.0,0.0
0,2,12,2,0.0,3.8761011266018324,3.8761011266018324
0,2,12,3,0.0,0.0,0.0
0,2,13,1,0.0,0.0,0.0
0,2,13,2,0.0,3.8761011266018324,3.8761011266018324
0,2,13,3,0.0,0.0,0.0
0,2,14,1,0.0,0.0,0.0
0,2,14,2,0.0,3.8761011266018324,3.8761011266018324
0,2,14,3,0.0,0.0,0.0
0,2,15,1,0.0,0.0,0.0
0,2,15,2,0.0,3.8761011266018324,3.8761011266018324
0,2,15,3,0.0,0.0,0.0
0,2,16,1,0.0,0.0,0.0
0,2,16,2,0.0,3.8761011266018324,3.8761011266018324
0,2,16,3,0.0,0.0,0.0
0,2,17,1,0.0,0.0,0.0
0,2,17,2,0.0,3.8761011266018324,3.8761011266018324
0,2,17,3,0.0,0.0,0.0
0,2,18,1,0.0,0.0,0.0
0,2,18,2,0.0,3.8761011266018324,3.8761011266018324
0,2,18,3,0.0,0.0,0.0
0,2,19,1,0.0,0.0,0.0
0,2,19,2,0.0,3.8761011266018324,3.8761011266018324
0,2,19,3,0.0,0.0,0.0
0,2,20,1,0.0,0.0,0.0
0,2,20,2,0.0,3.8761011266018324,3.8761011266018324
0,2,20,3,0.0,0.0,0.0
0,1,1,1,4.670201183380856,3.8761011266018324,8.54630230998269
0,1,1,2,2.794100056779023,2.0,4.794100056779023
0,1,1,3,2.0,2.0,4.0
0,1,2,1,0.0,0.0,0.0
0,1,2,2,0.0,0.0,0.0
0,1,2,3,0.0,2.0,2.0
0,1,3,1,0.0,0.0,0.0
0,1,3,2,0.0,0.0,0.0
0,1,3,3,0.0,2.0,2.0
0,1,4,1,0.0,0.0,0.0
0,1,4,2,0.0,0.0,0.0
0,1,4,3,0.0,2.0,2.0
0,1,5,1,0.0,0.0,0.0
0,1,5,2,0.0,0.0,0.0
0,1,5,3,0.0,2.0,2.0
0,1,6,1,0.0,0.0,0.0
0,1,6,2,0.0,0.0,0.0
0,1,6,3,0.0,2.0,2.0
0,1,7,1,0.0,0.0,0.0
0,1,7,2,0.0,0.0,0.0
0,1,7,3,0.0,2.0,2.0
0,1,8,1,0.0,0.0,0.0
0,1,8,2,0.0,0.0,0.0
0,1,8,3,0.0,2.0,2.0
0,1,9,1,0.0,0.0,0.0
0,1,9,2,0.0,0.0,0.0
0,1,9,3,0.0,2.0,2.0
0,1,10,1,0.0,0.0,0.0
0,1,10,2,0.0,0.0,0.0
0,1,10,3,0.0,2.0,2.0
0,1,11,1,0.0,0.0,0.0
0,1,11,2,0.0,0.0,0.0
0,1,11,3,0.0,2.0,2.0
0,1,12,1,0.0,0.0,0.0
0,1,12,2,0.0,0.0,0.0
0,1,12,3,0.0,2.0,2.0
0,1,13,1,0.0,0.0,0.0
0,1,13,2,0.0,0.0,0.0
0,1,13,3,0.0,2.0,2.0
0,1,14,1,0.0,0.0,0.0
0,1,14,2,0.0,0.0,0.0
0,1,14,3,0.0,2.0,2.0
0,1,15,1,0.0,0.0,0.0
0,1,15,2,0.0,0.0,0.0
0,1,15,3,0.0,2.0,2.0
0,1,16,1,0.0,0.0,0.0
0,1,16,2,0.0,0.0,0.0
0,1,16,3,0.0,2.0,2.0
0,1,17,1,0.0,0.0,0.0
0,1,17,2,0.0,0.0,0.0
0,1,17,3,0.0,2.0,2.0
0,1,18,1,0.0,0.0,0.0
0,1,18,2,0.0,0.0,0.0
0,1,18,3,0.0,2.0,2.0
0,1,19,1,0.0,0.0,0.0
0,1,19,2,0.0,0.0,0.0
0,1,19,3,0.0,2.0,2.0
0,1,20,1,0.0,0.0,0.0
0,1,20,2,0.0,0.0,0.0
0,1,20,3,0.0,2.0,2.0
1,3,1,1,3.8761011266018324,3.8761011266018324,7.752202253203665
1,3,1,2,0.0,0.0,0.0
1,3,1,3,0.0,0.0,0.0
1,3,2,1,3.8761011266018324,3.8761011266018324,7.752202253203665
1,3,2,2,0.0,0.0,0.0
1,3,2,3,0.0,0.0,0.0
1,3,3,1,0.0,3.8761011266018324,3.8761011266018324
1,3,3,2,0.0,0.0,0.0
1,3,3,3,0.0,0.0,0.0
1,3,4,1,0.0,3.8761011266018324,3.8761011266018324
1,3,4,2,0.0,0.0,0.0
1,3,4,3,0.0,0.0,0.0
1,3,5,1,0.0,3.8761011266018324,3.8761011266018324
1,3,5,2,3.8761011266018324,3.8761011266018324,7.752202253203665
1,3,5,3,2.0,2.0,4.0
1,3,6,1,0.0,3.8761011266018324,3.8761011266018324
1,3,6,2,0.0,0.0,0.0
1,3,6,3,0.0,0.0,0.0
1,3,7,1,0.0,3.8761011266018324,3.8761011266018324
1,3,7,2,0.0,3.8761011266018324,3.8761011266018324
1,3,7,3,0.0,0.0,0.0
1,3,8,1,0.0,0.0,0.0
1,3,8,2,0.0,3.8761011266018324,3.8761011266018324
1,3,8,3,0.0,0.0,0.0
1,3,9,1,0.0,3.8761011266018324,3.8761011266018324
1,3,9,2,0.0,0.0,0.0
1,3,9,3,0.0,0.0,0.0
1,3,10,1,0.0,3.8761011266018324,3.8761011266018324
1,3,10,2,0.0,0.0,0.0
1,3,10,3,0.0,0.0,0.0
1,3,11,1,0.0,3.8761011266018324,3.8761011266018324
1,3,11,2,0.0,0.0,0.0
1,3,11,3,0.0,0.0,0.0
1,3,12,1,0.0,3.8761011266018324,3.8761011266018324
1,3,12,2,0.0,0.0,0.0
1,3,12,3,0.0,0.0,0.0
1,3,13,1,0.0,3.8761011266018324,3.8761011266018324
1,3,13,2,0.0,3.8761011266018324,3.8761011266018324
1,3,13,3,0.0,0.0,0.0
1,3,14,1,0.0,0.0,0.0
1,3,14,2,0.0,3.8761011266018324,3.8761011266018324
1,3,14,3,0.0,0.0,0.0
1,3,15,1,0.0,0.0,0.0
1,3,15,2,0.0,3.8761011266018324,3.8761011266018324
1,3,15,3,0.0,0.0,0.0
1,3,16,1,0.0,3.8761011266018324,3.8761011266018324
1,3,16,2,0.0,0.0,0.0
1,3,16,3,0.0,0.0,0.0
1,3,17,1,0.0,3.8761011266018324,3.8761011266018324
1,3,17,2,0.0,0.0,0.0
1,3,17,3,0.0,0.0,0.0
1,3,18,1,0.0,3.8761011266018324,3.8761011266018324
1,3,18,2,0.0,0.0,0.0
1,3,18,3,0.0,0.0,0.0
1,3,19,1,0.0,3.8761011266018324,3.8761011266018324
1,3,19,2,0.0,0.0,0.0
1,3,19,3,0.0,0.0,0.0
1,3,20,1,0.0,3.8761011266018324,3.8761011266018324
1,3,20,2,0.0,0.0,0.0
1,3,20,3,0.0,0.0,0.0
1,2,1,1,4.670201183380856,3.8761011266018324,8.54630230998269
1,2,1,2,3.8761011266018324,3.8761011266018324,7.752202253203665
1,2,1,3,0.0,0.0,0.0
1,2,2,1,0.0,0.0,0.0
1,2,2,2,0.0,3.8761011266018324,3.8761011266018324
1,2,2,3,0.0,0.0,0.0
1,2,3,1,0.0,0.0,0.0
1,2,3,2,0.0,3.8761011266018324,3.8761011266018324
1,2,3,3,0.0,0.0,0.0
1,2,4,1,0.0,0.0,0.0
1,2,4,2,0.0,3.8761011266018324,3.8761011266018324
1,2,4,3,0.0,0.0,0.0
1,2,5,1,0.0,0.0,0.0
1,2,5,2,0.0,3.8761011266018324,3.8761011266018324
1,2,5,3,0.0,0.0,0.0
1,2,6,1,0.0,0.0,0.0
1,2,6,2,0.0,3.8761011266018324,3.8761011266018324
1,2,6,3,0.0,0.0,0.0
1,2,7,1,0.0,0.0,0.0
1,2,7,2,0.0,3.8761011266018324,3.8761011266018324
1,2,7,3,0.0,0.0,0.0
1,2,8,1,0.0,0.0,0.0
1,2,8,2,0.0,3.8761011266018324,3.8761011266018324
1,2,8,3,0.0,0.0,0.0
1,2,9,1,0.0,0.0,0.0
1,2,9,2,0.0,3.8761011266018324,3.8761011266018324
1,2,9,3,0.0,0.0,0.0
1,2,10,1,0.0,0.0,0.0
1,2,10,2,0.0,3.8761011266018324,3.8761011266018324
1,2,10,3,0.0,0.0,0.0
1,2,11,1,0.0,0.0,0.0
1,2,11,2,0.0,3.8761011266018324,3.8761011266018324
1,2,11,3,0.0,0.0,0.0
1,2,12,1,0.0,0.0,0.0
1,2,12,2,0.0,3.8761011266018324,3.8761011266018324
1,2,12,3,2.0,2.0,4.0
1,2,13,1,0.7941000567790231,3.8761011266018324,4.670201183380856
1,2,13,2,0.0,3.8761011266018324,3.8761011266018324
1,2,13,3,0.0,0.0,0.0
1,2,14,1,0.0,0.0,0.0
1,2,14,2,0.0,3.8761011266018324,3.8761011266018324
1,2,14,3,0.0,0.0,0.0
1,2,15,1,0.0,0.0,0.0
1,2,15,2,0.0,3.8761011266018324,3.8761011266018324
1,2,15,3,0.0,0.0,0.0
1,2,16,1,0.0,0.0,0.0
1,2,16,2,0.0,3.8761011266018324,3.8761011266018324
1,2,16,3,0.0,2.0,2.0
1,2,17,1,0.0,0.0,0.0
1,2,17,2,0.0,0.0,0.0
1,2,17,3,0.0,2.0,2.0
1,2,18,1,0.0,0.0,0.0
1,2,18,2,0.0,0.0,0.0
1,2,18,3,0.0,2.0,2.0
1,2,19,1,0.0,0.0,0.0
1,2,19,2,0.0,0.0,0.0
1,2,19,3,0.0,2.0,2.0
1,2,20,1,0.0,0.0,0.0
1,2,20,2,0.0,0.0,0.0
1,2,20,3,0.0,2.0,2.0
1,1,1,1,4.670201183380856,3.8761011266018324,8.54630230998269
1,1,1,2,0.0,0.0,0.0
1,1,1,3,0.0,0.0,0.0
1,1,2,1,0.7941000567790231,3.8761011266018324,4.670201183380856
1,1,2,2,2.794100056779023,2.0,4.794100056779023
1,1,2,3,2.0,2.0,4.0
1,1,3,1,0.0,0.0,0.0
1,1,3,2,0.0,0.0,0.0
1,1,3,3,0.0,0.0,0.0
1,1,4,1,0.7941000567790231,3.8761011266018324,4.670201183380856
1,1,4,2,0.7941000567790231,2.0,2.794100056779023
1,1,4,3,0.0,2.0,2.0
1,1,5,1,0.0,0.0,0.0
1,1,5,2,0.0,0.0,0.0
1,1,5,3,0.0,2.0,2.0
1,1,6,1,0.0,0.0,0.0
1,1,6,2,0.0,0.0,0.0
1,1,6,3,0.0,2.0,2.0
1,1,7,1,0.0,0.0,0.0
1,1,7,2,0.0,0.0,0.0
1,1,7,3,0.0,2.0,2.0
1,1,8,1,0.0,0.0,0.0
1,1,8,2,0.0,0.0,0.0
1,1,8,3,0.0,2.0,2.0
1,1,9,1,0.0,0.0,0.0
1,1,9,2,0.0,0.0,0.0
1,1,9,3,0.0,2.0,2.0
1,1,10,1,0.0,0.0,0.0
1,1,10,2,0.0,0.0,0.0
1,1,10,3,0.0,2.0,2.0
1,1,11,1,0.0,0.0,0.0
1,1,11,2,0.0,0.0,0.0
1,1,11,3,0.0,2.0,2.0
1,1,12,1,0.0,0.0,0.0
1,1,12,2,0.0,0.0,0.0
1,1,12,3,0.0,2.0,2.0
1,1,13,1,0.0,0.0,0.0
1,1,13,2,0.0,0.0,0.0
1,1,13,3,0.0,2.0,2.0
1,1,14,1,0.0,0.0,0.0
1,1,14,2,0.0,0.0,0.0
1,1,14,3,0.0,2.0,2.0
1,1,15,1,0.0,0.0,0.0
1,1,15,2,0.0,0.0,0.0
1,1,15,3,0.0,2.0,2.0
1,1,16,1,0.0,0.0,0.0
1,1,16,2,0.0,0.0,0.0
1,1,16,3,0.0,2.0,2.0
1,1,17,1,0.0,0.0,0.0
1,1,17,2,0.0,0.0,0.0
1,1,17,3,0.0,2.0,2.0
1,1,18,1,0.0,0.0,0.0
1,1,18,2,0.0,0.0,0.0
1,1,18,3,0.0,2.0,2.0
1,1,19,1,0.0,0.0,0.0
1,1,19,2,0.0,0.0,0.0
1,1,19,3,0.0,2.0,2.0
1,1,20,1,0.0,0.0,0.0
1,1,20,2,0.0,0.0,0.0
1,1,20,3,0.0,2.0,2.0
2,3,1,1,3.8761011266018324,3.8761011266018324,7.752202253203665
2,3,1,2,3.8761011266018324,3.8761011266018324,7.752202253203665
2,3,1,3,0.0,0.0,0.0
2,3,2,1,3.8761011266018324,3.8761011266018324,7.752202253203665
2,3,2,2,0.0,3.8761011266018324,3.8761011266018324
2,3,2,3,0.0,0.0,0.0
2,3,3,1,0.0,3.8761011266018324,3.8761011266018324
2,3,3,2,0.0,0.0,0.0
2,3,3,3,0.0,0.0,0.0
2,3,4,1,0.0,3.8761011266018324,3.8761011266018324
2,3,4,2,0.0,0.0,0.0
2,3,4,3,0.0,0.0,0.0
2,3,5,1,0.0,3.8761011266018324,3.8761011266018324
2,3,5,2,0.0,0.0,0.0
2,3,5,3,0.0,0.0,0.0
2,3,6,1,0.0,3.8761011266018324,3.8761011266018324
2,3,6,2,0.0,0.0,0.0
2,3,6,3,0.0,0.0,0.0
2,3,7,1,0.0,3.8761011266018324,3.8761011266018324
2,3,7,2,0.0,3.8761011266018324,3.8761011266018324
2,3,7,3,0.0,0.0,0.0
2,3,8,1,0.0,0.0,0.0
2,3,8,2,0.0,3.8761011266018324,3.8761011266018324
2,3,8,3,0.0,0.0,0.0
2,3,9,1,0.0,0.0,0.0
2,3,9,2,0.0,3.8761011266018324,3.8761011266018324
2,3,9,3,0.0,0.0,0.0
2,3,10,1,0.0,0.0,0.0
2,3,10,2,0.0,3.8761011266018324,3.8761011266018324
2,3,10,3,0.0,0.0,0.0
2,3,11,1,0.0,3.8761011266018324,3.8761011266018324
2,3,11,2,0.0,3.8761011266018324,3.8761011266018324
2,3,11,3,0.0,0.0,0.0
2,3,12,1,0.0,0.0,0.0
2,3,12,2,0.0,3.8761011266018324,3.8761011266018324
2,3,12,3,0.0,0.0,0.0
2,3,13,1,0.0,0.0,0.0
2,3,13,2,0.0,3.8761011266018324,3.8761011266018324
2,3,13,3,0.0,0.0,0.0
2,3,14,1,0.0,0.0,0.0
2,3,14,2,0.0,3.8761011266018324,3.8761011266018324
2,3,14,3,0.0,0.0,0.0
2,3,15,1,0.0,3.8761011266018324,3.8761011266018324
2,3,15,2,0.0,0.0,0.0
2,3,15,3,0.0,0.0,0.0
2,3,16,1,0.0,3.8761011266018324,3.8761011266018324
2,3,16,2,0.0,0.0,0.0
2,3,16,3,0.0,0.0,0.0
2,3,17,1,0.0,3.8761011266018324,3.8761011266018324
2,3,17,2,0.0,0.0,0.0
2,3,17,3,0.0,0.0,0.0
2,3,18,1,0.0,3.8761011266018324,3.8761011266018324
2,3,18,2,0.0,0.0,0.0
2,3,18,3,0.0,0.0,0.0
2,3,19,1,0.0,3.8761011266018324,3.8761011266018324
2,3,19,2,0.0,0.0,0.0
2,3,19,3,0.0,0.0,0.0
2,3,20,1,0.0,3.8761011266018324,3.8761011266018324
2,3,20,2,0.0,0.0,0.0
2,3,20,3,0.0,0.0,0.0
2,2,1,1,4.670201183380856,3.8761011266018324,8.54630230998269
2,2,1,2,0.0,0.0,0.0
2,2,1,3,0.0,0.0,0.0
2,2,2,1,0.7941000567790231,3.8761011266018324,4.670201183380856
2,2,2,2,3.8761011266018324,3.8761011266018324,7.752202253203665
2,2,2,3,0.0,0.0,0.0
2,2,3,1,0.0,0.0,0.0
2,2,3,2,0.0,3.8761011266018324,3.8761011266018324
2,2,3,3,0.0,0.0,0.0
2,2,4,1,0.0,0.0,0.0
2,2,4,2,0.0,3.8761011266018324,3.8761011266018324
2,2,4,3,0.0,0.0,0.0
2,2,5,1,0.0,0.0,0.0
2,2,5,2,0.0,3.8761011266018324,3.8761011266018324
2,2,5,3,0.0,0.0,0.0
2,2,6,1,0.0,0.0,0.0
2,2,6,2,0.0,3.8761011266018324,3.8761011266018324
2,2,6,3,0.0,0.0,0.0
2,2,7,1,0.0,0.0,0.0
2,2,7,2,0.0,3.8761011266018324,3.8761011266018324
2,2,7,3,0.0,0.0,0.0
2,2,8,1,0.0,0.0,0.0
2,2,8,2,0.0,3.8761011266018324,3.8761011266018324
2,2,8,3,0.0,0.0,0.0
2,2,9,1,0.0,0.0,0.0
2,2,9,2,0.0,3.8761011266018324,3.8761011266018324
2,2,9,3,2.0,2.0,4.0
2,2,10,1,0.0,0.0,0.0
2,2,10,2,0.0,0.0,0.0
2,2,10,3,0.0,2.0,2.0
2,2,11,1,0.7941000567790231,3.8761011266018324,4.670201183380856
2,2,11,2,0.0,3.8761011266018324,3.8761011266018324
2,2,11,3,0.0,0.0,0.0
2,2,12,1,0.0,0.0,0.0
2,2,12,2,0.0,3.8761011266018324,3.8761011266018324
2,2,12,3,0.0,2.0,2.0
2,2,13,1,0.7941000567790231,3.8761011266018324,4.670201183380856
2,2,13,2,0.0,3.8761011266018324,3.8761011266018324
2,2,13,3,0.0,2.0,2.0
2,2,14,1,0.0,0.0,0.0
2,2,14,2,0.0,0.0,0.0
2,2,14,3,0.0,2.0,2.0
2,2,15,1,0.0,0.0,0.0
2,2,15,2,0.0,0.0,0.0
2,2,15,3,0.0,2.0,2.0
2,2,16,1,0.0,3.8761011266018324,3.8761011266018324
2,2,16,2,0.0,0.0,0.0
2,2,16,3,0.0,0.0,0.0
2,2,17,1,0.0,3.8761011266018324,3.8761011266018324
2,2,17,2,0.0,3.8761011266018324,3.8761011266018324
2,2,17,3,0.0,0.0,0.0
2,2,18,1,0.0,0.0,0.0
2,2,18,2,0.0,3.8761011266018324,3.8761011266018324
2,2,18,3,0.0,0.0,0.0
2,2,19,1,0.0,0.0,0.0
2,2,19,2,0.0,3.8761011266018324,3.8761011266018324
2,2,19,3,0.0,0.0,0.0
2,2,20,1,0.0,0.0,0.0
2,2,20,2,0.0,3.8761011266018324,3.8761011266018324
2,2,20,3,0.0,0.0,0.0
2,1,1,1,4.670201183380856,3.8761011266018324,8.54630230998269
2,1,1,2,0.0,0.0,0.0
2,1,1,3,0.0,0.0,0.0
2,1,2,1,0.7941000567790231,3.8761011266018324,4.670201183380856
2,1,2,2,2.794100056779023,2.0,4.794100056779023
2,1,2,3,2.0,2.0,4.0
2,1,3,1,0.0,0.0,0.0
2,1,3,2,0.0,0.0,0.0
2,1,3,3,0.0,2.0,2.0
2,1,4,1,0.0,0.0,0.0
2,1,4,2,0.0,0.0,0.0
2,1,4,3,0.0,2.0,2.0
2,1,5,1,0.0,0.0,0.0
2,1,5,2,0.0,0.0,0.0
2,1,5,3,0.0,2.0,2.0
2,1,6,1,0.0,0.0,0.0
2,1,6,2,0.0,0.0,0.0
2,1,6,3,0.0,2.0,2.0
2,1,7,1,0.0,0.0,0.0
2,1,7,2,0.0,0.0,0.0
2,1,7,3,0.0,2.0,2.0
2,1,8,1,0.0,0.0,0.0
2,1,8,2,0.0,0.0,0.0
2,1,8,3,0.0,2.0,2.0
2,1,9,1,0.0,0.0,0.0
2,1,9,2,0.0,0.0,0.0
2,1,9,3,0.0,2.0,2.0
2,1,10,1,0.0,0.0,0.0
2,1,10,2,0.0,0.0,0.0
2,1,10,3,0.0,2.0,2.0
2,1,11,1,0.0,0.0,0.0
2,1,11,2,0.0,0.0,0.0
2,1,11,3,0.0,2.0,2.0
2,1,12,1,0.0,0.0,0.0
2,1,12,2,0.0,0.0,0.0
2,1,12,3,0.0,2.0,2.0
2,1,13,1,0.0,0.0,0.0
2,1,13,2,0.0,0.0,0.0
2,1,13,3,0.0,2.0,2.0
2,1,14,1,0.0,0.0,0.0
2,1,14,2,0.0,0.0,0.0
2,1,14,3,0.0,2.0,2.0
2,1,15,1,0.0,0.0,0.0
2,1,15,2,0.0,0.0,0.0
2,1,15,3,0.0,2.0,2.0
2,1,16,1,0.0,0.0,0.0
2,1,16,2,0.0,0.0,0.0
2,1,16,3,0.0,2.0,2.0
2,1,17,1,0.0,0.0,0.0
2,1,17,2,0.0,0.0,0.0
2,1,17,3,0.0,2.0,2.0
2,1,18,1,0.0,0.0,0.0
2,1,18,2,0.0,0.0,0.0
2,1,18,3,0.0,2.0,2.0
2,1,19,1,0.0,0.0,0.0
2,1,19,2,0.0,0.0,0.0
2,1,19,3,0.0,2.0,2.0
2,1,20,1,0.0,0.0,0.0
2,1,20,2,0.0,0.0,0.0
2,1,20,3,0.0,2.0,2.0
3,3,1,1,3.8761011266018324,3.8761011266018324,7.752202253203665
3,3,1,2,0.0,0.0,0.0
3,3,1,3,0.0,0.0,0.0
3,3,2,1,3.8761011266018324,3.8761011266018324,7.752202253203665
3,3,2,2,0.0,0.0,0.0
3,3,2,3,0.0,0.0,0.0
3,3,3,1,0.0,3.8761011266018324,3.8761011266018324
3,3,3,2,0.0,0.0,0.0
3,3,3,3,0.0,0.0,0.0
3,3,4,1,0.0,3.8761011266018324,3.8761011266018324
3,3,4,2,0.0,0.0,0.0
3,3,4,3,0.0,0.0,0.0
3,3,5,1,0.0,3.8761011266018324,3.8761011266018324
3,3,5,2,0.0,0.0,0.0
3,3,5,3,0.0,0.0,0.0
3,3,6,1,0.0,3.8761011266018324,3.8761011266018324
3,3,6,2,0.0,0.0,0.0
3,3,6,3,0.0,0.0,0.0
3,3,7,1,0.0,3.8761011266018324,3.8761011266018324
3,3,7,2,0.0,0.0,0.0
3,3,7,3,0.0,0.0,0.0
3,3,8,1,0.0,3.8761011266018324,3.8761011266018324
3,3,8,2,0.0,0.0,0.0
3,3,8,3,0.0,0.0,0.0
3,3,9,1,0.0,3.8761011266018324,3.8761011266018324
3,3,9,2,0.0,0.0,0.0
3,3,9,3,0.0,0.0,0.0
3,3,10,1,0.0,3.8761011266018324,3.8761011266018324
3,3,10,2,3.8761011266018324,3.8761011266018324,7.752202253203665
3,3,10,3,0.0,0.0,0.0
3,3,11,1,0.0,3.8761011266018324,3.8761011266018324
3,3,11,2,0.0,3.8761011266018324,3.8761011266018324
3,3,11,3,0.0,0.0,0.0
3,3,12,1,0.0,3.8761011266018324,3.8761011266018324
3,3,12,2,0.0,3.8761011266018324,3.8761011266018324
3,3,12,3,0.0,0.0,0.0
3,3,13,1,0.0,0.0,0.0
3,3,13,2,0.0,3.8761011266018324,3.8761011266018324
3,3,13,3,0.0,0.0,0.0
3,3,14,1,0.0,0.0,0.0
3,3,14,2,0.0,3.8761011266018324,3.8761011266018324
3,3,14,3,0.0,0.0,0.0
3,3,15,1,0.0,3.8761011266018324,3.8761011266018324
3,3,15,2,0.0,0.0,0.0
3,3,15,3,0.0,0.0,0.0
3,3,16,1,0.0,3.8761011266018324,3.8761011266018324
3,3,16,2,0.0,0.0,0.0
3,3,16,3,0.0,0.0,0.0
3,3,17,1,0.0,3.8761011266018324,3.8761011266018324
3,3,17,2,0.0,0.0,0.0
3,3,17,3,0.0,0.0,0.0
3,3,18,1,0.0,3.8761011266018324,3.8761011266018324
3,3,18,2,0.0,0.0,0.0
3,3,18,3,0.0,0.0,0.0
3,3,19,1,0.0,3.8761011266018324,3.8761011266018324
3,3,19,2,0.0,0.0,0.0
3,3,19,3,0.0,0.0,0.0
3,3,20,1,0.0,3.8761011266018324,3.8761011266018324
3,3,20,2,0.0,0.0,0.0
3,3,20,3,0.0,0.0,0.0
3,2,1,1,4.670201183380856,3.8761011266018324,8.54630230998269
3,2,1,2,3.8761011266018324,3.8761011266018324,7.752202253203665
3,2,1,3,0.0,0.0,0.0
3,2,2,1,0.0,0.0,0.0
3,2,2,2,0.0,3.8761011266018324,3.8761011266018324
3,2,2,3,0.0,0.0,0.0
3,2,3,1,0.0,0.0,0.0
3,2,3,2,0.0,3.8761011266018324,3.8761011266018324
3,2,3,3,0.0,0.0,0.0
3,2,4,1,0.0,0.0,0.0
3,2,4,2,0.0,3.8761011266018324,3.8761011266018324
3,2,4,3,0.0,0.0,0.0
3,2,5,1,0.0,0.0,0.0
3,2,5,2,0.0,3.8761011266018324,3.8761011266018324
3,2,5,3,0.0,0.0,0.0
3,2,6,1,0.0,0.0,0.0
3,2,6,2,0.0,3.8761011266018324,3.8761011266018324
3,2,6,3,0.0,0.0,0.0
3,2,7,1,0.0,0.0,0.0
3,2,7,2,0.0,3.8761011266018324,3.8761011266018324
3,2,7,3,0.0,0.0,0.0
3,2,8,1,0.0,0.0,0.0
3,2,8,2,0.0,3.8761011266018324,3.8761011266018324
3,2,8,3,0.0,0.0,0.0
3,2,9,1,0.0,0.0,0.0
3,2,9,2,0.0,3.8761011266018324,3.8761011266018324
3,2,9,3,0.0,0.0,0.0
3,2,10,1,0.0,0.0,0.0
3,2,10,2,0.0,3.8761011266018324,3.8761011266018324
3,2,10,3,0.0,0.0,0.0
3,2,11,1,0.0,0.0,0.0
3,2,11,2,0.0,3.8761011266018324,3.8761011266018324
3,2,11,3,0.0,0.0,0.0
3,2,12,1,0.0,0.0,0.0
3,2,12,2,0.0,3.8761011266018324,3.8761011266018324
3,2,12,3,0.0,0.0,0.0
3,2,13,1,0.0,0.0,0.0
3,2,13,2,0.0,3.8761011266018324,3.8761011266018324
3,2,13,3,0.0,0.0,0.0
3,2,14,1,0.0,0.0,0.0
3,2,14,2,0.0,3.8761011266018324,3.8761011266018324
3,2,14,3,0.0,0.0,0.0
3,2,15,1,0.0,0.0,0.0
3,2,15,2,0.0,3.8761011266018324,3.8761011266018324
3,2,15,3,0.0,0.0,0.0
3,2,16,1,0.0,0.0,0.0
3,2,16,2,0.0,3.8761011266018324,3.8761011266018324
3,2,16,3,0.0,0.0,0.0
3,2,17,1,0.0,0.0,0.0
3,2,17,2,0.0,3.8761011266018324,3.8761011266018324
3,2,17,3,0.0,0.0,0.0
3,2,18,1,0.0,0.0,0.0
3,2,18,2,0.0,3.8761011266018324,3.8761011266018324
3,2,18,3,0.0,0.0,0.0
3,2,19,1,0.0,0.0,0.0
3,2,19,2,0.0,3.8761011266018324,3.8761011266018324
3,2,19,3,0.0,0.0,0.0
3,2,20,1,0.0,0.0,0.0
3,2,20,2,0.0,3.8761011266018324,3.8761011266018324
3,2,20,3,0.0,0.0,0.0
3,1,1,1,4.670201183380856,3.8761011266018324,8.54630230998269
3,1,1,2,0.0,0.0,0.0
3,1,1,3,0.0,0.0,0.0
3,1,2,1,0.7941000567790231,3.8761011266018324,4.670201183380856
3,1,2,2,0.0,0.0,0.0
3,1,2,3,0.0,0.0,0.0
3,1,3,1,0.7941000567790231,3.8761011266018324,4.670201183380856
3,1,3,2,2.794100056779023,2.0,4.794100056779023
3,1,3,3,0.0,0.0,0.0
3,1,4,1,0.0,0.0,0.0
3,1,4,2,0.7941000567790231,2.0,2.794100056779023
3,1,4,3,2.0,2.0,4.0
3,1,5,1,0.0,0.0,0.0
3,1,5,2,0.0,0.0,0.0
3,1,5,3,0.0,2.0,2.0
3,1,6,1,0.0,0.0,0.0
3,1,6,2,0.0,0.0,0.0
3,1,6,3,0.0,2.0,2.0
3,1,7,1,0.0,0.0,0.0
3,1,7,2,0.0,0.0,0.0
3,1,7,3,0.0,2.0,2.0
3,1,8,1,0.0,0.0,0.0
3,1,8,2,0.0,0.0,0.0
3,1,8,3,0.0,2.0,2.0
3,1,9,1,0.0,0.0,0.0
3,1,9,2,0.0,0.0,0.0
3,1,9,3,0.0,2.0,2.0
3,1,10,1,0.0,0.0,0.0
3,1,10,2,0.0,0.0,0.0
3,1,10,3,0.0,2.0,2.0
3,1,11,1,0.0,0.0,0.0
3,1,11,2,0.0,0.0,0.0
3,1,11,3,0.0,2.0,2.0
3,1,12,1,0.0,0.0,0.0
3,1,12,2,0.0,0.0,0.0
3,1,12,3,0.0,2.0,2.0
3,1,13,1,0.0,0.0,0.0
3,1,13,2,0.0,0.0,0.0
3,1,13,3,0.0,2.0,2.0
3,1,14,1,0.0,0.0,0.0
3,1,14,2,0.0,0.0,0.0
3,1,14,3,0.0,2.0,2.0
3,1,15,1,0.0,0.0,0.0
3,1,15,2,0.0,0.0,0.0
3,1,15,3,0.0,2.0,2.0
3,1,16,1,0.0,0.0,0.0
3,1,16,2,0.0,0.0,0.0
3,1,16,3,0.0,2.0,2.0
3,1,17,1,0.0,0.0,0.0
3,1,17,2,0.0,0.0,0.0
3,1,17,3,0.0,2.0,2.0
3,1,18,1,0.0,0.0,0.0
3,1,18,2,0.0,0.0,0.0
3,1,18,3,0.0,2.0,2.0
3,1,19,1,0.0,0.0,0.0
3,1,19,2,0.0,0.0,0.0
3,1,19,3,0.0,2.0,2.0
3,1,20,1,0.0,0.0,0.0
3,1,20,2,0.0,0.0,0.0
3,1,20,3,0.0,2.0,2.0
4,3,1,1,3.8761011266018324,3.8761011266018324,7.752202253203665
4,3,1,2,0.0,0.0,0.0
4,3,1,3,0.0,0.0,0.0
4,3,2,1,3.8761011266018324,3.8761011266018324,7.752202253203665
4,3,2,2,0.0,0.0,0.0
4,3,2,3,0.0,0.0,0.0
4,3,3,1,0.0,3.8761011266018324,3.8761011266018324
4,3,3,2,0.0,0.0,0.0
4,3,3,3,0.0,0.0,0.0
4,3,4,1,0.0,3.8761011266018324,3.8761011266018324
4,3,4,2,0.0,0.0,0.0
4,3,4,3,0.0,0.0,0.0
4,3,5,1,0.0,3.8761011266018324,3.8761011266018324
4,3,5,2,0.0,0.0,0.0
4,3,5,3,0.0,0.0,0.0
4,3,6,1,0.0,3.8761011266018324,3.8761011266018324
4,3,6,2,0.0,0.0,0.0
4,3,6,3,0.0,0.0,0.0
4,3,7,1,0.0,3.8761011266018324,3.8761011266018324
4,3,7,2,3.8761011266018324,3.8761011266018324,7.752202253203665
4,3,7,3,2.0,2.0,4.0
4,3,8,1,0.0,3.8761011266018324,3.8761011266018324
4,3,8,2,0.0,0.0,0.0
4,3,8,3,0.0,0.0,0.0
4,3,9,1,0.0,3.8761011266018324,3.8761011266018324
4,3,9,2,0.0,0.0,0.0
4,3,9,3,0.0,0.0,0.0
4,3,10,1,0.0,3.8761011266018324,3.8761011266018324
4,3,10,2,0.0,0.0,0.0
4,3,10,3,0.0,0.0,0.0
4,3,11,1,0.0,3.8761011266018324,3.8761011266018324
4,3,11,2,0.0,3.8761011266018324,3.8761011266018324
4,3,11,3,0.0,0.0,0.0
4,3,12,1,0.0,3.8761011266018324,3.8761011266018324
4,3,12,2,0.0,0.0,0.0
4,3,12,3,0.0,0.0,0.0
4,3,13,1,0.0,3.8761011266018324,3.8761011266018324
4,3,13,2,0.0,0.0,0.0
4,3,13,3,0.0,0.0,0.0
4,3,14,1,0.0,3.8761011266018324,3.8761011266018324
4,3,14,2,0.0,0.0,0.0
4,3,14,3,0.0,0.0,0.0
4,3,15,1,0.0,3.8761011266018324,3.8761011266018324
4,3,15,2,0.0,0.0,0.0
4,3,15,3,0.0,0.0,0.0
4,3,16,1,0.0,3.8761011266018324,3.8761011266018324
4,3,16,2,0.0,3.8761011266018324,3.8761011266018324
4,3,16,3,0.0,0.0,0.0
4,3,17,1,0.0,3.8761011266018324,3.8761011266018324
4,3,17,2,0.0,3.8761011266018324,3.8761011266018324
4,3,17,3,0.0,0.0,0.0
4,3,18,1,0.0,3.8761011266018324,3.8761011266018324
4,3,18,2,0.0,0.0,0.0
4,3,18,3,0.0,0.0,0.0
4,3,19,1,0.0,3.8761011266018324,3.8761011266018324
4,3,19,2,0.0,0.0,0.0
4,3,19,3,0.0,0.0,0.0
4,3,20,1,0.0,3.8761011266018324,3.8761011266018324
4,3,20,2,0.0,0.0,0.0
4,3,20,3,0.0,0.0,0.0
4,2,1,1,4.670201183380856,3.8761011266018324,8.54630230998269
4,2,1,2,0.0,0.0,0.0
4,2,1,3,0.0,0.0,0.0
4,2,2,1,0.7941000567790231,3.8761011266018324,4.670201183380856
4,2,2,2,0.0,0.0,0.0
4,2,2,3,0.0,0.0,0.0
4,2,3,1,0.7941000567790231,3.8761011266018324,4.670201183380856
4,2,3,2,0.0,0.0,0.0
4,2,3,3,0.0,0.0,0.0
4,2,4,1,0.7941000567790231,3.8761011266018324,4.670201183380856
4,2,4,2,0.0,0.0,0.0
4,2,4,3,0.0,0.0,0.0
4,2,5,1,0.0,3.8761011266018324,3.8761011266018324
4,2,5,2,3.8761011266018324,3.8761011266018324,7.752202253203665
4,2,5,3,0.0,0.0,0.0
4,2,6,1,0.0,0.0,0.0
4,2,6,2,0.0,3.8761011266018324,3.8761011266018324
4,2,6,3,0.0,0.0,0.0
4,2,7,1,0.0,0.0,0.0
4,2,7,2,0.0,3.8761011266018324,3.8761011266018324
4,2,7,3,0.0,0.0,0.0
4,2,8,1,0.0,0.0,0.0
4,2,8,2,0.0,3.8761011266018324,3.8761011266018324
4,2,8,3,0.0,0.0,0.0
4,2,9,1,0.0,0.0,0.0
4,2,9,2,0.0,3.8761011266018324,3.8761011266018324
4,2,9,3,0.0,0.0,0.0
4,2,10,1,0.0,0.0,0.0
4,2,10,2,0.0,3.8761011266018324,3.8761011266018324
4,2,10,3,0.0,0.0,0.0
4,2,11,1,0.0,0.0,0.0
4,2,11,2,0.0,3.8761011266018324,3.8761011266018324
4,2,11,3,0.0,0.0,0.0
4,2,12,1,0.0,0.0,0.0
4,2,12,2,0.0,3.8761011266018324,3.8761011266018324
4,2,12,3,0.0,0.0,0.0
4,2,13,1,0.0,0.0,0.0
4,2,13,2,0.0,3.8761011266018324,3.8761011266018324
4,2,13,3,0.0,0.0,0.0
4,2,14,1,0.0,0.0,0.0
4,2,14,2,0.0,3.8761011266018324,3.8761011266018324
4,2,14,3,0.0,0.0,0.0
4,2,15,1,0.0,0.0,0.0
4,2,15,2,0.0,3.8761011266018324,3.8761011266018324
4,2,15,3,0.0,0.0,0.0
4,2,16,1,0.0,0.0,0.0
4,2,16,2,0.0,3.8761011266018324,3.8761011266018324
4,2,16,3,0.0,0.0,0.0
4,2,17,1,0.0,0.0,0.0
4,2,17,2,0.0,3.8761011266018324,3.8761011266018324
4,2,17,3,0.0,0.0,0.0
4,2,18,1,0.0,0.0,0.0
4,2,18,2,0.0,3.8761011266018324,3.8761011266018324
4,2,18,3,0.0,0.0,0.0
4,2,19,1,0.0,0.0,0.0
4,2,19,2,0.0,3.8761011266018324,3.8761011266018324
4,2,19,3,0.0,0.0,0.0
4,2,20,1,0.0,0.0,0.0
4,2,20,2,0.0,3.8761011266018324,3.8761011266018324
4,2,20,3,0.0,0.0,0.0
4,1,1,1,4.670201183380856,3.8761011266018324,8.54630230998269
4,1,1,2,0.0,0.0,0.0
4,1,1,3,0.0,0.0,0.0
4,1,2,1,0.7941000567790231,3.8761011266018324,4.670201183380856
4,1,2,2,0.0,0.0,0.0
4,1,2,3,0.0,0.0,0.0
4,1,3,1,0.7941000567790231,3.8761011266018324,4.670201183380856
4,1,3,2,2.794100056779023,2.0,4.794100056779023
4,1,3,3,0.0,0.0,0.0
4,1,4,1,0.0,0.0,0.0
4,1,4,2,0.7941000567790231,2.0,2.794100056779023
4,1,4,3,2.0,2.0,4.0
4,1,5,1,0.0,0.0,0.0
4,1,5,2,0.0,0.0,0.0
4,1,5,3,0.0,2.0,2.0
4,1,6,1,0.0,0.0,0.0
4,1,6,2,0.0,0.0,0.0
4,1,6,3,0.0,2.0,2.0
4,1,7,1,0.0,0.0,0.0
4,1,7,2,0.0,0.0,0.0
4,1,7,3,0.0,2.0,2.0
4,1,8,1,0.0,0.0,0.0
4,1,8,2,0.0,0.0,0.0
4,1,8,3,0.0,2.0,2.0
4,1,9,1,0.0,0.0,0.0
4,1,9,2,0.0,0.0,0.0
4,1,9,3,0.0,2.0,2.0
4,1,10,1,0.0,0.0,0.0
4,1,10,2,0.0,0.0,0.0
4,1,10,3,0.0,2.0,2.0
4,1,11,1,0.0,0.0,0.0
4,1,11,2,0.0,0.0,0.0
4,1,11,3,0.0,2.0,2.0
4,1,12,1,0.0,0.0,0.0
4,1,12,2,0.0,0.0,0.0
4,1,12,3,0.0,2.0,2.0
4,1,13,1,0.0,0.0,0.0
4,1,13,2,0.0,0.0,0.0
4,1,13,3,0.0,2.0,2.0
4,1,14,1,0.0,0.0,0.0
4,1,14,2,0.0,0.0,0.0
4,1,14,3,0.0,2.0,2.0
4,1,15,1,0.0,0.0,0.0
4,1,15,2,0.0,0.0,0.0
4,1,15,3,0.0,2.0,2.0
4,1,16,1,0.0,0.0,0.0
4,1,16,2,0.0,0.0,0.0
4,1,16,3,0.0,0.0,0.0
4,1,17,1,0.0,3.8761011266018324,3.8761011266018324
4,1,17,2,0.0,0.0,0.0
4,1,17,3,0.0,0.0,0.0
4,1,18,1,0.0,3.8761011266018324,3.8761011266018324
4,1,18,2,0.0,2.0,2.0
4,1,18,3,0.0,2.0,2.0
4,1,19,1,0.0,0.0,0.0
4,1,19,2,0.0,0.0,0.0
4,1,19,3,0.0,2.0,2.0
4,1,20,1,0.0,0.0,0.0
4,1,20,2,0.0,0.0,0.0
4,1,20,3,0.0,2.0,2.0
5,3,1,1,3.8761011266018324,3.8761011266018324,7.752202253203665
5,3,1,2,0.0,0.0,0.0
5,3,1,3,0.0,0.0,0.0
5,3,2,1,3.8761011266018324,3.8761011266018324,7.752202253203665
5,3,2,2,3.8761011266018324,3.8761011266018324,7.752202253203665
5,3,2,3,0.0,0.0,0.0
5,3,3,1,0.0,3.8761011266018324,3.8761011266018324
5,3,3,2,0.0,0.0,0.0
5,3,3,3,0.0,0.0,0.0
5,3,4,1,0.0,3.8761011266018324,3.8761011266018324
5,3,4,2,0.0,0.0,0.0
5,3,4,3,0.0,0.0,0.0
5,3,5,1,0.0,3.8761011266018324,3.8761011266018324
5,3,5,2,0.0,0.0,0.0
5,3,5,3,0.0,0.0,0.0
5,3,6,1,0.0,3.8761011266018324,3.8761011266018324
5,3,6,2,0.0,0.0,0.0
5,3,6,3,0.0,0.0,0.0
5,3,7,1,0.0,3.8761011266018324,3.8761011266018324
5,3,7,2,0.0,0.0,0.0
5,3,7,3,0.0,0.0,0.0
5,3,8,1,0.0,3.8761011266018324,3.8761011266018324
5,3,8,2,0.0,0.0,0.0
5,3,8,3,0.0,0.0,0.0
5,3,9,1,0.0,3.8761011266018324,3.8761011266018324
5,3,9,2,0.0,0.0,0.0
5,3,9,3,0.0,0.0,0.0
5,3,10,1,0.0,3.8761011266018324,3.8761011266018324
5,3,10,2,0.0,3.8761011266018324,3.8761011266018324
5,3,10,3,0.0,0.0,0.0
5,3,11,1,0.0,3.8761011266018324,3.8761011266018324
5,3,11,2,0.0,0.0,0.0
5,3,11,3,0.0,0.0,0.0
5,3,12,1,0.0,3.8761011266018324,3.8761011266018324
5,3,12,2,0.0,0.0,0.0
5,3,12,3,0.0,0.0,0.0
5,3,13,1,0.0,3.8761011266018324,3.8761011266018324
5,3,13,2,0.0,0.0,0.0
5,3,13,3,0.0,0.0,0.0
5,3,14,1,0.0,3.8761011266018324,3.8761011266018324
5,3,14,2,0.0,0.0,0.0
5,3,14,3,0.0,0.0,0.0
5,3,15,1,0.0,3.8761011266018324,3.8761011266018324
5,3,15,2,0.0,0.0,0.0
5,3,15,3,0.0,0.0,0.0
5,3,16,1,0.0,3.8761011266018324,3.8761011266018324
5,3,16,2,0.0,0.0,0.0
5,3,16,3,0.0,0.0,0.0
5,3,17,1,0.0,3.8761011266018324,3.8761011266018324
5,3,17,2,0.0,3.8761011266018324,3.8761011266018324
5,3,17,3,0.0,0.0,0.0
5,3,18,1,0.0,0.0,0.0
5,3,18,2,0.0,3.8761011266018324,3.8761011266018324
5,3,18,3,0.0,0.0,0.0
5,3,19,1,0.0,0.0,0.0
5,3,19,2,0.0,3.8761011266018324,3.8761011266018324
5,3,19,3,0.0,0.0,0.0
5,3,20,1,0.0,3.8761011266018324,3.8761011266018324
5,3,20,2,0.0,0.0,0.0
5,3,20,3,0.0,0.0,0.0
5,2,1,1,4.670201183380856,3.8761011266018324,8.54630230998269
5,2,1,2,3.8761011266018324,3.8761011266018324,7.752202253203665
5,2,1,3,0.0,0.0,0.0
5,2,2,1,0.0,0.0,0.0
5,2,2,2,0.0,3.8761011266018324,3.8761011266018324
5,2,2,3,0.0,0.0,0.0
5,2,3,1,0.0,0.0,0.0
5,2,3,2,0.0,3.8761011266018324,3.8761011266018324
5,2,3,3,0.0,0.0,0.0
5,2,4,1,0.0,0.0,0.0
5,2,4,2,0.0,3.8761011266018324,3.8761011266018324
5,2,4,3,0.0,0.0,0.0
5,2,5,1,0.0,0.0,0.0
5,2,5,2,0.0,3.8761011266018324,3.8761011266018324
5,2,5,3,0.0,0.0,0.0
5,2,6,1,0.0,0.0,0.0
5,2,6,2,0.0,3.8761011266018324,3.8761011266018324
5,2,6,3,0.0,0.0,0.0
5,2,7,1,0.0,0.0,0.0
5,2,7,2,0.0,3.8761011266018324,3.8761011266018324
5,2,7,3,0.0,0.0,0.0
5,2,8,1,0.0,0.0,0.0
5,2,8,2,0.0,3.8761011266018324,3.8761011266018324
5,2,8,3,0.0,0.0,0.0
5,2,9,1,0.0,0.0,0.0
5,2,9,2,0.0,3.8761011266018324,3.8761011266018324
5,2,9,3,0.0,0.0,0.0
5,2,10,1,0.0,0.0,0.0
5,2,10,2,0.0,3.8761011266018324,3.8761011266018324
5,2,10,3,0.0,0.0,0.0
5,2,11,1,0.0,0.0,0.0
5,2,11,2,0.0,3.8761011266018324,3.8761011266018324
5,2,11,3,0.0,0.0,0.0
5,2,12,1,0.0,0.0,0.0
5,2,12,2,0.0,3.8761011266018324,3.8761011266018324
5,2,12,3,0.0,0.0,0.0
5,2,13,1,0.0,0.0,0.0
5,2,13,2,0.0,3.8761011266018324,3.8761011266018324
5,2,13,3,0.0,0.0,0.0
5,2,14,1,0.0,0.0,0.0
5,2,14,2,0.0,3.8761011266018324,3.8761011266018324
5,2,14,3,0.0,0.0,0.0
5,2,15,1,0.0,0.0,0.0
5,2,15,2,0.0,3.8761011266018324,3.8761011266018324
5,2,15,3,0.0,0.0,0.0
5,2,16,1,0.0,0.0,0.0
5,2,16,2,0.0,3.8761011266018324,3.8761011266018324
5,2,16,3,0.0,0.0,0.0
5,2,17,1,0.0,0.0,0.0
5,2,17,2,0.0,3.8761011266018324,3.8761011266018324
5,2,17,3,0.0,0.0,0.0
5,2,18,1,0.0,0.0,0.0
5,2,18,2,0.0,3.8761011266018324,3.8761011266018324
5,2,18,3,0.0,0.0,0.0
5,2,19,1,0.0,0.0,0.0
5,2,19,2,0.0,3.8761011266018324,3.8761011266018324
5,2,19,3,0.0,0.0,0.0
5,2,20,1,0.0,0.0,0.0
5,2,20,2,0.0,3.8761011266018324,3.8761011266018324
5,2,20,3,0.0,0.0,0.0
5,1,1,1,4.670201183380856,3.8761011266018324,8.54630230998269
5,1,1,2,2.794100056779023,2.0,4.794100056779023
5,1,1,3,2.0,2.0,4.0
5,1,2,1,0.0,0.0,0.0
5,1,2,2,0.0,0.0,0.0
5,1,2,3,0.0,2.0,2.0
5,1,3,1,0.0,0.0,0.0
5,1,3,2,0.0,0.0,0.0
5,1,3,3,0.0,2.0,2.0
5,1,4,1,0.0,0.0,0.0
5,1,4,2,0.0,0.0,0.0
5,1,4,3,0.0,2.0,2.0
5,1,5,1,0.0,0.0,0.0
5,1,5,2,0.0,0.0,0.0
5,1,5,3,0.0,2.0,2.0
5,1,6,1,0.0,0.0,0.0
5,1,6,2,0.0,0.0,0.0
5,1,6,3,0.0,2.0,2.0
5,1,7,1,0.0,0.0,0.0
5,1,7,2,0.0,0.0,0.0
5,1,7,3,0.0,2.0,2.0
5,1,8,1,0.0,0.0,0.0
5,1,8,2,0.0,0.0,0.0
5,1,8,3,0.0,2.0,2.0
5,1,9,1,0.0,0.0,0.0
5,1,9,2,0.0,0.0,0.0
5,1,9,3,0.0,2.0,2.0
5,1,10,1,0.0,0.0,0.0
5,1,10,2,0.0,0.0,0.0
5,1,10,3,0.0,2.0,2.0
5,1,11,1,0.0,0.0,0.0
5,1,11,2,0.0,0.0,0.0
5,1,11,3,0.0,2.0,2.0
5,1,12,1,0.0,0.0,0.0
5,1,12,2,0.0,0.0,0.0
5,1,12,3,0.0,2.0,2.0
5,1,13,1,0.0,0.0,0.0
5,1,13,2,0.0,0.0,0.0
5,1,13,3,0.0,2.0,2.0
5,1,14,1,0.0,0.0,0.0
5,1,14,2,0.0,0.0,0.0
5,1,14,3,0.0,2.0,2.0
5,1,15,1,0.0,0.0,0.0
5,1,15,2,0.0,0.0,0.0
5,1,15,3,0.0,2.0,2.0
5,1,16,1,0.0,0.0,0.0
5,1,16,2,0.0,0.0,0.0
5,1,16,3,0.0,2.0,2.0
5,1,17,1,0.0,0.0,0.0
5,1,17,2,0.0,0.0,0.0
5,1,17,3,0.0,2.0,2.0
5,1,18,1,0.0,0.0,0.0
5,1,18,2,0.0,0.0,0.0
5,1,18,3,0.0,2.0,2.0
5,1,19,1,0.0,0.0,0.0
5,1,19,2,0.0,0.0,0.0
5,1,19,3,0.0,2.0,2.0
5,1,20,1,0.0,0.0,0.0
5,1,20,2,0.0,0.0,0.0
5,1,20,3,0.0,2.0,2.0
6,3,1,1,3.8761011266018324,3.8761011266018324,7.752202253203665
6,3,1,2,0.0,0.0,0.0
6,3,1,3,0.0,0.0,0.0
6,3,2,1,3.8761011266018324,3.8761011266018324,7.752202253203665
6,3,2,2,3.8761011266018324,3.8761011266018324,7.752202253203665
6,3,2,3,0.0,0.0,0.0
6,3,3,1,0.0,0.0,0.0
6,3,3,2,0.0,3.8761011266018324,3.8761011266018324
6,3,3,3,0.0,0.0,0.0
6,3,4,1,0.0,0.0,0.0
6,3,4,2,0.0,3.8761011266018324,3.8761011266018324
6,3,4,3,0.0,0.0,0.0
6,3,5,1,0.0,3.8761011266018324,3.8761011266018324
6,3,5,2,0.0,0.0,0.0
6,3,5,3,0.0,0.0,0.0
6,3,6,1,0.0,3.8761011266018324,3.8761011266018324
6,3,6,2,0.0,0.0,0.0
6,3,6,3,0.0,0.0,0.0
6,3,7,1,0.0,3.8761011266018324,3.8761011266018324
6,3,7,2,0.0,0.0,0.0
6,3,7,3,0.0,0.0,0.0
6,3,8,1,0.0,3.8761011266018324,3.8761011266018324
6,3,8,2,0.0,0.0,0.0
6,3,8,3,0.0,0.0,0.0
6,3,9,1,0.0,3.8761011266018324,3.8761011266018324
6,3,9,2,0.0,0.0,0.0
6,3,9,3,0.0,0.0,0.0
6,3,10,1,0.0,3.8761011266018324,3.8761011266018324
6,3,10,2,0.0,0.0,0.0
6,3,10,3,0.0,0.0,0.0
6,3,11,1,0.0,3.8761011266018324,3.8761011266018324
6,3,11,2,0.0,0.0,0.0
6,3,11,3,0.0,0.0,0.0
6,3,12,1,0.0,3.8761011266018324,3.8761011266018324
6,3,12,2,0.0,0.0,0.0
6,3,12,3,0.0,0.0,0.0
6,3,13,1,0.0,3.8761011266018324,3.8761011266018324
6,3,13,2,0.0,3.8761011266018324,3.8761011266018324
6,3,13,3,0.0,0.0,0.0
6,3,14,1,0.0,3.8761011266018324,3.8761011266018324
6,3,14,2,0.0,0.0,0.0
6,3,14,3,0.0,0.0,0.0
6,3,15,1,0.0,3.8761011266018324,3.8761011266018324
6,3,15,2,0.0,0.0,0.0
6,3,15,3,0.0,0.0,0.0
6,3,16,1,0.0,3.8761011266018324,3.8761011266018324
6,3,16,2,0.0,0.0,0.0
6,3,16,3,0.0,0.0,0.0
6,3,17,1,0.0,3.8761011266018324,3.8761011266018324
6,3,17,2,0.0,0.0,0.0
6,3,17,3,0.0,0.0,0.0
6,3,18,1,0.0,3.8761011266018324,3.8761011266018324
6,3,18,2,0.0,0.0,0.0
6,3,18,3,0.0,0.0,0.0
6,3,19,1,0.0,3.8761011266018324,3.8761011266018324
6,3,19,2,0.0,0.0,0.0
6,3,19,3,0.0,0.0,0.0
6,3,20,1,0.0,3.8761011266018324,3.8761011266018324
6,3,20,2,0.0,3.8761011266018324,3.8761011266018324
6,3,20,3,0.0,0.0,0.0
6,2,1,1,4.670201183380856,3.8761011266018324,8.54630230998269
6,2,1,2,0.0,0.0,0.0
6,2,1,3,0.0,0.0,0.0
6,2,2,1,0.7941000567790231,3.8761011266018324,4.670201183380856
6,2,2,2,0.0,0.0,0.0
6,2,2,3,0.0,0.0,0.0
6,2,3,1,0.7941000567790231,3.8761011266018324,4.670201183380856
6,2,3,2,0.0,0.0,0.0
6,2,3,3,0.0,0.0,0.0
6,2,4,1,0.7941000567790231,3.8761011266018324,4.670201183380856
6,2,4,2,3.8761011266018324,3.8761011266018324,7.752202253203665
6,2,4,3,0.0,0.0,0.0
6,2,5,1,0.0,0.0,0.0
6,2,5,2,0.0,3.8761011266018324,3.8761011266018324
6,2,5,3,0.0,0.0,0.0
6,2,6,1,0.0,0.0,0.0
6,2,6,2,0.0,3.8761011266018324,3.8761011266018324
6,2,6,3,0.0,0.0,0.0
6,2,7,1,0.0,0.0,0.0
6,2,7,2,0.0,3.8761011266018324,3.8761011266018324
6,2,7,3,0.0,0.0,0.0
6,2,8,1,0.0,0.0,0.0
6,2,8,2,0.0,3.8761011266018324,3.8761011266018324
6,2,8,3,0.0,0.0,0.0
6,2,9,1,0.0,0.0,0.0
6,2,9,2,0.0,3.8761011266018324,3.8761011266018324
6,2,9,3,0.0,0.0,0.0
6,2,10,1,0.0,0.0,0.0
6,2,10,2,0.0,3.8761011266018324,3.8761011266018324
6,2,10,3,2.0,2.0,4.0
6,2,11,1,0.0,0.0,0.0
6,2,11,2,0.0,0.0,0.0
6,2,11,3,0.0,2.0,2.0
6,2,12,1,0.0,0.0,0.0
6,2,12,2,0.0,0.0,0.0
6,2,12,3,0.0,2.0,2.0
6,2,13,1,0.0,0.0,0.0
6,2,13,2,0.0,0.0,0.0
6,2,13,3,0.0,2.0,2.0
6,2,14,1,0.0,3.8761011266018324,3.8761011266018324
6,2,14,2,0.0,0.0,0.0
6,2,14,3,0.0,0.0,0.0
6,2,15,1,0.0,3.8761011266018324,3.8761011266018324
6,2,15,2,0.0,3.8761011266018324,3.8761011266018324
6,2,15,3,0.0,0.0,0.0
6,2,16,1,0.0,0.0,0.0
6,2,16,2,0.0,3.8761011266018324,3.8761011266018324
6,2,16,3,0.0,0.0,0.0
6,2,17,1,0.0,0.0,0.0
6,2,17,2,0.0,3.8761011266018324,3.8761011266018324
6,2,17,3,0.0,0.0,0.0
6,2,18,1,0.0,0.0,0.0
6,2,18,2,0.0,3.8761011266018324,3.8761011266018324
6,2,18,3,0.0,0.0,0.0
6,2,19,1,0.0,0.0,0.0
6,2,19,2,0.0,3.8761011266018324,3.8761011266018324
6,2,19,3,0.0,0.0,0.0
6,2,20,1,0.0,0.0,0.0
6,2,20,2,0.0,3.8761011266018324,3.8761011266018324
6,2,20,3,0.0,0.0,0.0
6,1,1,1,4.670201183380856,3.8761011266018324,8.54630230998269
6,1,1,2,2.794100056779023,2.0,4.794100056779023
6,1,1,3,2.0,2.0,4.0
6,1,2,1,0.0,0.0,0.0
6,1,2,2,0.0,0.0,0.0
6,1,2,3,0.0,2.0,2.0
6,1,3,1,0.0,0.0,0.0
6,1,3,2,0.0,0.0,0.0
6,1,3,3,0.0,2.0,2.0
6,1,4,1,0.0,0.0,0.0
6,1,4,2,0.0,0.0,0.0
6,1,4,3,0.0,2.0,2.0
6,1,5,1,0.0,0.0,0.0
6,1,5,2,0.0,0.0,0.0
6,1,5,3,0.0,2.0,2.0
6,1,6,1,0.0,0.0,0.0
6,1,6,2,0.0,0.0,0.0
6,1,6,3,0.0,2.0,2.0
6,1,7,1,0.0,0.0,0.0
6,1,7,2,0.0,0.0,0.0
6,1,7,3,0.0,2.0,2.0
6,1,8,1,0.0,0.0,0.0
6,1,8,2,0.0,0.0,0.0
6,1,8,3,0.0,2.0,2.0
6,1,9,1,0.0,0.0,0.0
6,1,9,2,0.0,0.0,0.0
6,1,9,3,0.0,2.0,2.0
6,1,10,1,0.0,0.0,0.0
6,1,10,2,0.0,0.0,0.0
6,1,10,3,0.0,2.0,2.0
6,1,11,1,0.0,0.0,0.0
6,1,11,2,0.0,0.0,0.0
6,1,11,3,0.0,2.0,2.0
6,1,12,1,0.0,0.0,0.0
6,1,12,2,0.0,0.0,0.0
6,1,12,3,0.0,2.0,2.0
6,1,13,1,0.0,0.0,0.0
6,1,13,2,0.0,0.0,0.0
6,1,13,3,0.0,2.0,2.0
6,1,14,1,0.0,0.0,0.0
6,1,14,2,0.0,0.0,0.0
6,1,14,3,0.0,2.0,2.0
6,1,15,1,0.0,0.0,0.0
6,1,15,2,0.0,0.0,0.0
6,1,15,3,0.0,2.0,2.0
6,1,16,1,0.0,0.0,0.0
6,1,16,2,0.0,0.0,0.0
6,1,16,3,0.0,2.0,2.0
6,1,17,1,0.0,0.0,0.0
6,1,17,2,0.0,0.0,0.0
6,1,17,3,0.0,2.0,2.0
6,1,18,1,0.0,0.0,0.0
6,1,18,2,0.0,0.0,0.0
6,1,18,3,0.0,2.0,2.0
6,1,19,1,0.0,0.0,0.0
6,1,19,2,0.0,0.0,0.0
6,1,19,3,0.0,2.0,2.0
6,1,20,1,0.0,0.0,0.0
6,1,20,2,0.0,0.0,0.0
6,1,20,3,0.0,2.0,2.0
7,3,1,1,3.8761011266018324,3.8761011266018324,7.752202253203665
7,3,1,2,0.0,0.0,0.0
7,3,1,3,0.0,0.0,0.0
7,3,2,1,3.8761011266018324,3.8761011266018324,7.752202253203665
7,3,2,2,0.0,0.0,0.0
7,3,2,3,0.0,0.0,0.0
7,3,3,1,0.0,3.8761011266018324,3.8761011266018324
7,3,3,2,0.0,0.0,0.0
7,3,3,3,0.0,0.0,0.0
7,3,4,1,0.0,3.8761011266018324,3.8761011266018324
7,3,4,2,0.0,0.0,0.0
7,3,4,3,0.0,0.0,0.0
7,3,5,1,0.0,3.8761011266018324,3.8761011266018324
7,3,5,2,0.0,0.0,0.0
7,3,5,3,0.0,0.0,0.0
7,3,6,1,0.0,3.8761011266018324,3.8761011266018324
7,3,6,2,3.8761011266018324,3.8761011266018324,7.752202253203665
7,3,6,3,0.0,0.0,0.0
7,3,7,1,0.0,3.8761011266018324,3.8761011266018324
7,3,7,2,0.0,0.0,0.0
7,3,7,3,0.0,0.0,0.0
7,3,8,1,0.0,3.8761011266018324,3.8761011266018324
7,3,8,2,0.0,0.0,0.0
7,3,8,3,0.0,0.0,0.0
7,3,9,1,0.0,3.8761011266018324,3.8761011266018324
7,3,9,2,0.0,3.8761011266018324,3.8761011266018324
7,3,9,3,2.0,2.0,4.0
7,3,10,1,0.0,3.8761011266018324,3.8761011266018324
7,3,10,2,0.0,0.0,0.0
7,3,10,3,0.0,0.0,0.0
7,3,11,1,0.0,3.8761011266018324,3.8761011266018324
7,3,11,2,0.0,3.8761011266018324,3.8761011266018324
7,3,11,3,0.0,0.0,0.0
7,3,12,1,0.0,3.8761011266018324,3.8761011266018324
7,3,12,2,0.0,0.0,0.0
7,3,12,3,0.0,0.0,0.0
7,3,13,1,0.0,3.8761011266018324,3.8761011266018324
7,3,13,2,0.0,3.8761011266018324,3.8761011266018324
7,3,13,3,0.0,0.0,0.0
7,3,14,1,0.0,0.0,0.0
7,3,14,2,0.0,3.8761011266018324,3.8761011266018324
7,3,14,3,0.0,0.0,0.0
7,3,15,1,0.0,0.0,0.0
7,3,15,2,0.0,3.8761011266018324,3.8761011266018324
7,3,15,3,0.0,0.0,0.0
7,3,16,1,0.0,3.8761011266018324,3.8761011266018324
7,3,16,2,0.0,0.0,0.0
7,3,16,3,0.0,0.0,0.0
7,3,17,1,0.0,3.8761011266018324,3.8761011266018324
7,3,17,2,0.0,0.0,0.0
7,3,17,3,0.0,0.0,0.0
7,3,18,1,0.0,3.8761011266018324,3.8761011266018324
7,3,18,2,0.0,0.0,0.0
7,3,18,3,0.0,0.0,0.0
7,3,19,1,0.0,3.8761011266018324,3.8761011266018324
7,3,19,2,0.0,0.0,0.0
7,3,19,3,0.0,0.0,0.0
7,3,20,1,0.0,3.8761011266018324,3.8761011266018324
7,3,20,2,0.0,0.0,0.0
7,3,20,3,0.0,0.0,0.0
7,2,1,1,4.670201183380856,3.8761011266018324,8.54630230998269
7,2,1,2,0.0,0.0,0.0
7,2,1,3,0.0,0.0,0.0
7,2,2,1,0.7941000567790231,3.8761011266018324,4.670201183380856
7,2,2,2,0.0,0.0,0.0
7,2,2,3,0.0,0.0,0.0
7,2,3,1,0.7941000567790231,3.8761011266018324,4.670201183380856
7,2,3,2,3.8761011266018324,3.8761011266018324,7.752202253203665
7,2,3,3,0.0,0.0,0.0
7,2,4,1,0.0,0.0,0.0
7,2,4,2,0.0,3.8761011266018324,3.8761011266018324
7,2,4,3,0.0,0.0,0.0
7,2,5,1,0.0,0.0,0.0
7,2,5,2,0.0,3.8761011266018324,3.8761011266018324
7,2,5,3,0.0,0.0,0.0
7,2,6,1,0.0,0.0,0.0
7,2,6,2,0.0,3.8761011266018324,3.8761011266018324
7,2,6,3,0.0,0.0,0.0
7,2,7,1,0.0,0.0,0.0
7,2,7,2,0.0,3.8761011266018324,3.8761011266018324
7,2,7,3,0.0,0.0,0.0
7,2,8,1,0.0,0.0,0.0
7,2,8,2,0.0,3.8761011266018324,3.8761011266018324
7,2,8,3,0.0,0.0,0.0
7,2,9,1,0.0,0.0,0.0
7,2,9,2,0.0,3.8761011266018324,3.8761011266018324
7,2,9,3,0.0,0.0,0.0
7,2,10,1,0.0,0.0,0.0
7,2,10,2,0.0,3.8761011266018324,3.8761011266018324
7,2,10,3,0.0,0.0,0.0
7,2,11,1,0.0,0.0,0.0
7,2,11,2,0.0,3.8761011266018324,3.8761011266018324
7,2,11,3,0.0,0.0,0.0
7,2,12,1,0.0,0.0,0.0
7,2,12,2,0.0,3.8761011266018324,3.8761011266018324
7,2,12,3,0.0,0.0,0.0
7,2,13,1,0.0,0.0,0.0
7,2,13,2,0.0,3.8761011266018324,3.8761011266018324
7,2,13,3,0.0,0.0,0.0
7,2,14,1,0.0,0.0,0.0
7,2,14,2,0.0,3.8761011266018324,3.8761011266018324
7,2,14,3,0.0,0.0,0.0
7,2,15,1,0.0,0.0,0.0
7,2,15,2,0.0,3.8761011266018324,3.8761011266018324
7,2,15,3,0.0,0.0,0.0
7,2,16,1,0.0,0.0,0.0
7,2,16,2,0.0,3.8761011266018324,3.8761011266018324
7,2,16,3,2.0,2.0,4.0
7,2,17,1,0.0,0.0,0.0
7,2,17,2,0.0,0.0,0.0
7,2,17,3,0.0,2.0,2.0
7,2,18,1,0.0,0.0,0.0
7,2,18,2,0.0,0.0,0.0
7,2,18,3,0.0,2.0,2.0
7,2,19,1,0.0,0.0,0.0
7,2,19,2,0.0,0.0,0.0
7,2,19,3,0.0,2.0,2.0
7,2,20,1,0.0,0.0,0.0
7,2,20,2,0.0,0.0,0.0
7,2,20,3,0.0,2.0,2.0
7,1,1,1,4.670201183380856,3.8761011266018324,8.54630230998269
7,1,1,2,2.794100056779023,2.0,4.794100056779023
7,1,1,3,0.0,0.0,0.0
7,1,2,1,0.0,0.0,0.0
7,1,2,2,0.7941000567790231,2.0,2.794100056779023
7,1,2,3,2.0,2.0,4.0
7,1,3,1,0.0,0.0,0.0
7,1,3,2,0.0,0.0,0.0
7,1,3,3,0.0,2.0,2.0
7,1,4,1,0.0,0.0,0.0
7,1,4,2,0.0,0.0,0.0
7,1,4,3,0.0,2.0,2.0
7,1,5,1,0.0,0.0,0.0
7,1,5,2,0.0,0.0,0.0
7,1,5,3,0.0,2.0,2.0
7,1,6,1,0.0,0.0,0.0
7,1,6,2,0.0,0.0,0.0
7,1,6,3,0.0,2.0,2.0
7,1,7,1,0.0,0.0,0.0
7,1,7,2,0.0,0.0,0.0
7,1,7,3,0.0,2.0,2.0
7,1,8,1,0.0,0.0,0.0
7,1,8,2,0.0,0.0,0.0
7,1,8,3,0.0,2.0,2.0
7,1,9,1,0.0,0.0,0.0
7,1,9,2,0.0,0.0,0.0
7,1,9,3,0.0,2.0,2.0
7,1,10,1,0.0,0.0,0.0
7,1,10,2,0.0,0.0,0.0
7,1,10,3,0.0,2.0,2.0
7,1,11,1,0.0,0.0,0.0
7,1,11,2,0.0,0.0,0.0
7,1,11,3,0.0,2.0,2.0
7,1,12,1,0.0,0.0,0.0
7,1,12,2,0.0,0.0,0.0
7,1,12,3,0.0,2.0,2.0
7,1,13,1,0.0,0.0,0.0
7,1,13,2,0.0,0.0,0.0
7,1,13,3,0.0,2.0,2.0
7,1,14,1,0.0,0.0,0.0
7,1,14,2,0.0,0.0,0.0
7,1,14,3,0.0,2.0,2.0
7,1,15,1,0.0,0.0,0.0
7,1,15,2,0.0,0.0,0.0
7,1,15,3,0.0,2.0,2.0
7,1,16,1,0.0,0.0,0.0
7,1,16,2,0.0,0.0,0.0
7,1,16,3,0.0,2.0,2.0
7,1,17,1,0.0,0.0,0.0
7,1,17,2,0.0,0.0,0.0
7,1,17,3,0.0,2.0,2.0
7,1,18,1,0.0,0.0,0.0
7,1,18,2,0.0,0.0,0.0
7,1,18,3,0.0,2.0,2.0
7,1,19,1,0.0,0.0,0.0
7,1,19,2,0.0,0.0,0.0
7,1,19,3,0.0,2.0,2.0
7,1,20,1,0.0,0.0,0.0
7,1,20,2,0.0,0.0,0.0
7,1,20,3,0.0,2.0,2.0
8,3,1,1,3.8761011266018324,3.8761011266018324,7.752202253203665
8,3,1,2,0.0,0.0,0.0
8,3,1,3,0.0,0.0,0.0
8,3,2,1,3.8761011266018324,3.8761011266018324,7.752202253203665
8,3,2,2,0.0,0.0,0.0
8,3,2,3,0.0,0.0,0.0
8,3,3,1,0.0,3.8761011266018324,3.8761011266018324
8,3,3,2,0.0,0.0,0.0
8,3,3,3,0.0,0.0,0.0
8,3,4,1,0.0,3.8761011266018324,3.8761011266018324
8,3,4,2,0.0,0.0,0.0
8,3,4,3,0.0,0.0,0.0
8,3,5,1,0.0,3.8761011266018324,3.8761011266018324
8,3,5,2,0.0,0.0,0.0
8,3,5,3,0.0,0.0,0.0
8,3,6,1,0.0,3.8761011266018324,3.8761011266018324
8,3,6,2,0.0,0.0,0.0
8,3,6,3,0.0,0.0,0.0
8,3,7,1,0.0,3.8761011266018324,3.8761011266018324
8,3,7,2,0.0,0.0,0.0
8,3,7,3,0.0,0.0,0.0
8,3,8,1,0.0,3.8761011266018324,3.8761011266018324
8,3,8,2,0.0,0.0,0.0
8,3,8,3,0.0,0.0,0.0
8,3,9,1,0.0,3.8761011266018324,3.8761011266018324
8,3,9,2,0.0,0.0,0.0
8,3,9,3,0.0,0.0,0.0
8,3,10,1,0.0,3.8761011266018324,3.8761011266018324
8,3,10,2,3.8761011266018324,3.8761011266018324,7.752202253203665
8,3,10,3,0.0,0.0,0.0
8,3,11,1,0.0,0.0,0.0
8,3,11,2,0.0,3.8761011266018324,3.8761011266018324
8,3,11,3,0.0,0.0,0.0
8,3,12,1,0.0,3.8761011266018324,3.8761011266018324
8,3,12,2,0.0,0.0,0.0
8,3,12,3,0.0,0.0,0.0
8,3,13,1,0.0,3.8761011266018324,3.8761011266018324
8,3,13,2,0.0,0.0,0.0
8,3,13,3,0.0,0.0,0.0
8,3,14,1,0.0,3.8761011266018324,3.8761011266018324
8,3,14,2,0.0,0.0,0.0
8,3,14,3,0.0,0.0,0.0
8,3,15,1,0.0,3.8761011266018324,3.8761011266018324
8,3,15,2,0.0,0.0,0.0
8,3,15,3,0.0,0.0,0.0
8,3,16,1,0.0,3.8761011266018324,3.8761011266018324
8,3,16,2,0.0,3.8761011266018324,3.8761011266018324
8,3,16,3,0.0,0.0,0.0
8,3,17,1,0.0,3.8761011266018324,3.8761011266018324
8,3,17,2,0.0,0.0,0.0
8,3,17,3,0.0,0.0,0.0
8,3,18,1,0.0,3.8761011266018324,3.8761011266018324
8,3,18,2,0.0,3.8761011266018324,3.8761011266018324
8,3,18,3,0.0,0.0,0.0
8,3,19,1,0.0,0.0,0.0
8,3,19,2,0.0,3.8761011266018324,3.8761011266018324
8,3,19,3,0.0,0.0,0.0
8,3,20,1,0.0,3.8761011266018324,3.8761011266018324
8,3,20,2,0.0,0.0,0.0
8,3,20,3,0.0,0.0,0.0
8,2,1,1,4.670201183380856,3.8761011266018324,8.54630230998269
8,2,1,2,0.0,0.0,0.0
8,2,1,3,0.0,0.0,0.0
8,2,2,1,0.7941000567790231,3.8761011266018324,4.670201183380856
8,2,2,2,0.0,0.0,0.0
8,2,2,3,0.0,0.0,0.0
8,2,3,1,0.7941000567790231,3.8761011266018324,4.670201183380856
8,2,3,2,0.0,0.0,0.0
8,2,3,3,0.0,0.0,0.0
8,2,4,1,0.7941000567790231,3.8761011266018324,4.670201183380856
8,2,4,2,0.0,0.0,0.0
8,2,4,3,0.0,0.0,0.0
8,2,5,1,0.0,3.8761011266018324,3.8761011266018324
8,2,5,2,3.8761011266018324,3.8761011266018324,7.752202253203665
8,2,5,3,0.0,0.0,0.0
8,2,6,1,0.0,0.0,0.0
8,2,6,2,0.0,3.8761011266018324,3.8761011266018324
8,2,6,3,2.0,2.0,4.0
8,2,7,1,0.0,3.8761011266018324,3.8761011266018324
8,2,7,2,0.0,0.0,0.0
8,2,7,3,0.0,0.0,0.0
8,2,8,1,0.0,3.8761011266018324,3.8761011266018324
8,2,8,2,0.0,3.8761011266018324,3.8761011266018324
8,2,8,3,0.0,0.0,0.0
8,2,9,1,0.0,0.0,0.0
8,2,9,2,0.0,3.8761011266018324,3.8761011266018324
8,2,9,3,0.0,0.0,0.0
8,2,10,1,0.0,0.0,0.0
8,2,10,2,0.0,3.8761011266018324,3.8761011266018324
8,2,10,3,0.0,0.0,0.0
8,2,11,1,0.0,0.0,0.0
8,2,11,2,0.0,3.8761011266018324,3.8761011266018324
8,2,11,3,0.0,0.0,0.0
8,2,12,1,0.0,0.0,0.0
8,2,12,2,0.0,3.8761011266018324,3.8761011266018324
8,2,12,3,0.0,0.0,0.0
8,2,13,1,0.0,0.0,0.0
8,2,13,2,0.0,3.8761011266018324,3.8761011266018324
8,2,13,3,0.0,0.0,0.0
8,2,14,1,0.0,0.0,0.0
8,2,14,2,0.0,3.8761011266018324,3.8761011266018324
8,2,14,3,0.0,0.0,0.0
8,2,15,1,0.0,0.0,0.0
8,2,15,2,0.0,3.8761011266018324,3.8761011266018324
8,2,15,3,0.0,0.0,0.0
8,2,16,1,0.0,0.0,0.0
8,2,16,2,0.0,3.8761011266018324,3.8761011266018324
8,2,16,3,0.0,0.0,0.0
8,2,17,1,0.0,0.0,0.0
8,2,17,2,0.0,3.8761011266018324,3.8761011266018324
8,2,17,3,0.0,2.0,2.0
8,2,18,1,0.0,3.8761011266018324,3.8761011266018324
8,2,18,2,0.0,3.8761011266018324,3.8761011266018324
8,2,18,3,0.0,0.0,0.0
8,2,19,1,0.0,0.0,0.0
8,2,19,2,0.0,3.8761011266018324,3.8761011266018324
8,2,19,3,0.0,0.0,0.0
8,2,20,1,0.0,0.0,0.0
8,2,20,2,0.0,3.8761011266018324,3.8761011266018324
8,2,20,3,0.0,0.0,0.0
8,1,1,1,4.670201183380856,3.8761011266018324,8.54630230998269
8,1,1,2,2.794100056779023,2.0,4.794100056779023
8,1,1,3,0.0,0.0,0.0
8,1,2,1,0.0,0.0,0.0
8,1,2,2,0.7941000567790231,2.0,2.794100056779023
8,1,2,3,2.0,2.0,4.0
8,1,3,1,0.0,0.0,0.0
8,1,3,2,0.0,0.0,0.0
8,1,3,3,0.0,2.0,2.0
8,1,4,1,0.0,0.0,0.0
8,1,4,2,0.0,0.0,0.0
8,1,4,3,0.0,2.0,2.0
8,1,5,1,0.0,0.0,0.0
8,1,5,2,0.0,0.0,0.0
8,1,5,3,0.0,2.0,2.0
8,1,6,1,0.0,0.0,0.0
8,1,6,2,0.0,0.0,0.0
8,1,6,3,0.0,2.0,2.0
8,1,7,1,0.0,0.0,0.0
8,1,7,2,0.0,0.0,0.0
8,1,7,3,0.0,2.0,2.0
8,1,8,1,0.0,0.0,0.0
8,1,8,2,0.0,0.0,0.0
8,1,8,3,0.0,2.0,2.0
8,1,9,1,0.0,0.0,0.0
8,1,9,2,0.0,0.0,0.0
8,1,9,3,0.0,2.0,2.0
8,1,10,1,0.0,0.0,0.0
8,1,10,2,0.0,0.0,0.0
8,1,10,3,0.0,2.0,2.0
8,1,11,1,0.0,0.0,0.0
8,1,11,2,0.0,0.0,0.0
8,1,11,3,0.0,2.0,2.0
8,1,12,1,0.0,0.0,0.0
8,1,12,2,0.0,0.0,0.0
8,1,12,3,0.0,2.0,2.0
8,1,13,1,0.0,0.0,0.0
8,1,13,2,0.0,0.0,0.0
8,1,13,3,0.0,2.0,2.0
8,1,14,1,0.0,0.0,0.0
8,1,14,2,0.0,0.0,0.0
8,1,14,3,0.0,2.0,2.0
8,1,15,1,0.0,0.0,0.0
8,1,15,2,0.0,0.0,0.0
8,1,15,3,0.0,2.0,2.0
8,1,16,1,0.0,0.0,0.0
8,1,16,2,0.0,0.0,0.0
8,1,16,3,0.0,2.0,2.0
8,1,17,1,0.0,0.0,0.0
8,1,17,2,0.0,0.0,0.0
8,1,17,3,0.0,2.0,2.0
8,1,18,1,0.0,0.0,0.0
8,1,18,2,0.0,0.0,0.0
8,1,18,3,0.0,2.0,2.0
8,1,19,1,0.0,0.0,0.0
8,1,19,2,0.0,0.0,0.0
8,1,19,3,0.0,2.0,2.0
8,1,20,1,0.0,0.0,0.0
8,1,20,2,0.0,0.0,0.0
8,1,20,3,0.0,2.0,2.0
9,3,1,1,3.8761011266018324,3.8761011266018324,7.752202253203665
9,3,1,2,0.0,0.0,0.0
9,3,1,3,0.0,0.0,0.0
9,3,2,1,3.8761011266018324,3.8761011266018324,7.752202253203665
9,3,2,2,0.0,0.0,0.0
9,3,2,3,0.0,0.0,0.0
9,3,3,1,0.0,3.8761011266018324,3.8761011266018324
9,3,3,2,0.0,0.0,0.0
9,3,3,3,0.0,0.0,0.0
9,3,4,1,0.0,3.8761011266018324,3.8761011266018324
9,3,4,2,3.8761011266018324,3.8761011266018324,7.752202253203665
9,3,4,3,0.0,0.0,0.0
9,3,5,1,0.0,3.8761011266018324,3.8761011266018324
9,3,5,2,0.0,0.0,0.0
9,3,5,3,0.0,0.0,0.0
9,3,6,1,0.0,3.8761011266018324,3.8761011266018324
9,3,6,2,0.0,0.0,0.0
9,3,6,3,0.0,0.0,0.0
9,3,7,1,0.0,3.8761011266018324,3.8761011266018324
9,3,7,2,0.0,0.0,0.0
9,3,7,3,0.0,0.0,0.0
9,3,8,1,0.0,3.8761011266018324,3.8761011266018324
9,3,8,2,0.0,3.8761011266018324,3.8761011266018324
9,3,8,3,0.0,0.0,0.0
9,3,9,1,0.0,0.0,0.0
9,3,9,2,0.0,3.8761011266018324,3.8761011266018324
9,3,9,3,0.0,0.0,0.0
9,3,10,1,0.0,0.0,0.0
9,3,10,2,0.0,3.8761011266018324,3.8761011266018324
9,3,10,3,0.0,0.0,0.0
9,3,11,1,0.0,0.0,0.0
9,3,11,2,0.0,3.8761011266018324,3.8761011266018324
9,3,11,3,0.0,0.0,0.0
9,3,12,1,0.0,3.8761011266018324,3.8761011266018324
9,3,12,2,0.0,3.8761011266018324,3.8761011266018324
9,3,12,3,0.0,0.0,0.0
9,3,13,1,0.0,3.8761011266018324,3.8761011266018324
9,3,13,2,0.0,3.8761011266018324,3.8761011266018324
9,3,13,3,0.0,0.0,0.0
9,3,14,1,0.0,3.8761011266018324,3.8761011266018324
9,3,14,2,0.0,0.0,0.0
9,3,14,3,0.0,0.0,0.0
9,3,15,1,0.0,3.8761011266018324,3.8761011266018324
9,3,15,2,0.0,3.8761011266018324,3.8761011266018324
9,3,15,3,0.0,0.0,0.0
9,3,16,1,0.0,0.0,0.0
9,3,16,2,0.0,3.8761011266018324,3.8761011266018324
9,3,16,3,0.0,0.0,0.0
9,3,17,1,0.0,3.8761011266018324,3.8761011266018324
9,3,17,2,0.0,0.0,0.0
9,3,17,3,0.0,0.0,0.0
9,3,18,1,0.0,3.8761011266018324,3.8761011266018324
9,3,18,2,0.0,0.0,0.0
9,3,18,3,0.0,0.0,0.0
9,3,19,1,0.0,3.8761011266018324,3.8761011266018324
9,3,19,2,0.0,3.8761011266018324,3.8761011266018324
9,3,19,3,0.0,0.0,0.0
9,3,20,1,0.0,3.8761011266018324,3.8761011266018324
9,3,20,2,0.0,3.8761011266018324,3.8761011266018324
9,3,20,3,0.0,0.0,0.0
9,2,1,1,4.670201183380856,3.8761011266018324,8.54630230998269
9,2,1,2,0.0,0.0,0.0
9,2,1,3,0.0,0.0,0.0
9,2,2,1,0.7941000567790231,3.8761011266018324,4.670201183380856
9,2,2,2,0.0,0.0,0.0
9,2,2,3,0.0,0.0,0.0
9,2,3,1,0.7941000567790231,3.8761011266018324,4.670201183380856
9,2,3,2,3.8761011266018324,3.8761011266018324,7.752202253203665
9,2,3,3,2.0,2.0,4.0
9,2,4,1,0.0,0.0,0.0
9,2,4,2,0.0,0.0,0.0
9,2,4,3,0.0,2.0,2.0
9,2,5,1,0.0,0.0,0.0
9,2,5,2,0.0,0.0,0.0
9,2,5,3,0.0,2.0,2.0
9,2,6,1,0.0,0.0,0.0
9,2,6,2,0.0,0.0,0.0
9,2,6,3,0.0,2.0,2.0
9,2,7,1,0.7941000567790231,3.8761011266018324,4.670201183380856
9,2,7,2,0.0,3.8761011266018324,3.8761011266018324
9,2,7,3,0.0,0.0,0.0
9,2,8,1,0.0,0.0,0.0
9,2,8,2,0.0,3.8761011266018324,3.8761011266018324
9,2,8,3,0.0,0.0,0.0
9,2,9,1,0.0,0.0,0.0
9,2,9,2,0.0,3.8761011266018324,3.8761011266018324
9,2,9,3,0.0,0.0,0.0
9,2,10,1,0.0,0.0,0.0
9,2,10,2,0.0,3.8761011266018324,3.8761011266018324
9,2,10,3,0.0,0.0,0.0
9,2,11,1,0.0,0.0,0.0
9,2,11,2,0.0,3.8761011266018324,3.8761011266018324
9,2,11,3,0.0,0.0,0.0
9,2,12,1,0.0,0.0,0.0
9,2,12,2,0.0,3.8761011266018324,3.8761011266018324
9,2,12,3,0.0,0.0,0.0
9,2,13,1,0.0,0.0,0.0
9,2,13,2,0.0,3.8761011266018324,3.8761011266018324
9,2,13,3,0.0,0.0,0.0
9,2,14,1,0.0,0.0,0.0
9,2,14,2,0.0,3.8761011266018324,3.8761011266018324
9,2,14,3,0.0,0.0,0.0
9,2,15,1,0.0,0.0,0.0
9,2,15,2,0.0,3.8761011266018324,3.8761011266018324
9,2,15,3,0.0,2.0,2.0
9,2,16,1,0.0,0.0,0.0
9,2,16,2,0.0,0.0,0.0
9,2,16,3,0.0,2.0,2.0
9,2,17,1,0.0,3.8761011266018324,3.8761011266018324
9,2,17,2,0.0,0.0,0.0
9,2,17,3,0.0,0.0,0.0
9,2,18,1,0.0,3.8761011266018324,3.8761011266018324
9,2,18,2,0.0,0.0,0.0
9,2,18,3,0.0,0.0,0.0
9,2,19,1,0.0,3.8761011266018324,3.8761011266018324
9,2,19,2,0.0,3.8761011266018324,3.8761011266018324
9,2,19,3,0.0,0.0,0.0
9,2,20,1,0.0,0.0,0.0
9,2,20,2,0.0,3.8761011266018324,3.8761011266018324
9,2,20,3,0.0,0.0,0.0
9,1,1,1,4.670201183380856,3.8761011266018324,8.54630230998269
9,1,1,2,2.794100056779023,2.0,4.794100056779023
9,1,1,3,0.0,0.0,0.0
9,1,2,1,0.0,0.0,0.0
9,1,2,2,0.7941000567790231,2.0,2.794100056779023
9,1,2,3,2.0,2.0,4.0
9,1,3,1,0.0,0.0,0.0
9,1,3,2,0.0,0.0,0.0
9,1,3,3,0.0,2.0,2.0
9,1,4,1,0.0,0.0,0.0
9,1,4,2,0.0,0.0,0.0
9,1,4,3,0.0,2.0,2.0
9,1,5,1,0.0,0.0,0.0
9,1,5,2,0.0,0.0,0.0
9,1,5,3,0.0,2.0,2.0
9,1,6,1,0.0,0.0,0.0
9,1,6,2,0.0,0.0,0.0
9,1,6,3,0.0,2.0,2.0
9,1,7,1,0.0,0.0,0.0
9,1,7,2,0.0,0.0,0.0
9,1,7,3,0.0,2.0,2.0
9,1,8,1,0.0,0.0,0.0
9,1,8,2,0.0,0.0,0.0
9,1,8,3,0.0,2.0,2.0
9,1,9,1,0.0,0.0,0.0
9,1,9,2,0.0,0.0,0.0
9,1,9,3,0.0,2.0,2.0
9,1,10,1,0.0,0.0,0.0
9,1,10,2,0.0,0.0,0.0
9,1,10,3,0.0,2.0,2.0
9,1,11,1,0.0,0.0,0.0
9,1,11,2,0.0,0.0,0.0
9,1,11,3,0.0,2.0,2.0
9,1,12,1,0.0,0.0,0.0
9,1,12,2,0.0,0.0,0.0
9,1,12,3,0.0,2.0,2.0
9,1,13,1,0.0,0.0,0.0
9,1,13,2,0.0,0.0,0.0
9,1,13,3,0.0,2.0,2.0
9,1,14,1,0.0,0.0,0.0
9,1,14,2,0.0,0.0,0.0
9,1,14,3,0.0,2.0,2.0
9,1,15,1,0.0,0.0,0.0
9,1,15,2,0.0,0.0,0.0
9,1,15,3,0.0,2.0,2.0
9,1,16,1,0.0,0.0,0.0
9,1,16,2,0.0,0.0,0.0
9,1,16,3,0.0,2.0,2.0
9,1,17,1,0.0,0.0,0.0
9,1,17,2,0.0,0.0,0.0
9,1,17,3,0.0,2.0,2.0
9,1,18,1,0.0,0.0,0.0
9,1,18,2,0.0,0.0,0.0
9,1,18,3,0.0,2.0,2.0
9,1,19,1,0.0,0.0,0.0
9,1,19,2,0.0,0.0,0.0
9,1,19,3,0.0,2.0,2.0
9,1,20,1,0.0,0.0,0.0
9,1,20,2,0.0,0.0,0.0
9,1,20,3,0.0,2.0,2.0
10,3,1,1,3.8761011266018324,3.8761011266018324,7.752202253203665
10,3,1,2,0.0,0.0,0.0
10,3,1,3,0.0,0.0,0.0
10,3,2,1,3.8761011266018324,3.8761011266018324,7.752202253203665
10,3,2,2,0.0,0.0,0.0
10,3,2,3,0.0,0.0,0.0
10,3,3,1,0.0,3.8761011266018324,3.8761011266018324
10,3,3,2,0.0,0.0,0.0
10,3,3,3,0.0,0.0,0.0
10,3,4,1,0.0,3.8761011266018324,3.8761011266018324
10,3,4,2,0.0,0.0,0.0
10,3,4,3,0.0,0.0,0.0
10,3,5,1,0.0,3.8761011266018324,3.8761011266018324
10,3,5,2,3.8761011266018324,3.8761011266018324,7.752202253203665
10,3,5,3,0.0,0.0,0.0
10,3,6,1,0.0,0.0,0.0
10,3,6,2,0.0,3.8761011266018324,3.8761011266018324
10,3,6,3,2.0,2.0,4.0
10,3,7,1,0.0,0.0,0.0
10,3,7,2,0.0,0.0,0.0
10,3,7,3,0.0,2.0,2.0
10,3,8,1,0.0,3.8761011266018324,3.8761011266018324
10,3,8,2,0.0,0.0,0.0
10,3,8,3,0.0,0.0,0.0
10,3,9,1,0.0,3.8761011266018324,3.8761011266018324
10,3,9,2,0.0,0.0,0.0
10,3,9,3,0.0,0.0,0.0
10,3,10,1,0.0,3.8761011266018324,3.8761011266018324
10,3,10,2,0.0,0.0,0.0
10,3,10,3,0.0,0.0,0.0
10,3,11,1,0.0,3.8761011266018324,3.8761011266018324
10,3,11,2,0.0,0.0,0.0
10,3,11,3,0.0,0.0,0.0
10,3,12,1,0.0,3.8761011266018324,3.8761011266018324
10,3,12,2,0.0,0.0,0.0
10,3,12,3,0.0,0.0,0.0
10,3,13,1,0.0,3.8761011266018324,3.8761011266018324
10,3,13,2,0.0,0.0,0.0
10,3,13,3,0.0,0.0,0.0
10,3,14,1,0.0,3.8761011266018324,3.8761011266018324
10,3,14,2,0.0,0.0,0.0
10,3,14,3,0.0,0.0,0.0
10,3,15,1,0.0,3.8761011266018324,3.8761011266018324
10,3,15,2,0.0,3.8761011266018324,3.8761011266018324
10,3,15,3,0.0,0.0,0.0
10,3,16,1,0.0,3.8761011266018324,3.8761011266018324
10,3,16,2,0.0,3.8761011266018324,3.8761011266018324
10,3,16,3,0.0,0.0,0.0
10,3,17,1,0.0,3.8761011266018324,3.8761011266018324
10,3,17,2,0.0,0.0,0.0
10,3,17,3,0.0,0.0,0.0
10,3,18,1,0.0,3.8761011266018324,3.8761011266018324
10,3,18,2,0.0,3.8761011266018324,3.8761011266018324
10,3,18,3,0.0,0.0,0.0
10,3,19,1,0.0,3.8761011266018324,3.8761011266018324
10,3,19,2,0.0,0.0,0.0
10,3,19,3,0.0,0.0,0.0
10,3,20,1,0.0,3.8761011266018324,3.8761011266018324
10,3,20,2,0.0,0.0,0.0
10,3,20,3,0.0,0.0,0.0
10,2,1,1,4.670201183380856,3.8761011266018324,8.54630230998269
10,2,1,2,0.0,0.0,0.0
10,2,1,3,0.0,0.0,0.0
10,2,2,1,0.7941000567790231,3.8761011266018324,4.670201183380856
10,2,2,2,3.8761011266018324,3.8761011266018324,7.752202253203665
10,2,2,3,0.0,0.0,0.0
10,2,3,1,0.0,0.0,0.0
10,2,3,2,0.0,3.8761011266018324,3.8761011266018324
10,2,3,3,0.0,0.0,0.0
10,2,4,1,0.0,0.0,0.0
10,2,4,2,0.0,3.8761011266018324,3.8761011266018324
10,2,4,3,0.0,0.0,0.0
10,2,5,1,0.0,0.0,0.0
10,2,5,2,0.0,3.8761011266018324,3.8761011266018324
10,2,5,3,0.0,0.0,0.0
10,2,6,1,0.0,0.0,0.0
10,2,6,2,0.0,3.8761011266018324,3.8761011266018324
10,2,6,3,0.0,0.0,0.0
10,2,7,1,0.0,0.0,0.0
10,2,7,2,0.0,3.8761011266018324,3.8761011266018324
10,2,7,3,0.0,0.0,0.0
10,2,8,1,0.0,0.0,0.0
10,2,8,2,0.0,3.8761011266018324,3.8761011266018324
10,2,8,3,0.0,0.0,0.0
10,2,9,1,0.0,0.0,0.0
10,2,9,2,0.0,3.8761011266018324,3.8761011266018324
10,2,9,3,2.0,2.0,4.0
10,2,10,1,0.0,0.0,0.0
10,2,10,2,0.0,0.0,0.0
10,2,10,3,0.0,2.0,2.0
10,2,11,1,0.7941000567790231,3.8761011266018324,4.670201183380856
10,2,11,2,0.0,0.0,0.0
10,2,11,3,0.0,0.0,0.0
10,2,12,1,0.7941000567790231,3.8761011266018324,4.670201183380856
10,2,12,2,0.0,3.8761011266018324,3.8761011266018324
10,2,12,3,0.0,2.0,2.0
10,2,13,1,0.0,0.0,0.0
10,2,13,2,0.0,0.0,0.0
10,2,13,3,0.0,2.0,2.0
10,2,14,1,0.0,0.0,0.0
10,2,14,2,0.0,0.0,0.0
10,2,14,3,0.0,2.0,2.0
10,2,15,1,0.0,0.0,0.0
10,2,15,2,0.0,0.0,0.0
10,2,15,3,0.0,2.0,2.0
10,2,16,1,0.0,3.8761011266018324,3.8761011266018324
10,2,16,2,0.0,0.0,0.0
10,2,16,3,0.0,0.0,0.0
10,2,17,1,0.0,3.8761011266018324,3.8761011266018324
10,2,17,2,0.0,3.8761011266018324,3.8761011266018324
10,2,17,3,0.0,0.0,0.0
10,2,18,1,0.0,0.0,0.0
10,2,18,2,0.0,3.8761011266018324,3.8761011266018324
10,2,18,3,0.0,0.0,0.0
10,2,19,1,0.0,0.0,0.0
10,2,19,2,0.0,3.8761011266018324,3.8761011266018324
10,2,19,3,0.0,0.0,0.0
10,2,20,1,0.0,0.0,0.0
10,2,20,2,0.0,3.8761011266018324,3.8761011266018324
10,2,20,3,0.0,0.0,0.0
10,1,1,1,4.670201183380856,3.8761011266018324,8.54630230998269
10,1,1,2,0.0,0.0,0.0
10,1,1,3,0.0,0.0,0.0
10,1,2,1,0.7941000567790231,3.8761011266018324,4.670201183380856
10,1,2,2,0.0,0.0,0.0
10,1,2,3,0.0,0.0,0.0
10,1,3,1,0.7941000567790231,3.8761011266018324,4.670201183380856
10,1,3,2,0.0,0.0,0.0
10,1,3,3,0.0,0.0,0.0
10,1,4,1,0.0,3.8761011266018324,3.8761011266018324
10,1,4,2,2.794100056779023,2.0,4.794100056779023
10,1,4,3,0.0,0.0,0.0
10,1,5,1,0.0,0.0,0.0
10,1,5,2,0.7941000567790231,2.0,2.794100056779023
10,1,5,3,2.0,2.0,4.0
10,1,6,1,0.0,0.0,0.0
10,1,6,2,0.0,0.0,0.0
10,1,6,3,0.0,2.0,2.0
10,1,7,1,0.0,0.0,0.0
10,1,7,2,0.0,0.0,0.0
10,1,7,3,0.0,2.0,2.0
10,1,8,1,0.0,0.0,0.0
10,1,8,2,0.0,0.0,0.0
10,1,8,3,0.0,2.0,2.0
10,1,9,1,0.0,0.0,0.0
10,1,9,2,0.0,0.0,0.0
10,1,9,3,0.0,2.0,2.0
10,1,10,1,0.0,0.0,0.0
10,1,10,2,0.0,0.0,0.0
10,1,10,3,0.0,2.0,2.0
10,1,11,1,0.0,0.0,0.0
10,1,11,2,0.0,0.0,0.0
10,1,11,3,0.0,2.0,2.0
10,1,12,1,0.0,0.0,0.0
10,1,12,2,0.0,0.0,0.0
10,1,12,3,0.0,2.0,2.0
10,1,13,1,0.0,0.0,0.0
10,1,13,2,0.0,0.0,0.0
10,1,13,3,0.0,2.0,2.0
10,1,14,1,0.0,0.0,0.0
10,1,14,2,0.0,0.0,0.0
10,1,14,3,0.0,2.0,2.0
10,1,15,1,0.0,0.0,0.0
10,1,15,2,0.0,0.0,0.0
10,1,15,3,0.0,2.0,2.0
10,1,16,1,0.0,0.0,0.0
10,1,16,2,0.0,0.0,0.0
10,1,16,3,0.0,2.0,2.0
10,1,17,1,0.0,0.0,0.0
10,1,17,2,0.0,0.0,0.0
10,1,17,3,0.0,2.0,2.0
10,1,18,1,0.0,0.0,0.0
10,1,18,2,0.0,0.0,0.0
10,1,18,3,0.0,2.0,2.0
10,1,19,1,0.0,0.0,0.0
10,1,19,2,0.0,0.0,0.0
10,1,19,3,0.0,2.0,2.0
10,1,20,1,0.0,0.0,0.0
10,1,20,2,0.0,0.0,0.0
10,1,20,3,0.0,2.0,2.0
11,3,1,1,3.8761011266018324,3.8761011266018324,7.752202253203665
11,3,1,2,3.8761011266018324,3.8761011266018324,7.752202253203665
11,3,1,3,0.0,0.0,0.0
11,3,2,1,0.0,0.0,0.0
11,3,2,2,0.0,3.8761011266018324,3.8761011266018324
11,3,2,3,2.0,2.0,4.0
11,3,3,1,3.8761011266018324,3.8761011266018324,7.752202253203665
11,3,3,2,0.0,0.0,0.0
11,3,3,3,0.0,0.0,0.0
11,3,4,1,0.0,3.8761011266018324,3.8761011266018324
11,3,4,2,0.0,0.0,0.0
11,3,4,3,0.0,0.0,0.0
11,3,5,1,0.0,3.8761011266018324,3.8761011266018324
11,3,5,2,0.0,0.0,0.0
11,3,5,3,0.0,0.0,0.0
11,3,6,1,0.0,3.8761011266018324,3.8761011266018324
11,3,6,2,0.0,0.0,0.0
11,3,6,3,0.0,0.0,0.0
11,3,7,1,0.0,3.8761011266018324,3.8761011266018324
11,3,7,2,0.0,0.0,0.0
11,3,7,3,0.0,0.0,0.0
11,3,8,1,0.0,3.8761011266018324,3.8761011266018324
11,3,8,2,0.0,3.8761011266018324,3.8761011266018324
11,3,8,3,0.0,0.0,0.0
11,3,9,1,0.0,3.8761011266018324,3.8761011266018324
11,3,9,2,0.0,0.0,0.0
11,3,9,3,0.0,0.0,0.0
11,3,10,1,0.0,3.8761011266018324,3.8761011266018324
11,3,10,2,0.0,0.0,0.0
11,3,10,3,0.0,0.0,0.0
11,3,11,1,0.0,3.8761011266018324,3.8761011266018324
11,3,11,2,0.0,3.8761011266018324,3.8761011266018324
11,3,11,3,0.0,0.0,0.0
11,3,12,1,0.0,3.8761011266018324,3.8761011266018324
11,3,12,2,0.0,3.8761011266018324,3.8761011266018324
11,3,12,3,0.0,0.0,0.0
11,3,13,1,0.0,3.8761011266018324,3.8761011266018324
11,3,13,2,0.0,0.0,0.0
11,3,13,3,0.0,0.0,0.0
11,3,14,1,0.0,3.8761011266018324,3.8761011266018324
11,3,14,2,0.0,0.0,0.0
11,3,14,3,0.0,0.0,0.0
11,3,15,1,0.0,3.8761011266018324,3.8761011266018324
11,3,15,2,0.0,0.0,0.0
11,3,15,3,0.0,0.0,0.0
11,3,16,1,0.0,3.8761011266018324,3.8761011266018324
11,3,16,2,0.0,3.8761011266018324,3.8761011266018324
11,3,16,3,0.0,0.0,0.0
11,3,17,1,0.0,0.0,0.0
11,3,17,2,0.0,3.8761011266018324,3.8761011266018324
11,3,17,3,0.0,2.0,2.0
11,3,18,1,0.0,3.8761011266018324,3.8761011266018324
11,3,18,2,0.0,0.0,0.0
11,3,18,3,0.0,0.0,0.0
11,3,19,1,0.0,3.8761011266018324,3.8761011266018324
11,3,19,2,0.0,3.8761011266018324,3.8761011266018324
11,3,19,3,0.0,0.0,0.0
11,3,20,1,0.0,3.8761011266018324,3.8761011266018324
11,3,20,2,0.0,3.8761011266018324,3.8761011266018324
11,3,20,3,0.0,0.0,0.0
11,2,1,1,4.670201183380856,3.8761011266018324,8.54630230998269
11,2,1,2,3.8761011266018324,3.8761011266018324,7.752202253203665
11,2,1,3,0.0,0.0,0.0
11,2,2,1,0.0,0.0,0.0
11,2,2,2,0.0,3.8761011266018324,3.8761011266018324
11,2,2,3,0.0,0.0,0.0
11,2,3,1,0.0,0.0,0.0
11,2,3,2,0.0,3.8761011266018324,3.8761011266018324
11,2,3,3,0.0,0.0,0.0
11,2,4,1,0.0,0.0,0.0
11,2,4,2,0.0,3.8761011266018324,3.8761011266018324
11,2,4,3,0.0,0.0,0.0
11,2,5,1,0.0,0.0,0.0
11,2,5,2,0.0,3.8761011266018324,3.8761011266018324
11,2,5,3,0.0,0.0,0.0
11,2,6,1,0.0,0.0,0.0
11,2,6,2,0.0,3.8761011266018324,3.8761011266018324
11,2,6,3,0.0,0.0,0.0
11,2,7,1,0.0,0.0,0.0
11,2,7,2,0.0,3.8761011266018324,3.8761011266018324
11,2,7,3,0.0,0.0,0.0
11,2,8,1,0.0,0.0,0.0
11,2,8,2,0.0,3.8761011266018324,3.8761011266018324
11,2,8,3,0.0,0.0,0.0
11,2,9,1,0.0,0.0,0.0
11,2,9,2,0.0,3.8761011266018324,3.8761011266018324
11,2,9,3,0.0,0.0,0.0
11,2,10,1,0.0,0.0,0.0
11,2,10,2,0.0,3.8761011266018324,3.8761011266018324
11,2,10,3,0.0,0.0,0.0
11,2,11,1,0.0,0.0,0.0
11,2,11,2,0.0,3.8761011266018324,3.8761011266018324
11,2,11,3,0.0,0.0,0.0
11,2,12,1,0.0,0.0,0.0
11,2,12,2,0.0,3.8761011266018324,3.8761011266018324
11,2,12,3,0.0,0.0,0.0
11,2,13,1,0.0,0.0,0.0
11,2,13,2,0.0,3.8761011266018324,3.8761011266018324
11,2,13,3,0.0,0.0,0.0
11,2,14,1,0.0,0.0,0.0
11,2,14,2,0.0,3.8761011266018324,3.8761011266018324
11,2,14,3,0.0,0.0,0.0
11,2,15,1,0.0,0.0,0.0
11,2,15,2,0.0,3.8761011266018324,3.8761011266018324
11,2,15,3,2.0,2.0,4.0
11,2,16,1,0.0,0.0,0.0
11,2,16,2,0.0,0.0,0.0
11,2,16,3,0.0,2.0,2.0
11,2,17,1,0.7941000567790231,3.8761011266018324,4.670201183380856
11,2,17,2,0.0,0.0,0.0
11,2,17,3,0.0,0.0,0.0
11,2,18,1,0.7941000567790231,3.8761011266018324,4.670201183380856
11,2,18,2,0.0,0.0,0.0
11,2,18,3,0.0,0.0,0.0
11,2,19,1,0.7941000567790231,3.8761011266018324,4.670201183380856
11,2,19,2,0.0,3.8761011266018324,3.8761011266018324
11,2,19,3,0.0,0.0,0.0
11,2,20,1,0.0,0.0,0.0
11,2,20,2,0.0,3.8761011266018324,3.8761011266018324
11,2,20,3,0.0,0.0,0.0
11,1,1,1,4.670201183380856,3.8761011266018324,8.54630230998269
11,1,1,2,2.794100056779023,2.0,4.794100056779023
11,1,1,3,0.0,0.0,0.0
11,1,2,1,0.0,0.0,0.0
11,1,2,2,0.7941000567790231,2.0,2.794100056779023
11,1,2,3,2.0,2.0,4.0
11,1,3,1,0.0,0.0,0.0
11,1,3,2,0.0,0.0,0.0
11,1,3,3,0.0,2.0,2.0
11,1,4,1,0.0,0.0,0.0
11,1,4,2,0.0,0.0,0.0
11,1,4,3,0.0,2.0,2.0
11,1,5,1,0.0,0.0,0.0
11,1,5,2,0.0,0.0,0.0
11,1,5,3,0.0,2.0,2.0
11,1,6,1,0.0,0.0,0.0
11,1,6,2,0.0,0.0,0.0
11,1,6,3,0.0,2.0,2.0
11,1,7,1,0.0,0.0,0.0
11,1,7,2,0.0,0.0,0.0
11,1,7,3,0.0,2.0,2.0
11,1,8,1,0.0,0.0,0.0
11,1,8,2,0.0,0.0,0.0
11,1,8,3,0.0,2.0,2.0
11,1,9,1,0.0,0.0,0.0
11,1,9,2,0.0,0.0,0.0
11,1,9,3,0.0,2.0,2.0
11,1,10,1,0.0,0.0,0.0
11,1,10,2,0.0,0.0,0.0
11,1,10,3,0.0,2.0,2.0
11,1,11,1,0.0,0.0,0.0
11,1,11,2,0.0,0.0,0.0
11,1,11,3,0.0,2.0,2.0
11,1,12,1,0.0,0.0,0.0
11,1,12,2,0.0,0.0,0.0
11,1,12,3,0.0,2.0,2.0
11,1,13,1,0.0,0.0,0.0
11,1,13,2,0.0,0.0,0.0
11,1,13,3,0.0,2.0,2.0
11,1,14,1,0.0,0.0,0.0
11,1,14,2,0.0,0.0,0.0
11,1,14,3,0.0,2.0,2.0
11,1,15,1,0.0,0.0,0.0
11,1,15,2,0.0,0.0,0.0
11,1,15,3,0.0,2.0,2.0
11,1,16,1,0.0,0.0,0.0
11,1,16,2,0.0,0.0,0.0
11,1,16,3,0.0,2.0,2.0
11,1,17,1,0.0,0.0,0.0
11,1,17,2,0.0,0.0,0.0
11,1,17,3,0.0,2.0,2.0
11,1,18,1,0.0,0.0,0.0
11,1,18,2,0.0,0.0,0.0
11,1,18,3,0.0,2.0,2.0
11,1,19,1,0.0,0.0,0.0
11,1,19,2,0.0,0.0,0.0
11,1,19,3,0.0,2.0,2.0
11,1,20,1,0.0,0.0,0.0
11,1,20,2,0.0,0.0,0.0
11,1,20,3,0.0,2.0,2.0
12,3,1,1,3.8761011266018324,3.8761011266018324,7.752202253203665
12,3,1,2,0.0,0.0,0.0
12,3,1,3,0.0,0.0,0.0
12,3,2,1,3.8761011266018324,3.8761011266018324,7.752202253203665
12,3,2,2,0.0,0.0,0.0
12,3,2,3,0.0,0.0,0.0
12,3,3,1,0.0,3.8761011266018324,3.8761011266018324
12,3,3,2,3.8761011266018324,3.8761011266018324,7.752202253203665
12,3,3,3,0.0,0.0,0.0
12,3,4,1,0.0,0.0,0.0
12,3,4,2,0.0,3.8761011266018324,3.8761011266018324
12,3,4,3,0.0,0.0,0.0
12,3,5,1,0.0,3.8761011266018324,3.8761011266018324
12,3,5,2,0.0,0.0,0.0
12,3,5,3,0.0,0.0,0.0
12,3,6,1,0.0,3.8761011266018324,3.8761011266018324
12,3,6,2,0.0,0.0,0.0
12,3,6,3,0.0,0.0,0.0
12,3,7,1,0.0,3.8761011266018324,3.8761011266018324
12,3,7,2,0.0,3.8761011266018324,3.8761011266018324
12,3,7,3,0.0,0.0,0.0
12,3,8,1,0.0,0.0,0.0
12,3,8,2,0.0,3.8761011266018324,3.8761011266018324
12,3,8,3,0.0,0.0,0.0
12,3,9,1,0.0,3.8761011266018324,3.8761011266018324
12,3,9,2,0.0,3.8761011266018324,3.8761011266018324
12,3,9,3,0.0,0.0,0.0
12,3,10,1,0.0,3.8761011266018324,3.8761011266018324
12,3,10,2,0.0,0.0,0.0
12,3,10,3,0.0,0.0,0.0
12,3,11,1,0.0,3.8761011266018324,3.8761011266018324
12,3,11,2,0.0,0.0,0.0
12,3,11,3,0.0,0.0,0.0
12,3,12,1,0.0,3.8761011266018324,3.8761011266018324
12,3,12,2,0.0,3.8761011266018324,3.8761011266018324
12,3,12,3,0.0,0.0,0.0
12,3,13,1,0.0,0.0,0.0
12,3,13,2,0.0,3.8761011266018324,3.8761011266018324
12,3,13,3,0.0,0.0,0.0
12,3,14,1,0.0,3.8761011266018324,3.8761011266018324
12,3,14,2,0.0,0.0,0.0
12,3,14,3,0.0,0.0,0.0
12,3,15,1,0.0,3.8761011266018324,3.8761011266018324
12,3,15,2,0.0,3.8761011266018324,3.8761011266018324
12,3,15,3,0.0,0.0,0.0
12,3,16,1,0.0,0.0,0.0
12,3,16,2,0.0,3.8761011266018324,3.8761011266018324
12,3,16,3,0.0,0.0,0.0
12,3,17,1,0.0,3.8761011266018324,3.8761011266018324
12,3,17,2,0.0,0.0,0.0
12,3,17,3,0.0,0.0,0.0
12,3,18,1,0.0,3.8761011266018324,3.8761011266018324
12,3,18,2,0.0,0.0,0.0
12,3,18,3,0.0,0.0,0.0
12,3,19,1,0.0,3.8761011266018324,3.8761011266018324
12,3,19,2,0.0,0.0,0.0
12,3,19,3,0.0,0.0,0.0
12,3,20,1,0.0,3.8761011266018324,3.8761011266018324
12,3,20,2,0.0,3.8761011266018324,3.8761011266018324
12,3,20,3,0.0,0.0,0.0
12,2,1,1,4.670201183380856,3.8761011266018324,8.54630230998269
12,2,1,2,0.0,0.0,0.0
12,2,1,3,0.0,0.0,0.0
12,2,2,1,0.7941000567790231,3.8761011266018324,4.670201183380856
12,2,2,2,3.8761011266018324,3.8761011266018324,7.752202253203665
12,2,2,3,0.0,0.0,0.0
12,2,3,1,0.0,0.0,0.0
12,2,3,2,0.0,3.8761011266018324,3.8761011266018324
12,2,3,3,0.0,0.0,0.0
12,2,4,1,0.0,0.0,0.0
12,2,4,2,0.0,3.8761011266018324,3.8761011266018324
12,2,4,3,0.0,0.0,0.0
12,2,5,1,0.0,0.0,0.0
12,2,5,2,0.0,3.8761011266018324,3.8761011266018324
12,2,5,3,0.0,0.0,0.0
12,2,6,1,0.0,0.0,0.0
12,2,6,2,0.0,3.8761011266018324,3.8761011266018324
12,2,6,3,0.0,0.0,0.0
12,2,7,1,0.0,0.0,0.0
12,2,7,2,0.0,3.8761011266018324,3.8761011266018324
12,2,7,3,0.0,0.0,0.0
12,2,8,1,0.0,0.0,0.0
12,2,8,2,0.0,3.8761011266018324,3.8761011266018324
12,2,8,3,0.0,0.0,0.0
12,2,9,1,0.0,0.0,0.0
12,2,9,2,0.0,3.8761011266018324,3.8761011266018324
12,2,9,3,0.0,0.0,0.0
12,2,10,1,0.0,0.0,0.0
12,2,10,2,0.0,3.8761011266018324,3.8761011266018324
12,2,10,3,0.0,0.0,0.0
12,2,11,1,0.0,0.0,0.0
12,2,11,2,0.0,3.8761011266018324,3.8761011266018324
12,2,11,3,2.0,2.0,4.0
12,2,12,1,0.0,0.0,0.0
12,2,12,2,0.0,0.0,0.0
12,2,12,3,0.0,2.0,2.0
12,2,13,1,0.0,0.0,0.0
12,2,13,2,0.0,0.0,0.0
12,2,13,3,0.0,2.0,2.0
12,2,14,1,0.7941000567790231,3.8761011266018324,4.670201183380856
12,2,14,2,0.0,3.8761011266018324,3.8761011266018324
12,2,14,3,0.0,2.0,2.0
12,2,15,1,0.7941000567790231,3.8761011266018324,4.670201183380856
12,2,15,2,0.0,0.0,0.0
12,2,15,3,0.0,0.0,0.0
12,2,16,1,0.0,3.8761011266018324,3.8761011266018324
12,2,16,2,0.0,3.8761011266018324,3.8761011266018324
12,2,16,3,0.0,0.0,0.0
12,2,17,1,0.0,0.0,0.0
12,2,17,2,0.0,3.8761011266018324,3.8761011266018324
12,2,17,3,0.0,0.0,0.0
12,2,18,1,0.0,0.0,0.0
12,2,18,2,0.0,3.8761011266018324,3.8761011266018324
12,2,18,3,0.0,0.0,0.0
12,2,19,1,0.0,0.0,0.0
12,2,19,2,0.0,3.8761011266018324,3.8761011266018324
12,2,19,3,0.0,0.0,0.0
12,2,20,1,0.0,0.0,0.0
12,2,20,2,0.0,3.8761011266018324,3.8761011266018324
12,2,20,3,0.0,0.0,0.0
12,1,1,1,4.670201183380856,3.8761011266018324,8.54630230998269
12,1,1,2,2.794100056779023,2.0,4.794100056779023
12,1,1,3,2.0,2.0,4.0
12,1,2,1,0.0,0.0,0.0
12,1,2,2,0.0,0.0,0.0
12,1,2,3,0.0,2.0,2.0
12,1,3,1,0.0,0.0,0.0
12,1,3,2,0.0,0.0,0.0
12,1,3,3,0.0,2.0,2.0
12,1,4,1,0.0,0.0,0.0
12,1,4,2,0.0,0.0,0.0
12,1,4,3,0.0,2.0,2.0
12,1,5,1,0.0,0.0,0.0
12,1,5,2,0.0,0.0,0.0
12,1,5,3,0.0,2.0,2.0
12,1,6,1,0.0,0.0,0.0
12,1,6,2,0.0,0.0,0.0
12,1,6,3,0.0,2.0,2.0
12,1,7,1,0.0,0.0,0.0
12,1,7,2,0.0,0.0,0.0
12,1,7,3,0.0,2.0,2.0
12,1,8,1,0.0,0.0,0.0
12,1,8,2,0.0,0.0,0.0
12,1,8,3,0.0,2.0,2.0
12,1,9,1,0.0,0.0,0.0
12,1,9,2,0.0,0.0,0.0
12,1,9,3,0.0,2.0,2.0
12,1,10,1,0.0,0.0,0.0
12,1,10,2,0.0,0.0,0.0
12,1,10,3,0.0,2.0,2.0
12,1,11,1,0.0,0.0,0.0
12,1,11,2,0.0,0.0,0.0
12,1,11,3,0.0,2.0,2.0
12,1,12,1,0.0,0.0,0.0
12,1,12,2,0.0,0.0,0.0
12,1,12,3,0.0,2.0,2.0
12,1,13,1,0.0,0.0,0.0
12,1,13,2,0.0,0.0,0.0
12,1,13,3,0.0,2.0,2.0
12,1,14,1,0.0,0.0,0.0
12,1,14,2,0.0,0.0,0.0
12,1,14,3,0.0,2.0,2.0
12,1,15,1,0.0,0.0,0.0
12,1,15,2,0.0,0.0,0.0
12,1,15,3,0.0,2.0,2.0
12,1,16,1,0.0,0.0,0.0
12,1,16,2,0.0,0.0,0.0
12,1,16,3,0.0,2.0,2.0
12,1,17,1,0.0,0.0,0.0
12,1,17,2,0.0,0.0,0.0
12,1,17,3,0.0,2.0,2.0
12,1,18,1,0.0,0.0,0.0
12,1,18,2,0.0,0.0,0.0
12,1,18,3,0.0,2.0,2.0
12,1,19,1,0.0,0.0,0.0
12,1,19,2,0.0,0.0,0.0
12,1,19,3,0.0,2.0,2.0
12,1,20,1,0.0,0.0,0.0
12,1,20,2,0.0,0.0,0.0
12,1,20,3,0.0,2.0,2.0
13,3,1,1,3.8761011266018324,3.8761011266018324,7.752202253203665
13,3,1,2,3.8761011266018324,3.8761011266018324,7.752202253203665
13,3,1,3,0.0,0.0,0.0
13,3,2,1,3.8761011266018324,3.8761011266018324,7.752202253203665
13,3,2,2,0.0,0.0,0.0
13,3,2,3,0.0,0.0,0.0
13,3,3,1,0.0,3.8761011266018324,3.8761011266018324
13,3,3,2,0.0,0.0,0.0
13,3,3,3,0.0,0.0,0.0
13,3,4,1,0.0,3.8761011266018324,3.8761011266018324
13,3,4,2,0.0,0.0,0.0
13,3,4,3,0.0,0.0,0.0
13,3,5,1,0.0,3.8761011266018324,3.8761011266018324
13,3,5,2,0.0,0.0,0.0
13,3,5,3,0.0,0.0,0.0
13,3,6,1,0.0,3.8761011266018324,3.8761011266018324
13,3,6,2,0.0,0.0,0.0
13,3,6,3,0.0,0.0,0.0
13,3,7,1,0.0,3.8761011266018324,3.8761011266018324
13,3,7,2,0.0,0.0,0.0
13,3,7,3,0.0,0.0,0.0
13,3,8,1,0.0,3.8761011266018324,3.8761011266018324
13,3,8,2,0.0,0.0,0.0
13,3,8,3,0.0,0.0,0.0
13,3,9,1,0.0,3.8761011266018324,3.8761011266018324
13,3,9,2,0.0,0.0,0.0
13,3,9,3,0.0,0.0,0.0
13,3,10,1,0.0,3.8761011266018324,3.8761011266018324
13,3,10,2,0.0,0.0,0.0
13,3,10,3,0.0,0.0,0.0
13,3,11,1,0.0,3.8761011266018324,3.8761011266018324
13,3,11,2,0.0,0.0,0.0
13,3,11,3,0.0,0.0,0.0
13,3,12,1,0.0,3.8761011266018324,3.8761011266018324
13,3,12,2,0.0,0.0,0.0
13,3,12,3,0.0,0.0,0.0
13,3,13,1,0.0,3.8761011266018324,3.8761011266018324
13,3,13,2,0.0,0.0,0.0
13,3,13,3,0.0,0.0,0.0
13,3,14,1,0.0,3.8761011266018324,3.8761011266018324
13,3,14,2,0.0,0.0,0.0
13,3,14,3,0.0,0.0,0.0
13,3,15,1,0.0,3.8761011266018324,3.8761011266018324
13,3,15,2,0.0,0.0,0.0
13,3,15,3,0.0,0.0,0.0
13,3,16,1,0.0,3.8761011266018324,3.8761011266018324
13,3,16,2,0.0,3.8761011266018324,3.8761011266018324
13,3,16,3,0.0,0.0,0.0
13,3,17,1,0.0,3.8761011266018324,3.8761011266018324
13,3,17,2,0.0,0.0,0.0
13,3,17,3,0.0,0.0,0.0
13,3,18,1,0.0,3.8761011266018324,3.8761011266018324
13,3,18,2,0.0,0.0,0.0
13,3,18,3,0.0,0.0,0.0
13,3,19,1,0.0,3.8761011266018324,3.8761011266018324
13,3,19,2,0.0,0.0,0.0
13,3,19,3,0.0,0.0,0.0
13,3,20,1,0.0,3.8761011266018324,3.8761011266018324
13,3,20,2,0.0,0.0,0.0
13,3,20,3,0.0,0.0,0.0
13,2,1,1,4.670201183380856,3.8761011266018324,8.54630230998269
13,2,1,2,0.0,0.0,0.0
13,2,1,3,0.0,0.0,0.0
13,2,2,1,0.7941000567790231,3.8761011266018324,4.670201183380856
13,2,2,2,0.0,0.0,0.0
13,2,2,3,0.0,0.0,0.0
13,2,3,1,0.7941000567790231,3.8761011266018324,4.670201183380856
13,2,3,2,3.8761011266018324,3.8761011266018324,7.752202253203665
13,2,3,3,0.0,0.0,0.0
13,2,4,1,0.0,0.0,0.0
13,2,4,2,0.0,3.8761011266018324,3.8761011266018324
13,2,4,3,0.0,0.0,0.0
13,2,5,1,0.0,0.0,0.0
13,2,5,2,0.0,3.8761011266018324,3.8761011266018324
13,2,5,3,0.0,0.0,0.0
13,2,6,1,0.0,0.0,0.0
13,2,6,2,0.0,3.8761011266018324,3.8761011266018324
13,2,6,3,0.0,0.0,0.0
13,2,7,1,0.0,0.0,0.0
13,2,7,2,0.0,3.8761011266018324,3.8761011266018324
13,2,7,3,0.0,0.0,0.0
13,2,8,1,0.0,0.0,0.0
13,2,8,2,0.0,3.8761011266018324,3.8761011266018324
13,2,8,3,0.0,0.0,0.0
13,2,9,1,0.0,0.0,0.0
13,2,9,2,0.0,3.8761011266018324,3.8761011266018324
13,2,9,3,0.0,0.0,0.0
13,2,10,1,0.0,0.0,0.0
13,2,10,2,0.0,3.8761011266018324,3.8761011266018324
13,2,10,3,0.0,0.0,0.0
13,2,11,1,0.0,0.0,0.0
13,2,11,2,0.0,3.8761011266018324,3.8761011266018324
13,2,11,3,0.0,0.0,0.0
13,2,12,1,0.0,0.0,0.0
13,2,12,2,0.0,3.8761011266018324,3.8761011266018324
13,2,12,3,0.0,0.0,0.0
13,2,13,1,0.0,0.0,0.0
13,2,13,2,0.0,3.8761011266018324,3.8761011266018324
13,2,13,3,0.0,0.0,0.0
13,2,14,1,0.0,0.0,0.0
13,2,14,2,0.0,3.8761011266018324,3.8761011266018324
13,2,14,3,0.0,0.0,0.0
13,2,15,1,0.0,0.0,0.0
13,2,15,2,0.0,3.8761011266018324,3.8761011266018324
13,2,15,3,0.0,0.0,0.0
13,2,16,1,0.0,0.0,0.0
13,2,16,2,0.0,3.8761011266018324,3.8761011266018324
13,2,16,3,0.0,0.0,0.0
13,2,17,1,0.0,0.0,0.0
13,2,17,2,0.0,3.8761011266018324,3.8761011266018324
13,2,17,3,0.0,0.0,0.0
13,2,18,1,0.0,0.0,0.0
13,2,18,2,0.0,3.8761011266018324,3.8761011266018324
13,2,18,3,0.0,0.0,0.0
13,2,19,1,0.0,0.0,0.0
13,2,19,2,0.0,3.8761011266018324,3.8761011266018324
13,2,19,3,0.0,0.0,0.0
13,2,20,1,0.0,0.0,0.0
13,2,20,2,0.0,3.8761011266018324,3.8761011266018324
13,2,20,3,0.0,0.0,0.0
13,1,1,1,4.670201183380856,3.8761011266018324,8.54630230998269
13,1,1,2,0.0,0.0,0.0
13,1,1,3,0.0,0.0,0.0
13,1,2,1,0.7941000567790231,3.8761011266018324,4.670201183380856
13,1,2,2,2.794100056779023,2.0,4.794100056779023
13,1,2,3,0.0,0.0,0.0
13,1,3,1,0.0,0.0,0.0
13,1,3,2,0.7941000567790231,2.0,2.794100056779023
13,1,3,3,0.0,0.0,0.0
13,1,4,1,0.0,0.0,0.0
13,1,4,2,0.0,2.0,2.0
13,1,4,3,2.0,2.0,4.0
13,1,5,1,0.0,0.0,0.0
13,1,5,2,0.0,0.0,0.0
13,1,5,3,0.0,2.0,2.0
13,1,6,1,0.0,0.0,0.0
13,1,6,2,0.0,0.0,0.0
13,1,6,3,0.0,2.0,2.0
13,1,7,1,0.0,0.0,0.0
13,1,7,2,0.0,0.0,0.0
13,1,7,3,0.0,2.0,2.0
13,1,8,1,0.0,0.0,0.0
13,1,8,2,0.0,0.0,0.0
13,1,8,3,0.0,2.0,2.0
13,1,9,1,0.0,0.0,0.0
13,1,9,2,0.0,0.0,0.0
13,1,9,3,0.0,2.0,2.0
13,1,10,1,0.0,0.0,0.0
13,1,10,2,0.0,0.0,0.0
13,1,10,3,0.0,2.0,2.0
13,1,11,1,0.0,0.0,0.0
13,1,11,2,0.0,0.0,0.0
13,1,11,3,0.0,2.0,2.0
13,1,12,1,0.0,0.0,0.0
13,1,12,2,0.0,0.0,0.0
13,1,12,3,0.0,2.0,2.0
13,1,13,1,0.0,0.0,0.0
13,1,13,2,0.0,0.0,0.0
13,1,13,3,0.0,2.0,2.0
13,1,14,1,0.0,0.0,0.0
13,1,14,2,0.0,0.0,0.0
13,1,14,3,0.0,2.0,2.0
13,1,15,1,0.0,0.0,0.0
13,1,15,2,0.0,0.0,0.0
13,1,15,3,0.0,2.0,2.0
13,1,16,1,0.0,0.0,0.0
13,1,16,2,0.0,0.0,0.0
13,1,16,3,0.0,2.0,2.0
13,1,17,1,0.0,0.0,0.0
13,1,17,2,0.0,0.0,0.0
13,1,17,3,0.0,2.0,2.0
13,1,18,1,0.0,0.0,0.0
13,1,18,2,0.0,0.0,0.0
13,1,18,3,0.0,2.0,2.0
13,1,19,1,0.0,0.0,0.0
13,1,19,2,0.0,0.0,0.0
13,1,19,3,0.0,2.0,2.0
13,1,20,1,0.0,0.0,0.0
13,1,20,2,0.0,0.0,0.0
13,1,20,3,0.0,2.0,2.0
14,3,1,1,3.8761011266018324,3.8761011266018324,7.752202253203665
14,3,1,2,3.8761011266018324,3.8761011266018324,7.752202253203665
14,3,1,3,0.0,0.0,0.0
14,3,2,1,0.0,0.0,0.0
14,3,2,2,0.0,3.8761011266018324,3.8761011266018324
14,3,2,3,0.0,0.0,0.0
14,3,3,1,3.8761011266018324,3.8761011266018324,7.752202253203665
14,3,3,2,0.0,0.0,0.0
14,3,3,3,0.0,0.0,0.0
14,3,4,1,0.0,3.8761011266018324,3.8761011266018324
14,3,4,2,0.0,0.0,0.0
14,3,4,3,0.0,0.0,0.0
14,3,5,1,0.0,3.8761011266018324,3.8761011266018324
14,3,5,2,0.0,3.8761011266018324,3.8761011266018324
14,3,5,3,0.0,0.0,0.0
14,3,6,1,0.0,0.0,0.0
14,3,6,2,0.0,3.8761011266018324,3.8761011266018324
14,3,6,3,0.0,0.0,0.0
14,3,7,1,0.0,3.8761011266018324,3.8761011266018324
14,3,7,2,0.0,0.0,0.0
14,3,7,3,0.0,0.0,0.0
14,3,8,1,0.0,3.8761011266018324,3.8761011266018324
14,3,8,2,0.0,0.0,0.0
14,3,8,3,0.0,0.0,0.0
14,3,9,1,0.0,3.8761011266018324,3.8761011266018324
14,3,9,2,0.0,3.8761011266018324,3.8761011266018324
14,3,9,3,0.0,0.0,0.0
14,3,10,1,0.0,0.0,0.0
14,3,10,2,0.0,3.8761011266018324,3.8761011266018324
14,3,10,3,0.0,0.0,0.0
14,3,11,1,0.0,0.0,0.0
14,3,11,2,0.0,3.8761011266018324,3.8761011266018324
14,3,11,3,0.0,0.0,0.0
14,3,12,1,0.0,0.0,0.0
14,3,12,2,0.0,3.8761011266018324,3.8761011266018324
14,3,12,3,0.0,0.0,0.0
14,3,13,1,0.0,0.0,0.0
14,3,13,2,0.0,3.8761011266018324,3.8761011266018324
14,3,13,3,0.0,0.0,0.0
14,3,14,1,0.0,3.8761011266018324,3.8761011266018324
14,3,14,2,0.0,0.0,0.0
14,3,14,3,0.0,0.0,0.0
14,3,15,1,0.0,3.8761011266018324,3.8761011266018324
14,3,15,2,0.0,0.0,0.0
14,3,15,3,0.0,0.0,0.0
14,3,16,1,0.0,3.8761011266018324,3.8761011266018324
14,3,16,2,0.0,0.0,0.0
14,3,16,3,0.0,0.0,0.0
14,3,17,1,0.0,3.8761011266018324,3.8761011266018324
14,3,17,2,0.0,0.0,0.0
14,3,17,3,0.0,0.0,0.0
14,3,18,1,0.0,3.8761011266018324,3.8761011266018324
14,3,18,2,0.0,0.0,0.0
14,3,18,3,0.0,0.0,0.0
14,3,19,1,0.0,3.8761011266018324,3.8761011266018324
14,3,19,2,0.0,0.0,0.0
14,3,19,3,0.0,0.0,0.0
14,3,20,1,0.0,3.8761011266018324,3.8761011266018324
14,3,20,2,0.0,0.0,0.0
14,3,20,3,0.0,0.0,0.0
14,2,1,1,4.670201183380856,3.8761011266018324,8.54630230998269
14,2,1,2,0.0,0.0,0.0
14,2,1,3,0.0,0.0,0.0
14,2,2,1,0.7941000567790231,3.8761011266018324,4.670201183380856
14,2,2,2,3.8761011266018324,3.8761011266018324,7.752202253203665
14,2,2,3,0.0,0.0,0.0
14,2,3,1,0.0,0.0,0.0
14,2,3,2,0.0,3.8761011266018324,3.8761011266018324
14,2,3,3,0.0,0.0,0.0
14,2,4,1,0.0,0.0,0.0
14,2,4,2,0.0,3.8761011266018324,3.8761011266018324
14,2,4,3,2.0,2.0,4.0
14,2,5,1,0.7941000567790231,3.8761011266018324,4.670201183380856
14,2,5,2,0.0,0.0,0.0
14,2,5,3,0.0,0.0,0.0
14,2,6,1,0.7941000567790231,3.8761011266018324,4.670201183380856
14,2,6,2,0.0,3.8761011266018324,3.8761011266018324
14,2,6,3,0.0,0.0,0.0
14,2,7,1,0.0,0.0,0.0
14,2,7,2,0.0,3.8761011266018324,3.8761011266018324
14,2,7,3,0.0,0.0,0.0
14,2,8,1,0.0,0.0,0.0
14,2,8,2,0.0,3.8761011266018324,3.8761011266018324
14,2,8,3,0.0,0.0,0.0
14,2,9,1,0.0,0.0,0.0
14,2,9,2,0.0,3.8761011266018324,3.8761011266018324
14,2,9,3,0.0,0.0,0.0
14,2,10,1,0.0,0.0,0.0
14,2,10,2,0.0,3.8761011266018324,3.8761011266018324
14,2,10,3,0.0,0.0,0.0
14,2,11,1,0.0,0.0,0.0
14,2,11,2,0.0,3.8761011266018324,3.8761011266018324
14,2,11,3,0.0,0.0,0.0
14,2,12,1,0.0,0.0,0.0
14,2,12,2,0.0,3.8761011266018324,3.8761011266018324
14,2,12,3,0.0,0.0,0.0
14,2,13,1,0.0,0.0,0.0
14,2,13,2,0.0,3.8761011266018324,3.8761011266018324
14,2,13,3,0.0,2.0,2.0
14,2,14,1,0.0,3.8761011266018324,3.8761011266018324
14,2,14,2,0.0,3.8761011266018324,3.8761011266018324
14,2,14,3,0.0,2.0,2.0
14,2,15,1,0.0,3.8761011266018324,3.8761011266018324
14,2,15,2,0.0,3.8761011266018324,3.8761011266018324
14,2,15,3,0.0,0.0,0.0
14,2,16,1,0.0,0.0,0.0
14,2,16,2,0.0,3.8761011266018324,3.8761011266018324
14,2,16,3,0.0,0.0,0.0
14,2,17,1,0.0,0.0,0.0
14,2,17,2,0.0,3.8761011266018324,3.8761011266018324
14,2,17,3,0.0,0.0,0.0
14,2,18,1,0.0,0.0,0.0
14,2,18,2,0.0,3.8761011266018324,3.8761011266018324
14,2,18,3,0.0,0.0,0.0
14,2,19,1,0.0,0.0,0.0
14,2,19,2,0.0,3.8761011266018324,3.8761011266018324
14,2,19,3,0.0,0.0,0.0
14,2,20,1,0.0,0.0,0.0
14,2,20,2,0.0,3.8761011266018324,3.8761011266018324
14,2,20,3,0.0,0.0,0.0
14,1,1,1,4.670201183380856,3.8761011266018324,8.54630230998269
14,1,1,2,0.0,0.0,0.0
14,1,1,3,0.0,0.0,0.0
14,1,2,1,0.7941000567790231,3.8761011266018324,4.670201183380856
14,1,2,2,2.794100056779023,2.0,4.794100056779023
14,1,2,3,2.0,2.0,4.0
14,1,3,1,0.0,0.0,0.0
14,1,3,2,0.0,0.0,0.0
14,1,3,3,0.0,2.0,2.0
14,1,4,1,0.0,0.0,0.0
14,1,4,2,0.0,0.0,0.0
14,1,4,3,0.0,2.0,2.0
14,1,5,1,0.0,0.0,0.0
14,1,5,2,0.0,0.0,0.0
14,1,5,3,0.0,2.0,2.0
14,1,6,1,0.0,0.0,0.0
14,1,6,2,0.0,0.0,0.0
14,1,6,3,0.0,2.0,2.0
14,1,7,1,0.0,0.0,0.0
14,1,7,2,0.0,0.0,0.0
14,1,7,3,0.0,2.0,2.0
14,1,8,1,0.0,0.0,0.0
14,1,8,2,0.0,0.0,0.0
14,1,8,3,0.0,2.0,2.0
14,1,9,1,0.0,0.0,0.0
14,1,9,2,0.0,0.0,0.0
14,1,9,3,0.0,2.0,2.0
14,1,10,1,0.0,0.0,0.0
14,1,10,2,0.0,0.0,0.0
14,1,10,3,0.0,2.0,2.0
14,1,11,1,0.0,0.0,0.0
14,1,11,2,0.0,0.0,0.0
14,1,11,3,0.0,2.0,2.0
14,1,12,1,0.0,0.0,0.0
14,1,12,2,0.0,0.0,0.0
14,1,12,3,0.0,2.0,2.0
14,1,13,1,0.0,0.0,0.0
14,1,13,2,0.0,0.0,0.0
14,1,13,3,0.0,2.0,2.0
14,1,14,1,0.0,0.0,0.0
14,1,14,2,0.0,0.0,0.0
14,1,14,3,0.0,2.0,2.0
14,1,15,1,0.0,0.0,0.0
14,1,15,2,0.0,0.0,0.0
14,1,15,3,0.0,2.0,2.0
14,1,16,1,0.0,0.0,0.0
14,1,16,2,0.0,0.0,0.0
14,1,16,3,0.0,0.0,0.0
14,1,17,1,0.7941000567790231,3.8761011266018324,4.670201183380856
14,1,17,2,0.7941000567790231,2.0,2.794100056779023
14,1,17,3,0.0,2.0,2.0
14,1,18,1,0.0,0.0,0.0
14,1,18,2,0.0,0.0,0.0
14,1,18,3,0.0,2.0,2.0
14,1,19,1,0.0,0.0,0.0
14,1,19,2,0.0,0.0,0.0
14,1,19,3,0.0,2.0,2.0
14,1,20,1,0.0,0.0,0.0
14,1,20,2,0.0,0.0,0.0
14,1,20,3,0.0,2.0,2.0
15,3,1,1,3.8761011266018324,3.8761011266018324,7.752202253203665
15,3,1,2,3.8761011266018324,3.8761011266018324,7.752202253203665
15,3,1,3,0.0,0.0,0.0
15,3,2,1,3.8761011266018324,3.8761011266018324,7.752202253203665
15,3,2,2,0.0,0.0,0.0
15,3,2,3,0.0,0.0,0.0
15,3,3,1,0.0,3.8761011266018324,3.8761011266018324
15,3,3,2,0.0,3.8761011266018324,3.8761011266018324
15,3,3,3,0.0,0.0,0.0
15,3,4,1,0.0,0.0,0.0
15,3,4,2,0.0,3.8761011266018324,3.8761011266018324
15,3,4,3,0.0,0.0,0.0
15,3,5,1,0.0,0.0,0.0
15,3,5,2,0.0,3.8761011266018324,3.8761011266018324
15,3,5,3,0.0,0.0,0.0
15,3,6,1,0.0,0.0,0.0
15,3,6,2,0.0,3.8761011266018324,3.8761011266018324
15,3,6,3,0.0,0.0,0.0
15,3,7,1,0.0,3.8761011266018324,3.8761011266018324
15,3,7,2,0.0,0.0,0.0
15,3,7,3,0.0,0.0,0.0
15,3,8,1,0.0,3.8761011266018324,3.8761011266018324
15,3,8,2,0.0,0.0,0.0
15,3,8,3,0.0,0.0,0.0
15,3,9,1,0.0,3.8761011266018324,3.8761011266018324
15,3,9,2,0.0,3.8761011266018324,3.8761011266018324
15,3,9,3,0.0,0.0,0.0
15,3,10,1,0.0,3.8761011266018324,3.8761011266018324
15,3,10,2,0.0,0.0,0.0
15,3,10,3,0.0,0.0,0.0
15,3,11,1,0.0,3.8761011266018324,3.8761011266018324
15,3,11,2,0.0,0.0,0.0
15,3,11,3,0.0,0.0,0.0
15,3,12,1,0.0,3.8761011266018324,3.8761011266018324
15,3,12,2,0.0,0.0,0.0
15,3,12,3,0.0,0.0,0.0
15,3,13,1,0.0,3.8761011266018324,3.8761011266018324
15,3,13,2,0.0,3.8761011266018324,3.8761011266018324
15,3,13,3,0.0,0.0,0.0
15,3,14,1,0.0,3.8761011266018324,3.8761011266018324
15,3,14,2,0.0,0.0,0.0
15,3,14,3,0.0,0.0,0.0
15,3,15,1,0.0,3.8761011266018324,3.8761011266018324
15,3,15,2,0.0,0.0,0.0
15,3,15,3,0.0,0.0,0.0
15,3,16,1,0.0,3.8761011266018324,3.8761011266018324
15,3,16,2,0.0,0.0,0.0
15,3,16,3,0.0,0.0,0.0
15,3,17,1,0.0,3.8761011266018324,3.8761011266018324
15,3,17,2,0.0,0.0,0.0
15,3,17,3,0.0,0.0,0.0
15,3,18,1,0.0,3.8761011266018324,3.8761011266018324
15,3,18,2,0.0,0.0,0.0
15,3,18,3,0.0,0.0,0.0
15,3,19,1,0.0,3.8761011266018324,3.8761011266018324
15,3,19,2,0.0,3.8761011266018324,3.8761011266018324
15,3,19,3,0.0,0.0,0.0
15,3,20,1,0.0,0.0,0.0
15,3,20,2,0.0,3.8761011266018324,3.8761011266018324
15,3,20,3,2.0,2.0,4.0
15,2,1,1,4.670201183380856,3.8761011266018324,8.54630230998269
15,2,1,2,0.0,0.0,0.0
15,2,1,3,0.0,0.0,0.0
15,2,2,1,0.7941000567790231,3.8761011266018324,4.670201183380856
15,2,2,2,0.0,0.0,0.0
15,2,2,3,0.0,0.0,0.0
15,2,3,1,0.7941000567790231,3.8761011266018324,4.670201183380856
15,2,3,2,0.0,0.0,0.0
15,2,3,3,0.0,0.0,0.0
15,2,4,1,0.7941000567790231,3.8761011266018324,4.670201183380856
15,2,4,2,0.0,0.0,0.0
15,2,4,3,0.0,0.0,0.0
15,2,5,1,0.0,3.8761011266018324,3.8761011266018324
15,2,5,2,3.8761011266018324,3.8761011266018324,7.752202253203665
15,2,5,3,0.0,0.0,0.0
15,2,6,1,0.0,0.0,0.0
15,2,6,2,0.0,3.8761011266018324,3.8761011266018324
15,2,6,3,0.0,0.0,0.0
15,2,7,1,0.0,0.0,0.0
15,2,7,2,0.0,3.8761011266018324,3.8761011266018324
15,2,7,3,0.0,0.0,0.0
15,2,8,1,0.0,0.0,0.0
15,2,8,2,0.0,3.8761011266018324,3.8761011266018324
15,2,8,3,0.0,0.0,0.0
15,2,9,1,0.0,0.0,0.0
15,2,9,2,0.0,3.8761011266018324,3.8761011266018324
15,2,9,3,0.0,0.0,0.0
15,2,10,1,0.0,0.0,0.0
15,2,10,2,0.0,3.8761011266018324,3.8761011266018324
15,2,10,3,0.0,0.0,0.0
15,2,11,1,0.0,0.0,0.0
15,2,11,2,0.0,3.8761011266018324,3.8761011266018324
15,2,11,3,2.0,2.0,4.0
15,2,12,1,0.0,0.0,0.0
15,2,12,2,0.0,0.0,0.0
15,2,12,3,0.0,2.0,2.0
15,2,13,1,0.0,3.8761011266018324,3.8761011266018324
15,2,13,2,0.0,3.8761011266018324,3.8761011266018324
15,2,13,3,0.0,0.0,0.0
15,2,14,1,0.0,0.0,0.0
15,2,14,2,0.0,3.8761011266018324,3.8761011266018324
15,2,14,3,0.0,0.0,0.0
15,2,15,1,0.0,0.0,0.0
15,2,15,2,0.0,3.8761011266018324,3.8761011266018324
15,2,15,3,0.0,0.0,0.0
15,2,16,1,0.0,0.0,0.0
15,2,16,2,0.0,3.8761011266018324,3.8761011266018324
15,2,16,3,0.0,2.0,2.0
15,2,17,1,0.0,0.0,0.0
15,2,17,2,0.0,0.0,0.0
15,2,17,3,0.0,2.0,2.0
15,2,18,1,0.0,0.0,0.0
15,2,18,2,0.0,0.0,0.0
15,2,18,3,0.0,2.0,2.0
15,2,19,1,0.0,3.8761011266018324,3.8761011266018324
15,2,19,2,0.0,3.8761011266018324,3.8761011266018324
15,2,19,3,0.0,0.0,0.0
15,2,20,1,0.0,0.0,0.0
15,2,20,2,0.0,3.8761011266018324,3.8761011266018324
15,2,20,3,0.0,0.0,0.0
15,1,1,1,4.670201183380856,3.8761011266018324,8.54630230998269
15,1,1,2,2.794100056779023,2.0,4.794100056779023
15,1,1,3,0.0,0.0,0.0
15,1,2,1,0.0,0.0,0.0
15,1,2,2,0.7941000567790231,2.0,2.794100056779023
15,1,2,3,0.0,0.0,0.0
15,1,3,1,0.0,0.0,0.0
15,1,3,2,0.0,2.0,2.0
15,1,3,3,2.0,2.0,4.0
15,1,4,1,0.0,0.0,0.0
15,1,4,2,0.0,0.0,0.0
15,1,4,3,0.0,2.0,2.0
15,1,5,1,0.0,0.0,0.0
15,1,5,2,0.0,0.0,0.0
15,1,5,3,0.0,2.0,2.0
15,1,6,1,0.0,0.0,0.0
15,1,6,2,0.0,0.0,0.0
15,1,6,3,0.0,2.0,2.0
15,1,7,1,0.0,0.0,0.0
15,1,7,2,0.0,0.0,0.0
15,1,7,3,0.0,2.0,2.0
15,1,8,1,0.0,0.0,0.0
15,1,8,2,0.0,0.0,0.0
15,1,8,3,0.0,2.0,2.0
15,1,9,1,0.0,0.0,0.0
15,1,9,2,0.0,0.0,0.0
15,1,9,3,0.0,2.0,2.0
15,1,10,1,0.0,0.0,0.0
15,1,10,2,0.0,0.0,0.0
15,1,10,3,0.0,2.0,2.0
15,1,11,1,0.0,0.0,0.0
15,1,11,2,0.0,0.0,0.0
15,1,11,3,0.0,2.0,2.0
15,1,12,1,0.0,0.0,0.0
15,1,12,2,0.0,0.0,0.0
15,1,12,3,0.0,2.0,2.0
15,1,13,1,0.0,0.0,0.0
15,1,13,2,0.0,0.0,0.0
15,1,13,3,0.0,2.0,2.0
15,1,14,1,0.0,0.0,0.0
15,1,14,2,0.0,0.0,0.0
15,1,14,3,0.0,2.0,2.0
15,1,15,1,0.0,0.0,0.0
15,1,15,2,0.0,0.0,0.0
15,1,15,3,0.0,2.0,2.0
15,1,16,1,0.0,0.0,0.0
15,1,16,2,0.0,0.0,0.0
15,1,16,3,0.0,2.0,2.0
15,1,17,1,0.0,0.0,0.0
15,1,17,2,0.0,0.0,0.0
15,1,17,3,0.0,2.0,2.0
15,1,18,1,0.0,0.0,0.0
15,1,18,2,0.0,0.0,0.0
15,1,18,3,0.0,2.0,2.0
15,1,19,1,0.0,0.0,0.0
15,1,19,2,0.0,0.0,0.0
15,1,19,3,0.0,2.0,2.0
15,1,20,1,0.0,0.0,0.0
15,1,20,2,0.0,0.0,0.0
15,1,20,3,0.0,2.0,2.0
16,3,1,1,3.8761011266018324,3.8761011266018324,7.752202253203665
16,3,1,2,3.8761011266018324,3.8761011266018324,7.752202253203665
16,3,1,3,0.0,0.0,0.0
16,3,2,1,3.8761011266018324,3.8761011266018324,7.752202253203665
16,3,2,2,0.0,3.8761011266018324,3.8761011266018324
16,3,2,3,0.0,0.0,0.0
16,3,3,1,0.0,0.0,0.0
16,3,3,2,0.0,3.8761011266018324,3.8761011266018324
16,3,3,3,2.0,2.0,4.0
16,3,4,1,0.0,3.8761011266018324,3.8761011266018324
16,3,4,2,0.0,0.0,0.0
16,3,4,3,0.0,0.0,0.0
16,3,5,1,0.0,3.8761011266018324,3.8761011266018324
16,3,5,2,0.0,0.0,0.0
16,3,5,3,0.0,0.0,0.0
16,3,6,1,0.0,3.8761011266018324,3.8761011266018324
16,3,6,2,0.0,0.0,0.0
16,3,6,3,0.0,0.0,0.0
16,3,7,1,0.0,3.8761011266018324,3.8761011266018324
16,3,7,2,0.0,3.8761011266018324,3.8761011266018324
16,3,7,3,0.0,0.0,0.0
16,3,8,1,0.0,0.0,0.0
16,3,8,2,0.0,3.8761011266018324,3.8761011266018324
16,3,8,3,0.0,0.0,0.0
16,3,9,1,0.0,0.0,0.0
16,3,9,2,0.0,3.8761011266018324,3.8761011266018324
16,3,9,3,0.0,0.0,0.0
16,3,10,1,0.0,0.0,0.0
16,3,10,2,0.0,3.8761011266018324,3.8761011266018324
16,3,10,3,0.0,0.0,0.0
16,3,11,1,0.0,3.8761011266018324,3.8761011266018324
16,3,11,2,0.0,0.0,0.0
16,3,11,3,0.0,0.0,0.0
16,3,12,1,0.0,3.8761011266018324,3.8761011266018324
16,3,12,2,0.0,0.0,0.0
16,3,12,3,0.0,0.0,0.0
16,3,13,1,0.0,3.8761011266018324,3.8761011266018324
16,3,13,2,0.0,0.0,0.0
16,3,13,3,0.0,0.0,0.0
16,3,14,1,0.0,3.8761011266018324,3.8761011266018324
16,3,14,2,0.0,0.0,0.0
16,3,14,3,0.0,0.0,0.0
16,3,15,1,0.0,3.8761011266018324,3.8761011266018324
16,3,15,2,0.0,0.0,0.0
16,3,15,3,0.0,0.0,0.0
16,3,16,1,0.0,3.8761011266018324,3.8761011266018324
16,3,16,2,0.0,0.0,0.0
16,3,16,3,0.0,0.0,0.0
16,3,17,1,0.0,3.8761011266018324,3.8761011266018324
16,3,17,2,0.0,0.0,0.0
16,3,17,3,0.0,0.0,0.0
16,3,18,1,0.0,3.8761011266018324,3.8761011266018324
16,3,18,2,0.0,3.8761011266018324,3.8761011266018324
16,3,18,3,0.0,0.0,0.0
16,3,19,1,0.0,0.0,0.0
16,3,19,2,0.0,3.8761011266018324,3.8761011266018324
16,3,19,3,0.0,0.0,0.0
16,3,20,1,0.0,3.8761011266018324,3.8761011266018324
16,3,20,2,0.0,3.8761011266018324,3.8761011266018324
16,3,20,3,0.0,0.0,0.0
16,2,1,1,4.670201183380856,3.8761011266018324,8.54630230998269
16,2,1,2,3.8761011266018324,3.8761011266018324,7.752202253203665
16,2,1,3,2.0,2.0,4.0
16,2,2,1,0.0,0.0,0.0
16,2,2,2,0.0,0.0,0.0
16,2,2,3,0.0,2.0,2.0
16,2,3,1,0.7941000567790231,3.8761011266018324,4.670201183380856
16,2,3,2,0.0,0.0,0.0
16,2,3,3,0.0,0.0,0.0
16,2,4,1,0.7941000567790231,3.8761011266018324,4.670201183380856
16,2,4,2,0.0,3.8761011266018324,3.8761011266018324
16,2,4,3,0.0,0.0,0.0
16,2,5,1,0.0,0.0,0.0
16,2,5,2,0.0,3.8761011266018324,3.8761011266018324
16,2,5,3,0.0,0.0,0.0
16,2,6,1,0.0,0.0,0.0
16,2,6,2,0.0,3.8761011266018324,3.8761011266018324
16,2,6,3,0.0,2.0,2.0
16,2,7,1,0.0,0.0,0.0
16,2,7,2,0.0,0.0,0.0
16,2,7,3,0.0,2.0,2.0
16,2,8,1,0.0,0.0,0.0
16,2,8,2,0.0,0.0,0.0
16,2,8,3,0.0,2.0,2.0
16,2,9,1,0.0,0.0,0.0
16,2,9,2,0.0,0.0,0.0
16,2,9,3,0.0,2.0,2.0
16,2,10,1,0.0,0.0,0.0
16,2,10,2,0.0,0.0,0.0
16,2,10,3,0.0,2.0,2.0
16,2,11,1,0.7941000567790231,3.8761011266018324,4.670201183380856
16,2,11,2,0.0,0.0,0.0
16,2,11,3,0.0,0.0,0.0
16,2,12,1,0.0,3.8761011266018324,3.8761011266018324
16,2,12,2,0.0,3.8761011266018324,3.8761011266018324
16,2,12,3,0.0,0.0,0.0
16,2,13,1,0.0,0.0,0.0
16,2,13,2,0.0,3.8761011266018324,3.8761011266018324
16,2,13,3,0.0,0.0,0.0
16,2,14,1,0.0,0.0,0.0
16,2,14,2,0.0,3.8761011266018324,3.8761011266018324
16,2,14,3,0.0,0.0,0.0
16,2,15,1,0.0,0.0,0.0
16,2,15,2,0.0,3.8761011266018324,3.8761011266018324
16,2,15,3,0.0,0.0,0.0
16,2,16,1,0.0,0.0,0.0
16,2,16,2,0.0,3.8761011266018324,3.8761011266018324
16,2,16,3,0.0,0.0,0.0
16,2,17,1,0.0,0.0,0.0
16,2,17,2,0.0,3.8761011266018324,3.8761011266018324
16,2,17,3,0.0,0.0,0.0
16,2,18,1,0.0,0.0,0.0
16,2,18,2,0.0,3.8761011266018324,3.8761011266018324
16,2,18,3,0.0,0.0,0.0
16,2,19,1,0.0,0.0,0.0
16,2,19,2,0.0,3.8761011266018324,3.8761011266018324
16,2,19,3,0.0,2.0,2.0
16,2,20,1,0.0,3.8761011266018324,3.8761011266018324
16,2,20,2,0.0,3.8761011266018324,3.8761011266018324
16,2,20,3,0.0,0.0,0.0
16,1,1,1,4.670201183380856,3.8761011266018324,8.54630230998269
16,1,1,2,0.0,0.0,0.0
16,1,1,3,0.0,0.0,0.0
16,1,2,1,0.7941000567790231,3.8761011266018324,4.670201183380856
16,1,2,2,0.0,0.0,0.0
16,1,2,3,0.0,0.0,0.0
16,1,3,1,0.7941000567790231,3.8761011266018324,4.670201183380856
16,1,3,2,2.794100056779023,2.0,4.794100056779023
16,1,3,3,2.0,2.0,4.0
16,1,4,1,0.0,0.0,0.0
16,1,4,2,0.0,0.0,0.0
16,1,4,3,0.0,2.0,2.0
16,1,5,1,0.0,0.0,0.0
16,1,5,2,0.0,0.0,0.0
16,1,5,3,0.0,2.0,2.0
16,1,6,1,0.0,0.0,0.0
16,1,6,2,0.0,0.0,0.0
16,1,6,3,0.0,2.0,2.0
16,1,7,1,0.0,0.0,0.0
16,1,7,2,0.0,0.0,0.0
16,1,7,3,0.0,2.0,2.0
16,1,8,1,0.0,0.0,0.0
16,1,8,2,0.0,0.0,0.0
16,1,8,3,0.0,2.0,2.0
16,1,9,1,0.0,0.0,0.0
16,1,9,2,0.0,0.0,0.0
16,1,9,3,0.0,2.0,2.0
16,1,10,1,0.0,0.0,0.0
16,1,10,2,0.0,0.0,0.0
16,1,10,3,0.0,2.0,2.0
16,1,11,1,0.0,0.0,0.0
16,1,11,2,0.0,0.0,0.0
16,1,11,3,0.0,2.0,2.0
16,1,12,1,0.0,0.0,0.0
16,1,12,2,0.0,0.0,0.0
16,1,12,3,0.0,2.0,2.0
16,1,13,1,0.0,0.0,0.0
16,1,13,2,0.0,0.0,0.0
16,1,13,3,0.0,2.0,2.0
16,1,14,1,0.0,0.0,0.0
16,1,14,2,0.0,0.0,0.0
16,1,14,3,0.0,2.0,2.0
16,1,15,1,0.0,0.0,0.0
16,1,15,2,0.0,0.0,0.0
16,1,15,3,0.0,2.0,2.0
16,1,16,1,0.0,0.0,0.0
16,1,16,2,0.0,0.0,0.0
16,1,16,3,0.0,2.0,2.0
16,1,17,1,0.0,0.0,0.0
16,1,17,2,0.0,0.0,0.0
16,1,17,3,0.0,2.0,2.0
16,1,18,1,0.0,0.0,0.0
16,1,18,2,0.0,0.0,0.0
16,1,18,3,0.0,2.0,2.0
16,1,19,1,0.0,0.0,0.0
16,1,19,2,0.0,0.0,0.0
16,1,19,3,0.0,2.0,2.0
16,1,20,1,0.0,0.0,0.0
16,1,20,2,0.0,0.0,0.0
16,1,20,3,0.0,2.0,2.0
17,3,1,1,3.8761011266018324,3.8761011266018324,7.752202253203665
17,3,1,2,3.8761011266018324,3.8761011266018324,7.752202253203665
17,3,1,3,0.0,0.0,0.0
17,3,2,1,0.0,0.0,0.0
17,3,2,2,0.0,3.8761011266018324,3.8761011266018324
17,3,2,3,0.0,0.0,0.0
17,3,3,1,0.0,0.0,0.0
17,3,3,2,0.0,3.8761011266018324,3.8761011266018324
17,3,3,3,0.0,0.0,0.0
17,3,4,1,0.0,0.0,0.0
17,3,4,2,0.0,3.8761011266018324,3.8761011266018324
17,3,4,3,0.0,0.0,0.0
17,3,5,1,0.0,0.0,0.0
17,3,5,2,0.0,3.8761011266018324,3.8761011266018324
17,3,5,3,0.0,0.0,0.0
17,3,6,1,3.8761011266018324,3.8761011266018324,7.752202253203665
17,3,6,2,0.0,0.0,0.0
17,3,6,3,0.0,0.0,0.0
17,3,7,1,0.0,3.8761011266018324,3.8761011266018324
17,3,7,2,0.0,0.0,0.0
17,3,7,3,0.0,0.0,0.0
17,3,8,1,0.0,3.8761011266018324,3.8761011266018324
17,3,8,2,0.0,0.0,0.0
17,3,8,3,0.0,0.0,0.0
17,3,9,1,0.0,3.8761011266018324,3.8761011266018324
17,3,9,2,0.0,0.0,0.0
17,3,9,3,0.0,0.0,0.0
17,3,10,1,0.0,3.8761011266018324,3.8761011266018324
17,3,10,2,0.0,3.8761011266018324,3.8761011266018324
17,3,10,3,0.0,0.0,0.0
17,3,11,1,0.0,3.8761011266018324,3.8761011266018324
17,3,11,2,0.0,3.8761011266018324,3.8761011266018324
17,3,11,3,0.0,0.0,0.0
17,3,12,1,0.0,3.8761011266018324,3.8761011266018324
17,3,12,2,0.0,0.0,0.0
17,3,12,3,0.0,0.0,0.0
17,3,13,1,0.0,3.8761011266018324,3.8761011266018324
17,3,13,2,0.0,0.0,0.0
17,3,13,3,0.0,0.0,0.0
17,3,14,1,0.0,3.8761011266018324,3.8761011266018324
17,3,14,2,0.0,0.0,0.0
17,3,14,3,0.0,0.0,0.0
17,3,15,1,0.0,3.8761011266018324,3.8761011266018324
17,3,15,2,0.0,0.0,0.0
17,3,15,3,0.0,0.0,0.0
17,3,16,1,0.0,3.8761011266018324,3.8761011266018324
17,3,16,2,0.0,0.0,0.0
17,3,16,3,0.0,0.0,0.0
17,3,17,1,0.0,3.8761011266018324,3.8761011266018324
17,3,17,2,0.0,0.0,0.0
17,3,17,3,0.0,0.0,0.0
17,3,18,1,0.0,3.8761011266018324,3.8761011266018324
17,3,18,2,0.0,0.0,0.0
17,3,18,3,0.0,0.0,0.0
17,3,19,1,0.0,3.8761011266018324,3.8761011266018324
17,3,19,2,0.0,0.0,0.0
17,3,19,3,0.0,0.0,0.0
17,3,20,1,0.0,3.8761011266018324,3.8761011266018324
17,3,20,2,0.0,0.0,0.0
17,3,20,3,0.0,0.0,0.0
17,2,1,1,4.670201183380856,3.8761011266018324,8.54630230998269
17,2,1,2,0.0,0.0,0.0
17,2,1,3,0.0,0.0,0.0
17,2,2,1,0.7941000567790231,3.8761011266018324,4.670201183380856
17,2,2,2,3.8761011266018324,3.8761011266018324,7.752202253203665
17,2,2,3,0.0,0.0,0.0
17,2,3,1,0.0,0.0,0.0
17,2,3,2,0.0,3.8761011266018324,3.8761011266018324
17,2,3,3,0.0,0.0,0.0
17,2,4,1,0.0,0.0,0.0
17,2,4,2,0.0,3.8761011266018324,3.8761011266018324
17,2,4,3,0.0,0.0,0.0
17,2,5,1,0.0,0.0,0.0
17,2,5,2,0.0,3.8761011266018324,3.8761011266018324
17,2,5,3,0.0,0.0,0.0
17,2,6,1,0.0,0.0,0.0
17,2,6,2,0.0,3.8761011266018324,3.8761011266018324
17,2,6,3,0.0,0.0,0.0
17,2,7,1,0.0,0.0,0.0
17,2,7,2,0.0,3.8761011266018324,3.8761011266018324
17,2,7,3,0.0,0.0,0.0
17,2,8,1,0.0,0.0,0.0
17,2,8,2,0.0,3.8761011266018324,3.8761011266018324
17,2,8,3,0.0,0.0,0.0
17,2,9,1,0.0,0.0,0.0
17,2,9,2,0.0,3.8761011266018324,3.8761011266018324
17,2,9,3,0.0,0.0,0.0
17,2,10,1,0.0,0.0,0.0
17,2,10,2,0.0,3.8761011266018324,3.8761011266018324
17,2,10,3,0.0,0.0,0.0
17,2,11,1,0.0,0.0,0.0
17,2,11,2,0.0,3.8761011266018324,3.8761011266018324
17,2,11,3,0.0,0.0,0.0
17,2,12,1,0.0,0.0,0.0
17,2,12,2,0.0,3.8761011266018324,3.8761011266018324
17,2,12,3,0.0,0.0,0.0
17,2,13,1,0.0,0.0,0.0
17,2,13,2,0.0,3.8761011266018324,3.8761011266018324
17,2,13,3,0.0,0.0,0.0
17,2,14,1,0.0,0.0,0.0
17,2,14,2,0.0,3.8761011266018324,3.8761011266018324
17,2,14,3,0.0,0.0,0.0
17,2,15,1,0.0,0.0,0.0
17,2,15,2,0.0,3.8761011266018324,3.8761011266018324
17,2,15,3,0.0,0.0,0.0
17,2,16,1,0.0,0.0,0.0
17,2,16,2,0.0,3.8761011266018324,3.8761011266018324
17,2,16,3,0.0,0.0,0.0
17,2,17,1,0.0,0.0,0.0
17,2,17,2,0.0,3.8761011266018324,3.8761011266018324
17,2,17,3,0.0,0.0,0.0
17,2,18,1,0.0,0.0,0.0
17,2,18,2,0.0,3.8761011266018324,3.8761011266018324
17,2,18,3,0.0,0.0,0.0
17,2,19,1,0.0,0.0,0.0
17,2,19,2,0.0,3.8761011266018324,3.8761011266018324
17,2,19,3,0.0,0.0,0.0
17,2,20,1,0.0,0.0,0.0
17,2,20,2,0.0,3.8761011266018324,3.8761011266018324
17,2,20,3,0.0,0.0,0.0
17,1,1,1,4.670201183380856,3.8761011266018324,8.54630230998269
17,1,1,2,0.0,0.0,0.0
17,1,1,3,0.0,0.0,0.0
17,1,2,1,0.7941000567790231,3.8761011266018324,4.670201183380856
17,1,2,2,2.794100056779023,2.0,4.794100056779023
17,1,2,3,0.0,0.0,0.0
17,1,3,1,0.0,0.0,0.0
17,1,3,2,0.7941000567790231,2.0,2.794100056779023
17,1,3,3,2.0,2.0,4.0
17,1,4,1,0.0,0.0,0.0
17,1,4,2,0.0,0.0,0.0
17,1,4,3,0.0,2.0,2.0
17,1,5,1,0.0,0.0,0.0
17,1,5,2,0.0,0.0,0.0
17,1,5,3,0.0,2.0,2.0
17,1,6,1,0.0,0.0,0.0
17,1,6,2,0.0,0.0,0.0
17,1,6,3,0.0,2.0,2.0
17,1,7,1,0.0,0.0,0.0
17,1,7,2,0.0,0.0,0.0
17,1,7,3,0.0,2.0,2.0
17,1,8,1,0.0,0.0,0.0
17,1,8,2,0.0,0.0,0.0
17,1,8,3,0.0,2.0,2.0
17,1,9,1,0.0,0.0,0.0
17,1,9,2,0.0,0.0,0.0
17,1,9,3,0.0,2.0,2.0
17,1,10,1,0.0,0.0,0.0
17,1,10,2,0.0,0.0,0.0
17,1,10,3,0.0,2.0,2.0
17,1,11,1,0.0,0.0,0.0
17,1,11,2,0.0,0.0,0.0
17,1,11,3,0.0,2.0,2.0
17,1,12,1,0.0,0.0,0.0
17,1,12,2,0.0,0.0,0.0
17,1,12,3,0.0,2.0,2.0
17,1,13,1,0.0,0.0,0.0
17,1,13,2,0.0,0.0,0.0
17,1,13,3,0.0,2.0,2.0
17,1,14,1,0.0,0.0,0.0
17,1,14,2,0.0,0.0,0.0
17,1,14,3,0.0,2.0,2.0
17,1,15,1,0.0,0.0,0.0
17,1,15,2,0.0,0.0,0.0
17,1,15,3,0.0,2.0,2.0
17,1,16,1,0.0,0.0,0.0
17,1,16,2,0.0,0.0,0.0
17,1,16,3,0.0,2.0,2.0
17,1,17,1,0.0,0.0,0.0
17,1,17,2,0.0,0.0,0.0
17,1,17,3,0.0,2.0,2.0
17,1,18,1,0.0,0.0,0.0
17,1,18,2,0.0,0.0,0.0
17,1,18,3,0.0,2.0,2.0
17,1,19,1,0.0,0.0,0.0
17,1,19,2,0.0,0.0,0.0
17,1,19,3,0.0,2.0,2.0
17,1,20,1,0.0,0.0,0.0
17,1,20,2,0.0,0.0,0.0
17,1,20,3,0.0,2.0,2.0
18,3,1,1,3.8761011266018324,3.8761011266018324,7.752202253203665
18,3,1,2,0.0,0.0,0.0
18,3,1,3,0.0,0.0,0.0
18,3,2,1,3.8761011266018324,3.8761011266018324,7.752202253203665
18,3,2,2,0.0,0.0,0.0
18,3,2,3,0.0,0.0,0.0
18,3,3,1,0.0,3.8761011266018324,3.8761011266018324
18,3,3,2,0.0,0.0,0.0
18,3,3,3,0.0,0.0,0.0
18,3,4,1,0.0,3.8761011266018324,3.8761011266018324
18,3,4,2,0.0,0.0,0.0
18,3,4,3,0.0,0.0,0.0
18,3,5,1,0.0,3.8761011266018324,3.8761011266018324
18,3,5,2,3.8761011266018324,3.8761011266018324,7.752202253203665
18,3,5,3,0.0,0.0,0.0
18,3,6,1,0.0,3.8761011266018324,3.8761011266018324
18,3,6,2,0.0,0.0,0.0
18,3,6,3,0.0,0.0,0.0
18,3,7,1,0.0,3.8761011266018324,3.8761011266018324
18,3,7,2,0.0,0.0,0.0
18,3,7,3,0.0,0.0,0.0
18,3,8,1,0.0,3.8761011266018324,3.8761011266018324
18,3,8,2,0.0,0.0,0.0
18,3,8,3,0.0,0.0,0.0
18,3,9,1,0.0,3.8761011266018324,3.8761011266018324
18,3,9,2,0.0,0.0,0.0
18,3,9,3,0.0,0.0,0.0
18,3,10,1,0.0,3.8761011266018324,3.8761011266018324
18,3,10,2,0.0,0.0,0.0
18,3,10,3,0.0,0.0,0.0
18,3,11,1,0.0,3.8761011266018324,3.8761011266018324
18,3,11,2,0.0,0.0,0.0
18,3,11,3,0.0,0.0,0.0
18,3,12,1,0.0,3.8761011266018324,3.8761011266018324
18,3,12,2,0.0,0.0,0.0
18,3,12,3,0.0,0.0,0.0
18,3,13,1,0.0,3.8761011266018324,3.8761011266018324
18,3,13,2,0.0,0.0,0.0
18,3,13,3,0.0,0.0,0.0
18,3,14,1,0.0,3.8761011266018324,3.8761011266018324
18,3,14,2,0.0,0.0,0.0
18,3,14,3,0.0,0.0,0.0
18,3,15,1,0.0,3.8761011266018324,3.8761011266018324
18,3,15,2,0.0,3.8761011266018324,3.8761011266018324
18,3,15,3,0.0,0.0,0.0
18,3,16,1,0.0,3.8761011266018324,3.8761011266018324
18,3,16,2,0.0,0.0,0.0
18,3,16,3,0.0,0.0,0.0
18,3,17,1,0.0,3.8761011266018324,3.8761011266018324
18,3,17,2,0.0,0.0,0.0
18,3,17,3,0.0,0.0,0.0
18,3,18,1,0.0,3.8761011266018324,3.8761011266018324
18,3,18,2,0.0,0.0,0.0
18,3,18,3,0.0,0.0,0.0
18,3,19,1,0.0,3.8761011266018324,3.8761011266018324
18,3,19,2,0.0,0.0,0.0
18,3,19,3,0.0,0.0,0.0
18,3,20,1,0.0,3.8761011266018324,3.8761011266018324
18,3,20,2,0.0,0.0,0.0
18,3,20,3,0.0,0.0,0.0
18,2,1,1,4.670201183380856,3.8761011266018324,8.54630230998269
18,2,1,2,0.0,0.0,0.0
18,2,1,3,0.0,0.0,0.0
18,2,2,1,0.7941000567790231,3.8761011266018324,4.670201183380856
18,2,2,2,3.8761011266018324,3.8761011266018324,7.752202253203665
18,2,2,3,0.0,0.0,0.0
18,2,3,1,0.0,0.0,0.0
18,2,3,2,0.0,3.8761011266018324,3.8761011266018324
18,2,3,3,0.0,0.0,0.0
18,2,4,1,0.0,0.0,0.0
18,2,4,2,0.0,3.8761011266018324,3.8761011266018324
18,2,4,3,0.0,0.0,0.0
18,2,5,1,0.0,0.0,0.0
18,2,5,2,0.0,3.8761011266018324,3.8761011266018324
18,2,5,3,0.0,0.0,0.0
18,2,6,1,0.0,0.0,0.0
18,2,6,2,0.0,3.8761011266018324,3.8761011266018324
18,2,6,3,0.0,0.0,0.0
18,2,7,1,0.0,0.0,0.0
18,2,7,2,0.0,3.8761011266018324,3.8761011266018324
18,2,7,3,0.0,0.0,0.0
18,2,8,1,0.0,0.0,0.0
18,2,8,2,0.0,3.8761011266018324,3.8761011266018324
18,2,8,3,2.0,2.0,4.0
18,2,9,1,0.0,0.0,0.0
18,2,9,2,0.0,0.0,0.0
18,2,9,3,0.0,2.0,2.0
18,2,10,1,0.0,0.0,0.0
18,2,10,2,0.0,0.0,0.0
18,2,10,3,0.0,2.0,2.0
18,2,11,1,0.0,0.0,0.0
18,2,11,2,0.0,0.0,0.0
18,2,11,3,0.0,2.0,2.0
18,2,12,1,0.0,0.0,0.0
18,2,12,2,0.0,0.0,0.0
18,2,12,3,0.0,2.0,2.0
18,2,13,1,0.0,0.0,0.0
18,2,13,2,0.0,0.0,0.0
18,2,13,3,0.0,2.0,2.0
18,2,14,1,0.7941000567790231,3.8761011266018324,4.670201183380856
18,2,14,2,0.0,0.0,0.0
18,2,14,3,0.0,0.0,0.0
18,2,15,1,0.7941000567790231,3.8761011266018324,4.670201183380856
18,2,15,2,0.0,0.0,0.0
18,2,15,3,0.0,0.0,0.0
18,2,16,1,0.0,3.8761011266018324,3.8761011266018324
18,2,16,2,0.0,3.8761011266018324,3.8761011266018324
18,2,16,3,0.0,0.0,0.0
18,2,17,1,0.0,0.0,0.0
18,2,17,2,0.0,3.8761011266018324,3.8761011266018324
18,2,17,3,0.0,0.0,0.0
18,2,18,1,0.0,0.0,0.0
18,2,18,2,0.0,3.8761011266018324,3.8761011266018324
18,2,18,3,0.0,2.0,2.0
18,2,19,1,0.0,0.0,0.0
18,2,19,2,0.0,0.0,0.0
18,2,19,3,0.0,2.0,2.0
18,2,20,1,0.0,3.8761011266018324,3.8761011266018324
18,2,20,2,0.0,3.8761011266018324,3.8761011266018324
18,2,20,3,0.0,0.0,0.0
18,1,1,1,4.670201183380856,3.8761011266018324,8.54630230998269
18,1,1,2,0.0,0.0,0.0
18,1,1,3,0.0,0.0,0.0
18,1,2,1,0.7941000567790231,3.8761011266018324,4.670201183380856
18,1,2,2,2.794100056779023,2.0,4.794100056779023
18,1,2,3,2.0,2.0,4.0
18,1,3,1,0.0,0.0,0.0
18,1,3,2,0.0,0.0,0.0
18,1,3,3,0.0,2.0,2.0
18,1,4,1,0.0,0.0,0.0
18,1,4,2,0.0,0.0,0.0
18,1,4,3,0.0,2.0,2.0
18,1,5,1,0.0,0.0,0.0
18,1,5,2,0.0,0.0,0.0
18,1,5,3,0.0,2.0,2.0
18,1,6,1,0.0,0.0,0.0
18,1,6,2,0.0,0.0,0.0
18,1,6,3,0.0,2.0,2.0
18,1,7,1,0.0,0.0,0.0
18,1,7,2,0.0,0.0,0.0
18,1,7,3,0.0,2.0,2.0
18,1,8,1,0.0,0.0,0.0
18,1,8,2,0.0,0.0,0.0
18,1,8,3,0.0,2.0,2.0
18,1,9,1,0.0,0.0,0.0
18,1,9,2,0.0,0.0,0.0
18,1,9,3,0.0,2.0,2.0
18,1,10,1,0.0,0.0,0.0
18,1,10,2,0.0,0.0,0.0
18,1,10,3,0.0,2.0,2.0
18,1,11,1,0.0,0.0,0.0
18,1,11,2,0.0,0.0,0.0
18,1,11,3,0.0,2.0,2.0
18,1,12,1,0.0,0.0,0.0
18,1,12,2,0.0,0.0,0.0
18,1,12,3,0.0,2.0,2.0
18,1,13,1,0.0,0.0,0.0
18,1,13,2,0.0,0.0,0.0
18,1,13,3,0.0,2.0,2.0
18,1,14,1,0.0,0.0,0.0
18,1,14,2,0.0,0.0,0.0
18,1,14,3,0.0,2.0,2.0
18,1,15,1,0.0,0.0,0.0
18,1,15,2,0.0,0.0,0.0
18,1,15,3,0.0,2.0,2.0
18,1,16,1,0.0,0.0,0.0
18,1,16,2,0.0,0.0,0.0
18,1,16,3,0.0,2.0,2.0
18,1,17,1,0.0,0.0,0.0
18,1,17,2,0.0,0.0,0.0
18,1,17,3,0.0,2.0,2.0
18,1,18,1,0.0,0.0,0.0
18,1,18,2,0.0,0.0,0.0
18,1,18,3,0.0,2.0,2.0
18,1,19,1,0.0,0.0,0.0
18,1,19,2,0.0,0.0,0.0
18,1,19,3,0.0,2.0,2.0
18,1,20,1,0.0,0.0,0.0
18,1,20,2,0.0,0.0,0.0
18,1,20,3,0.0,2.0,2.0
19,3,1,1,3.8761011266018324,3.8761011266018324,7.752202253203665
19,3,1,2,0.0,0.0,0.0
19,3,1,3,0.0,0.0,0.0
19,3,2,1,3.8761011266018324,3.8761011266018324,7.752202253203665
19,3,2,2,0.0,0.0,0.0
19,3,2,3,0.0,0.0,0.0
19,3,3,1,0.0,3.8761011266018324,3.8761011266018324
19,3,3,2,0.0,0.0,0.0
19,3,3,3,0.0,0.0,0.0
19,3,4,1,0.0,3.8761011266018324,3.8761011266018324
19,3,4,2,3.8761011266018324,3.8761011266018324,7.752202253203665
19,3,4,3,0.0,0.0,0.0
19,3,5,1,0.0,3.8761011266018324,3.8761011266018324
19,3,5,2,0.0,0.0,0.0
19,3,5,3,0.0,0.0,0.0
19,3,6,1,0.0,3.8761011266018324,3.8761011266018324
19,3,6,2,0.0,3.8761011266018324,3.8761011266018324
19,3,6,3,0.0,0.0,0.0
19,3,7,1,0.0,3.8761011266018324,3.8761011266018324
19,3,7,2,0.0,0.0,0.0
19,3,7,3,0.0,0.0,0.0
19,3,8,1,0.0,3.8761011266018324,3.8761011266018324
19,3,8,2,0.0,3.8761011266018324,3.8761011266018324
19,3,8,3,0.0,0.0,0.0
19,3,9,1,0.0,3.8761011266018324,3.8761011266018324
19,3,9,2,0.0,0.0,0.0
19,3,9,3,0.0,0.0,0.0
19,3,10,1,0.0,3.8761011266018324,3.8761011266018324
19,3,10,2,0.0,0.0,0.0
19,3,10,3,0.0,0.0,0.0
19,3,11,1,0.0,3.8761011266018324,3.8761011266018324
19,3,11,2,0.0,0.0,0.0
19,3,11,3,0.0,0.0,0.0
19,3,12,1,0.0,3.8761011266018324,3.8761011266018324
19,3,12,2,0.0,3.8761011266018324,3.8761011266018324
19,3,12,3,0.0,0.0,0.0
19,3,13,1,0.0,3.8761011266018324,3.8761011266018324
19,3,13,2,0.0,0.0,0.0
19,3,13,3,0.0,0.0,0.0
19,3,14,1,0.0,3.8761011266018324,3.8761011266018324
19,3,14,2,0.0,0.0,0.0
19,3,14,3,0.0,0.0,0.0
19,3,15,1,0.0,3.8761011266018324,3.8761011266018324
19,3,15,2,0.0,3.8761011266018324,3.8761011266018324
19,3,15,3,0.0,0.0,0.0
19,3,16,1,0.0,3.8761011266018324,3.8761011266018324
19,3,16,2,0.0,0.0,0.0
19,3,16,3,0.0,0.0,0.0
19,3,17,1,0.0,3.8761011266018324,3.8761011266018324
19,3,17,2,0.0,0.0,0.0
19,3,17,3,0.0,0.0,0.0
19,3,18,1,0.0,3.8761011266018324,3.8761011266018324
19,3,18,2,0.0,0.0,0.0
19,3,18,3,0.0,0.0,0.0
19,3,19,1,0.0,3.8761011266018324,3.8761011266018324
19,3,19,2,0.0,0.0,0.0
19,3,19,3,0.0,0.0,0.0
19,3,20,1,0.0,3.8761011266018324,3.8761011266018324
19,3,20,2,0.0,0.0,0.0
19,3,20,3,0.0,0.0,0.0
19,2,1,1,4.670201183380856,3.8761011266018324,8.54630230998269
19,2,1,2,3.8761011266018324,3.8761011266018324,7.752202253203665
19,2,1,3,0.0,0.0,0.0
19,2,2,1,0.0,0.0,0.0
19,2,2,2,0.0,3.8761011266018324,3.8761011266018324
19,2,2,3,0.0,0.0,0.0
19,2,3,1,0.0,0.0,0.0
19,2,3,2,0.0,3.8761011266018324,3.8761011266018324
19,2,3,3,0.0,0.0,0.0
19,2,4,1,0.0,0.0,0.0
19,2,4,2,0.0,3.8761011266018324,3.8761011266018324
19,2,4,3,0.0,0.0,0.0
19,2,5,1,0.0,0.0,0.0
19,2,5,2,0.0,3.8761011266018324,3.8761011266018324
19,2,5,3,0.0,0.0,0.0
19,2,6,1,0.0,0.0,0.0
19,2,6,2,0.0,3.8761011266018324,3.8761011266018324
19,2,6,3,0.0,0.0,0.0
19,2,7,1,0.0,0.0,0.0
19,2,7,2,0.0,3.8761011266018324,3.8761011266018324
19,2,7,3,0.0,0.0,0.0
19,2,8,1,0.0,0.0,0.0
19,2,8,2,0.0,3.8761011266018324,3.8761011266018324
19,2,8,3,0.0,0.0,0.0
19,2,9,1,0.0,0.0,0.0
19,2,9,2,0.0,3.8761011266018324,3.8761011266018324
19,2,9,3,0.0,0.0,0.0
19,2,10,1,0.0,0.0,0.0
19,2,10,2,0.0,3.8761011266018324,3.8761011266018324
19,2,10,3,0.0,0.0,0.0
19,2,11,1,0.0,0.0,0.0
19,2,11,2,0.0,3.8761011266018324,3.8761011266018324
19,2,11,3,0.0,0.0,0.0
19,2,12,1,0.0,0.0,0.0
19,2,12,2,0.0,3.8761011266018324,3.8761011266018324
19,2,12,3,0.0,0.0,0.0
19,2,13,1,0.0,0.0,0.0
19,2,13,2,0.0,3.8761011266018324,3.8761011266018324
19,2,13,3,0.0,0.0,0.0
19,2,14,1,0.0,0.0,0.0
19,2,14,2,0.0,3.8761011266018324,3.8761011266018324
19,2,14,3,0.0,0.0,0.0
19,2,15,1,0.0,0.0,0.0
19,2,15,2,0.0,3.8761011266018324,3.8761011266018324
19,2,15,3,0.0,0.0,0.0
19,2,16,1,0.0,0.0,0.0
19,2,16,2,0.0,3.8761011266018324,3.8761011266018324
19,2,16,3,0.0,0.0,0.0
19,2,17,1,0.0,0.0,0.0
19,2,17,2,0.0,3.8761011266018324,3.8761011266018324
19,2,17,3,0.0,0.0,0.0
19,2,18,1,0.0,0.0,0.0
19,2,18,2,0.0,3.8761011266018324,3.8761011266018324
19,2,18,3,0.0,0.0,0.0
19,2,19,1,0.0,0.0,0.0
19,2,19,2,0.0,3.8761011266018324,3.8761011266018324
19,2,19,3,0.0,0.0,0.0
19,2,20,1,0.0,0.0,0.0
19,2,20,2,0.0,3.8761011266018324,3.8761011266018324
19,2,20,3,2.0,2.0,4.0
19,1,1,1,4.670201183380856,3.8761011266018324,8.54630230998269
19,1,1,2,0.0,0.0,0.0
19,1,1,3,0.0,0.0,0.0
19,1,2,1,0.7941000567790231,3.8761011266018324,4.670201183380856
19,1,2,2,0.0,0.0,0.0
19,1,2,3,0.0,0.0,0.0
19,1,3,1,0.7941000567790231,3.8761011266018324,4.670201183380856
19,1,3,2,0.0,0.0,0.0
19,1,3,3,0.0,0.0,0.0
19,1,4,1,0.0,3.8761011266018324,3.8761011266018324
19,1,4,2,2.794100056779023,2.0,4.794100056779023
19,1,4,3,2.0,2.0,4.0
19,1,5,1,0.0,0.0,0.0
19,1,5,2,0.0,0.0,0.0
19,1,5,3,0.0,2.0,2.0
19,1,6,1,0.0,0.0,0.0
19,1,6,2,0.0,0.0,0.0
19,1,6,3,0.0,2.0,2.0
19,1,7,1,0.0,0.0,0.0
19,1,7,2,0.0,0.0,0.0
19,1,7,3,0.0,2.0,2.0
19,1,8,1,0.0,0.0,0.0
19,1,8,2,0.0,0.0,0.0
19,1,8,3,0.0,2.0,2.0
19,1,9,1,0.0,0.0,0.0
19,1,9,2,0.0,0.0,0.0
19,1,9,3,0.0,2.0,2.0
19,1,10,1,0.0,0.0,0.0
19,1,10,2,0.0,0.0,0.0
19,1,10,3,0.0,2.0,2.0
19,1,11,1,0.0,0.0,0.0
19,1,11,2,0.0,0.0,0.0
19,1,11,3,0.0,2.0,2.0
19,1,12,1,0.0,0.0,0.0
19,1,12,2,0.0,0.0,0.0
19,1,12,3,0.0,2.0,2.0
19,1,13,1,0.0,0.0,0.0
19,1,13,2,0.0,0.0,0.0
19,1,13,3,0.0,2.0,2.0
19,1,14,1,0.0,0.0,0.0
19,1,14,2,0.0,0.0,0.0
19,1,14,3,0.0,2.0,2.0
19,1,15,1,0.0,0.0,0.0
19,1,15,2,0.0,0.0,0.0
19,1,15,3,0.0,2.0,2.0
19,1,16,1,0.0,0.0,0.0
19,1,16,2,0.0,0.0,0.0
19,1,16,3,0.0,2.0,2.0
19,1,17,1,0.0,0.0,0.0
19,1,17,2,0.0,0.0,0.0
19,1,17,3,0.0,2.0,2.0
19,1,18,1,0.0,0.0,0.0
19,1,18,2,0.0,0.0,0.0
19,1,18,3,0.0,2.0,2.0
19,1,19,1,0.0,0.0,0.0
19,1,19,2,0.0,0.0,0.0
19,1,19,3,0.0,2.0,2.0
19,1,20,1,0.0,0.0,0.0
19,1,20,2,0.0,0.0,0.0
19,1,20,3,0.0,2.0,2.0
20,3,1,1,3.8761011266018324,3.8761011266018324,7.752202253203665
20,3,1,2,3.8761011266018324,3.8761011266018324,7.752202253203665
20,3,1,3,0.0,0.0,0.0
20,3,2,1,3.8761011266018324,3.8761011266018324,7.752202253203665
20,3,2,2,0.0,0.0,0.0
20,3,2,3,0.0,0.0,0.0
20,3,3,1,0.0,3.8761011266018324,3.8761011266018324
20,3,3,2,0.0,0.0,0.0
20,3,3,3,0.0,0.0,0.0
20,3,4,1,0.0,3.8761011266018324,3.8761011266018324
20,3,4,2,0.0,0.0,0.0
20,3,4,3,0.0,0.0,0.0
20,3,5,1,0.0,3.8761011266018324,3.8761011266018324
20,3,5,2,0.0,3.8761011266018324,3.8761011266018324
20,3,5,3,0.0,0.0,0.0
20,3,6,1,0.0,0.0,0.0
20,3,6,2,0.0,3.8761011266018324,3.8761011266018324
20,3,6,3,0.0,0.0,0.0
20,3,7,1,0.0,3.8761011266018324,3.8761011266018324
20,3,7,2,0.0,0.0,0.0
20,3,7,3,0.0,0.0,0.0
20,3,8,1,0.0,3.8761011266018324,3.8761011266018324
20,3,8,2,0.0,3.8761011266018324,3.8761011266018324
20,3,8,3,0.0,0.0,0.0
20,3,9,1,0.0,0.0,0.0
20,3,9,2,0.0,3.8761011266018324,3.8761011266018324
20,3,9,3,0.0,0.0,0.0
20,3,10,1,0.0,3.8761011266018324,3.8761011266018324
20,3,10,2,0.0,0.0,0.0
20,3,10,3,0.0,0.0,0.0
20,3,11,1,0.0,3.8761011266018324,3.8761011266018324
20,3,11,2,0.0,0.0,0.0
20,3,11,3,0.0,0.0,0.0
20,3,12,1,0.0,3.8761011266018324,3.8761011266018324
20,3,12,2,0.0,3.8761011266018324,3.8761011266018324
20,3,12,3,0.0,0.0,0.0
20,3,13,1,0.0,3.8761011266018324,3.8761011266018324
20,3,13,2,0.0,3.8761011266018324,3.8761011266018324
20,3,13,3,0.0,0.0,0.0
20,3,14,1,0.0,0.0,0.0
20,3,14,2,0.0,3.8761011266018324,3.8761011266018324
20,3,14,3,0.0,0.0,0.0
20,3,15,1,0.0,3.8761011266018324,3.8761011266018324
20,3,15,2,0.0,0.0,0.0
20,3,15,3,0.0,0.0,0.0
20,3,16,1,0.0,3.8761011266018324,3.8761011266018324
20,3,16,2,0.0,0.0,0.0
20,3,16,3,0.0,0.0,0.0
20,3,17,1,0.0,3.8761011266018324,3.8761011266018324
20,3,17,2,0.0,0.0,0.0
20,3,17,3,0.0,0.0,0.0
20,3,18,1,0.0,3.8761011266018324,3.8761011266018324
20,3,18,2,0.0,0.0,0.0
20,3,18,3,0.0,0.0,0.0
20,3,19,1,0.0,3.8761011266018324,3.8761011266018324
20,3,19,2,0.0,0.0,0.0
20,3,19,3,0.0,0.0,0.0
20,3,20,1,0.0,3.8761011266018324,3.8761011266018324
20,3,20,2,0.0,0.0,0.0
20,3,20,3,0.0,0.0,0.0
20,2,1,1,4.670201183380856,3.8761011266018324,8.54630230998269
20,2,1,2,0.0,0.0,0.0
20,2,1,3,0.0,0.0,0.0
20,2,2,1,0.7941000567790231,3.8761011266018324,4.670201183380856
20,2,2,2,0.0,0.0,0.0
20,2,2,3,0.0,0.0,0.0
20,2,3,1,0.7941000567790231,3.8761011266018324,4.670201183380856
20,2,3,2,3.8761011266018324,3.8761011266018324,7.752202253203665
20,2,3,3,0.0,0.0,0.0
20,2,4,1,0.0,0.0,0.0
20,2,4,2,0.0,3.8761011266018324,3.8761011266018324
20,2,4,3,0.0,0.0,0.0
20,2,5,1,0.0,0.0,0.0
20,2,5,2,0.0,3.8761011266018324,3.8761011266018324
20,2,5,3,0.0,0.0,0.0
20,2,6,1,0.0,0.0,0.0
20,2,6,2,0.0,3.8761011266018324,3.8761011266018324
20,2,6,3,0.0,0.0,0.0
20,2,7,1,0.0,0.0,0.0
20,2,7,2,0.0,3.8761011266018324,3.8761011266018324
20,2,7,3,0.0,0.0,0.0
20,2,8,1,0.0,0.0,0.0
20,2,8,2,0.0,3.8761011266018324,3.8761011266018324
20,2,8,3,0.0,0.0,0.0
20,2,9,1,0.0,0.0,0.0
20,2,9,2,0.0,3.8761011266018324,3.8761011266018324
20,2,9,3,0.0,0.0,0.0
20,2,10,1,0.0,0.0,0.0
20,2,10,2,0.0,3.8761011266018324,3.8761011266018324
20,2,10,3,2.0,2.0,4.0
20,2,11,1,0.0,0.0,0.0
20,2,11,2,0.0,0.0,0.0
20,2,11,3,0.0,2.0,2.0
20,2,12,1,0.0,0.0,0.0
20,2,12,2,0.0,0.0,0.0
20,2,12,3,0.0,2.0,2.0
20,2,13,1,0.7941000567790231,3.8761011266018324,4.670201183380856
20,2,13,2,0.0,3.8761011266018324,3.8761011266018324
20,2,13,3,0.0,0.0,0.0
20,2,14,1,0.0,0.0,0.0
20,2,14,2,0.0,3.8761011266018324,3.8761011266018324
20,2,14,3,0.0,0.0,0.0
20,2,15,1,0.0,0.0,0.0
20,2,15,2,0.0,3.8761011266018324,3.8761011266018324
20,2,15,3,0.0,0.0,0.0
20,2,16,1,0.0,0.0,0.0
20,2,16,2,0.0,3.8761011266018324,3.8761011266018324
20,2,16,3,0.0,0.0,0.0
20,2,17,1,0.0,0.0,0.0
20,2,17,2,0.0,3.8761011266018324,3.8761011266018324
20,2,17,3,0.0,0.0,0.0
20,2,18,1,0.0,0.0,0.0
20,2,18,2,0.0,3.8761011266018324,3.8761011266018324
20,2,18,3,0.0,0.0,0.0
20,2,19,1,0.0,0.0,0.0
20,2,19,2,0.0,3.8761011266018324,3.8761011266018324
20,2,19,3,0.0,0.0,0.0
20,2,20,1,0.0,0.0,0.0
20,2,20,2,0.0,3.8761011266018324,3.8761011266018324
20,2,20,3,0.0,0.0,0.0
20,1,1,1,4.670201183380856,3.8761011266018324,8.54630230998269
20,1,1,2,0.0,0.0,0.0
20,1,1,3,0.0,0.0,0.0
20,1,2,1,0.7941000567790231,3.8761011266018324,4.670201183380856
20,1,2,2,2.794100056779023,2.0,4.794100056779023
20,1,2,3,0.0,0.0,0.0
20,1,3,1,0.0,0.0,0.0
20,1,3,2,0.7941000567790231,2.0,2.794100056779023
20,1,3,3,2.0,2.0,4.0
20,1,4,1,0.0,0.0,0.0
20,1,4,2,0.0,0.0,0.0
20,1,4,3,0.0,2.0,2.0
20,1,5,1,0.0,0.0,0.0
20,1,5,2,0.0,0.0,0.0
20,1,5,3,0.0,2.0,2.0
20,1,6,1,0.0,0.0,0.0
20,1,6,2,0.0,0.0,0.0
20,1,6,3,0.0,2.0,2.0
20,1,7,1,0.0,0.0,0.0
20,1,7,2,0.0,0.0,0.0
20,1,7,3,0.0,2.0,2.0
20,1,8,1,0.0,0.0,0.0
20,1,8,2,0.0,0.0,0.0
20,1,8,3,0.0,2.0,2.0
20,1,9,1,0.0,0.0,0.0
20,1,9,2,0.0,0.0,0.0
20,1,9,3,0.0,2.0,2.0
20,1,10,1,0.0,0.0,0.0
20,1,10,2,0.0,0.0,0.0
20,1,10,3,0.0,2.0,2.0
20,1,11,1,0.0,0.0,0.0
20,1,11,2,0.0,0.0,0.0
20,1,11,3,0.0,2.0,2.0
20,1,12,1,0.0,0.0,0.0
20,1,12,2,0.0,0.0,0.0
20,1,12,3,0.0,2.0,2.0
20,1,13,1,0.0,0.0,0.0
20,1,13,2,0.0,0.0,0.0
20,1,13,3,0.0,2.0,2.0
20,1,14,1,0.0,0.0,0.0
20,1,14,2,0.0,0.0,0.0
20,1,14,3,0.0,2.0,2.0
20,1,15,1,0.0,0.0,0.0
20,1,15,2,0.0,0.0,0.0
20,1,15,3,0.0,2.0,2.0
20,1,16,1,0.0,0.0,0.0
20,1,16,2,0.0,0.0,0.0
20,1,16,3,0.0,2.0,2.0
20,1,17,1,0.0,0.0,0.0
20,1,17,2,0.0,0.0,0.0
20,1,17,3,0.0,2.0,2.0
20,1,18,1,0.0,0.0,0.0
20,1,18,2,0.0,0.0,0.0
20,1,18,3,0.0,2.0,2.0
20,1,19,1,0.0,0.0,0.0
20,1,19,2,0.0,0.0,0.0
20,1,19,3,0.0,2.0,2.0
20,1,20,1,0.0,0.0,0.0
20,1,20,2,0.0,0.0,0.0
20,1,20,3,0.0,2.0,2.0
21,3,1,1,3.8761011266018324,3.8761011266018324,7.752202253203665
21,3,1,2,3.8761011266018324,3.8761011266018324,7.752202253203665
21,3,1,3,0.0,0.0,0.0
21,3,2,1,0.0,0.0,0.0
21,3,2,2,0.0,3.8761011266018324,3.8761011266018324
21,3,2,3,0.0,0.0,0.0
21,3,3,1,3.8761011266018324,3.8761011266018324,7.752202253203665
21,3,3,2,0.0,0.0,0.0
21,3,3,3,0.0,0.0,0.0
21,3,4,1,0.0,3.8761011266018324,3.8761011266018324
21,3,4,2,0.0,3.8761011266018324,3.8761011266018324
21,3,4,3,0.0,0.0,0.0
21,3,5,1,0.0,3.8761011266018324,3.8761011266018324
21,3,5,2,0.0,3.8761011266018324,3.8761011266018324
21,3,5,3,0.0,0.0,0.0
21,3,6,1,0.0,3.8761011266018324,3.8761011266018324
21,3,6,2,0.0,0.0,0.0
21,3,6,3,0.0,0.0,0.0
21,3,7,1,0.0,3.8761011266018324,3.8761011266018324
21,3,7,2,0.0,0.0,0.0
21,3,7,3,0.0,0.0,0.0
21,3,8,1,0.0,3.8761011266018324,3.8761011266018324
21,3,8,2,0.0,0.0,0.0
21,3,8,3,0.0,0.0,0.0
21,3,9,1,0.0,3.8761011266018324,3.8761011266018324
21,3,9,2,0.0,0.0,0.0
21,3,9,3,0.0,0.0,0.0
21,3,10,1,0.0,3.8761011266018324,3.8761011266018324
21,3,10,2,0.0,0.0,0.0
21,3,10,3,0.0,0.0,0.0
21,3,11,1,0.0,3.8761011266018324,3.8761011266018324
21,3,11,2,0.0,0.0,0.0
21,3,11,3,0.0,0.0,0.0
21,3,12,1,0.0,3.8761011266018324,3.8761011266018324
21,3,12,2,0.0,0.0,0.0
21,3,12,3,0.0,0.0,0.0
21,3,13,1,0.0,3.8761011266018324,3.8761011266018324
21,3,13,2,0.0,0.0,0.0
21,3,13,3,0.0,0.0,0.0
21,3,14,1,0.0,3.8761011266018324,3.8761011266018324
21,3,14,2,0.0,0.0,0.0
21,3,14,3,0.0,0.0,0.0
21,3,15,1,0.0,3.8761011266018324,3.8761011266018324
21,3,15,2,0.0,0.0,0.0
21,3,15,3,0.0,0.0,0.0
21,3,16,1,0.0,3.8761011266018324,3.8761011266018324
21,3,16,2,0.0,0.0,0.0
21,3,16,3,0.0,0.0,0.0
21,3,17,1,0.0,3.8761011266018324,3.8761011266018324
21,3,17,2,0.0,0.0,0.0
21,3,17,3,0.0,0.0,0.0
21,3,18,1,0.0,3.8761011266018324,3.8761011266018324
21,3,18,2,0.0,3.8761011266018324,3.8761011266018324
21,3,18,3,0.0,0.0,0.0
21,3,19,1,0.0,3.8761011266018324,3.8761011266018324
21,3,19,2,0.0,3.8761011266018324,3.8761011266018324
21,3,19,3,0.0,0.0,0.0
21,3,20,1,0.0,3.8761011266018324,3.8761011266018324
21,3,20,2,0.0,0.0,0.0
21,3,20,3,0.0,0.0,0.0
21,2,1,1,4.670201183380856,3.8761011266018324,8.54630230998269
21,2,1,2,0.0,0.0,0.0
21,2,1,3,0.0,0.0,0.0
21,2,2,1,0.7941000567790231,3.8761011266018324,4.670201183380856
21,2,2,2,3.8761011266018324,3.8761011266018324,7.752202253203665
21,2,2,3,0.0,0.0,0.0
21,2,3,1,0.0,0.0,0.0
21,2,3,2,0.0,3.8761011266018324,3.8761011266018324
21,2,3,3,0.0,0.0,0.0
21,2,4,1,0.0,0.0,0.0
21,2,4,2,0.0,3.8761011266018324,3.8761011266018324
21,2,4,3,2.0,2.0,4.0
21,2,5,1,0.7941000567790231,3.8761011266018324,4.670201183380856
21,2,5,2,0.0,3.8761011266018324,3.8761011266018324
21,2,5,3,0.0,0.0,0.0
21,2,6,1,0.0,0.0,0.0
21,2,6,2,0.0,3.8761011266018324,3.8761011266018324
21,2,6,3,0.0,0.0,0.0
21,2,7,1,0.0,0.0,0.0
21,2,7,2,0.0,3.8761011266018324,3.8761011266018324
21,2,7,3,0.0,0.0,0.0
21,2,8,1,0.0,0.0,0.0
21,2,8,2,0.0,3.8761011266018324,3.8761011266018324
21,2,8,3,0.0,0.0,0.0
21,2,9,1,0.0,0.0,0.0
21,2,9,2,0.0,3.8761011266018324,3.8761011266018324
21,2,9,3,0.0,0.0,0.0
21,2,10,1,0.0,0.0,0.0
21,2,10,2,0.0,3.8761011266018324,3.8761011266018324
21,2,10,3,0.0,0.0,0.0
21,2,11,1,0.0,0.0,0.0
21,2,11,2,0.0,3.8761011266018324,3.8761011266018324
21,2,11,3,0.0,0.0,0.0
21,2,12,1,0.0,0.0,0.0
21,2,12,2,0.0,3.8761011266018324,3.8761011266018324
21,2,12,3,0.0,2.0,2.0
21,2,13,1,0.7941000567790231,3.8761011266018324,4.670201183380856
21,2,13,2,0.0,3.8761011266018324,3.8761011266018324
21,2,13,3,0.0,0.0,0.0
21,2,14,1,0.0,0.0,0.0
21,2,14,2,0.0,3.8761011266018324,3.8761011266018324
21,2,14,3,0.0,0.0,0.0
21,2,15,1,0.0,0.0,0.0
21,2,15,2,0.0,3.8761011266018324,3.8761011266018324
21,2,15,3,0.0,0.0,0.0
21,2,16,1,0.0,0.0,0.0
21,2,16,2,0.0,3.8761011266018324,3.8761011266018324
21,2,16,3,0.0,0.0,0.0
21,2,17,1,0.0,0.0,0.0
21,2,17,2,0.0,3.8761011266018324,3.8761011266018324
21,2,17,3,0.0,2.0,2.0
21,2,18,1,0.0,3.8761011266018324,3.8761011266018324
21,2,18,2,0.0,3.8761011266018324,3.8761011266018324
21,2,18,3,0.0,2.0,2.0
21,2,19,1,0.0,3.8761011266018324,3.8761011266018324
21,2,19,2,0.0,3.8761011266018324,3.8761011266018324
21,2,19,3,0.0,0.0,0.0
21,2,20,1,0.0,0.0,0.0
21,2,20,2,0.0,3.8761011266018324,3.8761011266018324
21,2,20,3,0.0,0.0,0.0
21,1,1,1,4.670201183380856,3.8761011266018324,8.54630230998269
21,1,1,2,0.0,0.0,0.0
21,1,1,3,0.0,0.0,0.0
21,1,2,1,0.7941000567790231,3.8761011266018324,4.670201183380856
21,1,2,2,2.794100056779023,2.0,4.794100056779023
21,1,2,3,2.0,2.0,4.0
21,1,3,1,0.0,0.0,0.0
21,1,3,2,0.0,0.0,0.0
21,1,3,3,0.0,2.0,2.0
21,1,4,1,0.0,0.0,0.0
21,1,4,2,0.0,0.0,0.0
21,1,4,3,0.0,2.0,2.0
21,1,5,1,0.0,0.0,0.0
21,1,5,2,0.0,0.0,0.0
21,1,5,3,0.0,2.0,2.0
21,1,6,1,0.0,0.0,0.0
21,1,6,2,0.0,0.0,0.0
21,1,6,3,0.0,2.0,2.0
21,1,7,1,0.0,0.0,0.0
21,1,7,2,0.0,0.0,0.0
21,1,7,3,0.0,2.0,2.0
21,1,8,1,0.0,0.0,0.0
21,1,8,2,0.0,0.0,0.0
21,1,8,3,0.0,2.0,2.0
21,1,9,1,0.0,0.0,0.0
21,1,9,2,0.0,0.0,0.0
21,1,9,3,0.0,2.0,2.0
21,1,10,1,0.0,0.0,0.0
21,1,10,2,0.0,0.0,0.0
21,1,10,3,0.0,2.0,2.0
21,1,11,1,0.0,0.0,0.0
21,1,11,2,0.0,0.0,0.0
21,1,11,3,0.0,2.0,2.0
21,1,12,1,0.0,0.0,0.0
21,1,12,2,0.0,0.0,0.0
21,1,12,3,0.0,2.0,2.0
21,1,13,1,0.0,0.0,0.0
21,1,13,2,0.0,0.0,0.0
21,1,13,3,0.0,2.0,2.0
21,1,14,1,0.0,0.0,0.0
21,1,14,2,0.0,0.0,0.0
21,1,14,3,0.0,2.0,2.0
21,1,15,1,0.0,0.0,0.0
21,1,15,2,0.0,0.0,0.0
21,1,15,3,0.0,2.0,2.0
21,1,16,1,0.0,0.0,0.0
21,1,16,2,0.0,0.0,0.0
21,1,16,3,0.0,2.0,2.0
21,1,17,1,0.0,0.0,0.0
21,1,17,2,0.0,0.0,0.0
21,1,17,3,0.0,2.0,2.0
21,1,18,1,0.0,0.0,0.0
21,1,18,2,0.0,0.0,0.0
21,1,18,3,0.0,0.0,0.0
21,1,19,1,0.0,0.0,0.0
21,1,19,2,0.0,0.0,0.0
21,1,19,3,0.0,0.0,0.0
21,1,20,1,0.0,0.0,0.0
21,1,20,2,0.0,0.0,0.0
21,1,20,3,0.0,0.0,0.0
22,3,1,1,3.8761011266018324,3.8761011266018324,7.752202253203665
22,3,1,2,0.0,0.0,0.0
22,3,1,3,0.0,0.0,0.0
22,3,2,1,3.8761011266018324,3.8761011266018324,7.752202253203665
22,3,2,2,0.0,0.0,0.0
22,3,2,3,0.0,0.0,0.0
22,3,3,1,0.0,3.8761011266018324,3.8761011266018324
22,3,3,2,0.0,0.0,0.0
22,3,3,3,0.0,0.0,0.0
22,3,4,1,0.0,3.8761011266018324,3.8761011266018324
22,3,4,2,0.0,0.0,0.0
22,3,4,3,0.0,0.0,0.0
22,3,5,1,0.0,3.8761011266018324,3.8761011266018324
22,3,5,2,3.8761011266018324,3.8761011266018324,7.752202253203665
22,3,5,3,0.0,0.0,0.0
22,3,6,1,0.0,3.8761011266018324,3.8761011266018324
22,3,6,2,0.0,0.0,0.0
22,3,6,3,0.0,0.0,0.0
22,3,7,1,0.0,3.8761011266018324,3.8761011266018324
22,3,7,2,0.0,0.0,0.0
22,3,7,3,0.0,0.0,0.0
22,3,8,1,0.0,3.8761011266018324,3.8761011266018324
22,3,8,2,0.0,0.0,0.0
22,3,8,3,0.0,0.0,0.0
22,3,9,1,0.0,3.8761011266018324,3.8761011266018324
22,3,9,2,0.0,0.0,0.0
22,3,9,3,0.0,0.0,0.0
22,3,10,1,0.0,3.8761011266018324,3.8761011266018324
22,3,10,2,0.0,3.8761011266018324,3.8761011266018324
22,3,10,3,0.0,0.0,0.0
22,3,11,1,0.0,0.0,0.0
22,3,11,2,0.0,3.8761011266018324,3.8761011266018324
22,3,11,3,2.0,2.0,4.0
22,3,12,1,0.0,3.8761011266018324,3.8761011266018324
22,3,12,2,0.0,0.0,0.0
22,3,12,3,0.0,0.0,0.0
22,3,13,1,0.0,3.8761011266018324,3.8761011266018324
22,3,13,2,0.0,0.0,0.0
22,3,13,3,0.0,0.0,0.0
22,3,14,1,0.0,3.8761011266018324,3.8761011266018324
22,3,14,2,0.0,3.8761011266018324,3.8761011266018324
22,3,14,3,0.0,0.0,0.0
22,3,15,1,0.0,3.8761011266018324,3.8761011266018324
22,3,15,2,0.0,0.0,0.0
22,3,15,3,0.0,0.0,0.0
22,3,16,1,0.0,3.8761011266018324,3.8761011266018324
22,3,16,2,0.0,3.8761011266018324,3.8761011266018324
22,3,16,3,0.0,0.0,0.0
22,3,17,1,0.0,3.8761011266018324,3.8761011266018324
22,3,17,2,0.0,0.0,0.0
22,3,17,3,0.0,0.0,0.0
22,3,18,1,0.0,3.8761011266018324,3.8761011266018324
22,3,18,2,0.0,3.8761011266018324,3.8761011266018324
22,3,18,3,0.0,0.0,0.0
22,3,19,1,0.0,0.0,0.0
22,3,19,2,0.0,3.8761011266018324,3.8761011266018324
22,3,19,3,0.0,2.0,2.0
22,3,20,1,0.0,0.0,0.0
22,3,20,2,0.0,0.0,0.0
22,3,20,3,0.0,2.0,2.0
22,2,1,1,4.670201183380856,3.8761011266018324,8.54630230998269
22,2,1,2,3.8761011266018324,3.8761011266018324,7.752202253203665
22,2,1,3,0.0,0.0,0.0
22,2,2,1,0.0,0.0,0.0
22,2,2,2,0.0,3.8761011266018324,3.8761011266018324
22,2,2,3,0.0,0.0,0.0
22,2,3,1,0.0,0.0,0.0
22,2,3,2,0.0,3.8761011266018324,3.8761011266018324
22,2,3,3,0.0,0.0,0.0
22,2,4,1,0.0,0.0,0.0
22,2,4,2,0.0,3.8761011266018324,3.8761011266018324
22,2,4,3,0.0,0.0,0.0
22,2,5,1,0.0,0.0,0.0
22,2,5,2,0.0,3.8761011266018324,3.8761011266018324
22,2,5,3,0.0,0.0,0.0
22,2,6,1,0.0,0.0,0.0
22,2,6,2,0.0,3.8761011266018324,3.8761011266018324
22,2,6,3,2.0,2.0,4.0
22,2,7,1,0.7941000567790231,3.8761011266018324,4.670201183380856
22,2,7,2,0.0,0.0,0.0
22,2,7,3,0.0,0.0,0.0
22,2,8,1,0.7941000567790231,3.8761011266018324,4.670201183380856
22,2,8,2,0.0,3.8761011266018324,3.8761011266018324
22,2,8,3,0.0,0.0,0.0
22,2,9,1,0.0,0.0,0.0
22,2,9,2,0.0,3.8761011266018324,3.8761011266018324
22,2,9,3,0.0,0.0,0.0
22,2,10,1,0.0,0.0,0.0
22,2,10,2,0.0,3.8761011266018324,3.8761011266018324
22,2,10,3,0.0,0.0,0.0
22,2,11,1,0.0,0.0,0.0
22,2,11,2,0.0,3.8761011266018324,3.8761011266018324
22,2,11,3,0.0,0.0,0.0
22,2,12,1,0.0,0.0,0.0
22,2,12,2,0.0,3.8761011266018324,3.8761011266018324
22,2,12,3,0.0,0.0,0.0
22,2,13,1,0.0,0.0,0.0
22,2,13,2,0.0,3.8761011266018324,3.8761011266018324
22,2,13,3,0.0,0.0,0.0
22,2,14,1,0.0,0.0,0.0
22,2,14,2,0.0,3.8761011266018324,3.8761011266018324
22,2,14,3,0.0,0.0,0.0
22,2,15,1,0.0,0.0,0.0
22,2,15,2,0.0,3.8761011266018324,3.8761011266018324
22,2,15,3,0.0,0.0,0.0
22,2,16,1,0.0,0.0,0.0
22,2,16,2,0.0,3.8761011266018324,3.8761011266018324
22,2,16,3,0.0,0.0,0.0
22,2,17,1,0.0,0.0,0.0
22,2,17,2,0.0,3.8761011266018324,3.8761011266018324
22,2,17,3,0.0,0.0,0.0
22,2,18,1,0.0,0.0,0.0
22,2,18,2,0.0,3.8761011266018324,3.8761011266018324
22,2,18,3,0.0,2.0,2.0
22,2,19,1,0.0,0.0,0.0
22,2,19,2,0.0,0.0,0.0
22,2,19,3,0.0,2.0,2.0
22,2,20,1,0.7941000567790231,3.8761011266018324,4.670201183380856
22,2,20,2,0.0,3.8761011266018324,3.8761011266018324
22,2,20,3,0.0,0.0,0.0
22,1,1,1,4.670201183380856,3.8761011266018324,8.54630230998269
22,1,1,2,0.0,0.0,0.0
22,1,1,3,0.0,0.0,0.0
22,1,2,1,0.7941000567790231,3.8761011266018324,4.670201183380856
22,1,2,2,0.0,0.0,0.0
22,1,2,3,0.0,0.0,0.0
22,1,3,1,0.7941000567790231,3.8761011266018324,4.670201183380856
22,1,3,2,0.0,0.0,0.0
22,1,3,3,0.0,0.0,0.0
22,1,4,1,0.0,3.8761011266018324,3.8761011266018324
22,1,4,2,2.794100056779023,2.0,4.794100056779023
22,1,4,3,2.0,2.0,4.0
22,1,5,1,0.0,0.0,0.0
22,1,5,2,0.0,0.0,0.0
22,1,5,3,0.0,2.0,2.0
22,1,6,1,0.0,0.0,0.0
22,1,6,2,0.0,0.0,0.0
22,1,6,3,0.0,2.0,2.0
22,1,7,1,0.0,0.0,0.0
22,1,7,2,0.0,0.0,0.0
22,1,7,3,0.0,2.0,2.0
22,1,8,1,0.0,3.8761011266018324,3.8761011266018324
22,1,8,2,0.7941000567790231,2.0,2.794100056779023
22,1,8,3,0.0,2.0,2.0
22,1,9,1,0.0,0.0,0.0
22,1,9,2,0.0,0.0,0.0
22,1,9,3,0.0,2.0,2.0
22,1,10,1,0.0,0.0,0.0
22,1,10,2,0.0,0.0,0.0
22,1,10,3,0.0,2.0,2.0
22,1,11,1,0.0,0.0,0.0
22,1,11,2,0.0,0.0,0.0
22,1,11,3,0.0,2.0,2.0
22,1,12,1,0.0,0.0,0.0
22,1,12,2,0.0,0.0,0.0
22,1,12,3,0.0,2.0,2.0
22,1,13,1,0.0,0.0,0.0
22,1,13,2,0.0,0.0,0.0
22,1,13,3,0.0,2.0,2.0
22,1,14,1,0.0,0.0,0.0
22,1,14,2,0.0,0.0,0.0
22,1,14,3,0.0,2.0,2.0
22,1,15,1,0.0,0.0,0.0
22,1,15,2,0.0,0.0,0.0
22,1,15,3,0.0,2.0,2.0
22,1,16,1,0.0,0.0,0.0
22,1,16,2,0.0,0.0,0.0
22,1,16,3,0.0,2.0,2.0
22,1,17,1,0.0,0.0,0.0
22,1,17,2,0.0,0.0,0.0
22,1,17,3,0.0,2.0,2.0
22,1,18,1,0.0,0.0,0.0
22,1,18,2,0.0,0.0,0.0
22,1,18,3,0.0,2.0,2.0
22,1,19,1,0.0,0.0,0.0
22,1,19,2,0.0,0.0,0.0
22,1,19,3,0.0,2.0,2.0
22,1,20,1,0.0,0.0,0.0
22,1,20,2,0.0,0.0,0.0
22,1,20,3,0.0,2.0,2.0
23,3,1,1,3.8761011266018324,3.8761011266018324,7.752202253203665
23,3,1,2,3.8761011266018324,3.8761011266018324,7.752202253203665
23,3,1,3,0.0,0.0,0.0
23,3,2,1,0.0,0.0,0.0
23,3,2,2,0.0,3.8761011266018324,3.8761011266018324
23,3,2,3,0.0,0.0,0.0
23,3,3,1,0.0,0.0,0.0
23,3,3,2,0.0,3.8761011266018324,3.8761011266018324
23,3,3,3,0.0,0.0,0.0
23,3,4,1,3.8761011266018324,3.8761011266018324,7.752202253203665
23,3,4,2,0.0,0.0,0.0
23,3,4,3,0.0,0.0,0.0
23,3,5,1,0.0,3.8761011266018324,3.8761011266018324
23,3,5,2,0.0,0.0,0.0
23,3,5,3,0.0,0.0,0.0
23,3,6,1,0.0,3.8761011266018324,3.8761011266018324
23,3,6,2,0.0,0.0,0.0
23,3,6,3,0.0,0.0,0.0
23,3,7,1,0.0,3.8761011266018324,3.8761011266018324
23,3,7,2,0.0,3.8761011266018324,3.8761011266018324
23,3,7,3,0.0,0.0,0.0
23,3,8,1,0.0,3.8761011266018324,3.8761011266018324
23,3,8,2,0.0,0.0,0.0
23,3,8,3,0.0,0.0,0.0
23,3,9,1,0.0,3.8761011266018324,3.8761011266018324
23,3,9,2,0.0,3.8761011266018324,3.8761011266018324
23,3,9,3,0.0,0.0,0.0
23,3,10,1,0.0,0.0,0.0
23,3,10,2,0.0,3.8761011266018324,3.8761011266018324
23,3,10,3,0.0,0.0,0.0
23,3,11,1,0.0,3.8761011266018324,3.8761011266018324
23,3,11,2,0.0,0.0,0.0
23,3,11,3,0.0,0.0,0.0
23,3,12,1,0.0,3.8761011266018324,3.8761011266018324
23,3,12,2,0.0,3.8761011266018324,3.8761011266018324
23,3,12,3,0.0,0.0,0.0
23,3,13,1,0.0,3.8761011266018324,3.8761011266018324
23,3,13,2,0.0,3.8761011266018324,3.8761011266018324
23,3,13,3,0.0,0.0,0.0
23,3,14,1,0.0,0.0,0.0
23,3,14,2,0.0,3.8761011266018324,3.8761011266018324
23,3,14,3,0.0,0.0,0.0
23,3,15,1,0.0,0.0,0.0
23,3,15,2,0.0,3.8761011266018324,3.8761011266018324
23,3,15,3,0.0,0.0,0.0
23,3,16,1,0.0,0.0,0.0
23,3,16,2,0.0,3.8761011266018324,3.8761011266018324
23,3,16,3,0.0,0.0,0.0
23,3,17,1,0.0,0.0,0.0
23,3,17,2,0.0,3.8761011266018324,3.8761011266018324
23,3,17,3,0.0,0.0,0.0
23,3,18,1,0.0,3.8761011266018324,3.8761011266018324
23,3,18,2,0.0,3.8761011266018324,3.8761011266018324
23,3,18,3,0.0,0.0,0.0
23,3,19,1,0.0,3.8761011266018324,3.8761011266018324
23,3,19,2,0.0,0.0,0.0
23,3,19,3,0.0,0.0,0.0
23,3,20,1,0.0,3.8761011266018324,3.8761011266018324
23,3,20,2,0.0,0.0,0.0
23,3,20,3,0.0,0.0,0.0
23,2,1,1,4.670201183380856,3.8761011266018324,8.54630230998269
23,2,1,2,0.0,0.0,0.0
23,2,1,3,0.0,0.0,0.0
23,2,2,1,0.7941000567790231,3.8761011266018324,4.670201183380856
23,2,2,2,3.8761011266018324,3.8761011266018324,7.752202253203665
23,2,2,3,0.0,0.0,0.0
23,2,3,1,0.0,0.0,0.0
23,2,3,2,0.0,3.8761011266018324,3.8761011266018324
23,2,3,3,0.0,0.0,0.0
23,2,4,1,0.0,0.0,0.0
23,2,4,2,0.0,3.8761011266018324,3.8761011266018324
23,2,4,3,0.0,0.0,0.0
23,2,5,1,0.0,0.0,0.0
23,2,5,2,0.0,3.8761011266018324,3.8761011266018324
23,2,5,3,0.0,0.0,0.0
23,2,6,1,0.0,0.0,0.0
23,2,6,2,0.0,3.8761011266018324,3.8761011266018324
23,2,6,3,0.0,0.0,0.0
23,2,7,1,0.0,0.0,0.0
23,2,7,2,0.0,3.8761011266018324,3.8761011266018324
23,2,7,3,2.0,2.0,4.0
23,2,8,1,0.0,0.0,0.0
23,2,8,2,0.0,0.0,0.0
23,2,8,3,0.0,2.0,2.0
23,2,9,1,0.0,0.0,0.0
23,2,9,2,0.0,0.0,0.0
23,2,9,3,0.0,2.0,2.0
23,2,10,1,0.7941000567790231,3.8761011266018324,4.670201183380856
23,2,10,2,0.0,3.8761011266018324,3.8761011266018324
23,2,10,3,0.0,0.0,0.0
23,2,11,1,0.0,0.0,0.0
23,2,11,2,0.0,3.8761011266018324,3.8761011266018324
23,2,11,3,0.0,0.0,0.0
23,2,12,1,0.0,0.0,0.0
23,2,12,2,0.0,3.8761011266018324,3.8761011266018324
23,2,12,3,0.0,0.0,0.0
23,2,13,1,0.0,0.0,0.0
23,2,13,2,0.0,3.8761011266018324,3.8761011266018324
23,2,13,3,0.0,0.0,0.0
23,2,14,1,0.0,0.0,0.0
23,2,14,2,0.0,3.8761011266018324,3.8761011266018324
23,2,14,3,0.0,0.0,0.0
23,2,15,1,0.0,0.0,0.0
23,2,15,2,0.0,3.8761011266018324,3.8761011266018324
23,2,15,3,0.0,0.0,0.0
23,2,16,1,0.0,0.0,0.0
23,2,16,2,0.0,3.8761011266018324,3.8761011266018324
23,2,16,3,0.0,2.0,2.0
23,2,17,1,0.0,0.0,0.0
23,2,17,2,0.0,0.0,0.0
23,2,17,3,0.0,2.0,2.0
23,2,18,1,0.7941000567790231,3.8761011266018324,4.670201183380856
23,2,18,2,0.0,3.8761011266018324,3.8761011266018324
23,2,18,3,0.0,0.0,0.0
23,2,19,1,0.0,0.0,0.0
23,2,19,2,0.0,3.8761011266018324,3.8761011266018324
23,2,19,3,0.0,0.0,0.0
23,2,20,1,0.0,0.0,0.0
23,2,20,2,0.0,3.8761011266018324,3.8761011266018324
23,2,20,3,0.0,0.0,0.0
23,1,1,1,4.670201183380856,3.8761011266018324,8.54630230998269
23,1,1,2,0.0,0.0,0.0
23,1,1,3,0.0,0.0,0.0
23,1,2,1,0.7941000567790231,3.8761011266018324,4.670201183380856
23,1,2,2,2.794100056779023,2.0,4.794100056779023
23,1,2,3,0.0,0.0,0.0
23,1,3,1,0.0,0.0,0.0
23,1,3,2,0.7941000567790231,2.0,2.794100056779023
23,1,3,3,0.0,0.0,0.0
23,1,4,1,0.0,0.0,0.0
23,1,4,2,0.0,2.0,2.0
23,1,4,3,2.0,2.0,4.0
23,1,5,1,0.0,0.0,0.0
23,1,5,2,0.0,0.0,0.0
23,1,5,3,0.0,2.0,2.0
23,1,6,1,0.0,0.0,0.0
23,1,6,2,0.0,0.0,0.0
23,1,6,3,0.0,2.0,2.0
23,1,7,1,0.0,0.0,0.0
23,1,7,2,0.0,0.0,0.0
23,1,7,3,0.0,2.0,2.0
23,1,8,1,0.0,0.0,0.0
23,1,8,2,0.0,0.0,0.0
23,1,8,3,0.0,2.0,2.0
23,1,9,1,0.0,0.0,0.0
23,1,9,2,0.0,0.0,0.0
23,1,9,3,0.0,2.0,2.0
23,1,10,1,0.0,0.0,0.0
23,1,10,2,0.0,0.0,0.0
23,1,10,3,0.0,2.0,2.0
23,1,11,1,0.0,0.0,0.0
23,1,11,2,0.0,0.0,0.0
23,1,11,3,0.0,2.0,2.0
23,1,12,1,0.0,0.0,0.0
23,1,12,2,0.0,0.0,0.0
23,1,12,3,0.0,2.0,2.0
23,1,13,1,0.0,0.0,0.0
23,1,13,2,0.0,0.0,0.0
23,1,13,3,0.0,2.0,2.0
23,1,14,1,0.0,0.0,0.0
23,1,14,2,0.0,0.0,0.0
23,1,14,3,0.0,2.0,2.0
23,1,15,1,0.0,0.0,0.0
23,1,15,2,0.0,0.0,0.0
23,1,15,3,0.0,2.0,2.0
23,1,16,1,0.0,0.0,0.0
23,1,16,2,0.0,0.0,0.0
23,1,16,3,0.0,2.0,2.0
23,1,17,1,0.0,0.0,0.0
23,1,17,2,0.0,0.0,0.0
23,1,17,3,0.0,2.0,2.0
23,1,18,1,0.0,0.0,0.0
23,1,18,2,0.0,0.0,0.0
23,1,18,3,0.0,2.0,2.0
23,1,19,1,0.0,0.0,0.0
23,1,19,2,0.0,0.0,0.0
23,1,19,3,0.0,2.0,2.0
23,1,20,1,0.0,0.0,0.0
23,1,20,2,0.0,0.0,0.0
23,1,20,3,0.0,2.0,2.0
24,3,1,1,3.8761011266018324,3.8761011266018324,7.752202253203665
24,3,1,2,0.0,0.0,0.0
24,3,1,3,0.0,0.0,0.0
24,3,2,1,3.8761011266018324,3.8761011266018324,7.752202253203665
24,3,2,2,0.0,0.0,0.0
24,3,2,3,0.0,0.0,0.0
24,3,3,1,0.0,3.8761011266018324,3.8761011266018324
24,3,3,2,0.0,0.0,0.0
24,3,3,3,0.0,0.0,0.0
24,3,4,1,0.0,3.8761011266018324,3.8761011266018324
24,3,4,2,0.0,0.0,0.0
24,3,4,3,0.0,0.0,0.0
24,3,5,1,0.0,3.8761011266018324,3.8761011266018324
24,3,5,2,3.8761011266018324,3.8761011266018324,7.752202253203665
24,3,5,3,0.0,0.0,0.0
24,3,6,1,0.0,3.8761011266018324,3.8761011266018324
24,3,6,2,0.0,0.0,0.0
24,3,6,3,0.0,0.0,0.0
24,3,7,1,0.0,3.8761011266018324,3.8761011266018324
24,3,7,2,0.0,0.0,0.0
24,3,7,3,0.0,0.0,0.0
24,3,8,1,0.0,3.8761011266018324,3.8761011266018324
24,3,8,2,0.0,0.0,0.0
24,3,8,3,0.0,0.0,0.0
24,3,9,1,0.0,3.8761011266018324,3.8761011266018324
24,3,9,2,0.0,0.0,0.0
24,3,9,3,0.0,0.0,0.0
24,3,10,1,0.0,3.8761011266018324,3.8761011266018324
24,3,10,2,0.0,0.0,0.0
24,3,10,3,0.0,0.0,0.0
24,3,11,1,0.0,3.8761011266018324,3.8761011266018324
24,3,11,2,0.0,3.8761011266018324,3.8761011266018324
24,3,11,3,0.0,0.0,0.0
24,3,12,1,0.0,0.0,0.0
24,3,12,2,0.0,3.8761011266018324,3.8761011266018324
24,3,12,3,0.0,0.0,0.0
24,3,13,1,0.0,3.8761011266018324,3.8761011266018324
24,3,13,2,0.0,3.8761011266018324,3.8761011266018324
24,3,13,3,0.0,0.0,0.0
24,3,14,1,0.0,3.8761011266018324,3.8761011266018324
24,3,14,2,0.0,0.0,0.0
24,3,14,3,0.0,0.0,0.0
24,3,15,1,0.0,3.8761011266018324,3.8761011266018324
24,3,15,2,0.0,3.8761011266018324,3.8761011266018324
24,3,15,3,0.0,0.0,0.0
24,3,16,1,0.0,3.8761011266018324,3.8761011266018324
24,3,16,2,0.0,0.0,0.0
24,3,16,3,0.0,0.0,0.0
24,3,17,1,0.0,3.8761011266018324,3.8761011266018324
24,3,17,2,0.0,0.0,0.0
24,3,17,3,0.0,0.0,0.0
24,3,18,1,0.0,3.8761011266018324,3.8761011266018324
24,3,18,2,0.0,3.8761011266018324,3.8761011266018324
24,3,18,3,0.0,0.0,0.0
24,3,19,1,0.0,3.8761011266018324,3.8761011266018324
24,3,19,2,0.0,0.0,0.0
24,3,19,3,0.0,0.0,0.0
24,3,20,1,0.0,3.8761011266018324,3.8761011266018324
24,3,20,2,0.0,0.0,0.0
24,3,20,3,0.0,0.0,0.0
24,2,1,1,4.670201183380856,3.8761011266018324,8.54630230998269
24,2,1,2,0.0,0.0,0.0
24,2,1,3,0.0,0.0,0.0
24,2,2,1,0.7941000567790231,3.8761011266018324,4.670201183380856
24,2,2,2,0.0,0.0,0.0
24,2,2,3,0.0,0.0,0.0
24,2,3,1,0.7941000567790231,3.8761011266018324,4.670201183380856
24,2,3,2,3.8761011266018324,3.8761011266018324,7.752202253203665
24,2,3,3,0.0,0.0,0.0
24,2,4,1,0.0,0.0,0.0
24,2,4,2,0.0,3.8761011266018324,3.8761011266018324
24,2,4,3,0.0,0.0,0.0
24,2,5,1,0.0,0.0,0.0
24,2,5,2,0.0,3.8761011266018324,3.8761011266018324
24,2,5,3,0.0,0.0,0.0
24,2,6,1,0.0,0.0,0.0
24,2,6,2,0.0,3.8761011266018324,3.8761011266018324
24,2,6,3,0.0,0.0,0.0
24,2,7,1,0.0,0.0,0.0
24,2,7,2,0.0,3.8761011266018324,3.8761011266018324
24,2,7,3,0.0,0.0,0.0
24,2,8,1,0.0,0.0,0.0
24,2,8,2,0.0,3.8761011266018324,3.8761011266018324
24,2,8,3,0.0,0.0,0.0
24,2,9,1,0.0,0.0,0.0
24,2,9,2,0.0,3.8761011266018324,3.8761011266018324
24,2,9,3,0.0,0.0,0.0
24,2,10,1,0.0,0.0,0.0
24,2,10,2,0.0,3.8761011266018324,3.8761011266018324
24,2,10,3,0.0,0.0,0.0
24,2,11,1,0.0,0.0,0.0
24,2,11,2,0.0,3.8761011266018324,3.8761011266018324
24,2,11,3,0.0,0.0,0.0
24,2,12,1,0.0,0.0,0.0
24,2,12,2,0.0,3.8761011266018324,3.8761011266018324
24,2,12,3,0.0,0.0,0.0
24,2,13,1,0.0,0.0,0.0
24,2,13,2,0.0,3.8761011266018324,3.8761011266018324
24,2,13,3,0.0,0.0,0.0
24,2,14,1,0.0,0.0,0.0
24,2,14,2,0.0,3.8761011266018324,3.8761011266018324
24,2,14,3,0.0,0.0,0.0
24,2,15,1,0.0,0.0,0.0
24,2,15,2,0.0,3.8761011266018324,3.8761011266018324
24,2,15,3,0.0,0.0,0.0
24,2,16,1,0.0,0.0,0.0
24,2,16,2,0.0,3.8761011266018324,3.8761011266018324
24,2,16,3,0.0,0.0,0.0
24,2,17,1,0.0,0.0,0.0
24,2,17,2,0.0,3.8761011266018324,3.8761011266018324
24,2,17,3,0.0,0.0,0.0
24,2,18,1,0.0,0.0,0.0
24,2,18,2,0.0,3.8761011266018324,3.8761011266018324
24,2,18,3,0.0,0.0,0.0
24,2,19,1,0.0,0.0,0.0
24,2,19,2,0.0,3.8761011266018324,3.8761011266018324
24,2,19,3,0.0,0.0,0.0
24,2,20,1,0.0,0.0,0.0
24,2,20,2,0.0,3.8761011266018324,3.8761011266018324
24,2,20,3,2.0,2.0,4.0
24,1,1,1,4.670201183380856,3.8761011266018324,8.54630230998269
24,1,1,2,0.0,0.0,0.0
24,1,1,3,0.0,0.0,0.0
24,1,2,1,0.7941000567790231,3.8761011266018324,4.670201183380856
24,1,2,2,0.0,0.0,0.0
24,1,2,3,0.0,0.0,0.0
24,1,3,1,0.7941000567790231,3.8761011266018324,4.670201183380856
24,1,3,2,2.794100056779023,2.0,4.794100056779023
24,1,3,3,0.0,0.0,0.0
24,1,4,1,0.0,0.0,0.0
24,1,4,2,0.7941000567790231,2.0,2.794100056779023
24,1,4,3,2.0,2.0,4.0
24,1,5,1,0.0,0.0,0.0
24,1,5,2,0.0,0.0,0.0
24,1,5,3,0.0,2.0,2.0
24,1,6,1,0.0,0.0,0.0
24,1,6,2,0.0,0.0,0.0
24,1,6,3,0.0,2.0,2.0
24,1,7,1,0.0,0.0,0.0
24,1,7,2,0.0,0.0,0.0
24,1,7,3,0.0,2.0,2.0
24,1,8,1,0.0,0.0,0.0
24,1,8,2,0.0,0.0,0.0
24,1,8,3,0.0,2.0,2.0
24,1,9,1,0.0,0.0,0.0
24,1,9,2,0.0,0.0,0.0
24,1,9,3,0.0,2.0,2.0
24,1,10,1,0.0,0.0,0.0
24,1,10,2,0.0,0.0,0.0
24,1,10,3,0.0,2.0,2.0
24,1,11,1,0.0,0.0,0.0
24,1,11,2,0.0,0.0,0.0
24,1,11,3,0.0,2.0,2.0
24,1,12,1,0.0,0.0,0.0
24,1,12,2,0.0,0.0,0.0
24,1,12,3,0.0,2.0,2.0
24,1,13,1,0.0,0.0,0.0
24,1,13,2,0.0,0.0,0.0
24,1,13,3,0.0,2.0,2.0
24,1,14,1,0.0,0.0,0.0
24,1,14,2,0.0,0.0,0.0
24,1,14,3,0.0,2.0,2.0
24,1,15,1,0.0,0.0,0.0
24,1,15,2,0.0,0.0,0.0
24,1,15,3,0.0,2.0,2.0
24,1,16,1,0.0,0.0,0.0
24,1,16,2,0.0,0.0,0.0
24,1,16,3,0.0,2.0,2.0
24,1,17,1,0.0,0.0,0.0
24,1,17,2,0.0,0.0,0.0
24,1,17,3,0.0,2.0,2.0
24,1,18,1,0.0,0.0,0.0
24,1,18,2,0.0,0.0,0.0
24,1,18,3,0.0,2.0,2.0
24,1,19,1,0.0,0.0,0.0
24,1,19,2,0.0,0.0,0.0
24,1,19,3,0.0,2.0,2.0
24,1,20,1,0.0,0.0,0.0
24,1,20,2,0.0,0.0,0.0
24,1,20,3,0.0,2.0,2.0
25,3,1,1,3.8761011266018324,3.8761011266018324,7.752202253203665
25,3,1,2,0.0,0.0,0.0
25,3,1,3,0.0,0.0,0.0
25,3,2,1,3.8761011266018324,3.8761011266018324,7.752202253203665
25,3,2,2,0.0,0.0,0.0
25,3,2,3,0.0,0.0,0.0
25,3,3,1,0.0,3.8761011266018324,3.8761011266018324
25,3,3,2,0.0,0.0,0.0
25,3,3,3,0.0,0.0,0.0
25,3,4,1,0.0,3.8761011266018324,3.8761011266018324
25,3,4,2,3.8761011266018324,3.8761011266018324,7.752202253203665
25,3,4,3,0.0,0.0,0.0
25,3,5,1,0.0,0.0,0.0
25,3,5,2,0.0,3.8761011266018324,3.8761011266018324
25,3,5,3,0.0,0.0,0.0
25,3,6,1,0.0,0.0,0.0
25,3,6,2,0.0,3.8761011266018324,3.8761011266018324
25,3,6,3,0.0,0.0,0.0
25,3,7,1,0.0,3.8761011266018324,3.8761011266018324
25,3,7,2,0.0,0.0,0.0
25,3,7,3,0.0,0.0,0.0
25,3,8,1,0.0,3.8761011266018324,3.8761011266018324
25,3,8,2,0.0,0.0,0.0
25,3,8,3,0.0,0.0,0.0
25,3,9,1,0.0,3.8761011266018324,3.8761011266018324
25,3,9,2,0.0,0.0,0.0
25,3,9,3,0.0,0.0,0.0
25,3,10,1,0.0,3.8761011266018324,3.8761011266018324
25,3,10,2,0.0,0.0,0.0
25,3,10,3,0.0,0.0,0.0
25,3,11,1,0.0,3.8761011266018324,3.8761011266018324
25,3,11,2,0.0,0.0,0.0
25,3,11,3,0.0,0.0,0.0
25,3,12,1,0.0,3.8761011266018324,3.8761011266018324
25,3,12,2,0.0,3.8761011266018324,3.8761011266018324
25,3,12,3,0.0,0.0,0.0
25,3,13,1,0.0,0.0,0.0
25,3,13,2,0.0,3.8761011266018324,3.8761011266018324
25,3,13,3,0.0,0.0,0.0
25,3,14,1,0.0,3.8761011266018324,3.8761011266018324
25,3,14,2,0.0,0.0,0.0
25,3,14,3,0.0,0.0,0.0
25,3,15,1,0.0,3.8761011266018324,3.8761011266018324
25,3,15,2,0.0,3.8761011266018324,3.8761011266018324
25,3,15,3,0.0,0.0,0.0
25,3,16,1,0.0,0.0,0.0
25,3,16,2,0.0,3.8761011266018324,3.8761011266018324
25,3,16,3,0.0,0.0,0.0
25,3,17,1,0.0,3.8761011266018324,3.8761011266018324
25,3,17,2,0.0,0.0,0.0
25,3,17,3,0.0,0.0,0.0
25,3,18,1,0.0,3.8761011266018324,3.8761011266018324
25,3,18,2,0.0,0.0,0.0
25,3,18,3,0.0,0.0,0.0
25,3,19,1,0.0,3.8761011266018324,3.8761011266018324
25,3,19,2,0.0,0.0,0.0
25,3,19,3,0.0,0.0,0.0
25,3,20,1,0.0,3.8761011266018324,3.8761011266018324
25,3,20,2,0.0,3.8761011266018324,3.8761011266018324
25,3,20,3,0.0,0.0,0.0
25,2,1,1,4.670201183380856,3.8761011266018324,8.54630230998269
25,2,1,2,3.8761011266018324,3.8761011266018324,7.752202253203665
25,2,1,3,0.0,0.0,0.0
25,2,2,1,0.0,0.0,0.0
25,2,2,2,0.0,3.8761011266018324,3.8761011266018324
25,2,2,3,0.0,0.0,0.0
25,2,3,1,0.0,0.0,0.0
25,2,3,2,0.0,3.8761011266018324,3.8761011266018324
25,2,3,3,0.0,0.0,0.0
25,2,4,1,0.0,0.0,0.0
25,2,4,2,0.0,3.8761011266018324,3.8761011266018324
25,2,4,3,0.0,0.0,0.0
25,2,5,1,0.0,0.0,0.0
25,2,5,2,0.0,3.8761011266018324,3.8761011266018324
25,2,5,3,0.0,0.0,0.0
25,2,6,1,0.0,0.0,0.0
25,2,6,2,0.0,3.8761011266018324,3.8761011266018324
25,2,6,3,0.0,0.0,0.0
25,2,7,1,0.0,0.0,0.0
25,2,7,2,0.0,3.8761011266018324,3.8761011266018324
25,2,7,3,2.0,2.0,4.0
25,2,8,1,0.7941000567790231,3.8761011266018324,4.670201183380856
25,2,8,2,0.0,0.0,0.0
25,2,8,3,0.0,0.0,0.0
25,2,9,1,0.7941000567790231,3.8761011266018324,4.670201183380856
25,2,9,2,0.0,0.0,0.0
25,2,9,3,0.0,0.0,0.0
25,2,10,1,0.7941000567790231,3.8761011266018324,4.670201183380856
25,2,10,2,0.0,0.0,0.0
25,2,10,3,0.0,0.0,0.0
25,2,11,1,0.0,3.8761011266018324,3.8761011266018324
25,2,11,2,0.0,3.8761011266018324,3.8761011266018324
25,2,11,3,0.0,0.0,0.0
25,2,12,1,0.0,0.0,0.0
25,2,12,2,0.0,3.8761011266018324,3.8761011266018324
25,2,12,3,0.0,0.0,0.0
25,2,13,1,0.0,0.0,0.0
25,2,13,2,0.0,3.8761011266018324,3.8761011266018324
25,2,13,3,0.0,0.0,0.0
25,2,14,1,0.0,0.0,0.0
25,2,14,2,0.0,3.8761011266018324,3.8761011266018324
25,2,14,3,0.0,2.0,2.0
25,2,15,1,0.0,3.8761011266018324,3.8761011266018324
25,2,15,2,0.0,3.8761011266018324,3.8761011266018324
25,2,15,3,0.0,0.0,0.0
25,2,16,1,0.0,0.0,0.0
25,2,16,2,0.0,3.8761011266018324,3.8761011266018324
25,2,16,3,0.0,0.0,0.0
25,2,17,1,0.0,0.0,0.0
25,2,17,2,0.0,3.8761011266018324,3.8761011266018324
25,2,17,3,0.0,0.0,0.0
25,2,18,1,0.0,0.0,0.0
25,2,18,2,0.0,3.8761011266018324,3.8761011266018324
25,2,18,3,0.0,0.0,0.0
25,2,19,1,0.0,0.0,0.0
25,2,19,2,0.0,3.8761011266018324,3.8761011266018324
25,2,19,3,0.0,2.0,2.0
25,2,20,1,0.0,3.8761011266018324,3.8761011266018324
25,2,20,2,0.0,3.8761011266018324,3.8761011266018324
25,2,20,3,0.0,0.0,0.0
25,1,1,1,4.670201183380856,3.8761011266018324,8.54630230998269
25,1,1,2,0.0,0.0,0.0
25,1,1,3,0.0,0.0,0.0
25,1,2,1,0.7941000567790231,3.8761011266018324,4.670201183380856
25,1,2,2,2.794100056779023,2.0,4.794100056779023
25,1,2,3,0.0,0.0,0.0
25,1,3,1,0.0,0.0,0.0
25,1,3,2,0.7941000567790231,2.0,2.794100056779023
25,1,3,3,2.0,2.0,4.0
25,1,4,1,0.0,0.0,0.0
25,1,4,2,0.0,0.0,0.0
25,1,4,3,0.0,2.0,2.0
25,1,5,1,0.0,0.0,0.0
25,1,5,2,0.0,0.0,0.0
25,1,5,3,0.0,2.0,2.0
25,1,6,1,0.0,0.0,0.0
25,1,6,2,0.0,0.0,0.0
25,1,6,3,0.0,2.0,2.0
25,1,7,1,0.0,0.0,0.0
25,1,7,2,0.0,0.0,0.0
25,1,7,3,0.0,2.0,2.0
25,1,8,1,0.0,0.0,0.0
25,1,8,2,0.0,0.0,0.0
25,1,8,3,0.0,2.0,2.0
25,1,9,1,0.0,0.0,0.0
25,1,9,2,0.0,0.0,0.0
25,1,9,3,0.0,2.0,2.0
25,1,10,1,0.0,0.0,0.0
25,1,10,2,0.0,0.0,0.0
25,1,10,3,0.0,2.0,2.0
25,1,11,1,0.0,0.0,0.0
25,1,11,2,0.0,0.0,0.0
25,1,11,3,0.0,2.0,2.0
25,1,12,1,0.0,0.0,0.0
25,1,12,2,0.0,0.0,0.0
25,1,12,3,0.0,2.0,2.0
25,1,13,1,0.0,0.0,0.0
25,1,13,2,0.0,0.0,0.0
25,1,13,3,0.0,2.0,2.0
25,1,14,1,0.0,0.0,0.0
25,1,14,2,0.0,0.0,0.0
25,1,14,3,0.0,2.0,2.0
25,1,15,1,0.0,0.0,0.0
25,1,15,2,0.0,0.0,0.0
25,1,15,3,0.0,2.0,2.0
25,1,16,1,0.0,0.0,0.0
25,1,16,2,0.0,0.0,0.0
25,1,16,3,0.0,2.0,2.0
25,1,17,1,0.0,0.0,0.0
25,1,17,2,0.0,0.0,0.0
25,1,17,3,0.0,2.0,2.0
25,1,18,1,0.0,0.0,0.0
25,1,18,2,0.0,0.0,0.0
25,1,18,3,0.0,2.0,2.0
25,1,19,1,0.0,0.0,0.0
25,1,19,2,0.0,0.0,0.0
25,1,19,3,0.0,2.0,2.0
25,1,20,1,0.0,0.0,0.0
25,1,20,2,0.0,0.0,0.0
25,1,20,3,0.0,2.0,2.0
26,3,1,1,3.8761011266018324,3.8761011266018324,7.752202253203665
26,3,1,2,0.0,0.0,0.0
26,3,1,3,0.0,0.0,0.0
26,3,2,1,3.8761011266018324,3.8761011266018324,7.752202253203665
26,3,2,2,0.0,0.0,0.0
26,3,2,3,0.0,0.0,0.0
26,3,3,1,0.0,3.8761011266018324,3.8761011266018324
26,3,3,2,0.0,0.0,0.0
26,3,3,3,0.0,0.0,0.0
26,3,4,1,0.0,3.8761011266018324,3.8761011266018324
26,3,4,2,0.0,0.0,0.0
26,3,4,3,0.0,0.0,0.0
26,3,5,1,0.0,3.8761011266018324,3.8761011266018324
26,3,5,2,3.8761011266018324,3.8761011266018324,7.752202253203665
26,3,5,3,0.0,0.0,0.0
26,3,6,1,0.0,3.8761011266018324,3.8761011266018324
26,3,6,2,0.0,0.0,0.0
26,3,6,3,0.0,0.0,0.0
26,3,7,1,0.0,3.8761011266018324,3.8761011266018324
26,3,7,2,0.0,3.8761011266018324,3.8761011266018324
26,3,7,3,0.0,0.0,0.0
26,3,8,1,0.0,0.0,0.0
26,3,8,2,0.0,3.8761011266018324,3.8761011266018324
26,3,8,3,0.0,0.0,0.0
26,3,9,1,0.0,0.0,0.0
26,3,9,2,0.0,3.8761011266018324,3.8761011266018324
26,3,9,3,0.0,0.0,0.0
26,3,10,1,0.0,0.0,0.0
26,3,10,2,0.0,3.8761011266018324,3.8761011266018324
26,3,10,3,0.0,0.0,0.0
26,3,11,1,0.0,3.8761011266018324,3.8761011266018324
26,3,11,2,0.0,0.0,0.0
26,3,11,3,0.0,0.0,0.0
26,3,12,1,0.0,3.8761011266018324,3.8761011266018324
26,3,12,2,0.0,0.0,0.0
26,3,12,3,0.0,0.0,0.0
26,3,13,1,0.0,3.8761011266018324,3.8761011266018324
26,3,13,2,0.0,0.0,0.0
26,3,13,3,0.0,0.0,0.0
26,3,14,1,0.0,3.8761011266018324,3.8761011266018324
26,3,14,2,0.0,0.0,0.0
26,3,14,3,0.0,0.0,0.0
26,3,15,1,0.0,3.8761011266018324,3.8761011266018324
26,3,15,2,0.0,0.0,0.0
26,3,15,3,0.0,0.0,0.0
26,3,16,1,0.0,3.8761011266018324,3.8761011266018324
26,3,16,2,0.0,0.0,0.0
26,3,16,3,0.0,0.0,0.0
26,3,17,1,0.0,3.8761011266018324,3.8761011266018324
26,3,17,2,0.0,0.0,0.0
26,3,17,3,0.0,0.0,0.0
26,3,18,1,0.0,3.8761011266018324,3.8761011266018324
26,3,18,2,0.0,0.0,0.0
26,3,18,3,0.0,0.0,0.0
26,3,19,1,0.0,3.8761011266018324,3.8761011266018324
26,3,19,2,0.0,3.8761011266018324,3.8761011266018324
26,3,19,3,0.0,0.0,0.0
26,3,20,1,0.0,0.0,0.0
26,3,20,2,0.0,3.8761011266018324,3.8761011266018324
26,3,20,3,0.0,0.0,0.0
26,2,1,1,4.670201183380856,3.8761011266018324,8.54630230998269
26,2,1,2,0.0,0.0,0.0
26,2,1,3,0.0,0.0,0.0
26,2,2,1,0.7941000567790231,3.8761011266018324,4.670201183380856
26,2,2,2,0.0,0.0,0.0
26,2,2,3,0.0,0.0,0.0
26,2,3,1,0.7941000567790231,3.8761011266018324,4.670201183380856
26,2,3,2,3.8761011266018324,3.8761011266018324,7.752202253203665
26,2,3,3,0.0,0.0,0.0
26,2,4,1,0.0,0.0,0.0
26,2,4,2,0.0,3.8761011266018324,3.8761011266018324
26,2,4,3,0.0,0.0,0.0
26,2,5,1,0.0,0.0,0.0
26,2,5,2,0.0,3.8761011266018324,3.8761011266018324
26,2,5,3,0.0,0.0,0.0
26,2,6,1,0.0,0.0,0.0
26,2,6,2,0.0,3.8761011266018324,3.8761011266018324
26,2,6,3,0.0,0.0,0.0
26,2,7,1,0.0,0.0,0.0
26,2,7,2,0.0,3.8761011266018324,3.8761011266018324
26,2,7,3,0.0,0.0,0.0
26,2,8,1,0.0,0.0,0.0
26,2,8,2,0.0,3.8761011266018324,3.8761011266018324
26,2,8,3,0.0,0.0,0.0
26,2,9,1,0.0,0.0,0.0
26,2,9,2,0.0,3.8761011266018324,3.8761011266018324
26,2,9,3,0.0,0.0,0.0
26,2,10,1,0.0,0.0,0.0
26,2,10,2,0.0,3.8761011266018324,3.8761011266018324
26,2,10,3,0.0,0.0,0.0
26,2,11,1,0.0,0.0,0.0
26,2,11,2,0.0,3.8761011266018324,3.8761011266018324
26,2,11,3,0.0,0.0,0.0
26,2,12,1,0.0,0.0,0.0
26,2,12,2,0.0,3.8761011266018324,3.8761011266018324
26,2,12,3,0.0,0.0,0.0
26,2,13,1,0.0,0.0,0.0
26,2,13,2,0.0,3.8761011266018324,3.8761011266018324
26,2,13,3,0.0,0.0,0.0
26,2,14,1,0.0,0.0,0.0
26,2,14,2,0.0,3.8761011266018324,3.8761011266018324
26,2,14,3,0.0,0.0,0.0
26,2,15,1,0.0,0.0,0.0
26,2,15,2,0.0,3.8761011266018324,3.8761011266018324
26,2,15,3,0.0,0.0,0.0
26,2,16,1,0.0,0.0,0.0
26,2,16,2,0.0,3.8761011266018324,3.8761011266018324
26,2,16,3,0.0,0.0,0.0
26,2,17,1,0.0,0.0,0.0
26,2,17,2,0.0,3.8761011266018324,3.8761011266018324
26,2,17,3,0.0,0.0,0.0
26,2,18,1,0.0,0.0,0.0
26,2,18,2,0.0,3.8761011266018324,3.8761011266018324
26,2,18,3,0.0,0.0,0.0
26,2,19,1,0.0,0.0,0.0
26,2,19,2,0.0,3.8761011266018324,3.8761011266018324
26,2,19,3,0.0,0.0,0.0
26,2,20,1,0.0,0.0,0.0
26,2,20,2,0.0,3.8761011266018324,3.8761011266018324
26,2,20,3,0.0,0.0,0.0
26,1,1,1,4.670201183380856,3.8761011266018324,8.54630230998269
26,1,1,2,2.794100056779023,2.0,4.794100056779023
26,1,1,3,0.0,0.0,0.0
26,1,2,1,0.0,0.0,0.0
26,1,2,2,0.7941000567790231,2.0,2.794100056779023
26,1,2,3,2.0,2.0,4.0
26,1,3,1,0.0,0.0,0.0
26,1,3,2,0.0,0.0,0.0
26,1,3,3,0.0,2.0,2.0
26,1,4,1,0.0,0.0,0.0
26,1,4,2,0.0,0.0,0.0
26,1,4,3,0.0,2.0,2.0
26,1,5,1,0.0,0.0,0.0
26,1,5,2,0.0,0.0,0.0
26,1,5,3,0.0,2.0,2.0
26,1,6,1,0.0,0.0,0.0
26,1,6,2,0.0,0.0,0.0
26,1,6,3,0.0,2.0,2.0
26,1,7,1,0.0,0.0,0.0
26,1,7,2,0.0,0.0,0.0
26,1,7,3,0.0,2.0,2.0
26,1,8,1,0.0,0.0,0.0
26,1,8,2,0.0,0.0,0.0
26,1,8,3,0.0,2.0,2.0
26,1,9,1,0.0,0.0,0.0
26,1,9,2,0.0,0.0,0.0
26,1,9,3,0.0,2.0,2.0
26,1,10,1,0.0,0.0,0.0
26,1,10,2,0.0,0.0,0.0
26,1,10,3,0.0,2.0,2.0
26,1,11,1,0.0,0.0,0.0
26,1,11,2,0.0,0.0,0.0
26,1,11,3,0.0,2.0,2.0
26,1,12,1,0.0,0.0,0.0
26,1,12,2,0.0,0.0,0.0
26,1,12,3,0.0,2.0,2.0
26,1,13,1,0.0,0.0,0.0
26,1,13,2,0.0,0.0,0.0
26,1,13,3,0.0,2.0,2.0
26,1,14,1,0.0,0.0,0.0
26,1,14,2,0.0,0.0,0.0
26,1,14,3,0.0,2.0,2.0
26,1,15,1,0.0,0.0,0.0
26,1,15,2,0.0,0.0,0.0
26,1,15,3,0.0,2.0,2.0
26,1,16,1,0.0,0.0,0.0
26,1,16,2,0.0,0.0,0.0
26,1,16,3,0.0,2.0,2.0
26,1,17,1,0.0,0.0,0.0
26,1,17,2,0.0,0.0,0.0
26,1,17,3,0.0,2.0,2.0
26,1,18,1,0.0,0.0,0.0
26,1,18,2,0.0,0.0,0.0
26,1,18,3,0.0,2.0,2.0
26,1,19,1,0.0,0.0,0.0
26,1,19,2,0.0,0.0,0.0
26,1,19,3,0.0,2.0,2.0
26,1,20,1,0.0,0.0,0.0
26,1,20,2,0.0,0.0,0.0
26,1,20,3,0.0,2.0,2.0
27,3,1,1,3.8761011266018324,3.8761011266018324,7.752202253203665
27,3,1,2,3.8761011266018324,3.8761011266018324,7.752202253203665
27,3,1,3,0.0,0.0,0.0
27,3,2,1,0.0,0.0,0.0
27,3,2,2,0.0,3.8761011266018324,3.8761011266018324
27,3,2,3,0.0,0.0,0.0
27,3,3,1,0.0,0.0,0.0
27,3,3,2,0.0,3.8761011266018324,3.8761011266018324
27,3,3,3,0.0,0.0,0.0
27,3,4,1,0.0,0.0,0.0
27,3,4,2,0.0,3.8761011266018324,3.8761011266018324
27,3,4,3,0.0,0.0,0.0
27,3,5,1,0.0,0.0,0.0
27,3,5,2,0.0,3.8761011266018324,3.8761011266018324
27,3,5,3,0.0,0.0,0.0
27,3,6,1,0.0,0.0,0.0
27,3,6,2,0.0,3.8761011266018324,3.8761011266018324
27,3,6,3,0.0,0.0,0.0
27,3,7,1,0.0,0.0,0.0
27,3,7,2,0.0,3.8761011266018324,3.8761011266018324
27,3,7,3,0.0,0.0,0.0
27,3,8,1,3.8761011266018324,3.8761011266018324,7.752202253203665
27,3,8,2,0.0,3.8761011266018324,3.8761011266018324
27,3,8,3,0.0,0.0,0.0
27,3,9,1,0.0,0.0,0.0
27,3,9,2,0.0,3.8761011266018324,3.8761011266018324
27,3,9,3,0.0,0.0,0.0
27,3,10,1,0.0,0.0,0.0
27,3,10,2,0.0,3.8761011266018324,3.8761011266018324
27,3,10,3,0.0,0.0,0.0
27,3,11,1,0.0,3.8761011266018324,3.8761011266018324
27,3,11,2,0.0,3.8761011266018324,3.8761011266018324
27,3,11,3,0.0,0.0,0.0
27,3,12,1,0.0,3.8761011266018324,3.8761011266018324
27,3,12,2,0.0,3.8761011266018324,3.8761011266018324
27,3,12,3,0.0,0.0,0.0
27,3,13,1,0.0,3.8761011266018324,3.8761011266018324
27,3,13,2,0.0,0.0,0.0
27,3,13,3,0.0,0.0,0.0
27,3,14,1,0.0,3.8761011266018324,3.8761011266018324
27,3,14,2,0.0,0.0,0.0
27,3,14,3,0.0,0.0,0.0
27,3,15,1,0.0,3.8761011266018324,3.8761011266018324
27,3,15,2,0.0,0.0,0.0
27,3,15,3,0.0,0.0,0.0
27,3,16,1,0.0,3.8761011266018324,3.8761011266018324
27,3,16,2,0.0,0.0,0.0
27,3,16,3,0.0,0.0,0.0
27,3,17,1,0.0,3.8761011266018324,3.8761011266018324
27,3,17,2,0.0,3.8761011266018324,3.8761011266018324
27,3,17,3,0.0,0.0,0.0
27,3,18,1,0.0,3.8761011266018324,3.8761011266018324
27,3,18,2,0.0,0.0,0.0
27,3,18,3,0.0,0.0,0.0
27,3,19,1,0.0,3.8761011266018324,3.8761011266018324
27,3,19,2,0.0,0.0,0.0
27,3,19,3,0.0,0.0,0.0
27,3,20,1,0.0,3.8761011266018324,3.8761011266018324
27,3,20,2,0.0,0.0,0.0
27,3,20,3,0.0,0.0,0.0
27,2,1,1,4.670201183380856,3.8761011266018324,8.54630230998269
27,2,1,2,0.0,0.0,0.0
27,2,1,3,0.0,0.0,0.0
27,2,2,1,0.7941000567790231,3.8761011266018324,4.670201183380856
27,2,2,2,0.0,0.0,0.0
27,2,2,3,0.0,0.0,0.0
27,2,3,1,0.7941000567790231,3.8761011266018324,4.670201183380856
27,2,3,2,0.0,0.0,0.0
27,2,3,3,0.0,0.0,0.0
27,2,4,1,0.7941000567790231,3.8761011266018324,4.670201183380856
27,2,4,2,3.8761011266018324,3.8761011266018324,7.752202253203665
27,2,4,3,0.0,0.0,0.0
27,2,5,1,0.0,0.0,0.0
27,2,5,2,0.0,3.8761011266018324,3.8761011266018324
27,2,5,3,0.0,0.0,0.0
27,2,6,1,0.0,0.0,0.0
27,2,6,2,0.0,3.8761011266018324,3.8761011266018324
27,2,6,3,0.0,0.0,0.0
27,2,7,1,0.0,0.0,0.0
27,2,7,2,0.0,3.8761011266018324,3.8761011266018324
27,2,7,3,0.0,0.0,0.0
27,2,8,1,0.0,0.0,0.0
27,2,8,2,0.0,3.8761011266018324,3.8761011266018324
27,2,8,3,0.0,0.0,0.0
27,2,9,1,0.0,0.0,0.0
27,2,9,2,0.0,3.8761011266018324,3.8761011266018324
27,2,9,3,0.0,0.0,0.0
27,2,10,1,0.0,0.0,0.0
27,2,10,2,0.0,3.8761011266018324,3.8761011266018324
27,2,10,3,0.0,0.0,0.0
27,2,11,1,0.0,0.0,0.0
27,2,11,2,0.0,3.8761011266018324,3.8761011266018324
27,2,11,3,0.0,0.0,0.0
27,2,12,1,0.0,0.0,0.0
27,2,12,2,0.0,3.8761011266018324,3.8761011266018324
27,2,12,3,0.0,0.0,0.0
27,2,13,1,0.0,0.0,0.0
27,2,13,2,0.0,3.8761011266018324,3.8761011266018324
27,2,13,3,0.0,0.0,0.0
27,2,14,1,0.0,0.0,0.0
27,2,14,2,0.0,3.8761011266018324,3.8761011266018324
27,2,14,3,0.0,0.0,0.0
27,2,15,1,0.0,0.0,0.0
27,2,15,2,0.0,3.8761011266018324,3.8761011266018324
27,2,15,3,0.0,0.0,0.0
27,2,16,1,0.0,0.0,0.0
27,2,16,2,0.0,3.8761011266018324,3.8761011266018324
27,2,16,3,0.0,0.0,0.0
27,2,17,1,0.0,0.0,0.0
27,2,17,2,0.0,3.8761011266018324,3.8761011266018324
27,2,17,3,0.0,0.0,0.0
27,2,18,1,0.0,0.0,0.0
27,2,18,2,0.0,3.8761011266018324,3.8761011266018324
27,2,18,3,0.0,0.0,0.0
27,2,19,1,0.0,0.0,0.0
27,2,19,2,0.0,3.8761011266018324,3.8761011266018324
27,2,19,3,0.0,0.0,0.0
27,2,20,1,0.0,0.0,0.0
27,2,20,2,0.0,3.8761011266018324,3.8761011266018324
27,2,20,3,2.0,2.0,4.0
27,1,1,1,4.670201183380856,3.8761011266018324,8.54630230998269
27,1,1,2,2.794100056779023,2.0,4.794100056779023
27,1,1,3,0.0,0.0,0.0
27,1,2,1,0.0,0.0,0.0
27,1,2,2,0.7941000567790231,2.0,2.794100056779023
27,1,2,3,0.0,0.0,0.0
27,1,3,1,0.0,0.0,0.0
27,1,3,2,0.0,2.0,2.0
27,1,3,3,2.0,2.0,4.0
27,1,4,1,0.7941000567790231,3.8761011266018324,4.670201183380856
27,1,4,2,0.0,2.0,2.0
27,1,4,3,0.0,2.0,2.0
27,1,5,1,0.0,0.0,0.0
27,1,5,2,0.0,0.0,0.0
27,1,5,3,0.0,2.0,2.0
27,1,6,1,0.0,0.0,0.0
27,1,6,2,0.0,0.0,0.0
27,1,6,3,0.0,2.0,2.0
27,1,7,1,0.0,0.0,0.0
27,1,7,2,0.0,0.0,0.0
27,1,7,3,0.0,2.0,2.0
27,1,8,1,0.0,0.0,0.0
27,1,8,2,0.0,0.0,0.0
27,1,8,3,0.0,2.0,2.0
27,1,9,1,0.0,0.0,0.0
27,1,9,2,0.0,0.0,0.0
27,1,9,3,0.0,2.0,2.0
27,1,10,1,0.0,0.0,0.0
27,1,10,2,0.0,0.0,0.0
27,1,10,3,0.0,2.0,2.0
27,1,11,1,0.0,0.0,0.0
27,1,11,2,0.0,0.0,0.0
27,1,11,3,0.0,2.0,2.0
27,1,12,1,0.0,0.0,0.0
27,1,12,2,0.0,0.0,0.0
27,1,12,3,0.0,2.0,2.0
27,1,13,1,0.0,0.0,0.0
27,1,13,2,0.0,0.0,0.0
27,1,13,3,0.0,2.0,2.0
27,1,14,1,0.0,0.0,0.0
27,1,14,2,0.0,0.0,0.0
27,1,14,3,0.0,2.0,2.0
27,1,15,1,0.0,0.0,0.0
27,1,15,2,0.0,0.0,0.0
27,1,15,3,0.0,2.0,2.0
27,1,16,1,0.0,0.0,0.0
27,1,16,2,0.0,0.0,0.0
27,1,16,3,0.0,2.0,2.0
27,1,17,1,0.0,0.0,0.0
27,1,17,2,0.0,0.0,0.0
27,1,17,3,0.0,2.0,2.0
27,1,18,1,0.0,0.0,0.0
27,1,18,2,0.0,0.0,0.0
27,1,18,3,0.0,2.0,2.0
27,1,19,1,0.0,0.0,0.0
27,1,19,2,0.0,0.0,0.0
27,1,19,3,0.0,2.0,2.0
27,1,20,1,0.0,0.0,0.0
27,1,20,2,0.0,0.0,0.0
27,1,20,3,0.0,2.0,2.0
28,3,1,1,3.8761011266018324,3.8761011266018324,7.752202253203665
28,3,1,2,3.8761011266018324,3.8761011266018324,7.752202253203665
28,3,1,3,0.0,0.0,0.0
28,3,2,1,0.0,0.0,0.0
28,3,2,2,0.0,3.8761011266018324,3.8761011266018324
28,3,2,3,0.0,0.0,0.0
28,3,3,1,0.0,0.0,0.0
28,3,3,2,0.0,3.8761011266018324,3.8761011266018324
28,3,3,3,0.0,0.0,0.0
28,3,4,1,3.8761011266018324,3.8761011266018324,7.752202253203665
28,3,4,2,0.0,0.0,0.0
28,3,4,3,0.0,0.0,0.0
28,3,5,1,0.0,3.8761011266018324,3.8761011266018324
28,3,5,2,0.0,0.0,0.0
28,3,5,3,0.0,0.0,0.0
28,3,6,1,0.0,3.8761011266018324,3.8761011266018324
28,3,6,2,0.0,0.0,0.0
28,3,6,3,0.0,0.0,0.0
28,3,7,1,0.0,3.8761011266018324,3.8761011266018324
28,3,7,2,0.0,3.8761011266018324,3.8761011266018324
28,3,7,3,0.0,0.0,0.0
28,3,8,1,0.0,0.0,0.0
28,3,8,2,0.0,3.8761011266018324,3.8761011266018324
28,3,8,3,0.0,0.0,0.0
28,3,9,1,0.0,0.0,0.0
28,3,9,2,0.0,3.8761011266018324,3.8761011266018324
28,3,9,3,0.0,0.0,0.0
28,3,10,1,0.0,0.0,0.0
28,3,10,2,0.0,3.8761011266018324,3.8761011266018324
28,3,10,3,0.0,0.0,0.0
28,3,11,1,0.0,3.8761011266018324,3.8761011266018324
28,3,11,2,0.0,3.8761011266018324,3.8761011266018324
28,3,11,3,0.0,0.0,0.0
28,3,12,1,0.0,0.0,0.0
28,3,12,2,0.0,3.8761011266018324,3.8761011266018324
28,3,12,3,0.0,0.0,0.0
28,3,13,1,0.0,3.8761011266018324,3.8761011266018324
28,3,13,2,0.0,0.0,0.0
28,3,13,3,0.0,0.0,0.0
28,3,14,1,0.0,3.8761011266018324,3.8761011266018324
28,3,14,2,0.0,0.0,0.0
28,3,14,3,0.0,0.0,0.0
28,3,15,1,0.0,3.8761011266018324,3.8761011266018324
28,3,15,2,0.0,0.0,0.0
28,3,15,3,0.0,0.0,0.0
28,3,16,1,0.0,3.8761011266018324,3.8761011266018324
28,3,16,2,0.0,0.0,0.0
28,3,16,3,0.0,0.0,0.0
28,3,17,1,0.0,3.8761011266018324,3.8761011266018324
28,3,17,2,0.0,0.0,0.0
28,3,17,3,0.0,0.0,0.0
28,3,18,1,0.0,3.8761011266018324,3.8761011266018324
28,3,18,2,0.0,3.8761011266018324,3.8761011266018324
28,3,18,3,0.0,0.0,0.0
28,3,19,1,0.0,0.0,0.0
28,3,19,2,0.0,3.8761011266018324,3.8761011266018324
28,3,19,3,0.0,0.0,0.0
28,3,20,1,0.0,0.0,0.0
28,3,20,2,0.0,3.8761011266018324,3.8761011266018324
28,3,20,3,0.0,0.0,0.0
28,2,1,1,4.670201183380856,3.8761011266018324,8.54630230998269
28,2,1,2,3.8761011266018324,3.8761011266018324,7.752202253203665
28,2,1,3,0.0,0.0,0.0
28,2,2,1,0.0,0.0,0.0
28,2,2,2,0.0,3.8761011266018324,3.8761011266018324
28,2,2,3,0.0,0.0,0.0
28,2,3,1,0.0,0.0,0.0
28,2,3,2,0.0,3.8761011266018324,3.8761011266018324
28,2,3,3,0.0,0.0,0.0
28,2,4,1,0.0,0.0,0.0
28,2,4,2,0.0,3.8761011266018324,3.8761011266018324
28,2,4,3,0.0,0.0,0.0
28,2,5,1,0.0,0.0,0.0
28,2,5,2,0.0,3.8761011266018324,3.8761011266018324
28,2,5,3,0.0,0.0,0.0
28,2,6,1,0.0,0.0,0.0
28,2,6,2,0.0,3.8761011266018324,3.8761011266018324
28,2,6,3,0.0,0.0,0.0
28,2,7,1,0.0,0.0,0.0
28,2,7,2,0.0,3.8761011266018324,3.8761011266018324
28,2,7,3,0.0,0.0,0.0
28,2,8,1,0.0,0.0,0.0
28,2,8,2,0.0,3.8761011266018324,3.8761011266018324
28,2,8,3,0.0,0.0,0.0
28,2,9,1,0.0,0.0,0.0
28,2,9,2,0.0,3.8761011266018324,3.8761011266018324
28,2,9,3,0.0,0.0,0.0
28,2,10,1,0.0,0.0,0.0
28,2,10,2,0.0,3.8761011266018324,3.8761011266018324
28,2,10,3,0.0,0.0,0.0
28,2,11,1,0.0,0.0,0.0
28,2,11,2,0.0,3.8761011266018324,3.8761011266018324
28,2,11,3,0.0,0.0,0.0
28,2,12,1,0.0,0.0,0.0
28,2,12,2,0.0,3.8761011266018324,3.8761011266018324
28,2,12,3,2.0,2.0,4.0
28,2,13,1,0.7941000567790231,3.8761011266018324,4.670201183380856
28,2,13,2,0.0,3.8761011266018324,3.8761011266018324
28,2,13,3,0.0,0.0,0.0
28,2,14,1,0.0,0.0,0.0
28,2,14,2,0.0,3.8761011266018324,3.8761011266018324
28,2,14,3,0.0,0.0,0.0
28,2,15,1,0.0,0.0,0.0
28,2,15,2,0.0,3.8761011266018324,3.8761011266018324
28,2,15,3,0.0,0.0,0.0
28,2,16,1,0.0,0.0,0.0
28,2,16,2,0.0,3.8761011266018324,3.8761011266018324
28,2,16,3,0.0,0.0,0.0
28,2,17,1,0.0,0.0,0.0
28,2,17,2,0.0,3.8761011266018324,3.8761011266018324
28,2,17,3,0.0,0.0,0.0
28,2,18,1,0.0,0.0,0.0
28,2,18,2,0.0,3.8761011266018324,3.8761011266018324
28,2,18,3,0.0,0.0,0.0
28,2,19,1,0.0,0.0,0.0
28,2,19,2,0.0,3.8761011266018324,3.8761011266018324
28,2,19,3,0.0,0.0,0.0
28,2,20,1,0.0,0.0,0.0
28,2,20,2,0.0,3.8761011266018324,3.8761011266018324
28,2,20,3,0.0,0.0,0.0
28,1,1,1,4.670201183380856,3.8761011266018324,8.54630230998269
28,1,1,2,0.0,0.0,0.0
28,1,1,3,0.0,0.0,0.0
28,1,2,1,0.7941000567790231,3.8761011266018324,4.670201183380856
28,1,2,2,2.794100056779023,2.0,4.794100056779023
28,1,2,3,0.0,0.0,0.0
28,1,3,1,0.0,0.0,0.0
28,1,3,2,0.7941000567790231,2.0,2.794100056779023
28,1,3,3,0.0,0.0,0.0
28,1,4,1,0.0,0.0,0.0
28,1,4,2,0.0,2.0,2.0
28,1,4,3,2.0,2.0,4.0
28,1,5,1,0.0,0.0,0.0
28,1,5,2,0.0,0.0,0.0
28,1,5,3,0.0,2.0,2.0
28,1,6,1,0.7941000567790231,3.8761011266018324,4.670201183380856
28,1,6,2,0.0,2.0,2.0
28,1,6,3,0.0,2.0,2.0
28,1,7,1,0.0,0.0,0.0
28,1,7,2,0.0,0.0,0.0
28,1,7,3,0.0,2.0,2.0
28,1,8,1,0.0,0.0,0.0
28,1,8,2,0.0,0.0,0.0
28,1,8,3,0.0,2.0,2.0
28,1,9,1,0.0,0.0,0.0
28,1,9,2,0.0,0.0,0.0
28,1,9,3,0.0,0.0,0.0
28,1,10,1,0.0,3.8761011266018324,3.8761011266018324
28,1,10,2,0.0,2.0,2.0
28,1,10,3,0.0,2.0,2.0
28,1,11,1,0.0,0.0,0.0
28,1,11,2,0.0,0.0,0.0
28,1,11,3,0.0,2.0,2.0
28,1,12,1,0.0,0.0,0.0
28,1,12,2,0.0,0.0,0.0
28,1,12,3,0.0,2.0,2.0
28,1,13,1,0.0,0.0,0.0
28,1,13,2,0.0,0.0,0.0
28,1,13,3,0.0,2.0,2.0
28,1,14,1,0.0,0.0,0.0
28,1,14,2,0.0,0.0,0.0
28,1,14,3,0.0,2.0,2.0
28,1,15,1,0.0,0.0,0.0
28,1,15,2,0.0,0.0,0.0
28,1,15,3,0.0,2.0,2.0
28,1,16,1,0.0,0.0,0.0
28,1,16,2,0.0,0.0,0.0
28,1,16,3,0.0,2.0,2.0
28,1,17,1,0.0,0.0,0.0
28,1,17,2,0.0,0.0,0.0
28,1,17,3,0.0,2.0,2.0
28,1,18,1,0.0,0.0,0.0
28,1,18,2,0.0,0.0,0.0
28,1,18,3,0.0,2.0,2.0
28,1,19,1,0.0,0.0,0.0
28,1,19,2,0.0,0.0,0.0
28,1,19,3,0.0,2.0,2.0
28,1,20,1,0.0,0.0,0.0
28,1,20,2,0.0,0.0,0.0
28,1,20,3,0.0,2.0,2.0
29,3,1,1,3.8761011266018324,3.8761011266018324,7.752202253203665
29,3,1,2,3.8761011266018324,3.8761011266018324,7.752202253203665
29,3,1,3,0.0,0.0,0.0
29,3,2,1,3.8761011266018324,3.8761011266018324,7.752202253203665
29,3,2,2,0.0,0.0,0.0
29,3,2,3,0.0,0.0,0.0
29,3,3,1,0.0,3.8761011266018324,3.8761011266018324
29,3,3,2,0.0,0.0,0.0
29,3,3,3,0.0,0.0,0.0
29,3,4,1,0.0,3.8761011266018324,3.8761011266018324
29,3,4,2,0.0,0.0,0.0
29,3,4,3,0.0,0.0,0.0
29,3,5,1,0.0,3.8761011266018324,3.8761011266018324
29,3,5,2,0.0,3.8761011266018324,3.8761011266018324
29,3,5,3,0.0,0.0,0.0
29,3,6,1,0.0,0.0,0.0
29,3,6,2,0.0,3.8761011266018324,3.8761011266018324
29,3,6,3,0.0,0.0,0.0
29,3,7,1,0.0,3.8761011266018324,3.8761011266018324
29,3,7,2,0.0,3.8761011266018324,3.8761011266018324
29,3,7,3,0.0,0.0,0.0
29,3,8,1,0.0,3.8761011266018324,3.8761011266018324
29,3,8,2,0.0,0.0,0.0
29,3,8,3,0.0,0.0,0.0
29,3,9,1,0.0,3.8761011266018324,3.8761011266018324
29,3,9,2,0.0,0.0,0.0
29,3,9,3,0.0,0.0,0.0
29,3,10,1,0.0,3.8761011266018324,3.8761011266018324
29,3,10,2,0.0,3.8761011266018324,3.8761011266018324
29,3,10,3,0.0,0.0,0.0
29,3,11,1,0.0,0.0,0.0
29,3,11,2,0.0,3.8761011266018324,3.8761011266018324
29,3,11,3,0.0,0.0,0.0
29,3,12,1,0.0,0.0,0.0
29,3,12,2,0.0,3.8761011266018324,3.8761011266018324
29,3,12,3,0.0,0.0,0.0
29,3,13,1,0.0,3.8761011266018324,3.8761011266018324
29,3,13,2,0.0,3.8761011266018324,3.8761011266018324
29,3,13,3,0.0,0.0,0.0
29,3,14,1,0.0,0.0,0.0
29,3,14,2,0.0,3.8761011266018324,3.8761011266018324
29,3,14,3,0.0,0.0,0.0
29,3,15,1,0.0,0.0,0.0
29,3,15,2,0.0,3.8761011266018324,3.8761011266018324
29,3,15,3,0.0,0.0,0.0
29,3,16,1,0.0,3.8761011266018324,3.8761011266018324
29,3,16,2,0.0,0.0,0.0
29,3,16,3,0.0,0.0,0.0
29,3,17,1,0.0,3.8761011266018324,3.8761011266018324
29,3,17,2,0.0,0.0,0.0
29,3,17,3,0.0,0.0,0.0
29,3,18,1,0.0,3.8761011266018324,3.8761011266018324
29,3,18,2,0.0,0.0,0.0
29,3,18,3,0.0,0.0,0.0
29,3,19,1,0.0,3.8761011266018324,3.8761011266018324
29,3,19,2,0.0,0.0,0.0
29,3,19,3,0.0,0.0,0.0
29,3,20,1,0.0,3.8761011266018324,3.8761011266018324
29,3,20,2,0.0,0.0,0.0
29,3,20,3,0.0,0.0,0.0
29,2,1,1,4.670201183380856,3.8761011266018324,8.54630230998269
29,2,1,2,0.0,0.0,0.0
29,2,1,3,0.0,0.0,0.0
29,2,2,1,0.7941000567790231,3.8761011266018324,4.670201183380856
29,2,2,2,0.0,0.0,0.0
29,2,2,3,0.0,0.0,0.0
29,2,3,1,0.7941000567790231,3.8761011266018324,4.670201183380856
29,2,3,2,3.8761011266018324,3.8761011266018324,7.752202253203665
29,2,3,3,0.0,0.0,0.0
29,2,4,1,0.0,0.0,0.0
29,2,4,2,0.0,3.8761011266018324,3.8761011266018324
29,2,4,3,2.0,2.0,4.0
29,2,5,1,0.0,0.0,0.0
29,2,5,2,0.0,0.0,0.0
29,2,5,3,0.0,2.0,2.0
29,2,6,1,0.7941000567790231,3.8761011266018324,4.670201183380856
29,2,6,2,0.0,3.8761011266018324,3.8761011266018324
29,2,6,3,0.0,0.0,0.0
29,2,7,1,0.0,0.0,0.0
29,2,7,2,0.0,3.8761011266018324,3.8761011266018324
29,2,7,3,0.0,0.0,0.0
29,2,8,1,0.0,0.0,0.0
29,2,8,2,0.0,3.8761011266018324,3.8761011266018324
29,2,8,3,0.0,0.0,0.0
29,2,9,1,0.0,0.0,0.0
29,2,9,2,0.0,3.8761011266018324,3.8761011266018324
29,2,9,3,0.0,0.0,0.0
29,2,10,1,0.0,0.0,0.0
29,2,10,2,0.0,3.8761011266018324,3.8761011266018324
29,2,10,3,0.0,0.0,0.0
29,2,11,1,0.0,0.0,0.0
29,2,11,2,0.0,3.8761011266018324,3.8761011266018324
29,2,11,3,0.0,0.0,0.0
29,2,12,1,0.0,0.0,0.0
29,2,12,2,0.0,3.8761011266018324,3.8761011266018324
29,2,12,3,0.0,0.0,0.0
29,2,13,1,0.0,0.0,0.0
29,2,13,2,0.0,3.8761011266018324,3.8761011266018324
29,2,13,3,0.0,0.0,0.0
29,2,14,1,0.0,0.0,0.0
29,2,14,2,0.0,3.8761011266018324,3.8761011266018324
29,2,14,3,0.0,0.0,0.0
29,2,15,1,0.0,0.0,0.0
29,2,15,2,0.0,3.8761011266018324,3.8761011266018324
29,2,15,3,0.0,0.0,0.0
29,2,16,1,0.0,0.0,0.0
29,2,16,2,0.0,3.8761011266018324,3.8761011266018324
29,2,16,3,0.0,2.0,2.0
29,2,17,1,0.0,0.0,0.0
29,2,17,2,0.0,0.0,0.0
29,2,17,3,0.0,2.0,2.0
29,2,18,1,0.0,3.8761011266018324,3.8761011266018324
29,2,18,2,0.0,3.8761011266018324,3.8761011266018324
29,2,18,3,0.0,0.0,0.0
29,2,19,1,0.0,0.0,0.0
29,2,19,2,0.0,3.8761011266018324,3.8761011266018324
29,2,19,3,0.0,0.0,0.0
29,2,20,1,0.0,0.0,0.0
29,2,20,2,0.0,3.8761011266018324,3.8761011266018324
29,2,20,3,0.0,0.0,0.0
29,1,1,1,4.670201183380856,3.8761011266018324,8.54630230998269
29,1,1,2,2.794100056779023,2.0,4.794100056779023
29,1,1,3,0.0,0.0,0.0
29,1,2,1,0.0,0.0,0.0
29,1,2,2,0.7941000567790231,2.0,2.794100056779023
29,1,2,3,2.0,2.0,4.0
29,1,3,1,0.0,0.0,0.0
29,1,3,2,0.0,0.0,0.0
29,1,3,3,0.0,2.0,2.0
29,1,4,1,0.0,0.0,0.0
29,1,4,2,0.0,0.0,0.0
29,1,4,3,0.0,2.0,2.0
29,1,5,1,0.0,0.0,0.0
29,1,5,2,0.0,0.0,0.0
29,1,5,3,0.0,2.0,2.0
29,1,6,1,0.0,0.0,0.0
29,1,6,2,0.0,0.0,0.0
29,1,6,3,0.0,2.0,2.0
29,1,7,1,0.0,0.0,0.0
29,1,7,2,0.0,0.0,0.0
29,1,7,3,0.0,2.0,2.0
29,1,8,1,0.0,0.0,0.0
29,1,8,2,0.0,0.0,0.0
29,1,8,3,0.0,2.0,2.0
29,1,9,1,0.0,0.0,0.0
29,1,9,2,0.0,0.0,0.0
29,1,9,3,0.0,2.0,2.0
29,1,10,1,0.0,0.0,0.0
29,1,10,2,0.0,0.0,0.0
29,1,10,3,0.0,2.0,2.0
29,1,11,1,0.0,0.0,0.0
29,1,11,2,0.0,0.0,0.0
29,1,11,3,0.0,2.0,2.0
29,1,12,1,0.0,0.0,0.0
29,1,12,2,0.0,0.0,0.0
29,1,12,3,0.0,2.0,2.0
29,1,13,1,0.0,0.0,0.0
29,1,13,2,0.0,0.0,0.0
29,1,13,3,0.0,2.0,2.0
29,1,14,1,0.0,0.0,0.0
29,1,14,2,0.0,0.0,0.0
29,1,14,3,0.0,2.0,2.0
29,1,15,1,0.0,0.0,0.0
29,1,15,2,0.0,0.0,0.0
29,1,15,3,0.0,2.0,2.0
29,1,16,1,0.0,0.0,0.0
29,1,16,2,0.0,0.0,0.0
29,1,16,3,0.0,2.0,2.0
29,1,17,1,0.0,0.0,0.0
29,1,17,2,0.0,0.0,0.0
29,1,17,3,0.0,2.0,2.0
29,1,18,1,0.0,0.0,0.0
29,1,18,2,0.0,0.0,0.0
29,1,18,3,0.0,2.0,2.0
29,1,19,1,0.0,0.0,0.0
29,1,19,2,0.0,0.0,0.0
29,1,19,3,0.0,2.0,2.0
29,1,20,1,0.0,0.0,0.0
29,1,20,2,0.0,0.0,0.0
29,1,20,3,0.0,2.0,2.0
30,3,1,1,3.8761011266018324,3.8761011266018324,7.752202253203665
30,3,1,2,0.0,0.0,0.0
30,3,1,3,0.0,0.0,0.0
30,3,2,1,3.8761011266018324,3.8761011266018324,7.752202253203665
30,3,2,2,0.0,0.0,0.0
30,3,2,3,0.0,0.0,0.0
30,3,3,1,0.0,3.8761011266018324,3.8761011266018324
30,3,3,2,3.8761011266018324,3.8761011266018324,7.752202253203665
30,3,3,3,0.0,0.0,0.0
30,3,4,1,0.0,0.0,0.0
30,3,4,2,0.0,3.8761011266018324,3.8761011266018324
30,3,4,3,2.0,2.0,4.0
30,3,5,1,0.0,0.0,0.0
30,3,5,2,0.0,0.0,0.0
30,3,5,3,0.0,2.0,2.0
30,3,6,1,0.0,0.0,0.0
30,3,6,2,0.0,0.0,0.0
30,3,6,3,0.0,2.0,2.0
30,3,7,1,0.0,3.8761011266018324,3.8761011266018324
30,3,7,2,0.0,0.0,0.0
30,3,7,3,0.0,0.0,0.0
30,3,8,1,0.0,3.8761011266018324,3.8761011266018324
30,3,8,2,0.0,0.0,0.0
30,3,8,3,0.0,0.0,0.0
30,3,9,1,0.0,3.8761011266018324,3.8761011266018324
30,3,9,2,0.0,3.8761011266018324,3.8761011266018324
30,3,9,3,0.0,0.0,0.0
30,3,10,1,0.0,0.0,0.0
30,3,10,2,0.0,3.8761011266018324,3.8761011266018324
30,3,10,3,0.0,0.0,0.0
30,3,11,1,0.0,3.8761011266018324,3.8761011266018324
30,3,11,2,0.0,0.0,0.0
30,3,11,3,0.0,0.0,0.0
30,3,12,1,0.0,3.8761011266018324,3.8761011266018324
30,3,12,2,0.0,0.0,0.0
30,3,12,3,0.0,0.0,0.0
30,3,13,1,0.0,3.8761011266018324,3.8761011266018324
30,3,13,2,0.0,0.0,0.0
30,3,13,3,0.0,0.0,0.0
30,3,14,1,0.0,3.8761011266018324,3.8761011266018324
30,3,14,2,0.0,0.0,0.0
30,3,14,3,0.0,0.0,0.0
30,3,15,1,0.0,3.8761011266018324,3.8761011266018324
30,3,15,2,0.0,0.0,0.0
30,3,15,3,0.0,0.0,0.0
30,3,16,1,0.0,3.8761011266018324,3.8761011266018324
30,3,16,2,0.0,0.0,0.0
30,3,16,3,0.0,0.0,0.0
30,3,17,1,0.0,3.8761011266018324,3.8761011266018324
30,3,17,2,0.0,0.0,0.0
30,3,17,3,0.0,0.0,0.0
30,3,18,1,0.0,3.8761011266018324,3.8761011266018324
30,3,18,2,0.0,0.0,0.0
30,3,18,3,0.0,0.0,0.0
30,3,19,1,0.0,3.8761011266018324,3.8761011266018324
30,3,19,2,0.0,0.0,0.0
30,3,19,3,0.0,0.0,0.0
30,3,20,1,0.0,3.8761011266018324,3.8761011266018324
30,3,20,2,0.0,0.0,0.0
30,3,20,3,0.0,0.0,0.0
30,2,1,1,4.670201183380856,3.8761011266018324,8.54630230998269
30,2,1,2,0.0,0.0,0.0
30,2,1,3,0.0,0.0,0.0
30,2,2,1,0.7941000567790231,3.8761011266018324,4.670201183380856
30,2,2,2,0.0,0.0,0.0
30,2,2,3,0.0,0.0,0.0
30,2,3,1,0.7941000567790231,3.8761011266018324,4.670201183380856
30,2,3,2,3.8761011266018324,3.8761011266018324,7.752202253203665
30,2,3,3,0.0,0.0,0.0
30,2,4,1,0.0,0.0,0.0
30,2,4,2,0.0,3.8761011266018324,3.8761011266018324
30,2,4,3,0.0,0.0,0.0
30,2,5,1,0.0,0.0,0.0
30,2,5,2,0.0,3.8761011266018324,3.8761011266018324
30,2,5,3,0.0,0.0,0.0
30,2,6,1,0.0,0.0,0.0
30,2,6,2,0.0,3.8761011266018324,3.8761011266018324
30,2,6,3,0.0,0.0,0.0
30,2,7,1,0.0,0.0,0.0
30,2,7,2,0.0,3.8761011266018324,3.8761011266018324
30,2,7,3,0.0,0.0,0.0
30,2,8,1,0.0,0.0,0.0
30,2,8,2,0.0,3.8761011266018324,3.8761011266018324
30,2,8,3,0.0,0.0,0.0
30,2,9,1,0.0,0.0,0.0
30,2,9,2,0.0,3.8761011266018324,3.8761011266018324
30,2,9,3,0.0,0.0,0.0
30,2,10,1,0.0,0.0,0.0
30,2,10,2,0.0,3.8761011266018324,3.8761011266018324
30,2,10,3,0.0,0.0,0.0
30,2,11,1,0.0,0.0,0.0
30,2,11,2,0.0,3.8761011266018324,3.8761011266018324
30,2,11,3,0.0,0.0,0.0
30,2,12,1,0.0,0.0,0.0
30,2,12,2,0.0,3.8761011266018324,3.8761011266018324
30,2,12,3,0.0,0.0,0.0
30,2,13,1,0.0,0.0,0.0
30,2,13,2,0.0,3.8761011266018324,3.8761011266018324
30,2,13,3,0.0,0.0,0.0
30,2,14,1,0.0,0.0,0.0
30,2,14,2,0.0,3.8761011266018324,3.8761011266018324
30,2,14,3,0.0,0.0,0.0
30,2,15,1,0.0,0.0,0.0
30,2,15,2,0.0,3.8761011266018324,3.8761011266018324
30,2,15,3,0.0,0.0,0.0
30,2,16,1,0.0,0.0,0.0
30,2,16,2,0.0,3.8761011266018324,3.8761011266018324
30,2,16,3,0.0,0.0,0.0
30,2,17,1,0.0,0.0,0.0
30,2,17,2,0.0,3.8761011266018324,3.8761011266018324
30,2,17,3,0.0,0.0,0.0
30,2,18,1,0.0,0.0,0.0
30,2,18,2,0.0,3.8761011266018324,3.8761011266018324
30,2,18,3,0.0,0.0,0.0
30,2,19,1,0.0,0.0,0.0
30,2,19,2,0.0,3.8761011266018324,3.8761011266018324
30,2,19,3,0.0,0.0,0.0
30,2,20,1,0.0,0.0,0.0
30,2,20,2,0.0,3.8761011266018324,3.8761011266018324
30,2,20,3,0.0,0.0,0.0
30,1,1,1,4.670201183380856,3.8761011266018324,8.54630230998269
30,1,1,2,0.0,0.0,0.0
30,1,1,3,0.0,0.0,0.0
30,1,2,1,0.7941000567790231,3.8761011266018324,4.670201183380856
30,1,2,2,0.0,0.0,0.0
30,1,2,3,0.0,0.0,0.0
30,1,3,1,0.7941000567790231,3.8761011266018324,4.670201183380856
30,1,3,2,2.794100056779023,2.0,4.794100056779023
30,1,3,3,0.0,0.0,0.0
30,1,4,1,0.0,0.0,0.0
30,1,4,2,0.7941000567790231,2.0,2.794100056779023
30,1,4,3,2.0,2.0,4.0
30,1,5,1,0.0,0.0,0.0
30,1,5,2,0.0,0.0,0.0
30,1,5,3,0.0,2.0,2.0
30,1,6,1,0.0,0.0,0.0
30,1,6,2,0.0,0.0,0.0
30,1,6,3,0.0,2.0,2.0
30,1,7,1,0.0,0.0,0.0
30,1,7,2,0.0,0.0,0.0
30,1,7,3,0.0,2.0,2.0
30,1,8,1,0.0,0.0,0.0
30,1,8,2,0.0,0.0,0.0
30,1,8,3,0.0,2.0,2.0
30,1,9,1,0.0,0.0,0.0
30,1,9,2,0.0,0.0,0.0
30,1,9,3,0.0,2.0,2.0
30,1,10,1,0.0,0.0,0.0
30,1,10,2,0.0,0.0,0.0
30,1,10,3,0.0,2.0,2.0
30,1,11,1,0.0,0.0,0.0
30,1,11,2,0.0,0.0,0.0
30,1,11,3,0.0,2.0,2.0
30,1,12,1,0.0,0.0,0.0
30,1,12,2,0.0,0.0,0.0
30,1,12,3,0.0,2.0,2.0
30,1,13,1,0.0,0.0,0.0
30,1,13,2,0.0,0.0,0.0
30,1,13,3,0.0,2.0,2.0
30,1,14,1,0.0,0.0,0.0
30,1,14,2,0.0,0.0,0.0
30,1,14,3,0.0,2.0,2.0
30,1,15,1,0.0,0.0,0.0
30,1,15,2,0.0,0.0,0.0
30,1,15,3,0.0,2.0,2.0
30,1,16,1,0.0,0.0,0.0
30,1,16,2,0.0,0.0,0.0
30,1,16,3,0.0,2.0,2.0
30,1,17,1,0.0,0.0,0.0
30,1,17,2,0.0,0.0,0.0
30,1,17,3,0.0,2.0,2.0
30,1,18,1,0.0,0.0,0.0
30,1,18,2,0.0,0.0,0.0
30,1,18,3,0.0,2.0,2.0
30,1,19,1,0.0,0.0,0.0
30,1,19,2,0.0,0.0,0.0
30,1,19,3,0.0,2.0,2.0
30,1,20,1,0.0,0.0,0.0
30,1,20,2,0.0,0.0,0.0
30,1,20,3,0.0,2.0,2.0
31,3,1,1,3.8761011266018324,3.8761011266018324,7.752202253203665
31,3,1,2,3.8761011266018324,3.8761011266018324,7.752202253203665
31,3,1,3,0.0,0.0,0.0
31,3,2,1,0.0,0.0,0.0
31,3,2,2,0.0,3.8761011266018324,3.8761011266018324
31,3,2,3,0.0,0.0,0.0
31,3,3,1,3.8761011266018324,3.8761011266018324,7.752202253203665
31,3,3,2,0.0,0.0,0.0
31,3,3,3,0.0,0.0,0.0
31,3,4,1,0.0,3.8761011266018324,3.8761011266018324
31,3,4,2,0.0,0.0,0.0
31,3,4,3,0.0,0.0,0.0
31,3,5,1,0.0,3.8761011266018324,3.8761011266018324
31,3,5,2,0.0,0.0,0.0
31,3,5,3,0.0,0.0,0.0
31,3,6,1,0.0,3.8761011266018324,3.8761011266018324
31,3,6,2,0.0,0.0,0.0
31,3,6,3,0.0,0.0,0.0
31,3,7,1,0.0,3.8761011266018324,3.8761011266018324
31,3,7,2,0.0,0.0,0.0
31,3,7,3,0.0,0.0,0.0
31,3,8,1,0.0,3.8761011266018324,3.8761011266018324
31,3,8,2,0.0,3.8761011266018324,3.8761011266018324
31,3,8,3,0.0,0.0,0.0
31,3,9,1,0.0,3.8761011266018324,3.8761011266018324
31,3,9,2,0.0,3.8761011266018324,3.8761011266018324
31,3,9,3,0.0,0.0,0.0
31,3,10,1,0.0,3.8761011266018324,3.8761011266018324
31,3,10,2,0.0,0.0,0.0
31,3,10,3,0.0,0.0,0.0
31,3,11,1,0.0,3.8761011266018324,3.8761011266018324
31,3,11,2,0.0,0.0,0.0
31,3,11,3,0.0,0.0,0.0
31,3,12,1,0.0,3.8761011266018324,3.8761011266018324
31,3,12,2,0.0,0.0,0.0
31,3,12,3,0.0,0.0,0.0
31,3,13,1,0.0,3.8761011266018324,3.8761011266018324
31,3,13,2,0.0,0.0,0.0
31,3,13,3,0.0,0.0,0.0
31,3,14,1,0.0,3.8761011266018324,3.8761011266018324
31,3,14,2,0.0,0.0,0.0
31,3,14,3,0.0,0.0,0.0
31,3,15,1,0.0,3.8761011266018324,3.8761011266018324
31,3,15,2,0.0,0.0,0.0
31,3,15,3,0.0,0.0,0.0
31,3,16,1,0.0,3.8761011266018324,3.8761011266018324
31,3,16,2,0.0,3.8761011266018324,3.8761011266018324
31,3,16,3,0.0,0.0,0.0
31,3,17,1,0.0,0.0,0.0
31,3,17,2,0.0,3.8761011266018324,3.8761011266018324
31,3,17,3,0.0,0.0,0.0
31,3,18,1,0.0,0.0,0.0
31,3,18,2,0.0,3.8761011266018324,3.8761011266018324
31,3,18,3,0.0,0.0,0.0
31,3,19,1,0.0,0.0,0.0
31,3,19,2,0.0,3.8761011266018324,3.8761011266018324
31,3,19,3,0.0,0.0,0.0
31,3,20,1,0.0,3.8761011266018324,3.8761011266018324
31,3,20,2,0.0,3.8761011266018324,3.8761011266018324
31,3,20,3,0.0,0.0,0.0
31,2,1,1,4.670201183380856,3.8761011266018324,8.54630230998269
31,2,1,2,0.0,0.0,0.0
31,2,1,3,0.0,0.0,0.0
31,2,2,1,0.7941000567790231,3.8761011266018324,4.670201183380856
31,2,2,2,0.0,0.0,0.0
31,2,2,3,0.0,0.0,0.0
31,2,3,1,0.7941000567790231,3.8761011266018324,4.670201183380856
31,2,3,2,3.8761011266018324,3.8761011266018324,7.752202253203665
31,2,3,3,2.0,2.0,4.0
31,2,4,1,0.7941000567790231,3.8761011266018324,4.670201183380856
31,2,4,2,0.0,0.0,0.0
31,2,4,3,0.0,0.0,0.0
31,2,5,1,0.0,3.8761011266018324,3.8761011266018324
31,2,5,2,0.0,0.0,0.0
31,2,5,3,0.0,0.0,0.0
31,2,6,1,0.0,3.8761011266018324,3.8761011266018324
31,2,6,2,0.0,0.0,0.0
31,2,6,3,0.0,0.0,0.0
31,2,7,1,0.0,3.8761011266018324,3.8761011266018324
31,2,7,2,0.0,3.8761011266018324,3.8761011266018324
31,2,7,3,0.0,2.0,2.0
31,2,8,1,0.0,0.0,0.0
31,2,8,2,0.0,0.0,0.0
31,2,8,3,0.0,2.0,2.0
31,2,9,1,0.0,0.0,0.0
31,2,9,2,0.0,0.0,0.0
31,2,9,3,0.0,2.0,2.0
31,2,10,1,0.0,3.8761011266018324,3.8761011266018324
31,2,10,2,0.0,3.8761011266018324,3.8761011266018324
31,2,10,3,0.0,0.0,0.0
31,2,11,1,0.0,0.0,0.0
31,2,11,2,0.0,3.8761011266018324,3.8761011266018324
31,2,11,3,0.0,0.0,0.0
31,2,12,1,0.0,0.0,0.0
31,2,12,2,0.0,3.8761011266018324,3.8761011266018324
31,2,12,3,0.0,0.0,0.0
31,2,13,1,0.0,0.0,0.0
31,2,13,2,0.0,3.8761011266018324,3.8761011266018324
31,2,13,3,0.0,0.0,0.0
31,2,14,1,0.0,0.0,0.0
31,2,14,2,0.0,3.8761011266018324,3.8761011266018324
31,2,14,3,0.0,0.0,0.0
31,2,15,1,0.0,0.0,0.0
31,2,15,2,0.0,3.8761011266018324,3.8761011266018324
31,2,15,3,0.0,0.0,0.0
31,2,16,1,0.0,0.0,0.0
31,2,16,2,0.0,3.8761011266018324,3.8761011266018324
31,2,16,3,0.0,0.0,0.0
31,2,17,1,0.0,0.0,0.0
31,2,17,2,0.0,3.8761011266018324,3.8761011266018324
31,2,17,3,0.0,0.0,0.0
31,2,18,1,0.0,0.0,0.0
31,2,18,2,0.0,3.8761011266018324,3.8761011266018324
31,2,18,3,0.0,0.0,0.0
31,2,19,1,0.0,0.0,0.0
31,2,19,2,0.0,3.8761011266018324,3.8761011266018324
31,2,19,3,0.0,0.0,0.0
31,2,20,1,0.0,0.0,0.0
31,2,20,2,0.0,3.8761011266018324,3.8761011266018324
31,2,20,3,0.0,2.0,2.0
31,1,1,1,4.670201183380856,3.8761011266018324,8.54630230998269
31,1,1,2,2.794100056779023,2.0,4.794100056779023
31,1,1,3,0.0,0.0,0.0
31,1,2,1,0.0,0.0,0.0
31,1,2,2,0.7941000567790231,2.0,2.794100056779023
31,1,2,3,2.0,2.0,4.0
31,1,3,1,0.0,0.0,0.0
31,1,3,2,0.0,0.0,0.0
31,1,3,3,0.0,2.0,2.0
31,1,4,1,0.0,0.0,0.0
31,1,4,2,0.0,0.0,0.0
31,1,4,3,0.0,2.0,2.0
31,1,5,1,0.0,0.0,0.0
31,1,5,2,0.0,0.0,0.0
31,1,5,3,0.0,2.0,2.0
31,1,6,1,0.0,0.0,0.0
31,1,6,2,0.0,0.0,0.0
31,1,6,3,0.0,2.0,2.0
31,1,7,1,0.0,0.0,0.0
31,1,7,2,0.0,0.0,0.0
31,1,7,3,0.0,2.0,2.0
31,1,8,1,0.0,0.0,0.0
31,1,8,2,0.0,0.0,0.0
31,1,8,3,0.0,2.0,2.0
31,1,9,1,0.0,0.0,0.0
31,1,9,2,0.0,0.0,0.0
31,1,9,3,0.0,2.0,2.0
31,1,10,1,0.0,0.0,0.0
31,1,10,2,0.0,0.0,0.0
31,1,10,3,0.0,2.0,2.0
31,1,11,1,0.0,0.0,0.0
31,1,11,2,0.0,0.0,0.0
31,1,11,3,0.0,2.0,2.0
31,1,12,1,0.0,0.0,0.0
31,1,12,2,0.0,0.0,0.0
31,1,12,3,0.0,2.0,2.0
31,1,13,1,0.0,0.0,0.0
31,1,13,2,0.0,0.0,0.0
31,1,13,3,0.0,2.0,2.0
31,1,14,1,0.0,0.0,0.0
31,1,14,2,0.0,0.0,0.0
31,1,14,3,0.0,2.0,2.0
31,1,15,1,0.0,0.0,0.0
31,1,15,2,0.0,0.0,0.0
31,1,15,3,0.0,2.0,2.0
31,1,16,1,0.0,0.0,0.0
31,1,16,2,0.0,0.0,0.0
31,1,16,3,0.0,2.0,2.0
31,1,17,1,0.0,0.0,0.0
31,1,17,2,0.0,0.0,0.0
31,1,17,3,0.0,2.0,2.0
31,1,18,1,0.0,0.0,0.0
31,1,18,2,0.0,0.0,0.0
31,1,18,3,0.0,2.0,2.0
31,1,19,1,0.0,0.0,0.0
31,1,19,2,0.0,0.0,0.0
31,1,19,3,0.0,2.0,2.0
31,1,20,1,0.0,0.0,0.0
31,1,20,2,0.0,0.0,0.0
31,1,20,3,0.0,2.0,2.0
32,3,1,1,3.8761011266018324,3.8761011266018324,7.752202253203665
32,3,1,2,3.8761011266018324,3.8761011266018324,7.752202253203665
32,3,1,3,0.0,0.0,0.0
32,3,2,1,0.0,0.0,0.0
32,3,2,2,0.0,3.8761011266018324,3.8761011266018324
32,3,2,3,0.0,0.0,0.0
32,3,3,1,0.0,0.0,0.0
32,3,3,2,0.0,3.8761011266018324,3.8761011266018324
32,3,3,3,0.0,0.0,0.0
32,3,4,1,0.0,0.0,0.0
32,3,4,2,0.0,3.8761011266018324,3.8761011266018324
32,3,4,3,0.0,0.0,0.0
32,3,5,1,0.0,0.0,0.0
32,3,5,2,0.0,3.8761011266018324,3.8761011266018324
32,3,5,3,2.0,2.0,4.0
32,3,6,1,0.0,0.0,0.0
32,3,6,2,0.0,0.0,0.0
32,3,6,3,0.0,2.0,2.0
32,3,7,1,3.8761011266018324,3.8761011266018324,7.752202253203665
32,3,7,2,0.0,0.0,0.0
32,3,7,3,0.0,0.0,0.0
32,3,8,1,0.0,3.8761011266018324,3.8761011266018324
32,3,8,2,0.0,3.8761011266018324,3.8761011266018324
32,3,8,3,0.0,0.0,0.0
32,3,9,1,0.0,3.8761011266018324,3.8761011266018324
32,3,9,2,0.0,0.0,0.0
32,3,9,3,0.0,0.0,0.0
32,3,10,1,0.0,3.8761011266018324,3.8761011266018324
32,3,10,2,0.0,0.0,0.0
32,3,10,3,0.0,0.0,0.0
32,3,11,1,0.0,3.8761011266018324,3.8761011266018324
32,3,11,2,0.0,0.0,0.0
32,3,11,3,0.0,0.0,0.0
32,3,12,1,0.0,3.8761011266018324,3.8761011266018324
32,3,12,2,0.0,0.0,0.0
32,3,12,3,0.0,0.0,0.0
32,3,13,1,0.0,3.8761011266018324,3.8761011266018324
32,3,13,2,0.0,3.8761011266018324,3.8761011266018324
32,3,13,3,0.0,0.0,0.0
32,3,14,1,0.0,0.0,0.0
32,3,14,2,0.0,3.8761011266018324,3.8761011266018324
32,3,14,3,0.0,0.0,0.0
32,3,15,1,0.0,3.8761011266018324,3.8761011266018324
32,3,15,2,0.0,0.0,0.0
32,3,15,3,0.0,0.0,0.0
32,3,16,1,0.0,3.8761011266018324,3.8761011266018324
32,3,16,2,0.0,0.0,0.0
32,3,16,3,0.0,0.0,0.0
32,3,17,1,0.0,3.8761011266018324,3.8761011266018324
32,3,17,2,0.0,0.0,0.0
32,3,17,3,0.0,0.0,0.0
32,3,18,1,0.0,3.8761011266018324,3.8761011266018324
32,3,18,2,0.0,0.0,0.0
32,3,18,3,0.0,0.0,0.0
32,3,19,1,0.0,3.8761011266018324,3.8761011266018324
32,3,19,2,0.0,0.0,0.0
32,3,19,3,0.0,0.0,0.0
32,3,20,1,0.0,3.8761011266018324,3.8761011266018324
32,3,20,2,0.0,0.0,0.0
32,3,20,3,0.0,0.0,0.0
32,2,1,1,4.670201183380856,3.8761011266018324,8.54630230998269
32,2,1,2,0.0,0.0,0.0
32,2,1,3,0.0,0.0,0.0
32,2,2,1,0.7941000567790231,3.8761011266018324,4.670201183380856
32,2,2,2,3.8761011266018324,3.8761011266018324,7.752202253203665
32,2,2,3,0.0,0.0,0.0
32,2,3,1,0.0,0.0,0.0
32,2,3,2,0.0,3.8761011266018324,3.8761011266018324
32,2,3,3,0.0,0.0,0.0
32,2,4,1,0.0,0.0,0.0
32,2,4,2,0.0,3.8761011266018324,3.8761011266018324
32,2,4,3,2.0,2.0,4.0
32,2,5,1,0.0,0.0,0.0
32,2,5,2,0.0,0.0,0.0
32,2,5,3,0.0,2.0,2.0
32,2,6,1,0.7941000567790231,3.8761011266018324,4.670201183380856
32,2,6,2,0.0,3.8761011266018324,3.8761011266018324
32,2,6,3,0.0,0.0,0.0
32,2,7,1,0.0,0.0,0.0
32,2,7,2,0.0,3.8761011266018324,3.8761011266018324
32,2,7,3,0.0,0.0,0.0
32,2,8,1,0.0,0.0,0.0
32,2,8,2,0.0,3.8761011266018324,3.8761011266018324
32,2,8,3,0.0,0.0,0.0
32,2,9,1,0.0,0.0,0.0
32,2,9,2,0.0,3.8761011266018324,3.8761011266018324
32,2,9,3,0.0,0.0,0.0
32,2,10,1,0.0,0.0,0.0
32,2,10,2,0.0,3.8761011266018324,3.8761011266018324
32,2,10,3,0.0,0.0,0.0
32,2,11,1,0.0,0.0,0.0
32,2,11,2,0.0,3.8761011266018324,3.8761011266018324
32,2,11,3,0.0,0.0,0.0
32,2,12,1,0.0,0.0,0.0
32,2,12,2,0.0,3.8761011266018324,3.8761011266018324
32,2,12,3,0.0,0.0,0.0
32,2,13,1,0.0,0.0,0.0
32,2,13,2,0.0,3.8761011266018324,3.8761011266018324
32,2,13,3,0.0,0.0,0.0
32,2,14,1,0.0,0.0,0.0
32,2,14,2,0.0,3.8761011266018324,3.8761011266018324
32,2,14,3,0.0,0.0,0.0
32,2,15,1,0.0,0.0,0.0
32,2,15,2,0.0,3.8761011266018324,3.8761011266018324
32,2,15,3,0.0,0.0,0.0
32,2,16,1,0.0,0.0,0.0
32,2,16,2,0.0,3.8761011266018324,3.8761011266018324
32,2,16,3,0.0,0.0,0.0
32,2,17,1,0.0,0.0,0.0
32,2,17,2,0.0,3.8761011266018324,3.8761011266018324
32,2,17,3,0.0,0.0,0.0
32,2,18,1,0.0,0.0,0.0
32,2,18,2,0.0,3.8761011266018324,3.8761011266018324
32,2,18,3,0.0,0.0,0.0
32,2,19,1,0.0,0.0,0.0
32,2,19,2,0.0,3.8761011266018324,3.8761011266018324
32,2,19,3,0.0,0.0,0.0
32,2,20,1,0.0,0.0,0.0
32,2,20,2,0.0,3.8761011266018324,3.8761011266018324
32,2,20,3,0.0,0.0,0.0
32,1,1,1,4.670201183380856,3.8761011266018324,8.54630230998269
32,1,1,2,2.794100056779023,2.0,4.794100056779023
32,1,1,3,2.0,2.0,4.0
32,1,2,1,0.0,0.0,0.0
32,1,2,2,0.0,0.0,0.0
32,1,2,3,0.0,2.0,2.0
32,1,3,1,0.0,0.0,0.0
32,1,3,2,0.0,0.0,0.0
32,1,3,3,0.0,2.0,2.0
32,1,4,1,0.0,0.0,0.0
32,1,4,2,0.0,0.0,0.0
32,1,4,3,0.0,2.0,2.0
32,1,5,1,0.0,0.0,0.0
32,1,5,2,0.0,0.0,0.0
32,1,5,3,0.0,2.0,2.0
32,1,6,1,0.0,0.0,0.0
32,1,6,2,0.0,0.0,0.0
32,1,6,3,0.0,2.0,2.0
32,1,7,1,0.0,0.0,0.0
32,1,7,2,0.0,0.0,0.0
32,1,7,3,0.0,2.0,2.0
32,1,8,1,0.0,0.0,0.0
32,1,8,2,0.0,0.0,0.0
32,1,8,3,0.0,2.0,2.0
32,1,9,1,0.0,0.0,0.0
32,1,9,2,0.0,0.0,0.0
32,1,9,3,0.0,2.0,2.0
32,1,10,1,0.0,0.0,0.0
32,1,10,2,0.0,0.0,0.0
32,1,10,3,0.0,2.0,2.0
32,1,11,1,0.0,0.0,0.0
32,1,11,2,0.0,0.0,0.0
32,1,11,3,0.0,2.0,2.0
32,1,12,1,0.0,0.0,0.0
32,1,12,2,0.0,0.0,0.0
32,1,12,3,0.0,2.0,2.0
32,1,13,1,0.0,0.0,0.0
32,1,13,2,0.0,0.0,0.0
32,1,13,3,0.0,2.0,2.0
32,1,14,1,0.0,0.0,0.0
32,1,14,2,0.0,0.0,0.0
32,1,14,3,0.0,2.0,2.0
32,1,15,1,0.0,0.0,0.0
32,1,15,2,0.0,0.0,0.0
32,1,15,3,0.0,2.0,2.0
32,1,16,1,0.0,0.0,0.0
32,1,16,2,0.0,0.0,0.0
32,1,16,3,0.0,2.0,2.0
32,1,17,1,0.0,0.0,0.0
32,1,17,2,0.0,0.0,0.0
32,1,17,3,0.0,2.0,2.0
32,1,18,1,0.0,0.0,0.0
32,1,18,2,0.0,0.0,0.0
32,1,18,3,0.0,2.0,2.0
32,1,19,1,0.0,0.0,0.0
32,1,19,2,0.0,0.0,0.0
32,1,19,3,0.0,2.0,2.0
32,1,20,1,0.0,0.0,0.0
32,1,20,2,0.0,0.0,0.0
32,1,20,3,0.0,2.0,2.0
33,3,1,1,3.8761011266018324,3.8761011266018324,7.752202253203665
33,3,1,2,3.8761011266018324,3.8761011266018324,7.752202253203665
33,3,1,3,0.0,0.0,0.0
33,3,2,1,3.8761011266018324,3.8761011266018324,7.752202253203665
33,3,2,2,0.0,3.8761011266018324,3.8761011266018324
33,3,2,3,2.0,2.0,4.0
33,3,3,1,0.0,3.8761011266018324,3.8761011266018324
33,3,3,2,0.0,0.0,0.0
33,3,3,3,0.0,0.0,0.0
33,3,4,1,0.0,3.8761011266018324,3.8761011266018324
33,3,4,2,0.0,3.8761011266018324,3.8761011266018324
33,3,4,3,0.0,0.0,0.0
33,3,5,1,0.0,3.8761011266018324,3.8761011266018324
33,3,5,2,0.0,0.0,0.0
33,3,5,3,0.0,0.0,0.0
33,3,6,1,0.0,3.8761011266018324,3.8761011266018324
33,3,6,2,0.0,3.8761011266018324,3.8761011266018324
33,3,6,3,0.0,0.0,0.0
33,3,7,1,0.0,3.8761011266018324,3.8761011266018324
33,3,7,2,0.0,0.0,0.0
33,3,7,3,0.0,0.0,0.0
33,3,8,1,0.0,3.8761011266018324,3.8761011266018324
33,3,8,2,0.0,0.0,0.0
33,3,8,3,0.0,0.0,0.0
33,3,9,1,0.0,3.8761011266018324,3.8761011266018324
33,3,9,2,0.0,0.0,0.0
33,3,9,3,0.0,0.0,0.0
33,3,10,1,0.0,3.8761011266018324,3.8761011266018324
33,3,10,2,0.0,3.8761011266018324,3.8761011266018324
33,3,10,3,0.0,0.0,0.0
33,3,11,1,0.0,3.8761011266018324,3.8761011266018324
33,3,11,2,0.0,0.0,0.0
33,3,11,3,0.0,0.0,0.0
33,3,12,1,0.0,3.8761011266018324,3.8761011266018324
33,3,12,2,0.0,0.0,0.0
33,3,12,3,0.0,0.0,0.0
33,3,13,1,0.0,3.8761011266018324,3.8761011266018324
33,3,13,2,0.0,0.0,0.0
33,3,13,3,0.0,0.0,0.0
33,3,14,1,0.0,3.8761011266018324,3.8761011266018324
33,3,14,2,0.0,0.0,0.0
33,3,14,3,0.0,0.0,0.0
33,3,15,1,0.0,3.8761011266018324,3.8761011266018324
33,3,15,2,0.0,0.0,0.0
33,3,15,3,0.0,0.0,0.0
33,3,16,1,0.0,3.8761011266018324,3.8761011266018324
33,3,16,2,0.0,0.0,0.0
33,3,16,3,0.0,0.0,0.0
33,3,17,1,0.0,3.8761011266018324,3.8761011266018324
33,3,17,2,0.0,0.0,0.0
33,3,17,3,0.0,0.0,0.0
33,3,18,1,0.0,3.8761011266018324,3.8761011266018324
33,3,18,2,0.0,0.0,0.0
33,3,18,3,0.0,0.0,0.0
33,3,19,1,0.0,3.8761011266018324,3.8761011266018324
33,3,19,2,0.0,3.8761011266018324,3.8761011266018324
33,3,19,3,0.0,0.0,0.0
33,3,20,1,0.0,3.8761011266018324,3.8761011266018324
33,3,20,2,0.0,0.0,0.0
33,3,20,3,0.0,0.0,0.0
33,2,1,1,4.670201183380856,3.8761011266018324,8.54630230998269
33,2,1,2,0.0,0.0,0.0
33,2,1,3,0.0,0.0,0.0
33,2,2,1,0.7941000567790231,3.8761011266018324,4.670201183380856
33,2,2,2,0.0,0.0,0.0
33,2,2,3,0.0,0.0,0.0
33,2,3,1,0.7941000567790231,3.8761011266018324,4.670201183380856
33,2,3,2,3.8761011266018324,3.8761011266018324,7.752202253203665
33,2,3,3,0.0,0.0,0.0
33,2,4,1,0.0,0.0,0.0
33,2,4,2,0.0,3.8761011266018324,3.8761011266018324
33,2,4,3,0.0,0.0,0.0
33,2,5,1,0.0,0.0,0.0
33,2,5,2,0.0,3.8761011266018324,3.8761011266018324
33,2,5,3,0.0,0.0,0.0
33,2,6,1,0.0,0.0,0.0
33,2,6,2,0.0,3.8761011266018324,3.8761011266018324
33,2,6,3,0.0,0.0,0.0
33,2,7,1,0.0,0.0,0.0
33,2,7,2,0.0,3.8761011266018324,3.8761011266018324
33,2,7,3,0.0,0.0,0.0
33,2,8,1,0.0,0.0,0.0
33,2,8,2,0.0,3.8761011266018324,3.8761011266018324
33,2,8,3,0.0,0.0,0.0
33,2,9,1,0.0,0.0,0.0
33,2,9,2,0.0,3.8761011266018324,3.8761011266018324
33,2,9,3,0.0,0.0,0.0
33,2,10,1,0.0,0.0,0.0
33,2,10,2,0.0,3.8761011266018324,3.8761011266018324
33,2,10,3,0.0,0.0,0.0
33,2,11,1,0.0,0.0,0.0
33,2,11,2,0.0,3.8761011266018324,3.8761011266018324
33,2,11,3,0.0,0.0,0.0
33,2,12,1,0.0,0.0,0.0
33,2,12,2,0.0,3.8761011266018324,3.8761011266018324
33,2,12,3,0.0,0.0,0.0
33,2,13,1,0.0,0.0,0.0
33,2,13,2,0.0,3.8761011266018324,3.8761011266018324
33,2,13,3,0.0,0.0,0.0
33,2,14,1,0.0,0.0,0.0
33,2,14,2,0.0,3.8761011266018324,3.8761011266018324
33,2,14,3,0.0,0.0,0.0
33,2,15,1,0.0,0.0,0.0
33,2,15,2,0.0,3.8761011266018324,3.8761011266018324
33,2,15,3,0.0,0.0,0.0
33,2,16,1,0.0,0.0,0.0
33,2,16,2,0.0,3.8761011266018324,3.8761011266018324
33,2,16,3,2.0,2.0,4.0
33,2,17,1,0.0,0.0,0.0
33,2,17,2,0.0,0.0,0.0
33,2,17,3,0.0,2.0,2.0
33,2,18,1,0.0,0.0,0.0
33,2,18,2,0.0,0.0,0.0
33,2,18,3,0.0,2.0,2.0
33,2,19,1,0.7941000567790231,3.8761011266018324,4.670201183380856
33,2,19,2,0.0,3.8761011266018324,3.8761011266018324
33,2,19,3,0.0,0.0,0.0
33,2,20,1,0.0,0.0,0.0
33,2,20,2,0.0,3.8761011266018324,3.8761011266018324
33,2,20,3,0.0,0.0,0.0
33,1,1,1,4.670201183380856,3.8761011266018324,8.54630230998269
33,1,1,2,0.0,0.0,0.0
33,1,1,3,0.0,0.0,0.0
33,1,2,1,0.7941000567790231,3.8761011266018324,4.670201183380856
33,1,2,2,2.794100056779023,2.0,4.794100056779023
33,1,2,3,0.0,0.0,0.0
33,1,3,1,0.0,0.0,0.0
33,1,3,2,0.7941000567790231,2.0,2.794100056779023
33,1,3,3,2.0,2.0,4.0
33,1,4,1,0.0,0.0,0.0
33,1,4,2,0.0,0.0,0.0
33,1,4,3,0.0,2.0,2.0
33,1,5,1,0.0,0.0,0.0
33,1,5,2,0.0,0.0,0.0
33,1,5,3,0.0,2.0,2.0
33,1,6,1,0.0,0.0,0.0
33,1,6,2,0.0,0.0,0.0
33,1,6,3,0.0,2.0,2.0
33,1,7,1,0.0,0.0,0.0
33,1,7,2,0.0,0.0,0.0
33,1,7,3,0.0,2.0,2.0
33,1,8,1,0.0,0.0,0.0
33,1,8,2,0.0,0.0,0.0
33,1,8,3,0.0,2.0,2.0
33,1,9,1,0.0,0.0,0.0
33,1,9,2,0.0,0.0,0.0
33,1,9,3,0.0,2.0,2.0
33,1,10,1,0.0,0.0,0.0
33,1,10,2,0.0,0.0,0.0
33,1,10,3,0.0,2.0,2.0
33,1,11,1,0.0,0.0,0.0
33,1,11,2,0.0,0.0,0.0
33,1,11,3,0.0,2.0,2.0
33,1,12,1,0.0,0.0,0.0
33,1,12,2,0.0,0.0,0.0
33,1,12,3,0.0,2.0,2.0
33,1,13,1,0.0,0.0,0.0
33,1,13,2,0.0,0.0,0.0
33,1,13,3,0.0,2.0,2.0
33,1,14,1,0.0,0.0,0.0
33,1,14,2,0.0,0.0,0.0
33,1,14,3,0.0,2.0,2.0
33,1,15,1,0.0,0.0,0.0
33,1,15,2,0.0,0.0,0.0
33,1,15,3,0.0,2.0,2.0
33,1,16,1,0.0,0.0,0.0
33,1,16,2,0.0,0.0,0.0
33,1,16,3,0.0,2.0,2.0
33,1,17,1,0.0,0.0,0.0
33,1,17,2,0.0,0.0,0.0
33,1,17,3,0.0,2.0,2.0
33,1,18,1,0.0,0.0,0.0
33,1,18,2,0.0,0.0,0.0
33,1,18,3,0.0,2.0,2.0
33,1,19,1,0.0,0.0,0.0
33,1,19,2,0.0,0.0,0.0
33,1,19,3,0.0,2.0,2.0
33,1,20,1,0.0,0.0,0.0
33,1,20,2,0.0,0.0,0.0
33,1,20,3,0.0,2.0,2.0
34,3,1,1,3.8761011266018324,3.8761011266018324,7.752202253203665
34,3,1,2,0.0,0.0,0.0
34,3,1,3,0.0,0.0,0.0
34,3,2,1,3.8761011266018324,3.8761011266018324,7.752202253203665
34,3,2,2,0.0,0.0,0.0
34,3,2,3,0.0,0.0,0.0
34,3,3,1,0.0,3.8761011266018324,3.8761011266018324
34,3,3,2,3.8761011266018324,3.8761011266018324,7.752202253203665
34,3,3,3,0.0,0.0,0.0
34,3,4,1,0.0,0.0,0.0
34,3,4,2,0.0,3.8761011266018324,3.8761011266018324
34,3,4,3,0.0,0.0,0.0
34,3,5,1,0.0,3.8761011266018324,3.8761011266018324
34,3,5,2,0.0,3.8761011266018324,3.8761011266018324
34,3,5,3,0.0,0.0,0.0
34,3,6,1,0.0,0.0,0.0
34,3,6,2,0.0,3.8761011266018324,3.8761011266018324
34,3,6,3,0.0,0.0,0.0
34,3,7,1,0.0,0.0,0.0
34,3,7,2,0.0,3.8761011266018324,3.8761011266018324
34,3,7,3,2.0,2.0,4.0
34,3,8,1,0.0,3.8761011266018324,3.8761011266018324
34,3,8,2,0.0,3.8761011266018324,3.8761011266018324
34,3,8,3,0.0,0.0,0.0
34,3,9,1,0.0,0.0,0.0
34,3,9,2,0.0,3.8761011266018324,3.8761011266018324
34,3,9,3,0.0,2.0,2.0
34,3,10,1,0.0,3.8761011266018324,3.8761011266018324
34,3,10,2,0.0,0.0,0.0
34,3,10,3,0.0,0.0,0.0
34,3,11,1,0.0,3.8761011266018324,3.8761011266018324
34,3,11,2,0.0,0.0,0.0
34,3,11,3,0.0,0.0,0.0
34,3,12,1,0.0,3.8761011266018324,3.8761011266018324
34,3,12,2,0.0,0.0,0.0
34,3,12,3,0.0,0.0,0.0
34,3,13,1,0.0,3.8761011266018324,3.8761011266018324
34,3,13,2,0.0,0.0,0.0
34,3,13,3,0.0,0.0,0.0
34,3,14,1,0.0,3.8761011266018324,3.8761011266018324
34,3,14,2,0.0,0.0,0.0
34,3,14,3,0.0,0.0,0.0
34,3,15,1,0.0,3.8761011266018324,3.8761011266018324
34,3,15,2,0.0,3.8761011266018324,3.8761011266018324
34,3,15,3,0.0,0.0,0.0
34,3,16,1,0.0,3.8761011266018324,3.8761011266018324
34,3,16,2,0.0,0.0,0.0
34,3,16,3,0.0,0.0,0.0
34,3,17,1,0.0,3.8761011266018324,3.8761011266018324
34,3,17,2,0.0,0.0,0.0
34,3,17,3,0.0,0.0,0.0
34,3,18,1,0.0,3.8761011266018324,3.8761011266018324
34,3,18,2,0.0,3.8761011266018324,3.8761011266018324
34,3,18,3,0.0,0.0,0.0
34,3,19,1,0.0,3.8761011266018324,3.8761011266018324
34,3,19,2,0.0,0.0,0.0
34,3,19,3,0.0,0.0,0.0
34,3,20,1,0.0,3.8761011266018324,3.8761011266018324
34,3,20,2,0.0,0.0,0.0
34,3,20,3,0.0,0.0,0.0
34,2,1,1,4.670201183380856,3.8761011266018324,8.54630230998269
34,2,1,2,0.0,0.0,0.0
34,2,1,3,0.0,0.0,0.0
34,2,2,1,0.7941000567790231,3.8761011266018324,4.670201183380856
34,2,2,2,3.8761011266018324,3.8761011266018324,7.752202253203665
34,2,2,3,0.0,0.0,0.0
34,2,3,1,0.0,0.0,0.0
34,2,3,2,0.0,3.8761011266018324,3.8761011266018324
34,2,3,3,0.0,0.0,0.0
34,2,4,1,0.0,0.0,0.0
34,2,4,2,0.0,3.8761011266018324,3.8761011266018324
34,2,4,3,0.0,0.0,0.0
34,2,5,1,0.0,0.0,0.0
34,2,5,2,0.0,3.8761011266018324,3.8761011266018324
34,2,5,3,0.0,0.0,0.0
34,2,6,1,0.0,0.0,0.0
34,2,6,2,0.0,3.8761011266018324,3.8761011266018324
34,2,6,3,0.0,0.0,0.0
34,2,7,1,0.0,0.0,0.0
34,2,7,2,0.0,3.8761011266018324,3.8761011266018324
34,2,7,3,0.0,0.0,0.0
34,2,8,1,0.0,0.0,0.0
34,2,8,2,0.0,3.8761011266018324,3.8761011266018324
34,2,8,3,0.0,0.0,0.0
34,2,9,1,0.0,0.0,0.0
34,2,9,2,0.0,3.8761011266018324,3.8761011266018324
34,2,9,3,0.0,0.0,0.0
34,2,10,1,0.0,0.0,0.0
34,2,10,2,0.0,3.8761011266018324,3.8761011266018324
34,2,10,3,0.0,0.0,0.0
34,2,11,1,0.0,0.0,0.0
34,2,11,2,0.0,3.8761011266018324,3.8761011266018324
34,2,11,3,0.0,0.0,0.0
34,2,12,1,0.0,0.0,0.0
34,2,12,2,0.0,3.8761011266018324,3.8761011266018324
34,2,12,3,0.0,0.0,0.0
34,2,13,1,0.0,0.0,0.0
34,2,13,2,0.0,3.8761011266018324,3.8761011266018324
34,2,13,3,0.0,0.0,0.0
34,2,14,1,0.0,0.0,0.0
34,2,14,2,0.0,3.8761011266018324,3.8761011266018324
34,2,14,3,0.0,0.0,0.0
34,2,15,1,0.0,0.0,0.0
34,2,15,2,0.0,3.8761011266018324,3.8761011266018324
34,2,15,3,0.0,0.0,0.0
34,2,16,1,0.0,0.0,0.0
34,2,16,2,0.0,3.8761011266018324,3.8761011266018324
34,2,16,3,0.0,0.0,0.0
34,2,17,1,0.0,0.0,0.0
34,2,17,2,0.0,3.8761011266018324,3.8761011266018324
34,2,17,3,0.0,0.0,0.0
34,2,18,1,0.0,0.0,0.0
34,2,18,2,0.0,3.8761011266018324,3.8761011266018324
34,2,18,3,0.0,0.0,0.0
34,2,19,1,0.0,0.0,0.0
34,2,19,2,0.0,3.8761011266018324,3.8761011266018324
34,2,19,3,2.0,2.0,4.0
34,2,20,1,0.0,0.0,0.0
34,2,20,2,0.0,0.0,0.0
34,2,20,3,0.0,2.0,2.0
34,1,1,1,4.670201183380856,3.8761011266018324,8.54630230998269
34,1,1,2,2.794100056779023,2.0,4.794100056779023
34,1,1,3,0.0,0.0,0.0
34,1,2,1,0.0,0.0,0.0
34,1,2,2,0.7941000567790231,2.0,2.794100056779023
34,1,2,3,2.0,2.0,4.0
34,1,3,1,0.0,0.0,0.0
34,1,3,2,0.0,0.0,0.0
34,1,3,3,0.0,2.0,2.0
34,1,4,1,0.0,0.0,0.0
34,1,4,2,0.0,0.0,0.0
34,1,4,3,0.0,2.0,2.0
34,1,5,1,0.0,0.0,0.0
34,1,5,2,0.0,0.0,0.0
34,1,5,3,0.0,2.0,2.0
34,1,6,1,0.0,0.0,0.0
34,1,6,2,0.0,0.0,0.0
34,1,6,3,0.0,2.0,2.0
34,1,7,1,0.0,0.0,0.0
34,1,7,2,0.0,0.0,0.0
34,1,7,3,0.0,2.0,2.0
34,1,8,1,0.0,0.0,0.0
34,1,8,2,0.0,0.0,0.0
34,1,8,3,0.0,2.0,2.0
34,1,9,1,0.0,0.0,0.0
34,1,9,2,0.0,0.0,0.0
34,1,9,3,0.0,2.0,2.0
34,1,10,1,0.0,0.0,0.0
34,1,10,2,0.0,0.0,0.0
34,1,10,3,0.0,2.0,2.0
34,1,11,1,0.0,0.0,0.0
34,1,11,2,0.0,0.0,0.0
34,1,11,3,0.0,2.0,2.0
34,1,12,1,0.0,0.0,0.0
34,1,12,2,0.0,0.0,0.0
34,1,12,3,0.0,2.0,2.0
34,1,13,1,0.0,0.0,0.0
34,1,13,2,0.0,0.0,0.0
34,1,13,3,0.0,2.0,2.0
34,1,14,1,0.0,0.0,0.0
34,1,14,2,0.0,0.0,0.0
34,1,14,3,0.0,2.0,2.0
34,1,15,1,0.0,0.0,0.0
34,1,15,2,0.0,0.0,0.0
34,1,15,3,0.0,2.0,2.0
34,1,16,1,0.0,0.0,0.0
34,1,16,2,0.0,0.0,0.0
34,1,16,3,0.0,2.0,2.0
34,1,17,1,0.0,0.0,0.0
34,1,17,2,0.0,0.0,0.0
34,1,17,3,0.0,2.0,2.0
34,1,18,1,0.0,0.0,0.0
34,1,18,2,0.0,0.0,0.0
34,1,18,3,0.0,2.0,2.0
34,1,19,1,0.0,0.0,0.0
34,1,19,2,0.0,0.0,0.0
34,1,19,3,0.0,2.0,2.0
34,1,20,1,0.0,0.0,0.0
34,1,20,2,0.0,0.0,0.0
34,1,20,3,0.0,2.0,2.0
35,3,1,1,3.8761011266018324,3.8761011266018324,7.752202253203665
35,3,1,2,3.8761011266018324,3.8761011266018324,7.752202253203665
35,3,1,3,0.0,0.0,0.0
35,3,2,1,3.8761011266018324,3.8761011266018324,7.752202253203665
35,3,2,2,0.0,0.0,0.0
35,3,2,3,0.0,0.0,0.0
35,3,3,1,0.0,3.8761011266018324,3.8761011266018324
35,3,3,2,0.0,0.0,0.0
35,3,3,3,0.0,0.0,0.0
35,3,4,1,0.0,3.8761011266018324,3.8761011266018324
35,3,4,2,0.0,0.0,0.0
35,3,4,3,0.0,0.0,0.0
35,3,5,1,0.0,3.8761011266018324,3.8761011266018324
35,3,5,2,0.0,3.8761011266018324,3.8761011266018324
35,3,5,3,0.0,0.0,0.0
35,3,6,1,0.0,3.8761011266018324,3.8761011266018324
35,3,6,2,0.0,0.0,0.0
35,3,6,3,0.0,0.0,0.0
35,3,7,1,0.0,3.8761011266018324,3.8761011266018324
35,3,7,2,0.0,0.0,0.0
35,3,7,3,0.0,0.0,0.0
35,3,8,1,0.0,3.8761011266018324,3.8761011266018324
35,3,8,2,0.0,0.0,0.0
35,3,8,3,0.0,0.0,0.0
35,3,9,1,0.0,3.8761011266018324,3.8761011266018324
35,3,9,2,0.0,0.0,0.0
35,3,9,3,0.0,0.0,0.0
35,3,10,1,0.0,3.8761011266018324,3.8761011266018324
35,3,10,2,0.0,0.0,0.0
35,3,10,3,0.0,0.0,0.0
35,3,11,1,0.0,3.8761011266018324,3.8761011266018324
35,3,11,2,0.0,3.8761011266018324,3.8761011266018324
35,3,11,3,0.0,0.0,0.0
35,3,12,1,0.0,0.0,0.0
35,3,12,2,0.0,3.8761011266018324,3.8761011266018324
35,3,12,3,0.0,0.0,0.0
35,3,13,1,0.0,0.0,0.0
35,3,13,2,0.0,3.8761011266018324,3.8761011266018324
35,3,13,3,0.0,0.0,0.0
35,3,14,1,0.0,3.8761011266018324,3.8761011266018324
35,3,14,2,0.0,3.8761011266018324,3.8761011266018324
35,3,14,3,0.0,0.0,0.0
35,3,15,1,0.0,0.0,0.0
35,3,15,2,0.0,3.8761011266018324,3.8761011266018324
35,3,15,3,0.0,0.0,0.0
35,3,16,1,0.0,3.8761011266018324,3.8761011266018324
35,3,16,2,0.0,3.8761011266018324,3.8761011266018324
35,3,16,3,0.0,0.0,0.0
35,3,17,1,0.0,0.0,0.0
35,3,17,2,0.0,3.8761011266018324,3.8761011266018324
35,3,17,3,0.0,0.0,0.0
35,3,18,1,0.0,0.0,0.0
35,3,18,2,0.0,3.8761011266018324,3.8761011266018324
35,3,18,3,0.0,0.0,0.0
35,3,19,1,0.0,3.8761011266018324,3.8761011266018324
35,3,19,2,0.0,3.8761011266018324,3.8761011266018324
35,3,19,3,0.0,0.0,0.0
35,3,20,1,0.0,3.8761011266018324,3.8761011266018324
35,3,20,2,0.0,0.0,0.0
35,3,20,3,0.0,0.0,0.0
35,2,1,1,4.670201183380856,3.8761011266018324,8.54630230998269
35,2,1,2,0.0,0.0,0.0
35,2,1,3,0.0,0.0,0.0
35,2,2,1,0.7941000567790231,3.8761011266018324,4.670201183380856
35,2,2,2,3.8761011266018324,3.8761011266018324,7.752202253203665
35,2,2,3,0.0,0.0,0.0
35,2,3,1,0.0,0.0,0.0
35,2,3,2,0.0,3.8761011266018324,3.8761011266018324
35,2,3,3,2.0,2.0,4.0
35,2,4,1,0.7941000567790231,3.8761011266018324,4.670201183380856
35,2,4,2,0.0,0.0,0.0
35,2,4,3,0.0,0.0,0.0
35,2,5,1,0.7941000567790231,3.8761011266018324,4.670201183380856
35,2,5,2,0.0,3.8761011266018324,3.8761011266018324
35,2,5,3,0.0,2.0,2.0
35,2,6,1,0.0,0.0,0.0
35,2,6,2,0.0,0.0,0.0
35,2,6,3,0.0,2.0,2.0
35,2,7,1,0.0,0.0,0.0
35,2,7,2,0.0,0.0,0.0
35,2,7,3,0.0,2.0,2.0
35,2,8,1,0.0,3.8761011266018324,3.8761011266018324
35,2,8,2,0.0,0.0,0.0
35,2,8,3,0.0,0.0,0.0
35,2,9,1,0.0,3.8761011266018324,3.8761011266018324
35,2,9,2,0.0,3.8761011266018324,3.8761011266018324
35,2,9,3,0.0,0.0,0.0
35,2,10,1,0.0,0.0,0.0
35,2,10,2,0.0,3.8761011266018324,3.8761011266018324
35,2,10,3,0.0,0.0,0.0
35,2,11,1,0.0,0.0,0.0
35,2,11,2,0.0,3.8761011266018324,3.8761011266018324
35,2,11,3,0.0,0.0,0.0
35,2,12,1,0.0,0.0,0.0
35,2,12,2,0.0,3.8761011266018324,3.8761011266018324
35,2,12,3,0.0,0.0,0.0
35,2,13,1,0.0,0.0,0.0
35,2,13,2,0.0,3.8761011266018324,3.8761011266018324
35,2,13,3,0.0,0.0,0.0
35,2,14,1,0.0,0.0,0.0
35,2,14,2,0.0,3.8761011266018324,3.8761011266018324
35,2,14,3,0.0,0.0,0.0
35,2,15,1,0.0,0.0,0.0
35,2,15,2,0.0,3.8761011266018324,3.8761011266018324
35,2,15,3,0.0,0.0,0.0
35,2,16,1,0.0,0.0,0.0
35,2,16,2,0.0,3.8761011266018324,3.8761011266018324
35,2,16,3,0.0,0.0,0.0
35,2,17,1,0.0,0.0,0.0
35,2,17,2,0.0,3.8761011266018324,3.8761011266018324
35,2,17,3,0.0,0.0,0.0
35,2,18,1,0.0,0.0,0.0
35,2,18,2,0.0,3.8761011266018324,3.8761011266018324
35,2,18,3,0.0,0.0,0.0
35,2,19,1,0.0,0.0,0.0
35,2,19,2,0.0,3.8761011266018324,3.8761011266018324
35,2,19,3,0.0,0.0,0.0
35,2,20,1,0.0,0.0,0.0
35,2,20,2,0.0,3.8761011266018324,3.8761011266018324
35,2,20,3,0.0,0.0,0.0
35,1,1,1,4.670201183380856,3.8761011266018324,8.54630230998269
35,1,1,2,0.0,0.0,0.0
35,1,1,3,0.0,0.0,0.0
35,1,2,1,0.7941000567790231,3.8761011266018324,4.670201183380856
35,1,2,2,2.794100056779023,2.0,4.794100056779023
35,1,2,3,0.0,0.0,0.0
35,1,3,1,0.0,0.0,0.0
35,1,3,2,0.7941000567790231,2.0,2.794100056779023
35,1,3,3,0.0,0.0,0.0
35,1,4,1,0.0,0.0,0.0
35,1,4,2,0.0,2.0,2.0
35,1,4,3,0.0,0.0,0.0
35,1,5,1,0.0,0.0,0.0
35,1,5,2,0.0,2.0,2.0
35,1,5,3,2.0,2.0,4.0
35,1,6,1,0.0,0.0,0.0
35,1,6,2,0.0,0.0,0.0
35,1,6,3,0.0,2.0,2.0
35,1,7,1,0.0,0.0,0.0
35,1,7,2,0.0,0.0,0.0
35,1,7,3,0.0,2.0,2.0
35,1,8,1,0.0,0.0,0.0
35,1,8,2,0.0,0.0,0.0
35,1,8,3,0.0,2.0,2.0
35,1,9,1,0.0,0.0,0.0
35,1,9,2,0.0,0.0,0.0
35,1,9,3,0.0,2.0,2.0
35,1,10,1,0.0,0.0,0.0
35,1,10,2,0.0,0.0,0.0
35,1,10,3,0.0,2.0,2.0
35,1,11,1,0.0,0.0,0.0
35,1,11,2,0.0,0.0,0.0
35,1,11,3,0.0,2.0,2.0
35,1,12,1,0.0,0.0,0.0
35,1,12,2,0.0,0.0,0.0
35,1,12,3,0.0,2.0,2.0
35,1,13,1,0.7941000567790231,3.8761011266018324,4.670201183380856
35,1,13,2,0.0,2.0,2.0
35,1,13,3,0.0,0.0,0.0
35,1,14,1,0.0,0.0,0.0
35,1,14,2,0.0,2.0,2.0
35,1,14,3,0.0,2.0,2.0
35,1,15,1,0.0,0.0,0.0
35,1,15,2,0.0,0.0,0.0
35,1,15,3,0.0,2.0,2.0
35,1,16,1,0.0,0.0,0.0
35,1,16,2,0.0,0.0,0.0
35,1,16,3,0.0,2.0,2.0
35,1,17,1,0.0,0.0,0.0
35,1,17,2,0.0,0.0,0.0
35,1,17,3,0.0,2.0,2.0
35,1,18,1,0.0,0.0,0.0
35,1,18,2,0.0,0.0,0.0
35,1,18,3,0.0,2.0,2.0
35,1,19,1,0.0,0.0,0.0
35,1,19,2,0.0,0.0,0.0
35,1,19,3,0.0,2.0,2.0
35,1,20,1,0.0,0.0,0.0
35,1,20,2,0.0,0.0,0.0
35,1,20,3,0.0,2.0,2.0
36,3,1,1,3.8761011266018324,3.8761011266018324,7.752202253203665
36,3,1,2,3.8761011266018324,3.8761011266018324,7.752202253203665
36,3,1,3,0.0,0.0,0.0
36,3,2,1,0.0,0.0,0.0
36,3,2,2,0.0,3.8761011266018324,3.8761011266018324
36,3,2,3,0.0,0.0,0.0
36,3,3,1,3.8761011266018324,3.8761011266018324,7.752202253203665
36,3,3,2,0.0,0.0,0.0
36,3,3,3,0.0,0.0,0.0
36,3,4,1,0.0,3.8761011266018324,3.8761011266018324
36,3,4,2,0.0,3.8761011266018324,3.8761011266018324
36,3,4,3,0.0,0.0,0.0
36,3,5,1,0.0,0.0,0.0
36,3,5,2,0.0,3.8761011266018324,3.8761011266018324
36,3,5,3,0.0,0.0,0.0
36,3,6,1,0.0,0.0,0.0
36,3,6,2,0.0,3.8761011266018324,3.8761011266018324
36,3,6,3,0.0,0.0,0.0
36,3,7,1,0.0,3.8761011266018324,3.8761011266018324
36,3,7,2,0.0,0.0,0.0
36,3,7,3,0.0,0.0,0.0
36,3,8,1,0.0,3.8761011266018324,3.8761011266018324
36,3,8,2,0.0,0.0,0.0
36,3,8,3,0.0,0.0,0.0
36,3,9,1,0.0,3.8761011266018324,3.8761011266018324
36,3,9,2,0.0,0.0,0.0
36,3,9,3,0.0,0.0,0.0
36,3,10,1,0.0,3.8761011266018324,3.8761011266018324
36,3,10,2,0.0,0.0,0.0
36,3,10,3,0.0,0.0,0.0
36,3,11,1,0.0,3.8761011266018324,3.8761011266018324
36,3,11,2,0.0,0.0,0.0
36,3,11,3,0.0,0.0,0.0
36,3,12,1,0.0,3.8761011266018324,3.8761011266018324
36,3,12,2,0.0,0.0,0.0
36,3,12,3,0.0,0.0,0.0
36,3,13,1,0.0,3.8761011266018324,3.8761011266018324
36,3,13,2,0.0,0.0,0.0
36,3,13,3,0.0,0.0,0.0
36,3,14,1,0.0,3.8761011266018324,3.8761011266018324
36,3,14,2,0.0,0.0,0.0
36,3,14,3,0.0,0.0,0.0
36,3,15,1,0.0,3.8761011266018324,3.8761011266018324
36,3,15,2,0.0,0.0,0.0
36,3,15,3,0.0,0.0,0.0
36,3,16,1,0.0,3.8761011266018324,3.8761011266018324
36,3,16,2,0.0,0.0,0.0
36,3,16,3,0.0,0.0,0.0
36,3,17,1,0.0,3.8761011266018324,3.8761011266018324
36,3,17,2,0.0,0.0,0.0
36,3,17,3,0.0,0.0,0.0
36,3,18,1,0.0,3.8761011266018324,3.8761011266018324
36,3,18,2,0.0,0.0,0.0
36,3,18,3,0.0,0.0,0.0
36,3,19,1,0.0,3.8761011266018324,3.8761011266018324
36,3,19,2,0.0,0.0,0.0
36,3,19,3,0.0,0.0,0.0
36,3,20,1,0.0,3.8761011266018324,3.8761011266018324
36,3,20,2,0.0,0.0,0.0
36,3,20,3,0.0,0.0,0.0
36,2,1,1,4.670201183380856,3.8761011266018324,8.54630230998269
36,2,1,2,3.8761011266018324,3.8761011266018324,7.752202253203665
36,2,1,3,0.0,0.0,0.0
36,2,2,1,0.0,0.0,0.0
36,2,2,2,0.0,3.8761011266018324,3.8761011266018324
36,2,2,3,0.0,0.0,0.0
36,2,3,1,0.0,0.0,0.0
36,2,3,2,0.0,3.8761011266018324,3.8761011266018324
36,2,3,3,0.0,0.0,0.0
36,2,4,1,0.0,0.0,0.0
36,2,4,2,0.0,3.8761011266018324,3.8761011266018324
36,2,4,3,0.0,0.0,0.0
36,2,5,1,0.0,0.0,0.0
36,2,5,2,0.0,3.8761011266018324,3.8761011266018324
36,2,5,3,0.0,0.0,0.0
36,2,6,1,0.0,0.0,0.0
36,2,6,2,0.0,3.8761011266018324,3.8761011266018324
36,2,6,3,0.0,0.0,0.0
36,2,7,1,0.0,0.0,0.0
36,2,7,2,0.0,3.8761011266018324,3.8761011266018324
36,2,7,3,0.0,0.0,0.0
36,2,8,1,0.0,0.0,0.0
36,2,8,2,0.0,3.8761011266018324,3.8761011266018324
36,2,8,3,0.0,0.0,0.0
36,2,9,1,0.0,0.0,0.0
36,2,9,2,0.0,3.8761011266018324,3.8761011266018324
36,2,9,3,2.0,2.0,4.0
36,2,10,1,0.0,0.0,0.0
36,2,10,2,0.0,0.0,0.0
36,2,10,3,0.0,2.0,2.0
36,2,11,1,0.7941000567790231,3.8761011266018324,4.670201183380856
36,2,11,2,0.0,0.0,0.0
36,2,11,3,0.0,0.0,0.0
36,2,12,1,0.7941000567790231,3.8761011266018324,4.670201183380856
36,2,12,2,0.0,3.8761011266018324,3.8761011266018324
36,2,12,3,0.0,0.0,0.0
36,2,13,1,0.0,0.0,0.0
36,2,13,2,0.0,3.8761011266018324,3.8761011266018324
36,2,13,3,0.0,2.0,2.0
36,2,14,1,0.7941000567790231,3.8761011266018324,4.670201183380856
36,2,14,2,0.0,3.8761011266018324,3.8761011266018324
36,2,14,3,0.0,0.0,0.0
36,2,15,1,0.0,0.0,0.0
36,2,15,2,0.0,3.8761011266018324,3.8761011266018324
36,2,15,3,0.0,0.0,0.0
36,2,16,1,0.0,0.0,0.0
36,2,16,2,0.0,3.8761011266018324,3.8761011266018324
36,2,16,3,0.0,0.0,0.0
36,2,17,1,0.0,0.0,0.0
36,2,17,2,0.0,3.8761011266018324,3.8761011266018324
36,2,17,3,0.0,0.0,0.0
36,2,18,1,0.0,0.0,0.0
36,2,18,2,0.0,3.8761011266018324,3.8761011266018324
36,2,18,3,0.0,2.0,2.0
36,2,19,1,0.0,0.0,0.0
36,2,19,2,0.0,0.0,0.0
36,2,19,3,0.0,2.0,2.0
36,2,20,1,0.0,0.0,0.0
36,2,20,2,0.0,0.0,0.0
36,2,20,3,0.0,2.0,2.0
36,1,1,1,4.670201183380856,3.8761011266018324,8.54630230998269
36,1,1,2,2.794100056779023,2.0,4.794100056779023
36,1,1,3,2.0,2.0,4.0
36,1,2,1,0.0,0.0,0.0
36,1,2,2,0.0,0.0,0.0
36,1,2,3,0.0,2.0,2.0
36,1,3,1,0.0,0.0,0.0
36,1,3,2,0.0,0.0,0.0
36,1,3,3,0.0,2.0,2.0
36,1,4,1,0.0,0.0,0.0
36,1,4,2,0.0,0.0,0.0
36,1,4,3,0.0,2.0,2.0
36,1,5,1,0.0,0.0,0.0
36,1,5,2,0.0,0.0,0.0
36,1,5,3,0.0,2.0,2.0
36,1,6,1,0.0,0.0,0.0
36,1,6,2,0.0,0.0,0.0
36,1,6,3,0.0,2.0,2.0
36,1,7,1,0.0,0.0,0.0
36,1,7,2,0.0,0.0,0.0
36,1,7,3,0.0,2.0,2.0
36,1,8,1,0.0,0.0,0.0
36,1,8,2,0.0,0.0,0.0
36,1,8,3,0.0,2.0,2.0
36,1,9,1,0.0,0.0,0.0
36,1,9,2,0.0,0.0,0.0
36,1,9,3,0.0,2.0,2.0
36,1,10,1,0.0,0.0,0.0
36,1,10,2,0.0,0.0,0.0
36,1,10,3,0.0,2.0,2.0
36,1,11,1,0.0,0.0,0.0
36,1,11,2,0.0,0.0,0.0
36,1,11,3,0.0,2.0,2.0
36,1,12,1,0.0,0.0,0.0
36,1,12,2,0.0,0.0,0.0
36,1,12,3,0.0,2.0,2.0
36,1,13,1,0.0,0.0,0.0
36,1,13,2,0.0,0.0,0.0
36,1,13,3,0.0,2.0,2.0
36,1,14,1,0.0,0.0,0.0
36,1,14,2,0.0,0.0,0.0
36,1,14,3,0.0,2.0,2.0
36,1,15,1,0.0,0.0,0.0
36,1,15,2,0.0,0.0,0.0
36,1,15,3,0.0,2.0,2.0
36,1,16,1,0.0,0.0,0.0
36,1,16,2,0.0,0.0,0.0
36,1,16,3,0.0,2.0,2.0
36,1,17,1,0.0,0.0,0.0
36,1,17,2,0.0,0.0,0.0
36,1,17,3,0.0,2.0,2.0
36,1,18,1,0.0,0.0,0.0
36,1,18,2,0.0,0.0,0.0
36,1,18,3,0.0,2.0,2.0
36,1,19,1,0.0,0.0,0.0
36,1,19,2,0.0,0.0,0.0
36,1,19,3,0.0,2.0,2.0
36,1,20,1,0.0,0.0,0.0
36,1,20,2,0.0,0.0,0.0
36,1,20,3,0.0,2.0,2.0
37,3,1,1,3.8761011266018324,3.8761011266018324,7.752202253203665
37,3,1,2,0.0,0.0,0.0
37,3,1,3,0.0,0.0,0.0
37,3,2,1,3.8761011266018324,3.8761011266018324,7.752202253203665
37,3,2,2,0.0,0.0,0.0
37,3,2,3,0.0,0.0,0.0
37,3,3,1,0.0,3.8761011266018324,3.8761011266018324
37,3,3,2,0.0,0.0,0.0
37,3,3,3,0.0,0.0,0.0
37,3,4,1,0.0,3.8761011266018324,3.8761011266018324
37,3,4,2,0.0,0.0,0.0
37,3,4,3,0.0,0.0,0.0
37,3,5,1,0.0,3.8761011266018324,3.8761011266018324
37,3,5,2,0.0,0.0,0.0
37,3,5,3,0.0,0.0,0.0
37,3,6,1,0.0,3.8761011266018324,3.8761011266018324
37,3,6,2,0.0,0.0,0.0
37,3,6,3,0.0,0.0,0.0
37,3,7,1,0.0,3.8761011266018324,3.8761011266018324
37,3,7,2,0.0,0.0,0.0
37,3,7,3,0.0,0.0,0.0
37,3,8,1,0.0,3.8761011266018324,3.8761011266018324
37,3,8,2,0.0,0.0,0.0
37,3,8,3,0.0,0.0,0.0
37,3,9,1,0.0,3.8761011266018324,3.8761011266018324
37,3,9,2,0.0,0.0,0.0
37,3,9,3,0.0,0.0,0.0
37,3,10,1,0.0,3.8761011266018324,3.8761011266018324
37,3,10,2,0.0,0.0,0.0
37,3,10,3,0.0,0.0,0.0
37,3,11,1,0.0,3.8761011266018324,3.8761011266018324
37,3,11,2,0.0,0.0,0.0
37,3,11,3,0.0,0.0,0.0
37,3,12,1,0.0,3.8761011266018324,3.8761011266018324
37,3,12,2,3.8761011266018324,3.8761011266018324,7.752202253203665
37,3,12,3,0.0,0.0,0.0
37,3,13,1,0.0,0.0,0.0
37,3,13,2,0.0,3.8761011266018324,3.8761011266018324
37,3,13,3,0.0,0.0,0.0
37,3,14,1,0.0,3.8761011266018324,3.8761011266018324
37,3,14,2,0.0,0.0,0.0
37,3,14,3,0.0,0.0,0.0
37,3,15,1,0.0,3.8761011266018324,3.8761011266018324
37,3,15,2,0.0,0.0,0.0
37,3,15,3,0.0,0.0,0.0
37,3,16,1,0.0,3.8761011266018324,3.8761011266018324
37,3,16,2,0.0,3.8761011266018324,3.8761011266018324
37,3,16,3,2.0,2.0,4.0
37,3,17,1,0.0,3.8761011266018324,3.8761011266018324
37,3,17,2,0.0,0.0,0.0
37,3,17,3,0.0,0.0,0.0
37,3,18,1,0.0,3.8761011266018324,3.8761011266018324
37,3,18,2,0.0,3.8761011266018324,3.8761011266018324
37,3,18,3,0.0,0.0,0.0
37,3,19,1,0.0,3.8761011266018324,3.8761011266018324
37,3,19,2,0.0,0.0,0.0
37,3,19,3,0.0,0.0,0.0
37,3,20,1,0.0,3.8761011266018324,3.8761011266018324
37,3,20,2,0.0,0.0,0.0
37,3,20,3,0.0,0.0,0.0
37,2,1,1,4.670201183380856,3.8761011266018324,8.54630230998269
37,2,1,2,0.0,0.0,0.0
37,2,1,3,0.0,0.0,0.0
37,2,2,1,0.7941000567790231,3.8761011266018324,4.670201183380856
37,2,2,2,3.8761011266018324,3.8761011266018324,7.752202253203665
37,2,2,3,0.0,0.0,0.0
37,2,3,1,0.0,0.0,0.0
37,2,3,2,0.0,3.8761011266018324,3.8761011266018324
37,2,3,3,0.0,0.0,0.0
37,2,4,1,0.0,0.0,0.0
37,2,4,2,0.0,3.8761011266018324,3.8761011266018324
37,2,4,3,0.0,0.0,0.0
37,2,5,1,0.0,0.0,0.0
37,2,5,2,0.0,3.8761011266018324,3.8761011266018324
37,2,5,3,0.0,0.0,0.0
37,2,6,1,0.0,0.0,0.0
37,2,6,2,0.0,3.8761011266018324,3.8761011266018324
37,2,6,3,0.0,0.0,0.0
37,2,7,1,0.0,0.0,0.0
37,2,7,2,0.0,3.8761011266018324,3.8761011266018324
37,2,7,3,0.0,0.0,0.0
37,2,8,1,0.0,0.0,0.0
37,2,8,2,0.0,3.8761011266018324,3.8761011266018324
37,2,8,3,0.0,0.0,0.0
37,2,9,1,0.0,0.0,0.0
37,2,9,2,0.0,3.8761011266018324,3.8761011266018324
37,2,9,3,0.0,0.0,0.0
37,2,10,1,0.0,0.0,0.0
37,2,10,2,0.0,3.8761011266018324,3.8761011266018324
37,2,10,3,0.0,0.0,0.0
37,2,11,1,0.0,0.0,0.0
37,2,11,2,0.0,3.8761011266018324,3.8761011266018324
37,2,11,3,0.0,0.0,0.0
37,2,12,1,0.0,0.0,0.0
37,2,12,2,0.0,3.8761011266018324,3.8761011266018324
37,2,12,3,0.0,0.0,0.0
37,2,13,1,0.0,0.0,0.0
37,2,13,2,0.0,3.8761011266018324,3.8761011266018324
37,2,13,3,0.0,0.0,0.0
37,2,14,1,0.0,0.0,0.0
37,2,14,2,0.0,3.8761011266018324,3.8761011266018324
37,2,14,3,0.0,0.0,0.0
37,2,15,1,0.0,0.0,0.0
37,2,15,2,0.0,3.8761011266018324,3.8761011266018324
37,2,15,3,0.0,0.0,0.0
37,2,16,1,0.0,0.0,0.0
37,2,16,2,0.0,3.8761011266018324,3.8761011266018324
37,2,16,3,0.0,0.0,0.0
37,2,17,1,0.0,0.0,0.0
37,2,17,2,0.0,3.8761011266018324,3.8761011266018324
37,2,17,3,0.0,0.0,0.0
37,2,18,1,0.0,0.0,0.0
37,2,18,2,0.0,3.8761011266018324,3.8761011266018324
37,2,18,3,0.0,0.0,0.0
37,2,19,1,0.0,0.0,0.0
37,2,19,2,0.0,3.8761011266018324,3.8761011266018324
37,2,19,3,0.0,0.0,0.0
37,2,20,1,0.0,0.0,0.0
37,2,20,2,0.0,3.8761011266018324,3.8761011266018324
37,2,20,3,0.0,0.0,0.0
37,1,1,1,4.670201183380856,3.8761011266018324,8.54630230998269
37,1,1,2,2.794100056779023,2.0,4.794100056779023
37,1,1,3,2.0,2.0,4.0
37,1,2,1,0.0,0.0,0.0
37,1,2,2,0.0,0.0,0.0
37,1,2,3,0.0,2.0,2.0
37,1,3,1,0.0,0.0,0.0
37,1,3,2,0.0,0.0,0.0
37,1,3,3,0.0,2.0,2.0
37,1,4,1,0.0,0.0,0.0
37,1,4,2,0.0,0.0,0.0
37,1,4,3,0.0,2.0,2.0
37,1,5,1,0.0,0.0,0.0
37,1,5,2,0.0,0.0,0.0
37,1,5,3,0.0,2.0,2.0
37,1,6,1,0.0,0.0,0.0
37,1,6,2,0.0,0.0,0.0
37,1,6,3,0.0,2.0,2.0
37,1,7,1,0.0,0.0,0.0
37,1,7,2,0.0,0.0,0.0
37,1,7,3,0.0,2.0,2.0
37,1,8,1,0.0,0.0,0.0
37,1,8,2,0.0,0.0,0.0
37,1,8,3,0.0,2.0,2.0
37,1,9,1,0.0,0.0,0.0
37,1,9,2,0.0,0.0,0.0
37,1,9,3,0.0,2.0,2.0
37,1,10,1,0.0,0.0,0.0
37,1,10,2,0.0,0.0,0.0
37,1,10,3,0.0,2.0,2.0
37,1,11,1,0.0,0.0,0.0
37,1,11,2,0.0,0.0,0.0
37,1,11,3,0.0,2.0,2.0
37,1,12,1,0.0,0.0,0.0
37,1,12,2,0.0,0.0,0.0
37,1,12,3,0.0,2.0,2.0
37,1,13,1,0.0,0.0,0.0
37,1,13,2,0.0,0.0,0.0
37,1,13,3,0.0,2.0,2.0
37,1,14,1,0.0,0.0,0.0
37,1,14,2,0.0,0.0,0.0
37,1,14,3,0.0,2.0,2.0
37,1,15,1,0.0,0.0,0.0
37,1,15,2,0.0,0.0,0.0
37,1,15,3,0.0,2.0,2.0
37,1,16,1,0.0,0.0,0.0
37,1,16,2,0.0,0.0,0.0
37,1,16,3,0.0,2.0,2.0
37,1,17,1,0.0,0.0,0.0
37,1,17,2,0.0,0.0,0.0
37,1,17,3,0.0,2.0,2.0
37,1,18,1,0.0,0.0,0.0
37,1,18,2,0.0,0.0,0.0
37,1,18,3,0.0,2.0,2.0
37,1,19,1,0.0,0.0,0.0
37,1,19,2,0.0,0.0,0.0
37,1,19,3,0.0,2.0,2.0
37,1,20,1,0.0,0.0,0.0
37,1,20,2,0.0,0.0,0.0
37,1,20,3,0.0,2.0,2.0
38,3,1,1,3.8761011266018324,3.8761011266018324,7.752202253203665
38,3,1,2,0.0,0.0,0.0
38,3,1,3,0.0,0.0,0.0
38,3,2,1,3.8761011266018324,3.8761011266018324,7.752202253203665
38,3,2,2,0.0,0.0,0.0
38,3,2,3,0.0,0.0,0.0
38,3,3,1,0.0,3.8761011266018324,3.8761011266018324
38,3,3,2,3.8761011266018324,3.8761011266018324,7.752202253203665
38,3,3,3,0.0,0.0,0.0
38,3,4,1,0.0,3.8761011266018324,3.8761011266018324
38,3,4,2,0.0,0.0,0.0
38,3,4,3,0.0,0.0,0.0
38,3,5,1,0.0,3.8761011266018324,3.8761011266018324
38,3,5,2,0.0,0.0,0.0
38,3,5,3,0.0,0.0,0.0
38,3,6,1,0.0,3.8761011266018324,3.8761011266018324
38,3,6,2,0.0,0.0,0.0
38,3,6,3,0.0,0.0,0.0
38,3,7,1,0.0,3.8761011266018324,3.8761011266018324
38,3,7,2,0.0,0.0,0.0
38,3,7,3,0.0,0.0,0.0
38,3,8,1,0.0,3.8761011266018324,3.8761011266018324
38,3,8,2,0.0,0.0,0.0
38,3,8,3,0.0,0.0,0.0
38,3,9,1,0.0,3.8761011266018324,3.8761011266018324
38,3,9,2,0.0,0.0,0.0
38,3,9,3,0.0,0.0,0.0
38,3,10,1,0.0,3.8761011266018324,3.8761011266018324
38,3,10,2,0.0,3.8761011266018324,3.8761011266018324
38,3,10,3,0.0,0.0,0.0
38,3,11,1,0.0,0.0,0.0
38,3,11,2,0.0,3.8761011266018324,3.8761011266018324
38,3,11,3,0.0,0.0,0.0
38,3,12,1,0.0,3.8761011266018324,3.8761011266018324
38,3,12,2,0.0,0.0,0.0
38,3,12,3,0.0,0.0,0.0
38,3,13,1,0.0,3.8761011266018324,3.8761011266018324
38,3,13,2,0.0,0.0,0.0
38,3,13,3,0.0,0.0,0.0
38,3,14,1,0.0,3.8761011266018324,3.8761011266018324
38,3,14,2,0.0,0.0,0.0
38,3,14,3,0.0,0.0,0.0
38,3,15,1,0.0,3.8761011266018324,3.8761011266018324
38,3,15,2,0.0,3.8761011266018324,3.8761011266018324
38,3,15,3,0.0,0.0,0.0
38,3,16,1,0.0,0.0,0.0
38,3,16,2,0.0,3.8761011266018324,3.8761011266018324
38,3,16,3,2.0,2.0,4.0
38,3,17,1,0.0,0.0,0.0
38,3,17,2,0.0,0.0,0.0
38,3,17,3,0.0,2.0,2.0
38,3,18,1,0.0,3.8761011266018324,3.8761011266018324
38,3,18,2,0.0,0.0,0.0
38,3,18,3,0.0,0.0,0.0
38,3,19,1,0.0,3.8761011266018324,3.8761011266018324
38,3,19,2,0.0,0.0,0.0
38,3,19,3,0.0,0.0,0.0
38,3,20,1,0.0,3.8761011266018324,3.8761011266018324
38,3,20,2,0.0,0.0,0.0
38,3,20,3,0.0,0.0,0.0
38,2,1,1,4.670201183380856,3.8761011266018324,8.54630230998269
38,2,1,2,3.8761011266018324,3.8761011266018324,7.752202253203665
38,2,1,3,0.0,0.0,0.0
38,2,2,1,0.0,0.0,0.0
38,2,2,2,0.0,3.8761011266018324,3.8761011266018324
38,2,2,3,0.0,0.0,0.0
38,2,3,1,0.0,0.0,0.0
38,2,3,2,0.0,3.8761011266018324,3.8761011266018324
38,2,3,3,0.0,0.0,0.0
38,2,4,1,0.0,0.0,0.0
38,2,4,2,0.0,3.8761011266018324,3.8761011266018324
38,2,4,3,0.0,0.0,0.0
38,2,5,1,0.0,0.0,0.0
38,2,5,2,0.0,3.8761011266018324,3.8761011266018324
38,2,5,3,0.0,0.0,0.0
38,2,6,1,0.0,0.0,0.0
38,2,6,2,0.0,3.8761011266018324,3.8761011266018324
38,2,6,3,0.0,0.0,0.0
38,2,7,1,0.0,0.0,0.0
38,2,7,2,0.0,3.8761011266018324,3.8761011266018324
38,2,7,3,0.0,0.0,0.0
38,2,8,1,0.0,0.0,0.0
38,2,8,2,0.0,3.8761011266018324,3.8761011266018324
38,2,8,3,0.0,0.0,0.0
38,2,9,1,0.0,0.0,0.0
38,2,9,2,0.0,3.8761011266018324,3.8761011266018324
38,2,9,3,0.0,0.0,0.0
38,2,10,1,0.0,0.0,0.0
38,2,10,2,0.0,3.8761011266018324,3.8761011266018324
38,2,10,3,0.0,0.0,0.0
38,2,11,1,0.0,0.0,0.0
38,2,11,2,0.0,3.8761011266018324,3.8761011266018324
38,2,11,3,0.0,0.0,0.0
38,2,12,1,0.0,0.0,0.0
38,2,12,2,0.0,3.8761011266018324,3.8761011266018324
38,2,12,3,0.0,0.0,0.0
38,2,13,1,0.0,0.0,0.0
38,2,13,2,0.0,3.8761011266018324,3.8761011266018324
38,2,13,3,0.0,0.0,0.0
38,2,14,1,0.0,0.0,0.0
38,2,14,2,0.0,3.8761011266018324,3.8761011266018324
38,2,14,3,0.0,0.0,0.0
38,2,15,1,0.0,0.0,0.0
38,2,15,2,0.0,3.8761011266018324,3.8761011266018324
38,2,15,3,2.0,2.0,4.0
38,2,16,1,0.0,0.0,0.0
38,2,16,2,0.0,0.0,0.0
38,2,16,3,0.0,2.0,2.0
38,2,17,1,0.0,0.0,0.0
38,2,17,2,0.0,0.0,0.0
38,2,17,3,0.0,2.0,2.0
38,2,18,1,0.7941000567790231,3.8761011266018324,4.670201183380856
38,2,18,2,0.0,0.0,0.0
38,2,18,3,0.0,0.0,0.0
38,2,19,1,0.7941000567790231,3.8761011266018324,4.670201183380856
38,2,19,2,0.0,0.0,0.0
38,2,19,3,0.0,0.0,0.0
38,2,20,1,0.7941000567790231,3.8761011266018324,4.670201183380856
38,2,20,2,0.0,0.0,0.0
38,2,20,3,0.0,0.0,0.0
38,1,1,1,4.670201183380856,3.8761011266018324,8.54630230998269
38,1,1,2,0.0,0.0,0.0
38,1,1,3,0.0,0.0,0.0
38,1,2,1,0.7941000567790231,3.8761011266018324,4.670201183380856
38,1,2,2,0.0,0.0,0.0
38,1,2,3,0.0,0.0,0.0
38,1,3,1,0.7941000567790231,3.8761011266018324,4.670201183380856
38,1,3,2,2.794100056779023,2.0,4.794100056779023
38,1,3,3,2.0,2.0,4.0
38,1,4,1,0.0,0.0,0.0
38,1,4,2,0.0,0.0,0.0
38,1,4,3,0.0,2.0,2.0
38,1,5,1,0.0,0.0,0.0
38,1,5,2,0.0,0.0,0.0
38,1,5,3,0.0,2.0,2.0
38,1,6,1,0.0,0.0,0.0
38,1,6,2,0.0,0.0,0.0
38,1,6,3,0.0,2.0,2.0
38,1,7,1,0.0,0.0,0.0
38,1,7,2,0.0,0.0,0.0
38,1,7,3,0.0,2.0,2.0
38,1,8,1,0.0,0.0,0.0
38,1,8,2,0.0,0.0,0.0
38,1,8,3,0.0,2.0,2.0
38,1,9,1,0.0,0.0,0.0
38,1,9,2,0.0,0.0,0.0
38,1,9,3,0.0,2.0,2.0
38,1,10,1,0.0,0.0,0.0
38,1,10,2,0.0,0.0,0.0
38,1,10,3,0.0,2.0,2.0
38,1,11,1,0.0,0.0,0.0
38,1,11,2,0.0,0.0,0.0
38,1,11,3,0.0,2.0,2.0
38,1,12,1,0.0,0.0,0.0
38,1,12,2,0.0,0.0,0.0
38,1,12,3,0.0,2.0,2.0
38,1,13,1,0.0,0.0,0.0
38,1,13,2,0.0,0.0,0.0
38,1,13,3,0.0,2.0,2.0
38,1,14,1,0.0,0.0,0.0
38,1,14,2,0.0,0.0,0.0
38,1,14,3,0.0,2.0,2.0
38,1,15,1,0.0,0.0,0.0
38,1,15,2,0.0,0.0,0.0
38,1,15,3,0.0,2.0,2.0
38,1,16,1,0.0,0.0,0.0
38,1,16,2,0.0,0.0,0.0
38,1,16,3,0.0,2.0,2.0
38,1,17,1,0.0,0.0,0.0
38,1,17,2,0.0,0.0,0.0
38,1,17,3,0.0,2.0,2.0
38,1,18,1,0.0,0.0,0.0
38,1,18,2,0.0,0.0,0.0
38,1,18,3,0.0,2.0,2.0
38,1,19,1,0.0,0.0,0.0
38,1,19,2,0.0,0.0,0.0
38,1,19,3,0.0,2.0,2.0
38,1,20,1,0.0,0.0,0.0
38,1,20,2,0.0,0.0,0.0
38,1,20,3,0.0,2.0,2.0
39,3,1,1,3.8761011266018324,3.8761011266018324,7.752202253203665
39,3,1,2,3.8761011266018324,3.8761011266018324,7.752202253203665
39,3,1,3,0.0,0.0,0.0
39,3,2,1,3.8761011266018324,3.8761011266018324,7.752202253203665
39,3,2,2,0.0,0.0,0.0
39,3,2,3,0.0,0.0,0.0
39,3,3,1,0.0,3.8761011266018324,3.8761011266018324
39,3,3,2,0.0,0.0,0.0
39,3,3,3,0.0,0.0,0.0
39,3,4,1,0.0,3.8761011266018324,3.8761011266018324
39,3,4,2,0.0,0.0,0.0
39,3,4,3,0.0,0.0,0.0
39,3,5,1,0.0,3.8761011266018324,3.8761011266018324
39,3,5,2,0.0,0.0,0.0
39,3,5,3,0.0,0.0,0.0
39,3,6,1,0.0,3.8761011266018324,3.8761011266018324
39,3,6,2,0.0,0.0,0.0
39,3,6,3,0.0,0.0,0.0
39,3,7,1,0.0,3.8761011266018324,3.8761011266018324
39,3,7,2,0.0,0.0,0.0
39,3,7,3,0.0,0.0,0.0
39,3,8,1,0.0,3.8761011266018324,3.8761011266018324
39,3,8,2,0.0,3.8761011266018324,3.8761011266018324
39,3,8,3,0.0,0.0,0.0
39,3,9,1,0.0,3.8761011266018324,3.8761011266018324
39,3,9,2,0.0,0.0,0.0
39,3,9,3,0.0,0.0,0.0
39,3,10,1,0.0,3.8761011266018324,3.8761011266018324
39,3,10,2,0.0,0.0,0.0
39,3,10,3,0.0,0.0,0.0
39,3,11,1,0.0,3.8761011266018324,3.8761011266018324
39,3,11,2,0.0,0.0,0.0
39,3,11,3,0.0,0.0,0.0
39,3,12,1,0.0,3.8761011266018324,3.8761011266018324
39,3,12,2,0.0,0.0,0.0
39,3,12,3,0.0,0.0,0.0
39,3,13,1,0.0,3.8761011266018324,3.8761011266018324
39,3,13,2,0.0,0.0,0.0
39,3,13,3,0.0,0.0,0.0
39,3,14,1,0.0,3.8761011266018324,3.8761011266018324
39,3,14,2,0.0,3.8761011266018324,3.8761011266018324
39,3,14,3,0.0,0.0,0.0
39,3,15,1,0.0,0.0,0.0
39,3,15,2,0.0,3.8761011266018324,3.8761011266018324
39,3,15,3,0.0,0.0,0.0
39,3,16,1,0.0,3.8761011266018324,3.8761011266018324
39,3,16,2,0.0,3.8761011266018324,3.8761011266018324
39,3,16,3,2.0,2.0,4.0
39,3,17,1,0.0,3.8761011266018324,3.8761011266018324
39,3,17,2,0.0,0.0,0.0
39,3,17,3,0.0,0.0,0.0
39,3,18,1,0.0,3.8761011266018324,3.8761011266018324
39,3,18,2,0.0,0.0,0.0
39,3,18,3,0.0,0.0,0.0
39,3,19,1,0.0,3.8761011266018324,3.8761011266018324
39,3,19,2,0.0,0.0,0.0
39,3,19,3,0.0,0.0,0.0
39,3,20,1,0.0,3.8761011266018324,3.8761011266018324
39,3,20,2,0.0,3.8761011266018324,3.8761011266018324
39,3,20,3,0.0,0.0,0.0
39,2,1,1,4.670201183380856,3.8761011266018324,8.54630230998269
39,2,1,2,0.0,0.0,0.0
39,2,1,3,0.0,0.0,0.0
39,2,2,1,0.7941000567790231,3.8761011266018324,4.670201183380856
39,2,2,2,0.0,0.0,0.0
39,2,2,3,0.0,0.0,0.0
39,2,3,1,0.7941000567790231,3.8761011266018324,4.670201183380856
39,2,3,2,0.0,0.0,0.0
39,2,3,3,0.0,0.0,0.0
39,2,4,1,0.7941000567790231,3.8761011266018324,4.670201183380856
39,2,4,2,3.8761011266018324,3.8761011266018324,7.752202253203665
39,2,4,3,0.0,0.0,0.0
39,2,5,1,0.0,0.0,0.0
39,2,5,2,0.0,3.8761011266018324,3.8761011266018324
39,2,5,3,0.0,0.0,0.0
39,2,6,1,0.0,0.0,0.0
39,2,6,2,0.0,3.8761011266018324,3.8761011266018324
39,2,6,3,0.0,0.0,0.0
39,2,7,1,0.0,0.0,0.0
39,2,7,2,0.0,3.8761011266018324,3.8761011266018324
39,2,7,3,0.0,0.0,0.0
39,2,8,1,0.0,0.0,0.0
39,2,8,2,0.0,3.8761011266018324,3.8761011266018324
39,2,8,3,2.0,2.0,4.0
39,2,9,1,0.0,3.8761011266018324,3.8761011266018324
39,2,9,2,0.0,0.0,0.0
39,2,9,3,0.0,0.0,0.0
39,2,10,1,0.0,3.8761011266018324,3.8761011266018324
39,2,10,2,0.0,3.8761011266018324,3.8761011266018324
39,2,10,3,0.0,0.0,0.0
39,2,11,1,0.0,0.0,0.0
39,2,11,2,0.0,3.8761011266018324,3.8761011266018324
39,2,11,3,0.0,0.0,0.0
39,2,12,1,0.0,0.0,0.0
39,2,12,2,0.0,3.8761011266018324,3.8761011266018324
39,2,12,3,0.0,0.0,0.0
39,2,13,1,0.0,0.0,0.0
39,2,13,2,0.0,3.8761011266018324,3.8761011266018324
39,2,13,3,0.0,0.0,0.0
39,2,14,1,0.0,0.0,0.0
39,2,14,2,0.0,3.8761011266018324,3.8761011266018324
39,2,14,3,0.0,0.0,0.0
39,2,15,1,0.0,0.0,0.0
39,2,15,2,0.0,3.8761011266018324,3.8761011266018324
39,2,15,3,0.0,0.0,0.0
39,2,16,1,0.0,0.0,0.0
39,2,16,2,0.0,3.8761011266018324,3.8761011266018324
39,2,16,3,0.0,0.0,0.0
39,2,17,1,0.0,0.0,0.0
39,2,17,2,0.0,3.8761011266018324,3.8761011266018324
39,2,17,3,0.0,0.0,0.0
39,2,18,1,0.0,0.0,0.0
39,2,18,2,0.0,3.8761011266018324,3.8761011266018324
39,2,18,3,0.0,0.0,0.0
39,2,19,1,0.0,0.0,0.0
39,2,19,2,0.0,3.8761011266018324,3.8761011266018324
39,2,19,3,0.0,0.0,0.0
39,2,20,1,0.0,0.0,0.0
39,2,20,2,0.0,3.8761011266018324,3.8761011266018324
39,2,20,3,0.0,0.0,0.0
39,1,1,1,4.670201183380856,3.8761011266018324,8.54630230998269
39,1,1,2,0.0,0.0,0.0
39,1,1,3,0.0,0.0,0.0
39,1,2,1,0.7941000567790231,3.8761011266018324,4.670201183380856
39,1,2,2,0.0,0.0,0.0
39,1,2,3,0.0,0.0,0.0
39,1,3,1,0.7941000567790231,3.8761011266018324,4.670201183380856
39,1,3,2,0.0,0.0,0.0
39,1,3,3,0.0,0.0,0.0
39,1,4,1,0.0,3.8761011266018324,3.8761011266018324
39,1,4,2,2.794100056779023,2.0,4.794100056779023
39,1,4,3,2.0,2.0,4.0
39,1,5,1,0.0,0.0,0.0
39,1,5,2,0.0,0.0,0.0
39,1,5,3,0.0,2.0,2.0
39,1,6,1,0.0,0.0,0.0
39,1,6,2,0.0,0.0,0.0
39,1,6,3,0.0,2.0,2.0
39,1,7,1,0.0,0.0,0.0
39,1,7,2,0.0,0.0,0.0
39,1,7,3,0.0,2.0,2.0
39,1,8,1,0.0,0.0,0.0
39,1,8,2,0.0,0.0,0.0
39,1,8,3,0.0,2.0,2.0
39,1,9,1,0.0,0.0,0.0
39,1,9,2,0.0,0.0,0.0
39,1,9,3,0.0,2.0,2.0
39,1,10,1,0.0,0.0,0.0
39,1,10,2,0.0,0.0,0.0
39,1,10,3,0.0,2.0,2.0
39,1,11,1,0.0,0.0,0.0
39,1,11,2,0.0,0.0,0.0
39,1,11,3,0.0,2.0,2.0
39,1,12,1,0.0,0.0,0.0
39,1,12,2,0.0,0.0,0.0
39,1,12,3,0.0,2.0,2.0
39,1,13,1,0.0,0.0,0.0
39,1,13,2,0.0,0.0,0.0
39,1,13,3,0.0,2.0,2.0
39,1,14,1,0.0,0.0,0.0
39,1,14,2,0.0,0.0,0.0
39,1,14,3,0.0,2.0,2.0
39,1,15,1,0.0,0.0,0.0
39,1,15,2,0.0,0.0,0.0
39,1,15,3,0.0,2.0,2.0
39,1,16,1,0.0,0.0,0.0
39,1,16,2,0.0,0.0,0.0
39,1,16,3,0.0,2.0,2.0
39,1,17,1,0.0,0.0,0.0
39,1,17,2,0.0,0.0,0.0
39,1,17,3,0.0,2.0,2.0
39,1,18,1,0.0,0.0,0.0
39,1,18,2,0.0,0.0,0.0
39,1,18,3,0.0,2.0,2.0
39,1,19,1,0.0,0.0,0.0
39,1,19,2,0.0,0.0,0.0
39,1,19,3,0.0,2.0,2.0
39,1,20,1,0.0,0.0,0.0
39,1,20,2,0.0,0.0,0.0
39,1,20,3,0.0,2.0,2.0
40,3,1,1,3.8761011266018324,3.8761011266018324,7.752202253203665
40,3,1,2,3.8761011266018324,3.8761011266018324,7.752202253203665
40,3,1,3,0.0,0.0,0.0
40,3,2,1,3.8761011266018324,3.8761011266018324,7.752202253203665
40,3,2,2,0.0,0.0,0.0
40,3,2,3,0.0,0.0,0.0
40,3,3,1,0.0,3.8761011266018324,3.8761011266018324
40,3,3,2,0.0,0.0,0.0
40,3,3,3,0.0,0.0,0.0
40,3,4,1,0.0,3.8761011266018324,3.8761011266018324
40,3,4,2,0.0,0.0,0.0
40,3,4,3,0.0,0.0,0.0
40,3,5,1,0.0,3.8761011266018324,3.8761011266018324
40,3,5,2,0.0,0.0,0.0
40,3,5,3,0.0,0.0,0.0
40,3,6,1,0.0,3.8761011266018324,3.8761011266018324
40,3,6,2,0.0,3.8761011266018324,3.8761011266018324
40,3,6,3,0.0,0.0,0.0
40,3,7,1,0.0,0.0,0.0
40,3,7,2,0.0,3.8761011266018324,3.8761011266018324
40,3,7,3,0.0,0.0,0.0
40,3,8,1,0.0,3.8761011266018324,3.8761011266018324
40,3,8,2,0.0,0.0,0.0
40,3,8,3,0.0,0.0,0.0
40,3,9,1,0.0,3.8761011266018324,3.8761011266018324
40,3,9,2,0.0,0.0,0.0
40,3,9,3,0.0,0.0,0.0
40,3,10,1,0.0,3.8761011266018324,3.8761011266018324
40,3,10,2,0.0,0.0,0.0
40,3,10,3,0.0,0.0,0.0
40,3,11,1,0.0,3.8761011266018324,3.8761011266018324
40,3,11,2,0.0,3.8761011266018324,3.8761011266018324
40,3,11,3,0.0,0.0,0.0
40,3,12,1,0.0,3.8761011266018324,3.8761011266018324
40,3,12,2,0.0,0.0,0.0
40,3,12,3,0.0,0.0,0.0
40,3,13,1,0.0,3.8761011266018324,3.8761011266018324
40,3,13,2,0.0,3.8761011266018324,3.8761011266018324
40,3,13,3,0.0,0.0,0.0
40,3,14,1,0.0,0.0,0.0
40,3,14,2,0.0,3.8761011266018324,3.8761011266018324
40,3,14,3,0.0,0.0,0.0
40,3,15,1,0.0,3.8761011266018324,3.8761011266018324
40,3,15,2,0.0,0.0,0.0
40,3,15,3,0.0,0.0,0.0
40,3,16,1,0.0,3.8761011266018324,3.8761011266018324
40,3,16,2,0.0,0.0,0.0
40,3,16,3,0.0,0.0,0.0
40,3,17,1,0.0,3.8761011266018324,3.8761011266018324
40,3,17,2,0.0,0.0,0.0
40,3,17,3,0.0,0.0,0.0
40,3,18,1,0.0,3.8761011266018324,3.8761011266018324
40,3,18,2,0.0,0.0,0.0
40,3,18,3,0.0,0.0,0.0
40,3,19,1,0.0,3.8761011266018324,3.8761011266018324
40,3,19,2,0.0,0.0,0.0
40,3,19,3,0.0,0.0,0.0
40,3,20,1,0.0,3.8761011266018324,3.8761011266018324
40,3,20,2,0.0,3.8761011266018324,3.8761011266018324
40,3,20,3,0.0,0.0,0.0
40,2,1,1,4.670201183380856,3.8761011266018324,8.54630230998269
40,2,1,2,0.0,0.0,0.0
40,2,1,3,0.0,0.0,0.0
40,2,2,1,0.7941000567790231,3.8761011266018324,4.670201183380856
40,2,2,2,0.0,0.0,0.0
40,2,2,3,0.0,0.0,0.0
40,2,3,1,0.7941000567790231,3.8761011266018324,4.670201183380856
40,2,3,2,0.0,0.0,0.0
40,2,3,3,0.0,0.0,0.0
40,2,4,1,0.7941000567790231,3.8761011266018324,4.670201183380856
40,2,4,2,0.0,0.0,0.0
40,2,4,3,0.0,0.0,0.0
40,2,5,1,0.0,3.8761011266018324,3.8761011266018324
40,2,5,2,3.8761011266018324,3.8761011266018324,7.752202253203665
40,2,5,3,0.0,0.0,0.0
40,2,6,1,0.0,0.0,0.0
40,2,6,2,0.0,3.8761011266018324,3.8761011266018324
40,2,6,3,0.0,0.0,0.0
40,2,7,1,0.0,0.0,0.0
40,2,7,2,0.0,3.8761011266018324,3.8761011266018324
40,2,7,3,0.0,0.0,0.0
40,2,8,1,0.0,0.0,0.0
40,2,8,2,0.0,3.8761011266018324,3.8761011266018324
40,2,8,3,2.0,2.0,4.0
40,2,9,1,0.0,3.8761011266018324,3.8761011266018324
40,2,9,2,0.0,0.0,0.0
40,2,9,3,0.0,0.0,0.0
40,2,10,1,0.0,3.8761011266018324,3.8761011266018324
40,2,10,2,0.0,3.8761011266018324,3.8761011266018324
40,2,10,3,0.0,0.0,0.0
40,2,11,1,0.0,0.0,0.0
40,2,11,2,0.0,3.8761011266018324,3.8761011266018324
40,2,11,3,0.0,0.0,0.0
40,2,12,1,0.0,0.0,0.0
40,2,12,2,0.0,3.8761011266018324,3.8761011266018324
40,2,12,3,0.0,0.0,0.0
40,2,13,1,0.0,0.0,0.0
40,2,13,2,0.0,3.8761011266018324,3.8761011266018324
40,2,13,3,0.0,0.0,0.0
40,2,14,1,0.0,0.0,0.0
40,2,14,2,0.0,3.8761011266018324,3.8761011266018324
40,2,14,3,0.0,0.0,0.0
40,2,15,1,0.0,0.0,0.0
40,2,15,2,0.0,3.8761011266018324,3.8761011266018324
40,2,15,3,0.0,0.0,0.0
40,2,16,1,0.0,0.0,0.0
40,2,16,2,0.0,3.8761011266018324,3.8761011266018324
40,2,16,3,0.0,0.0,0.0
40,2,17,1,0.0,0.0,0.0
40,2,17,2,0.0,3.8761011266018324,3.8761011266018324
40,2,17,3,0.0,0.0,0.0
40,2,18,1,0.0,0.0,0.0
40,2,18,2,0.0,3.8761011266018324,3.8761011266018324
40,2,18,3,0.0,0.0,0.0
40,2,19,1,0.0,0.0,0.0
40,2,19,2,0.0,3.8761011266018324,3.8761011266018324
40,2,19,3,0.0,0.0,0.0
40,2,20,1,0.0,0.0,0.0
40,2,20,2,0.0,3.8761011266018324,3.8761011266018324
40,2,20,3,0.0,0.0,0.0
40,1,1,1,4.670201183380856,3.8761011266018324,8.54630230998269
40,1,1,2,0.0,0.0,0.0
40,1,1,3,0.0,0.0,0.0
40,1,2,1,0.7941000567790231,3.8761011266018324,4.670201183380856
40,1,2,2,2.794100056779023,2.0,4.794100056779023
40,1,2,3,0.0,0.0,0.0
40,1,3,1,0.0,0.0,0.0
40,1,3,2,0.7941000567790231,2.0,2.794100056779023
40,1,3,3,2.0,2.0,4.0
40,1,4,1,0.0,0.0,0.0
40,1,4,2,0.0,0.0,0.0
40,1,4,3,0.0,2.0,2.0
40,1,5,1,0.0,0.0,0.0
40,1,5,2,0.0,0.0,0.0
40,1,5,3,0.0,2.0,2.0
40,1,6,1,0.0,0.0,0.0
40,1,6,2,0.0,0.0,0.0
40,1,6,3,0.0,2.0,2.0
40,1,7,1,0.0,0.0,0.0
40,1,7,2,0.0,0.0,0.0
40,1,7,3,0.0,2.0,2.0
40,1,8,1,0.0,0.0,0.0
40,1,8,2,0.0,0.0,0.0
40,1,8,3,0.0,0.0,0.0
40,1,9,1,0.7941000567790231,3.8761011266018324,4.670201183380856
40,1,9,2,0.0,0.0,0.0
40,1,9,3,0.0,0.0,0.0
40,1,10,1,0.0,3.8761011266018324,3.8761011266018324
40,1,10,2,0.0,2.0,2.0
40,1,10,3,0.0,2.0,2.0
40,1,11,1,0.0,0.0,0.0
40,1,11,2,0.0,0.0,0.0
40,1,11,3,0.0,2.0,2.0
40,1,12,1,0.0,3.8761011266018324,3.8761011266018324
40,1,12,2,0.0,2.0,2.0
40,1,12,3,0.0,0.0,0.0
40,1,13,1,0.0,0.0,0.0
40,1,13,2,0.0,2.0,2.0
40,1,13,3,0.0,2.0,2.0
40,1,14,1,0.0,0.0,0.0
40,1,14,2,0.0,0.0,0.0
40,1,14,3,0.0,2.0,2.0
40,1,15,1,0.0,0.0,0.0
40,1,15,2,0.0,0.0,0.0
40,1,15,3,0.0,2.0,2.0
40,1,16,1,0.0,0.0,0.0
40,1,16,2,0.0,0.0,0.0
40,1,16,3,0.0,2.0,2.0
40,1,17,1,0.0,0.0,0.0
40,1,17,2,0.0,0.0,0.0
40,1,17,3,0.0,2.0,2.0
40,1,18,1,0.0,0.0,0.0
40,1,18,2,0.0,0.0,0.0
40,1,18,3,0.0,2.0,2.0
40,1,19,1,0.0,0.0,0.0
40,1,19,2,0.0,0.0,0.0
40,1,19,3,0.0,2.0,2.0
40,1,20,1,0.0,0.0,0.0
40,1,20,2,0.0,0.0,0.0
40,1,20,3,0.0,2.0,2.0
41,3,1,1,3.8761011266018324,3.8761011266018324,7.752202253203665
41,3,1,2,3.8761011266018324,3.8761011266018324,7.752202253203665
41,3,1,3,0.0,0.0,0.0
41,3,2,1,0.0,0.0,0.0
41,3,2,2,0.0,3.8761011266018324,3.8761011266018324
41,3,2,3,0.0,0.0,0.0
41,3,3,1,3.8761011266018324,3.8761011266018324,7.752202253203665
41,3,3,2,0.0,0.0,0.0
41,3,3,3,0.0,0.0,0.0
41,3,4,1,0.0,3.8761011266018324,3.8761011266018324
41,3,4,2,0.0,0.0,0.0
41,3,4,3,0.0,0.0,0.0
41,3,5,1,0.0,3.8761011266018324,3.8761011266018324
41,3,5,2,0.0,3.8761011266018324,3.8761011266018324
41,3,5,3,2.0,2.0,4.0
41,3,6,1,0.0,0.0,0.0
41,3,6,2,0.0,0.0,0.0
41,3,6,3,0.0,2.0,2.0
41,3,7,1,0.0,3.8761011266018324,3.8761011266018324
41,3,7,2,0.0,3.8761011266018324,3.8761011266018324
41,3,7,3,0.0,0.0,0.0
41,3,8,1,0.0,3.8761011266018324,3.8761011266018324
41,3,8,2,0.0,0.0,0.0
41,3,8,3,0.0,0.0,0.0
41,3,9,1,0.0,3.8761011266018324,3.8761011266018324
41,3,9,2,0.0,3.8761011266018324,3.8761011266018324
41,3,9,3,0.0,0.0,0.0
41,3,10,1,0.0,3.8761011266018324,3.8761011266018324
41,3,10,2,0.0,0.0,0.0
41,3,10,3,0.0,0.0,0.0
41,3,11,1,0.0,3.8761011266018324,3.8761011266018324
41,3,11,2,0.0,0.0,0.0
41,3,11,3,0.0,0.0,0.0
41,3,12,1,0.0,3.8761011266018324,3.8761011266018324
41,3,12,2,0.0,0.0,0.0
41,3,12,3,0.0,0.0,0.0
41,3,13,1,0.0,3.8761011266018324,3.8761011266018324
41,3,13,2,0.0,0.0,0.0
41,3,13,3,0.0,0.0,0.0
41,3,14,1,0.0,3.8761011266018324,3.8761011266018324
41,3,14,2,0.0,0.0,0.0
41,3,14,3,0.0,0.0,0.0
41,3,15,1,0.0,3.8761011266018324,3.8761011266018324
41,3,15,2,0.0,0.0,0.0
41,3,15,3,0.0,0.0,0.0
41,3,16,1,0.0,3.8761011266018324,3.8761011266018324
41,3,16,2,0.0,0.0,0.0
41,3,16,3,0.0,0.0,0.0
41,3,17,1,0.0,3.8761011266018324,3.8761011266018324
41,3,17,2,0.0,0.0,0.0
41,3,17,3,0.0,0.0,0.0
41,3,18,1,0.0,3.8761011266018324,3.8761011266018324
41,3,18,2,0.0,0.0,0.0
41,3,18,3,0.0,0.0,0.0
41,3,19,1,0.0,3.8761011266018324,3.8761011266018324
41,3,19,2,0.0,0.0,0.0
41,3,19,3,0.0,0.0,0.0
41,3,20,1,0.0,3.8761011266018324,3.8761011266018324
41,3,20,2,0.0,3.8761011266018324,3.8761011266018324
41,3,20,3,0.0,0.0,0.0
41,2,1,1,4.670201183380856,3.8761011266018324,8.54630230998269
41,2,1,2,0.0,0.0,0.0
41,2,1,3,0.0,0.0,0.0
41,2,2,1,0.7941000567790231,3.8761011266018324,4.670201183380856
41,2,2,2,0.0,0.0,0.0
41,2,2,3,0.0,0.0,0.0
41,2,3,1,0.7941000567790231,3.8761011266018324,4.670201183380856
41,2,3,2,3.8761011266018324,3.8761011266018324,7.752202253203665
41,2,3,3,0.0,0.0,0.0
41,2,4,1,0.0,0.0,0.0
41,2,4,2,0.0,3.8761011266018324,3.8761011266018324
41,2,4,3,0.0,0.0,0.0
41,2,5,1,0.0,0.0,0.0
41,2,5,2,0.0,3.8761011266018324,3.8761011266018324
41,2,5,3,0.0,0.0,0.0
41,2,6,1,0.0,0.0,0.0
41,2,6,2,0.0,3.8761011266018324,3.8761011266018324
41,2,6,3,0.0,0.0,0.0
41,2,7,1,0.0,0.0,0.0
41,2,7,2,0.0,3.8761011266018324,3.8761011266018324
41,2,7,3,0.0,0.0,0.0
41,2,8,1,0.0,0.0,0.0
41,2,8,2,0.0,3.8761011266018324,3.8761011266018324
41,2,8,3,0.0,0.0,0.0
41,2,9,1,0.0,0.0,0.0
41,2,9,2,0.0,3.8761011266018324,3.8761011266018324
41,2,9,3,0.0,0.0,0.0
41,2,10,1,0.0,0.0,0.0
41,2,10,2,0.0,3.8761011266018324,3.8761011266018324
41,2,10,3,0.0,0.0,0.0
41,2,11,1,0.0,0.0,0.0
41,2,11,2,0.0,3.8761011266018324,3.8761011266018324
41,2,11,3,0.0,0.0,0.0
41,2,12,1,0.0,0.0,0.0
41,2,12,2,0.0,3.8761011266018324,3.8761011266018324
41,2,12,3,0.0,0.0,0.0
41,2,13,1,0.0,0.0,0.0
41,2,13,2,0.0,3.8761011266018324,3.8761011266018324
41,2,13,3,0.0,0.0,0.0
41,2,14,1,0.0,0.0,0.0
41,2,14,2,0.0,3.8761011266018324,3.8761011266018324
41,2,14,3,0.0,0.0,0.0
41,2,15,1,0.0,0.0,0.0
41,2,15,2,0.0,3.8761011266018324,3.8761011266018324
41,2,15,3,0.0,0.0,0.0
41,2,16,1,0.0,0.0,0.0
41,2,16,2,0.0,3.8761011266018324,3.8761011266018324
41,2,16,3,0.0,0.0,0.0
41,2,17,1,0.0,0.0,0.0
41,2,17,2,0.0,3.8761011266018324,3.8761011266018324
41,2,17,3,0.0,0.0,0.0
41,2,18,1,0.0,0.0,0.0
41,2,18,2,0.0,3.8761011266018324,3.8761011266018324
41,2,18,3,0.0,0.0,0.0
41,2,19,1,0.0,0.0,0.0
41,2,19,2,0.0,3.8761011266018324,3.8761011266018324
41,2,19,3,0.0,0.0,0.0
41,2,20,1,0.0,0.0,0.0
41,2,20,2,0.0,3.8761011266018324,3.8761011266018324
41,2,20,3,0.0,0.0,0.0
41,1,1,1,4.670201183380856,3.8761011266018324,8.54630230998269
41,1,1,2,2.794100056779023,2.0,4.794100056779023
41,1,1,3,2.0,2.0,4.0
41,1,2,1,0.0,0.0,0.0
41,1,2,2,0.0,0.0,0.0
41,1,2,3,0.0,2.0,2.0
41,1,3,1,0.0,0.0,0.0
41,1,3,2,0.0,0.0,0.0
41,1,3,3,0.0,2.0,2.0
41,1,4,1,0.0,0.0,0.0
41,1,4,2,0.0,0.0,0.0
41,1,4,3,0.0,2.0,2.0
41,1,5,1,0.0,0.0,0.0
41,1,5,2,0.0,0.0,0.0
41,1,5,3,0.0,2.0,2.0
41,1,6,1,0.0,0.0,0.0
41,1,6,2,0.0,0.0,0.0
41,1,6,3,0.0,2.0,2.0
41,1,7,1,0.0,0.0,0.0
41,1,7,2,0.0,0.0,0.0
41,1,7,3,0.0,2.0,2.0
41,1,8,1,0.0,0.0,0.0
41,1,8,2,0.0,0.0,0.0
41,1,8,3,0.0,2.0,2.0
41,1,9,1,0.0,0.0,0.0
41,1,9,2,0.0,0.0,0.0
41,1,9,3,0.0,2.0,2.0
41,1,10,1,0.0,0.0,0.0
41,1,10,2,0.0,0.0,0.0
41,1,10,3,0.0,2.0,2.0
41,1,11,1,0.0,0.0,0.0
41,1,11,2,0.0,0.0,0.0
41,1,11,3,0.0,2.0,2.0
41,1,12,1,0.0,0.0,0.0
41,1,12,2,0.0,0.0,0.0
41,1,12,3,0.0,2.0,2.0
41,1,13,1,0.0,0.0,0.0
41,1,13,2,0.0,0.0,0.0
41,1,13,3,0.0,2.0,2.0
41,1,14,1,0.0,0.0,0.0
41,1,14,2,0.0,0.0,0.0
41,1,14,3,0.0,2.0,2.0
41,1,15,1,0.0,0.0,0.0
41,1,15,2,0.0,0.0,0.0
41,1,15,3,0.0,2.0,2.0
41,1,16,1,0.0,0.0,0.0
41,1,16,2,0.0,0.0,0.0
41,1,16,3,0.0,2.0,2.0
41,1,17,1,0.0,0.0,0.0
41,1,17,2,0.0,0.0,0.0
41,1,17,3,0.0,2.0,2.0
41,1,18,1,0.0,0.0,0.0
41,1,18,2,0.0,0.0,0.0
41,1,18,3,0.0,2.0,2.0
41,1,19,1,0.0,0.0,0.0
41,1,19,2,0.0,0.0,0.0
41,1,19,3,0.0,2.0,2.0
41,1,20,1,0.0,0.0,0.0
41,1,20,2,0.0,0.0,0.0
41,1,20,3,0.0,2.0,2.0
42,3,1,1,3.8761011266018324,3.8761011266018324,7.752202253203665
42,3,1,2,0.0,0.0,0.0
42,3,1,3,0.0,0.0,0.0
42,3,2,1,3.8761011266018324,3.8761011266018324,7.752202253203665
42,3,2,2,0.0,0.0,0.0
42,3,2,3,0.0,0.0,0.0
42,3,3,1,0.0,3.8761011266018324,3.8761011266018324
42,3,3,2,3.8761011266018324,3.8761011266018324,7.752202253203665
42,3,3,3,0.0,0.0,0.0
42,3,4,1,0.0,3.8761011266018324,3.8761011266018324
42,3,4,2,0.0,0.0,0.0
42,3,4,3,0.0,0.0,0.0
42,3,5,1,0.0,3.8761011266018324,3.8761011266018324
42,3,5,2,0.0,3.8761011266018324,3.8761011266018324
42,3,5,3,0.0,0.0,0.0
42,3,6,1,0.0,3.8761011266018324,3.8761011266018324
42,3,6,2,0.0,0.0,0.0
42,3,6,3,0.0,0.0,0.0
42,3,7,1,0.0,3.8761011266018324,3.8761011266018324
42,3,7,2,0.0,0.0,0.0
42,3,7,3,0.0,0.0,0.0
42,3,8,1,0.0,3.8761011266018324,3.8761011266018324
42,3,8,2,0.0,0.0,0.0
42,3,8,3,0.0,0.0,0.0
42,3,9,1,0.0,3.8761011266018324,3.8761011266018324
42,3,9,2,0.0,3.8761011266018324,3.8761011266018324
42,3,9,3,0.0,0.0,0.0
42,3,10,1,0.0,3.8761011266018324,3.8761011266018324
42,3,10,2,0.0,0.0,0.0
42,3,10,3,0.0,0.0,0.0
42,3,11,1,0.0,3.8761011266018324,3.8761011266018324
42,3,11,2,0.0,0.0,0.0
42,3,11,3,0.0,0.0,0.0
42,3,12,1,0.0,3.8761011266018324,3.8761011266018324
42,3,12,2,0.0,3.8761011266018324,3.8761011266018324
42,3,12,3,0.0,0.0,0.0
42,3,13,1,0.0,3.8761011266018324,3.8761011266018324
42,3,13,2,0.0,0.0,0.0
42,3,13,3,0.0,0.0,0.0
42,3,14,1,0.0,3.8761011266018324,3.8761011266018324
42,3,14,2,0.0,0.0,0.0
42,3,14,3,0.0,0.0,0.0
42,3,15,1,0.0,3.8761011266018324,3.8761011266018324
42,3,15,2,0.0,0.0,0.0
42,3,15,3,0.0,0.0,0.0
42,3,16,1,0.0,3.8761011266018324,3.8761011266018324
42,3,16,2,0.0,3.8761011266018324,3.8761011266018324
42,3,16,3,0.0,0.0,0.0
42,3,17,1,0.0,3.8761011266018324,3.8761011266018324
42,3,17,2,0.0,3.8761011266018324,3.8761011266018324
42,3,17,3,0.0,0.0,0.0
42,3,18,1,0.0,3.8761011266018324,3.8761011266018324
42,3,18,2,0.0,0.0,0.0
42,3,18,3,0.0,0.0,0.0
42,3,19,1,0.0,3.8761011266018324,3.8761011266018324
42,3,19,2,0.0,0.0,0.0
42,3,19,3,0.0,0.0,0.0
42,3,20,1,0.0,3.8761011266018324,3.8761011266018324
42,3,20,2,0.0,3.8761011266018324,3.8761011266018324
42,3,20,3,0.0,0.0,0.0
42,2,1,1,4.670201183380856,3.8761011266018324,8.54630230998269
42,2,1,2,0.0,0.0,0.0
42,2,1,3,0.0,0.0,0.0
42,2,2,1,0.7941000567790231,3.8761011266018324,4.670201183380856
42,2,2,2,0.0,0.0,0.0
42,2,2,3,0.0,0.0,0.0
42,2,3,1,0.7941000567790231,3.8761011266018324,4.670201183380856
42,2,3,2,0.0,0.0,0.0
42,2,3,3,0.0,0.0,0.0
42,2,4,1,0.7941000567790231,3.8761011266018324,4.670201183380856
42,2,4,2,0.0,0.0,0.0
42,2,4,3,0.0,0.0,0.0
42,2,5,1,0.0,3.8761011266018324,3.8761011266018324
42,2,5,2,3.8761011266018324,3.8761011266018324,7.752202253203665
42,2,5,3,0.0,0.0,0.0
42,2,6,1,0.0,0.0,0.0
42,2,6,2,0.0,3.8761011266018324,3.8761011266018324
42,2,6,3,0.0,0.0,0.0
42,2,7,1,0.0,0.0,0.0
42,2,7,2,0.0,3.8761011266018324,3.8761011266018324
42,2,7,3,0.0,0.0,0.0
42,2,8,1,0.0,0.0,0.0
42,2,8,2,0.0,3.8761011266018324,3.8761011266018324
42,2,8,3,0.0,0.0,0.0
42,2,9,1,0.0,0.0,0.0
42,2,9,2,0.0,3.8761011266018324,3.8761011266018324
42,2,9,3,0.0,0.0,0.0
42,2,10,1,0.0,0.0,0.0
42,2,10,2,0.0,3.8761011266018324,3.8761011266018324
42,2,10,3,0.0,0.0,0.0
42,2,11,1,0.0,0.0,0.0
42,2,11,2,0.0,3.8761011266018324,3.8761011266018324
42,2,11,3,0.0,0.0,0.0
42,2,12,1,0.0,0.0,0.0
42,2,12,2,0.0,3.8761011266018324,3.8761011266018324
42,2,12,3,0.0,0.0,0.0
42,2,13,1,0.0,0.0,0.0
42,2,13,2,0.0,3.8761011266018324,3.8761011266018324
42,2,13,3,0.0,0.0,0.0
42,2,14,1,0.0,0.0,0.0
42,2,14,2,0.0,3.8761011266018324,3.8761011266018324
42,2,14,3,0.0,0.0,0.0
42,2,15,1,0.0,0.0,0.0
42,2,15,2,0.0,3.8761011266018324,3.8761011266018324
42,2,15,3,0.0,0.0,0.0
42,2,16,1,0.0,0.0,0.0
42,2,16,2,0.0,3.8761011266018324,3.8761011266018324
42,2,16,3,0.0,0.0,0.0
42,2,17,1,0.0,0.0,0.0
42,2,17,2,0.0,3.8761011266018324,3.8761011266018324
42,2,17,3,0.0,0.0,0.0
42,2,18,1,0.0,0.0,0.0
42,2,18,2,0.0,3.8761011266018324,3.8761011266018324
42,2,18,3,0.0,0.0,0.0
42,2,19,1,0.0,0.0,0.0
42,2,19,2,0.0,3.8761011266018324,3.8761011266018324
42,2,19,3,0.0,0.0,0.0
42,2,20,1,0.0,0.0,0.0
42,2,20,2,0.0,3.8761011266018324,3.8761011266018324
42,2,20,3,0.0,0.0,0.0
42,1,1,1,4.670201183380856,3.8761011266018324,8.54630230998269
42,1,1,2,2.794100056779023,2.0,4.794100056779023
42,1,1,3,0.0,0.0,0.0
42,1,2,1,0.0,0.0,0.0
42,1,2,2,0.7941000567790231,2.0,2.794100056779023
42,1,2,3,2.0,2.0,4.0
42,1,3,1,0.0,0.0,0.0
42,1,3,2,0.0,0.0,0.0
42,1,3,3,0.0,2.0,2.0
42,1,4,1,0.0,0.0,0.0
42,1,4,2,0.0,0.0,0.0
42,1,4,3,0.0,2.0,2.0
42,1,5,1,0.7941000567790231,3.8761011266018324,4.670201183380856
42,1,5,2,0.0,2.0,2.0
42,1,5,3,0.0,0.0,0.0
42,1,6,1,0.0,0.0,0.0
42,1,6,2,0.0,2.0,2.0
42,1,6,3,0.0,2.0,2.0
42,1,7,1,0.0,0.0,0.0
42,1,7,2,0.0,0.0,0.0
42,1,7,3,0.0,2.0,2.0
42,1,8,1,0.0,0.0,0.0
42,1,8,2,0.0,0.0,0.0
42,1,8,3,0.0,2.0,2.0
42,1,9,1,0.0,0.0,0.0
42,1,9,2,0.0,0.0,0.0
42,1,9,3,0.0,2.0,2.0
42,1,10,1,0.7941000567790231,3.8761011266018324,4.670201183380856
42,1,10,2,0.0,2.0,2.0
42,1,10,3,0.0,2.0,2.0
42,1,11,1,0.0,0.0,0.0
42,1,11,2,0.0,0.0,0.0
42,1,11,3,0.0,2.0,2.0
42,1,12,1,0.0,0.0,0.0
42,1,12,2,0.0,0.0,0.0
42,1,12,3,0.0,2.0,2.0
42,1,13,1,0.0,0.0,0.0
42,1,13,2,0.0,0.0,0.0
42,1,13,3,0.0,2.0,2.0
42,1,14,1,0.0,0.0,0.0
42,1,14,2,0.0,0.0,0.0
42,1,14,3,0.0,2.0,2.0
42,1,15,1,0.0,0.0,0.0
42,1,15,2,0.0,0.0,0.0
42,1,15,3,0.0,2.0,2.0
42,1,16,1,0.0,0.0,0.0
42,1,16,2,0.0,0.0,0.0
42,1,16,3,0.0,2.0,2.0
42,1,17,1,0.0,0.0,0.0
42,1,17,2,0.0,0.0,0.0
42,1,17,3,0.0,2.0,2.0
42,1,18,1,0.0,0.0,0.0
42,1,18,2,0.0,0.0,0.0
42,1,18,3,0.0,2.0,2.0
42,1,19,1,0.0,0.0,0.0
42,1,19,2,0.0,0.0,0.0
42,1,19,3,0.0,2.0,2.0
42,1,20,1,0.0,0.0,0.0
42,1,20,2,0.0,0.0,0.0
42,1,20,3,0.0,2.0,2.0
43,3,1,1,3.8761011266018324,3.8761011266018324,7.752202253203665
43,3,1,2,0.0,0.0,0.0
43,3,1,3,0.0,0.0,0.0
43,3,2,1,3.8761011266018324,3.8761011266018324,7.752202253203665
43,3,2,2,0.0,0.0,0.0
43,3,2,3,0.0,0.0,0.0
43,3,3,1,0.0,3.8761011266018324,3.8761011266018324
43,3,3,2,0.0,0.0,0.0
43,3,3,3,0.0,0.0,0.0
43,3,4,1,0.0,3.8761011266018324,3.8761011266018324
43,3,4,2,0.0,0.0,0.0
43,3,4,3,0.0,0.0,0.0
43,3,5,1,0.0,3.8761011266018324,3.8761011266018324
43,3,5,2,0.0,0.0,0.0
43,3,5,3,0.0,0.0,0.0
43,3,6,1,0.0,3.8761011266018324,3.8761011266018324
43,3,6,2,0.0,0.0,0.0
43,3,6,3,0.0,0.0,0.0
43,3,7,1,0.0,3.8761011266018324,3.8761011266018324
43,3,7,2,0.0,0.0,0.0
43,3,7,3,0.0,0.0,0.0
43,3,8,1,0.0,3.8761011266018324,3.8761011266018324
43,3,8,2,0.0,0.0,0.0
43,3,8,3,0.0,0.0,0.0
43,3,9,1,0.0,3.8761011266018324,3.8761011266018324
43,3,9,2,3.8761011266018324,3.8761011266018324,7.752202253203665
43,3,9,3,0.0,0.0,0.0
43,3,10,1,0.0,0.0,0.0
43,3,10,2,0.0,3.8761011266018324,3.8761011266018324
43,3,10,3,0.0,0.0,0.0
43,3,11,1,0.0,3.8761011266018324,3.8761011266018324
43,3,11,2,0.0,0.0,0.0
43,3,11,3,0.0,0.0,0.0
43,3,12,1,0.0,3.8761011266018324,3.8761011266018324
43,3,12,2,0.0,0.0,0.0
43,3,12,3,0.0,0.0,0.0
43,3,13,1,0.0,3.8761011266018324,3.8761011266018324
43,3,13,2,0.0,3.8761011266018324,3.8761011266018324
43,3,13,3,0.0,0.0,0.0
43,3,14,1,0.0,3.8761011266018324,3.8761011266018324
43,3,14,2,0.0,3.8761011266018324,3.8761011266018324
43,3,14,3,0.0,0.0,0.0
43,3,15,1,0.0,3.8761011266018324,3.8761011266018324
43,3,15,2,0.0,0.0,0.0
43,3,15,3,0.0,0.0,0.0
43,3,16,1,0.0,3.8761011266018324,3.8761011266018324
43,3,16,2,0.0,0.0,0.0
43,3,16,3,0.0,0.0,0.0
43,3,17,1,0.0,3.8761011266018324,3.8761011266018324
43,3,17,2,0.0,3.8761011266018324,3.8761011266018324
43,3,17,3,0.0,0.0,0.0
43,3,18,1,0.0,0.0,0.0
43,3,18,2,0.0,3.8761011266018324,3.8761011266018324
43,3,18,3,0.0,0.0,0.0
43,3,19,1,0.0,0.0,0.0
43,3,19,2,0.0,3.8761011266018324,3.8761011266018324
43,3,19,3,0.0,0.0,0.0
43,3,20,1,0.0,3.8761011266018324,3.8761011266018324
43,3,20,2,0.0,0.0,0.0
43,3,20,3,0.0,0.0,0.0
43,2,1,1,4.670201183380856,3.8761011266018324,8.54630230998269
43,2,1,2,3.8761011266018324,3.8761011266018324,7.752202253203665
43,2,1,3,0.0,0.0,0.0
43,2,2,1,0.0,0.0,0.0
43,2,2,2,0.0,3.8761011266018324,3.8761011266018324
43,2,2,3,0.0,0.0,0.0
43,2,3,1,0.0,0.0,0.0
43,2,3,2,0.0,3.8761011266018324,3.8761011266018324
43,2,3,3,0.0,0.0,0.0
43,2,4,1,0.0,0.0,0.0
43,2,4,2,0.0,3.8761011266018324,3.8761011266018324
43,2,4,3,0.0,0.0,0.0
43,2,5,1,0.0,0.0,0.0
43,2,5,2,0.0,3.8761011266018324,3.8761011266018324
43,2,5,3,0.0,0.0,0.0
43,2,6,1,0.0,0.0,0.0
43,2,6,2,0.0,3.8761011266018324,3.8761011266018324
43,2,6,3,0.0,0.0,0.0
43,2,7,1,0.0,0.0,0.0
43,2,7,2,0.0,3.8761011266018324,3.8761011266018324
43,2,7,3,0.0,0.0,0.0
43,2,8,1,0.0,0.0,0.0
43,2,8,2,0.0,3.8761011266018324,3.8761011266018324
43,2,8,3,0.0,0.0,0.0
43,2,9,1,0.0,0.0,0.0
43,2,9,2,0.0,3.8761011266018324,3.8761011266018324
43,2,9,3,0.0,0.0,0.0
43,2,10,1,0.0,0.0,0.0
43,2,10,2,0.0,3.8761011266018324,3.8761011266018324
43,2,10,3,0.0,0.0,0.0
43,2,11,1,0.0,0.0,0.0
43,2,11,2,0.0,3.8761011266018324,3.8761011266018324
43,2,11,3,0.0,0.0,0.0
43,2,12,1,0.0,0.0,0.0
43,2,12,2,0.0,3.8761011266018324,3.8761011266018324
43,2,12,3,0.0,0.0,0.0
43,2,13,1,0.0,0.0,0.0
43,2,13,2,0.0,3.8761011266018324,3.8761011266018324
43,2,13,3,2.0,2.0,4.0
43,2,14,1,0.0,0.0,0.0
43,2,14,2,0.0,0.0,0.0
43,2,14,3,0.0,2.0,2.0
43,2,15,1,0.0,0.0,0.0
43,2,15,2,0.0,0.0,0.0
43,2,15,3,0.0,2.0,2.0
43,2,16,1,0.7941000567790231,3.8761011266018324,4.670201183380856
43,2,16,2,0.0,3.8761011266018324,3.8761011266018324
43,2,16,3,0.0,0.0,0.0
43,2,17,1,0.0,0.0,0.0
43,2,17,2,0.0,3.8761011266018324,3.8761011266018324
43,2,17,3,0.0,0.0,0.0
43,2,18,1,0.0,0.0,0.0
43,2,18,2,0.0,3.8761011266018324,3.8761011266018324
43,2,18,3,0.0,0.0,0.0
43,2,19,1,0.0,0.0,0.0
43,2,19,2,0.0,3.8761011266018324,3.8761011266018324
43,2,19,3,0.0,2.0,2.0
43,2,20,1,0.0,0.0,0.0
43,2,20,2,0.0,0.0,0.0
43,2,20,3,0.0,2.0,2.0
43,1,1,1,4.670201183380856,3.8761011266018324,8.54630230998269
43,1,1,2,0.0,0.0,0.0
43,1,1,3,0.0,0.0,0.0
43,1,2,1,0.7941000567790231,3.8761011266018324,4.670201183380856
43,1,2,2,0.0,0.0,0.0
43,1,2,3,0.0,0.0,0.0
43,1,3,1,0.7941000567790231,3.8761011266018324,4.670201183380856
43,1,3,2,2.794100056779023,2.0,4.794100056779023
43,1,3,3,2.0,2.0,4.0
43,1,4,1,0.0,0.0,0.0
43,1,4,2,0.0,0.0,0.0
43,1,4,3,0.0,2.0,2.0
43,1,5,1,0.0,0.0,0.0
43,1,5,2,0.0,0.0,0.0
43,1,5,3,0.0,2.0,2.0
43,1,6,1,0.0,0.0,0.0
43,1,6,2,0.0,0.0,0.0
43,1,6,3,0.0,2.0,2.0
43,1,7,1,0.0,0.0,0.0
43,1,7,2,0.0,0.0,0.0
43,1,7,3,0.0,2.0,2.0
43,1,8,1,0.0,0.0,0.0
43,1,8,2,0.0,0.0,0.0
43,1,8,3,0.0,2.0,2.0
43,1,9,1,0.0,0.0,0.0
43,1,9,2,0.0,0.0,0.0
43,1,9,3,0.0,2.0,2.0
43,1,10,1,0.0,0.0,0.0
43,1,10,2,0.0,0.0,0.0
43,1,10,3,0.0,2.0,2.0
43,1,11,1,0.0,0.0,0.0
43,1,11,2,0.0,0.0,0.0
43,1,11,3,0.0,2.0,2.0
43,1,12,1,0.0,0.0,0.0
43,1,12,2,0.0,0.0,0.0
43,1,12,3,0.0,2.0,2.0
43,1,13,1,0.0,0.0,0.0
43,1,13,2,0.0,0.0,0.0
43,1,13,3,0.0,2.0,2.0
43,1,14,1,0.0,0.0,0.0
43,1,14,2,0.0,0.0,0.0
43,1,14,3,0.0,2.0,2.0
43,1,15,1,0.0,0.0,0.0
43,1,15,2,0.0,0.0,0.0
43,1,15,3,0.0,2.0,2.0
43,1,16,1,0.0,0.0,0.0
43,1,16,2,0.0,0.0,0.0
43,1,16,3,0.0,2.0,2.0
43,1,17,1,0.0,0.0,0.0
43,1,17,2,0.0,0.0,0.0
43,1,17,3,0.0,2.0,2.0
43,1,18,1,0.0,0.0,0.0
43,1,18,2,0.0,0.0,0.0
43,1,18,3,0.0,2.0,2.0
43,1,19,1,0.0,0.0,0.0
43,1,19,2,0.0,0.0,0.0
43,1,19,3,0.0,2.0,2.0
43,1,20,1,0.0,0.0,0.0
43,1,20,2,0.0,0.0,0.0
43,1,20,3,0.0,2.0,2.0
44,3,1,1,3.8761011266018324,3.8761011266018324,7.752202253203665
44,3,1,2,0.0,0.0,0.0
44,3,1,3,0.0,0.0,0.0
44,3,2,1,3.8761011266018324,3.8761011266018324,7.752202253203665
44,3,2,2,3.8761011266018324,3.8761011266018324,7.752202253203665
44,3,2,3,0.0,0.0,0.0
44,3,3,1,0.0,3.8761011266018324,3.8761011266018324
44,3,3,2,0.0,0.0,0.0
44,3,3,3,0.0,0.0,0.0
44,3,4,1,0.0,3.8761011266018324,3.8761011266018324
44,3,4,2,0.0,3.8761011266018324,3.8761011266018324
44,3,4,3,0.0,0.0,0.0
44,3,5,1,0.0,0.0,0.0
44,3,5,2,0.0,3.8761011266018324,3.8761011266018324
44,3,5,3,0.0,0.0,0.0
44,3,6,1,0.0,3.8761011266018324,3.8761011266018324
44,3,6,2,0.0,0.0,0.0
44,3,6,3,0.0,0.0,0.0
44,3,7,1,0.0,3.8761011266018324,3.8761011266018324
44,3,7,2,0.0,0.0,0.0
44,3,7,3,0.0,0.0,0.0
44,3,8,1,0.0,3.8761011266018324,3.8761011266018324
44,3,8,2,0.0,0.0,0.0
44,3,8,3,0.0,0.0,0.0
44,3,9,1,0.0,3.8761011266018324,3.8761011266018324
44,3,9,2,0.0,0.0,0.0
44,3,9,3,0.0,0.0,0.0
44,3,10,1,0.0,3.8761011266018324,3.8761011266018324
44,3,10,2,0.0,3.8761011266018324,3.8761011266018324
44,3,10,3,0.0,0.0,0.0
44,3,11,1,0.0,0.0,0.0
44,3,11,2,0.0,3.8761011266018324,3.8761011266018324
44,3,11,3,0.0,0.0,0.0
44,3,12,1,0.0,0.0,0.0
44,3,12,2,0.0,3.8761011266018324,3.8761011266018324
44,3,12,3,0.0,0.0,0.0
44,3,13,1,0.0,0.0,0.0
44,3,13,2,0.0,3.8761011266018324,3.8761011266018324
44,3,13,3,2.0,2.0,4.0
44,3,14,1,0.0,3.8761011266018324,3.8761011266018324
44,3,14,2,0.0,0.0,0.0
44,3,14,3,0.0,0.0,0.0
44,3,15,1,0.0,3.8761011266018324,3.8761011266018324
44,3,15,2,0.0,0.0,0.0
44,3,15,3,0.0,0.0,0.0
44,3,16,1,0.0,3.8761011266018324,3.8761011266018324
44,3,16,2,0.0,0.0,0.0
44,3,16,3,0.0,0.0,0.0
44,3,17,1,0.0,3.8761011266018324,3.8761011266018324
44,3,17,2,0.0,3.8761011266018324,3.8761011266018324
44,3,17,3,0.0,0.0,0.0
44,3,18,1,0.0,0.0,0.0
44,3,18,2,0.0,3.8761011266018324,3.8761011266018324
44,3,18,3,0.0,0.0,0.0
44,3,19,1,0.0,0.0,0.0
44,3,19,2,0.0,3.8761011266018324,3.8761011266018324
44,3,19,3,0.0,2.0,2.0
44,3,20,1,0.0,0.0,0.0
44,3,20,2,0.0,0.0,0.0
44,3,20,3,0.0,2.0,2.0
44,2,1,1,4.670201183380856,3.8761011266018324,8.54630230998269
44,2,1,2,3.8761011266018324,3.8761011266018324,7.752202253203665
44,2,1,3,0.0,0.0,0.0
44,2,2,1,0.0,0.0,0.0
44,2,2,2,0.0,3.8761011266018324,3.8761011266018324
44,2,2,3,0.0,0.0,0.0
44,2,3,1,0.0,0.0,0.0
44,2,3,2,0.0,3.8761011266018324,3.8761011266018324
44,2,3,3,0.0,0.0,0.0
44,2,4,1,0.0,0.0,0.0
44,2,4,2,0.0,3.8761011266018324,3.8761011266018324
44,2,4,3,0.0,0.0,0.0
44,2,5,1,0.0,0.0,0.0
44,2,5,2,0.0,3.8761011266018324,3.8761011266018324
44,2,5,3,0.0,0.0,0.0
44,2,6,1,0.0,0.0,0.0
44,2,6,2,0.0,3.8761011266018324,3.8761011266018324
44,2,6,3,0.0,0.0,0.0
44,2,7,1,0.0,0.0,0.0
44,2,7,2,0.0,3.8761011266018324,3.8761011266018324
44,2,7,3,0.0,0.0,0.0
44,2,8,1,0.0,0.0,0.0
44,2,8,2,0.0,3.8761011266018324,3.8761011266018324
44,2,8,3,0.0,0.0,0.0
44,2,9,1,0.0,0.0,0.0
44,2,9,2,0.0,3.8761011266018324,3.8761011266018324
44,2,9,3,0.0,0.0,0.0
44,2,10,1,0.0,0.0,0.0
44,2,10,2,0.0,3.8761011266018324,3.8761011266018324
44,2,10,3,0.0,0.0,0.0
44,2,11,1,0.0,0.0,0.0
44,2,11,2,0.0,3.8761011266018324,3.8761011266018324
44,2,11,3,0.0,0.0,0.0
44,2,12,1,0.0,0.0,0.0
44,2,12,2,0.0,3.8761011266018324,3.8761011266018324
44,2,12,3,0.0,0.0,0.0
44,2,13,1,0.0,0.0,0.0
44,2,13,2,0.0,3.8761011266018324,3.8761011266018324
44,2,13,3,0.0,0.0,0.0
44,2,14,1,0.0,0.0,0.0
44,2,14,2,0.0,3.8761011266018324,3.8761011266018324
44,2,14,3,0.0,0.0,0.0
44,2,15,1,0.0,0.0,0.0
44,2,15,2,0.0,3.8761011266018324,3.8761011266018324
44,2,15,3,0.0,0.0,0.0
44,2,16,1,0.0,0.0,0.0
44,2,16,2,0.0,3.8761011266018324,3.8761011266018324
44,2,16,3,0.0,0.0,0.0
44,2,17,1,0.0,0.0,0.0
44,2,17,2,0.0,3.8761011266018324,3.8761011266018324
44,2,17,3,0.0,0.0,0.0
44,2,18,1,0.0,0.0,0.0
44,2,18,2,0.0,3.8761011266018324,3.8761011266018324
44,2,18,3,0.0,0.0,0.0
44,2,19,1,0.0,0.0,0.0
44,2,19,2,0.0,3.8761011266018324,3.8761011266018324
44,2,19,3,0.0,0.0,0.0
44,2,20,1,0.0,0.0,0.0
44,2,20,2,0.0,3.8761011266018324,3.8761011266018324
44,2,20,3,0.0,0.0,0.0
44,1,1,1,4.670201183380856,3.8761011266018324,8.54630230998269
44,1,1,2,0.0,0.0,0.0
44,1,1,3,0.0,0.0,0.0
44,1,2,1,0.7941000567790231,3.8761011266018324,4.670201183380856
44,1,2,2,2.794100056779023,2.0,4.794100056779023
44,1,2,3,0.0,0.0,0.0
44,1,3,1,0.0,0.0,0.0
44,1,3,2,0.7941000567790231,2.0,2.794100056779023
44,1,3,3,0.0,0.0,0.0
44,1,4,1,0.0,0.0,0.0
44,1,4,2,0.0,2.0,2.0
44,1,4,3,2.0,2.0,4.0
44,1,5,1,0.0,0.0,0.0
44,1,5,2,0.0,0.0,0.0
44,1,5,3,0.0,2.0,2.0
44,1,6,1,0.0,0.0,0.0
44,1,6,2,0.0,0.0,0.0
44,1,6,3,0.0,2.0,2.0
44,1,7,1,0.0,0.0,0.0
44,1,7,2,0.0,0.0,0.0
44,1,7,3,0.0,2.0,2.0
44,1,8,1,0.0,0.0,0.0
44,1,8,2,0.0,0.0,0.0
44,1,8,3,0.0,2.0,2.0
44,1,9,1,0.0,0.0,0.0
44,1,9,2,0.0,0.0,0.0
44,1,9,3,0.0,2.0,2.0
44,1,10,1,0.0,0.0,0.0
44,1,10,2,0.0,0.0,0.0
44,1,10,3,0.0,2.0,2.0
44,1,11,1,0.0,0.0,0.0
44,1,11,2,0.0,0.0,0.0
44,1,11,3,0.0,2.0,2.0
44,1,12,1,0.0,0.0,0.0
44,1,12,2,0.0,0.0,0.0
44,1,12,3,0.0,2.0,2.0
44,1,13,1,0.0,0.0,0.0
44,1,13,2,0.0,0.0,0.0
44,1,13,3,0.0,2.0,2.0
44,1,14,1,0.0,0.0,0.0
44,1,14,2,0.0,0.0,0.0
44,1,14,3,0.0,2.0,2.0
44,1,15,1,0.0,0.0,0.0
44,1,15,2,0.0,0.0,0.0
44,1,15,3,0.0,2.0,2.0
44,1,16,1,0.0,0.0,0.0
44,1,16,2,0.0,0.0,0.0
44,1,16,3,0.0,2.0,2.0
44,1,17,1,0.0,0.0,0.0
44,1,17,2,0.0,0.0,0.0
44,1,17,3,0.0,2.0,2.0
44,1,18,1,0.0,0.0,0.0
44,1,18,2,0.0,0.0,0.0
44,1,18,3,0.0,2.0,2.0
44,1,19,1,0.0,0.0,0.0
44,1,19,2,0.0,0.0,0.0
44,1,19,3,0.0,2.0,2.0
44,1,20,1,0.0,0.0,0.0
44,1,20,2,0.0,0.0,0.0
44,1,20,3,0.0,2.0,2.0
45,3,1,1,3.8761011266018324,3.8761011266018324,7.752202253203665
45,3,1,2,3.8761011266018324,3.8761011266018324,7.752202253203665
45,3,1,3,0.0,0.0,0.0
45,3,2,1,3.8761011266018324,3.8761011266018324,7.752202253203665
45,3,2,2,0.0,0.0,0.0
45,3,2,3,0.0,0.0,0.0
45,3,3,1,0.0,3.8761011266018324,3.8761011266018324
45,3,3,2,0.0,0.0,0.0
45,3,3,3,0.0,0.0,0.0
45,3,4,1,0.0,3.8761011266018324,3.8761011266018324
45,3,4,2,0.0,0.0,0.0
45,3,4,3,0.0,0.0,0.0
45,3,5,1,0.0,3.8761011266018324,3.8761011266018324
45,3,5,2,0.0,3.8761011266018324,3.8761011266018324
45,3,5,3,0.0,0.0,0.0
45,3,6,1,0.0,3.8761011266018324,3.8761011266018324
45,3,6,2,0.0,0.0,0.0
45,3,6,3,0.0,0.0,0.0
45,3,7,1,0.0,3.8761011266018324,3.8761011266018324
45,3,7,2,0.0,0.0,0.0
45,3,7,3,0.0,0.0,0.0
45,3,8,1,0.0,3.8761011266018324,3.8761011266018324
45,3,8,2,0.0,0.0,0.0
45,3,8,3,0.0,0.0,0.0
45,3,9,1,0.0,3.8761011266018324,3.8761011266018324
45,3,9,2,0.0,0.0,0.0
45,3,9,3,0.0,0.0,0.0
45,3,10,1,0.0,3.8761011266018324,3.8761011266018324
45,3,10,2,0.0,0.0,0.0
45,3,10,3,0.0,0.0,0.0
45,3,11,1,0.0,3.8761011266018324,3.8761011266018324
45,3,11,2,0.0,0.0,0.0
45,3,11,3,0.0,0.0,0.0
45,3,12,1,0.0,3.8761011266018324,3.8761011266018324
45,3,12,2,0.0,0.0,0.0
45,3,12,3,0.0,0.0,0.0
45,3,13,1,0.0,3.8761011266018324,3.8761011266018324
45,3,13,2,0.0,0.0,0.0
45,3,13,3,0.0,0.0,0.0
45,3,14,1,0.0,3.8761011266018324,3.8761011266018324
45,3,14,2,0.0,3.8761011266018324,3.8761011266018324
45,3,14,3,0.0,0.0,0.0
45,3,15,1,0.0,0.0,0.0
45,3,15,2,0.0,3.8761011266018324,3.8761011266018324
45,3,15,3,0.0,0.0,0.0
45,3,16,1,0.0,3.8761011266018324,3.8761011266018324
45,3,16,2,0.0,3.8761011266018324,3.8761011266018324
45,3,16,3,0.0,0.0,0.0
45,3,17,1,0.0,0.0,0.0
45,3,17,2,0.0,3.8761011266018324,3.8761011266018324
45,3,17,3,0.0,0.0,0.0
45,3,18,1,0.0,0.0,0.0
45,3,18,2,0.0,3.8761011266018324,3.8761011266018324
45,3,18,3,0.0,0.0,0.0
45,3,19,1,0.0,0.0,0.0
45,3,19,2,0.0,3.8761011266018324,3.8761011266018324
45,3,19,3,0.0,0.0,0.0
45,3,20,1,0.0,0.0,0.0
45,3,20,2,0.0,3.8761011266018324,3.8761011266018324
45,3,20,3,0.0,0.0,0.0
45,2,1,1,4.670201183380856,3.8761011266018324,8.54630230998269
45,2,1,2,3.8761011266018324,3.8761011266018324,7.752202253203665
45,2,1,3,0.0,0.0,0.0
45,2,2,1,0.0,0.0,0.0
45,2,2,2,0.0,3.8761011266018324,3.8761011266018324
45,2,2,3,0.0,0.0,0.0
45,2,3,1,0.0,0.0,0.0
45,2,3,2,0.0,3.8761011266018324,3.8761011266018324
45,2,3,3,0.0,0.0,0.0
45,2,4,1,0.0,0.0,0.0
45,2,4,2,0.0,3.8761011266018324,3.8761011266018324
45,2,4,3,0.0,0.0,0.0
45,2,5,1,0.0,0.0,0.0
45,2,5,2,0.0,3.8761011266018324,3.8761011266018324
45,2,5,3,2.0,2.0,4.0
45,2,6,1,0.0,0.0,0.0
45,2,6,2,0.0,0.0,0.0
45,2,6,3,0.0,2.0,2.0
45,2,7,1,0.7941000567790231,3.8761011266018324,4.670201183380856
45,2,7,2,0.0,3.8761011266018324,3.8761011266018324
45,2,7,3,0.0,0.0,0.0
45,2,8,1,0.0,0.0,0.0
45,2,8,2,0.0,3.8761011266018324,3.8761011266018324
45,2,8,3,0.0,0.0,0.0
45,2,9,1,0.0,0.0,0.0
45,2,9,2,0.0,3.8761011266018324,3.8761011266018324
45,2,9,3,0.0,0.0,0.0
45,2,10,1,0.0,0.0,0.0
45,2,10,2,0.0,3.8761011266018324,3.8761011266018324
45,2,10,3,0.0,0.0,0.0
45,2,11,1,0.0,0.0,0.0
45,2,11,2,0.0,3.8761011266018324,3.8761011266018324
45,2,11,3,0.0,0.0,0.0
45,2,12,1,0.0,0.0,0.0
45,2,12,2,0.0,3.8761011266018324,3.8761011266018324
45,2,12,3,0.0,0.0,0.0
45,2,13,1,0.0,0.0,0.0
45,2,13,2,0.0,3.8761011266018324,3.8761011266018324
45,2,13,3,0.0,0.0,0.0
45,2,14,1,0.0,0.0,0.0
45,2,14,2,0.0,3.8761011266018324,3.8761011266018324
45,2,14,3,0.0,0.0,0.0
45,2,15,1,0.0,0.0,0.0
45,2,15,2,0.0,3.8761011266018324,3.8761011266018324
45,2,15,3,0.0,2.0,2.0
45,2,16,1,0.0,0.0,0.0
45,2,16,2,0.0,0.0,0.0
45,2,16,3,0.0,2.0,2.0
45,2,17,1,0.0,0.0,0.0
45,2,17,2,0.0,0.0,0.0
45,2,17,3,0.0,2.0,2.0
45,2,18,1,0.7941000567790231,3.8761011266018324,4.670201183380856
45,2,18,2,0.0,0.0,0.0
45,2,18,3,0.0,0.0,0.0
45,2,19,1,0.7941000567790231,3.8761011266018324,4.670201183380856
45,2,19,2,0.0,3.8761011266018324,3.8761011266018324
45,2,19,3,0.0,0.0,0.0
45,2,20,1,0.0,0.0,0.0
45,2,20,2,0.0,3.8761011266018324,3.8761011266018324
45,2,20,3,0.0,0.0,0.0
45,1,1,1,4.670201183380856,3.8761011266018324,8.54630230998269
45,1,1,2,0.0,0.0,0.0
45,1,1,3,0.0,0.0,0.0
45,1,2,1,0.7941000567790231,3.8761011266018324,4.670201183380856
45,1,2,2,2.794100056779023,2.0,4.794100056779023
45,1,2,3,0.0,0.0,0.0
45,1,3,1,0.0,0.0,0.0
45,1,3,2,0.7941000567790231,2.0,2.794100056779023
45,1,3,3,2.0,2.0,4.0
45,1,4,1,0.7941000567790231,3.8761011266018324,4.670201183380856
45,1,4,2,0.0,2.0,2.0
45,1,4,3,0.0,2.0,2.0
45,1,5,1,0.0,0.0,0.0
45,1,5,2,0.0,0.0,0.0
45,1,5,3,0.0,2.0,2.0
45,1,6,1,0.0,0.0,0.0
45,1,6,2,0.0,0.0,0.0
45,1,6,3,0.0,2.0,2.0
45,1,7,1,0.0,0.0,0.0
45,1,7,2,0.0,0.0,0.0
45,1,7,3,0.0,2.0,2.0
45,1,8,1,0.0,0.0,0.0
45,1,8,2,0.0,0.0,0.0
45,1,8,3,0.0,2.0,2.0
45,1,9,1,0.0,0.0,0.0
45,1,9,2,0.0,0.0,0.0
45,1,9,3,0.0,2.0,2.0
45,1,10,1,0.0,0.0,0.0
45,1,10,2,0.0,0.0,0.0
45,1,10,3,0.0,2.0,2.0
45,1,11,1,0.0,0.0,0.0
45,1,11,2,0.0,0.0,0.0
45,1,11,3,0.0,2.0,2.0
45,1,12,1,0.0,0.0,0.0
45,1,12,2,0.0,0.0,0.0
45,1,12,3,0.0,2.0,2.0
45,1,13,1,0.0,0.0,0.0
45,1,13,2,0.0,0.0,0.0
45,1,13,3,0.0,2.0,2.0
45,1,14,1,0.0,0.0,0.0
45,1,14,2,0.0,0.0,0.0
45,1,14,3,0.0,2.0,2.0
45,1,15,1,0.0,0.0,0.0
45,1,15,2,0.0,0.0,0.0
45,1,15,3,0.0,2.0,2.0
45,1,16,1,0.0,0.0,0.0
45,1,16,2,0.0,0.0,0.0
45,1,16,3,0.0,2.0,2.0
45,1,17,1,0.0,0.0,0.0
45,1,17,2,0.0,0.0,0.0
45,1,17,3,0.0,2.0,2.0
45,1,18,1,0.0,0.0,0.0
45,1,18,2,0.0,0.0,0.0
45,1,18,3,0.0,2.0,2.0
45,1,19,1,0.0,0.0,0.0
45,1,19,2,0.0,0.0,0.0
45,1,19,3,0.0,2.0,2.0
45,1,20,1,0.0,0.0,0.0
45,1,20,2,0.0,0.0,0.0
45,1,20,3,0.0,2.0,2.0
46,3,1,1,3.8761011266018324,3.8761011266018324,7.752202253203665
46,3,1,2,3.8761011266018324,3.8761011266018324,7.752202253203665
46,3,1,3,0.0,0.0,0.0
46,3,2,1,3.8761011266018324,3.8761011266018324,7.752202253203665
46,3,2,2,0.0,0.0,0.0
46,3,2,3,0.0,0.0,0.0
46,3,3,1,0.0,3.8761011266018324,3.8761011266018324
46,3,3,2,0.0,0.0,0.0
46,3,3,3,0.0,0.0,0.0
46,3,4,1,0.0,3.8761011266018324,3.8761011266018324
46,3,4,2,0.0,0.0,0.0
46,3,4,3,0.0,0.0,0.0
46,3,5,1,0.0,3.8761011266018324,3.8761011266018324
46,3,5,2,0.0,0.0,0.0
46,3,5,3,0.0,0.0,0.0
46,3,6,1,0.0,3.8761011266018324,3.8761011266018324
46,3,6,2,0.0,0.0,0.0
46,3,6,3,0.0,0.0,0.0
46,3,7,1,0.0,3.8761011266018324,3.8761011266018324
46,3,7,2,0.0,3.8761011266018324,3.8761011266018324
46,3,7,3,0.0,0.0,0.0
46,3,8,1,0.0,3.8761011266018324,3.8761011266018324
46,3,8,2,0.0,0.0,0.0
46,3,8,3,0.0,0.0,0.0
46,3,9,1,0.0,3.8761011266018324,3.8761011266018324
46,3,9,2,0.0,0.0,0.0
46,3,9,3,0.0,0.0,0.0
46,3,10,1,0.0,3.8761011266018324,3.8761011266018324
46,3,10,2,0.0,0.0,0.0
46,3,10,3,0.0,0.0,0.0
46,3,11,1,0.0,3.8761011266018324,3.8761011266018324
46,3,11,2,0.0,3.8761011266018324,3.8761011266018324
46,3,11,3,0.0,0.0,0.0
46,3,12,1,0.0,0.0,0.0
46,3,12,2,0.0,3.8761011266018324,3.8761011266018324
46,3,12,3,0.0,0.0,0.0
46,3,13,1,0.0,0.0,0.0
46,3,13,2,0.0,3.8761011266018324,3.8761011266018324
46,3,13,3,2.0,2.0,4.0
46,3,14,1,0.0,3.8761011266018324,3.8761011266018324
46,3,14,2,0.0,0.0,0.0
46,3,14,3,0.0,0.0,0.0
46,3,15,1,0.0,3.8761011266018324,3.8761011266018324
46,3,15,2,0.0,0.0,0.0
46,3,15,3,0.0,0.0,0.0
46,3,16,1,0.0,3.8761011266018324,3.8761011266018324
46,3,16,2,0.0,3.8761011266018324,3.8761011266018324
46,3,16,3,0.0,0.0,0.0
46,3,17,1,0.0,0.0,0.0
46,3,17,2,0.0,3.8761011266018324,3.8761011266018324
46,3,17,3,0.0,0.0,0.0
46,3,18,1,0.0,3.8761011266018324,3.8761011266018324
46,3,18,2,0.0,0.0,0.0
46,3,18,3,0.0,0.0,0.0
46,3,19,1,0.0,3.8761011266018324,3.8761011266018324
46,3,19,2,0.0,0.0,0.0
46,3,19,3,0.0,0.0,0.0
46,3,20,1,0.0,3.8761011266018324,3.8761011266018324
46,3,20,2,0.0,0.0,0.0
46,3,20,3,0.0,0.0,0.0
46,2,1,1,4.670201183380856,3.8761011266018324,8.54630230998269
46,2,1,2,0.0,0.0,0.0
46,2,1,3,0.0,0.0,0.0
46,2,2,1,0.7941000567790231,3.8761011266018324,4.670201183380856
46,2,2,2,0.0,0.0,0.0
46,2,2,3,0.0,0.0,0.0
46,2,3,1,0.7941000567790231,3.8761011266018324,4.670201183380856
46,2,3,2,3.8761011266018324,3.8761011266018324,7.752202253203665
46,2,3,3,0.0,0.0,0.0
46,2,4,1,0.0,0.0,0.0
46,2,4,2,0.0,3.8761011266018324,3.8761011266018324
46,2,4,3,0.0,0.0,0.0
46,2,5,1,0.0,0.0,0.0
46,2,5,2,0.0,3.8761011266018324,3.8761011266018324
46,2,5,3,0.0,0.0,0.0
46,2,6,1,0.0,0.0,0.0
46,2,6,2,0.0,3.8761011266018324,3.8761011266018324
46,2,6,3,0.0,0.0,0.0
46,2,7,1,0.0,0.0,0.0
46,2,7,2,0.0,3.8761011266018324,3.8761011266018324
46,2,7,3,0.0,0.0,0.0
46,2,8,1,0.0,0.0,0.0
46,2,8,2,0.0,3.8761011266018324,3.8761011266018324
46,2,8,3,0.0,0.0,0.0
46,2,9,1,0.0,0.0,0.0
46,2,9,2,0.0,3.8761011266018324,3.8761011266018324
46,2,9,3,0.0,0.0,0.0
46,2,10,1,0.0,0.0,0.0
46,2,10,2,0.0,3.8761011266018324,3.8761011266018324
46,2,10,3,0.0,0.0,0.0
46,2,11,1,0.0,0.0,0.0
46,2,11,2,0.0,3.8761011266018324,3.8761011266018324
46,2,11,3,0.0,0.0,0.0
46,2,12,1,0.0,0.0,0.0
46,2,12,2,0.0,3.8761011266018324,3.8761011266018324
46,2,12,3,0.0,0.0,0.0
46,2,13,1,0.0,0.0,0.0
46,2,13,2,0.0,3.8761011266018324,3.8761011266018324
46,2,13,3,0.0,0.0,0.0
46,2,14,1,0.0,0.0,0.0
46,2,14,2,0.0,3.8761011266018324,3.8761011266018324
46,2,14,3,0.0,0.0,0.0
46,2,15,1,0.0,0.0,0.0
46,2,15,2,0.0,3.8761011266018324,3.8761011266018324
46,2,15,3,0.0,0.0,0.0
46,2,16,1,0.0,0.0,0.0
46,2,16,2,0.0,3.8761011266018324,3.8761011266018324
46,2,16,3,0.0,0.0,0.0
46,2,17,1,0.0,0.0,0.0
46,2,17,2,0.0,3.8761011266018324,3.8761011266018324
46,2,17,3,0.0,0.0,0.0
46,2,18,1,0.0,0.0,0.0
46,2,18,2,0.0,3.8761011266018324,3.8761011266018324
46,2,18,3,0.0,0.0,0.0
46,2,19,1,0.0,0.0,0.0
46,2,19,2,0.0,3.8761011266018324,3.8761011266018324
46,2,19,3,0.0,0.0,0.0
46,2,20,1,0.0,0.0,0.0
46,2,20,2,0.0,3.8761011266018324,3.8761011266018324
46,2,20,3,0.0,0.0,0.0
46,1,1,1,4.670201183380856,3.8761011266018324,8.54630230998269
46,1,1,2,0.0,0.0,0.0
46,1,1,3,0.0,0.0,0.0
46,1,2,1,0.7941000567790231,3.8761011266018324,4.670201183380856
46,1,2,2,2.794100056779023,2.0,4.794100056779023
46,1,2,3,2.0,2.0,4.0
46,1,3,1,0.0,0.0,0.0
46,1,3,2,0.0,0.0,0.0
46,1,3,3,0.0,2.0,2.0
46,1,4,1,0.0,0.0,0.0
46,1,4,2,0.0,0.0,0.0
46,1,4,3,0.0,2.0,2.0
46,1,5,1,0.0,0.0,0.0
46,1,5,2,0.0,0.0,0.0
46,1,5,3,0.0,2.0,2.0
46,1,6,1,0.0,0.0,0.0
46,1,6,2,0.0,0.0,0.0
46,1,6,3,0.0,2.0,2.0
46,1,7,1,0.0,0.0,0.0
46,1,7,2,0.0,0.0,0.0
46,1,7,3,0.0,2.0,2.0
46,1,8,1,0.0,0.0,0.0
46,1,8,2,0.0,0.0,0.0
46,1,8,3,0.0,2.0,2.0
46,1,9,1,0.0,0.0,0.0
46,1,9,2,0.0,0.0,0.0
46,1,9,3,0.0,2.0,2.0
46,1,10,1,0.0,0.0,0.0
46,1,10,2,0.0,0.0,0.0
46,1,10,3,0.0,2.0,2.0
46,1,11,1,0.0,0.0,0.0
46,1,11,2,0.0,0.0,0.0
46,1,11,3,0.0,2.0,2.0
46,1,12,1,0.0,0.0,0.0
46,1,12,2,0.0,0.0,0.0
46,1,12,3,0.0,2.0,2.0
46,1,13,1,0.0,0.0,0.0
46,1,13,2,0.0,0.0,0.0
46,1,13,3,0.0,2.0,2.0
46,1,14,1,0.0,0.0,0.0
46,1,14,2,0.0,0.0,0.0
46,1,14,3,0.0,2.0,2.0
46,1,15,1,0.0,0.0,0.0
46,1,15,2,0.0,0.0,0.0
46,1,15,3,0.0,2.0,2.0
46,1,16,1,0.0,0.0,0.0
46,1,16,2,0.0,0.0,0.0
46,1,16,3,0.0,2.0,2.0
46,1,17,1,0.0,0.0,0.0
46,1,17,2,0.0,0.0,0.0
46,1,17,3,0.0,2.0,2.0
46,1,18,1,0.0,0.0,0.0
46,1,18,2,0.0,0.0,0.0
46,1,18,3,0.0,2.0,2.0
46,1,19,1,0.0,0.0,0.0
46,1,19,2,0.0,0.0,0.0
46,1,19,3,0.0,2.0,2.0
46,1,20,1,0.0,0.0,0.0
46,1,20,2,0.0,0.0,0.0
46,1,20,3,0.0,2.0,2.0
47,3,1,1,3.8761011266018324,3.8761011266018324,7.752202253203665
47,3,1,2,3.8761011266018324,3.8761011266018324,7.752202253203665
47,3,1,3,0.0,0.0,0.0
47,3,2,1,0.0,0.0,0.0
47,3,2,2,0.0,3.8761011266018324,3.8761011266018324
47,3,2,3,0.0,0.0,0.0
47,3,3,1,3.8761011266018324,3.8761011266018324,7.752202253203665
47,3,3,2,0.0,3.8761011266018324,3.8761011266018324
47,3,3,3,0.0,0.0,0.0
47,3,4,1,0.0,0.0,0.0
47,3,4,2,0.0,3.8761011266018324,3.8761011266018324
47,3,4,3,0.0,0.0,0.0
47,3,5,1,0.0,0.0,0.0
47,3,5,2,0.0,3.8761011266018324,3.8761011266018324
47,3,5,3,0.0,0.0,0.0
47,3,6,1,0.0,3.8761011266018324,3.8761011266018324
47,3,6,2,0.0,0.0,0.0
47,3,6,3,0.0,0.0,0.0
47,3,7,1,0.0,3.8761011266018324,3.8761011266018324
47,3,7,2,0.0,0.0,0.0
47,3,7,3,0.0,0.0,0.0
47,3,8,1,0.0,3.8761011266018324,3.8761011266018324
47,3,8,2,0.0,0.0,0.0
47,3,8,3,0.0,0.0,0.0
47,3,9,1,0.0,3.8761011266018324,3.8761011266018324
47,3,9,2,0.0,0.0,0.0
47,3,9,3,0.0,0.0,0.0
47,3,10,1,0.0,3.8761011266018324,3.8761011266018324
47,3,10,2,0.0,0.0,0.0
47,3,10,3,0.0,0.0,0.0
47,3,11,1,0.0,3.8761011266018324,3.8761011266018324
47,3,11,2,0.0,0.0,0.0
47,3,11,3,0.0,0.0,0.0
47,3,12,1,0.0,3.8761011266018324,3.8761011266018324
47,3,12,2,0.0,0.0,0.0
47,3,12,3,0.0,0.0,0.0
47,3,13,1,0.0,3.8761011266018324,3.8761011266018324
47,3,13,2,0.0,0.0,0.0
47,3,13,3,0.0,0.0,0.0
47,3,14,1,0.0,3.8761011266018324,3.8761011266018324
47,3,14,2,0.0,3.8761011266018324,3.8761011266018324
47,3,14,3,0.0,0.0,0.0
47,3,15,1,0.0,0.0,0.0
47,3,15,2,0.0,3.8761011266018324,3.8761011266018324
47,3,15,3,0.0,0.0,0.0
47,3,16,1,0.0,0.0,0.0
47,3,16,2,0.0,3.8761011266018324,3.8761011266018324
47,3,16,3,0.0,0.0,0.0
47,3,17,1,0.0,0.0,0.0
47,3,17,2,0.0,3.8761011266018324,3.8761011266018324
47,3,17,3,0.0,0.0,0.0
47,3,18,1,0.0,0.0,0.0
47,3,18,2,0.0,3.8761011266018324,3.8761011266018324
47,3,18,3,0.0,0.0,0.0
47,3,19,1,0.0,0.0,0.0
47,3,19,2,0.0,3.8761011266018324,3.8761011266018324
47,3,19,3,0.0,0.0,0.0
47,3,20,1,0.0,3.8761011266018324,3.8761011266018324
47,3,20,2,0.0,3.8761011266018324,3.8761011266018324
47,3,20,3,0.0,0.0,0.0
47,2,1,1,4.670201183380856,3.8761011266018324,8.54630230998269
47,2,1,2,0.0,0.0,0.0
47,2,1,3,0.0,0.0,0.0
47,2,2,1,0.7941000567790231,3.8761011266018324,4.670201183380856
47,2,2,2,3.8761011266018324,3.8761011266018324,7.752202253203665
47,2,2,3,0.0,0.0,0.0
47,2,3,1,0.0,0.0,0.0
47,2,3,2,0.0,3.8761011266018324,3.8761011266018324
47,2,3,3,0.0,0.0,0.0
47,2,4,1,0.0,0.0,0.0
47,2,4,2,0.0,3.8761011266018324,3.8761011266018324
47,2,4,3,0.0,0.0,0.0
47,2,5,1,0.0,0.0,0.0
47,2,5,2,0.0,3.8761011266018324,3.8761011266018324
47,2,5,3,0.0,0.0,0.0
47,2,6,1,0.0,0.0,0.0
47,2,6,2,0.0,3.8761011266018324,3.8761011266018324
47,2,6,3,0.0,0.0,0.0
47,2,7,1,0.0,0.0,0.0
47,2,7,2,0.0,3.8761011266018324,3.8761011266018324
47,2,7,3,0.0,0.0,0.0
47,2,8,1,0.0,0.0,0.0
47,2,8,2,0.0,3.8761011266018324,3.8761011266018324
47,2,8,3,0.0,0.0,0.0
47,2,9,1,0.0,0.0,0.0
47,2,9,2,0.0,3.8761011266018324,3.8761011266018324
47,2,9,3,0.0,0.0,0.0
47,2,10,1,0.0,0.0,0.0
47,2,10,2,0.0,3.8761011266018324,3.8761011266018324
47,2,10,3,0.0,0.0,0.0
47,2,11,1,0.0,0.0,0.0
47,2,11,2,0.0,3.8761011266018324,3.8761011266018324
47,2,11,3,0.0,0.0,0.0
47,2,12,1,0.0,0.0,0.0
47,2,12,2,0.0,3.8761011266018324,3.8761011266018324
47,2,12,3,0.0,0.0,0.0
47,2,13,1,0.0,0.0,0.0
47,2,13,2,0.0,3.8761011266018324,3.8761011266018324
47,2,13,3,0.0,0.0,0.0
47,2,14,1,0.0,0.0,0.0
47,2,14,2,0.0,3.8761011266018324,3.8761011266018324
47,2,14,3,0.0,0.0,0.0
47,2,15,1,0.0,0.0,0.0
47,2,15,2,0.0,3.8761011266018324,3.8761011266018324
47,2,15,3,0.0,0.0,0.0
47,2,16,1,0.0,0.0,0.0
47,2,16,2,0.0,3.8761011266018324,3.8761011266018324
47,2,16,3,0.0,0.0,0.0
47,2,17,1,0.0,0.0,0.0
47,2,17,2,0.0,3.8761011266018324,3.8761011266018324
47,2,17,3,0.0,0.0,0.0
47,2,18,1,0.0,0.0,0.0
47,2,18,2,0.0,3.8761011266018324,3.8761011266018324
47,2,18,3,0.0,0.0,0.0
47,2,19,1,0.0,0.0,0.0
47,2,19,2,0.0,3.8761011266018324,3.8761011266018324
47,2,19,3,0.0,0.0,0.0
47,2,20,1,0.0,0.0,0.0
47,2,20,2,0.0,3.8761011266018324,3.8761011266018324
47,2,20,3,0.0,0.0,0.0
47,1,1,1,4.670201183380856,3.8761011266018324,8.54630230998269
47,1,1,2,2.794100056779023,2.0,4.794100056779023
47,1,1,3,2.0,2.0,4.0
47,1,2,1,0.0,0.0,0.0
47,1,2,2,0.0,0.0,0.0
47,1,2,3,0.0,2.0,2.0
47,1,3,1,0.0,0.0,0.0
47,1,3,2,0.0,0.0,0.0
47,1,3,3,0.0,2.0,2.0
47,1,4,1,0.0,0.0,0.0
47,1,4,2,0.0,0.0,0.0
47,1,4,3,0.0,2.0,2.0
47,1,5,1,0.0,0.0,0.0
47,1,5,2,0.0,0.0,0.0
47,1,5,3,0.0,2.0,2.0
47,1,6,1,0.0,0.0,0.0
47,1,6,2,0.0,0.0,0.0
47,1,6,3,0.0,2.0,2.0
47,1,7,1,0.0,0.0,0.0
47,1,7,2,0.0,0.0,0.0
47,1,7,3,0.0,2.0,2.0
47,1,8,1,0.0,0.0,0.0
47,1,8,2,0.0,0.0,0.0
47,1,8,3,0.0,2.0,2.0
47,1,9,1,0.0,0.0,0.0
47,1,9,2,0.0,0.0,0.0
47,1,9,3,0.0,2.0,2.0
47,1,10,1,0.0,0.0,0.0
47,1,10,2,0.0,0.0,0.0
47,1,10,3,0.0,2.0,2.0
47,1,11,1,0.0,0.0,0.0
47,1,11,2,0.0,0.0,0.0
47,1,11,3,0.0,2.0,2.0
47,1,12,1,0.0,0.0,0.0
47,1,12,2,0.0,0.0,0.0
47,1,12,3,0.0,2.0,2.0
47,1,13,1,0.0,0.0,0.0
47,1,13,2,0.0,0.0,0.0
47,1,13,3,0.0,2.0,2.0
47,1,14,1,0.0,0.0,0.0
47,1,14,2,0.0,0.0,0.0
47,1,14,3,0.0,2.0,2.0
47,1,15,1,0.0,0.0,0.0
47,1,15,2,0.0,0.0,0.0
47,1,15,3,0.0,2.0,2.0
47,1,16,1,0.0,0.0,0.0
47,1,16,2,0.0,0.0,0.0
47,1,16,3,0.0,2.0,2.0
47,1,17,1,0.0,0.0,0.0
47,1,17,2,0.0,0.0,0.0
47,1,17,3,0.0,2.0,2.0
47,1,18,1,0.0,0.0,0.0
47,1,18,2,0.0,0.0,0.0
47,1,18,3,0.0,2.0,2.0
47,1,19,1,0.0,0.0,0.0
47,1,19,2,0.0,0.0,0.0
47,1,19,3,0.0,2.0,2.0
47,1,20,1,0.0,0.0,0.0
47,1,20,2,0.0,0.0,0.0
47,1,20,3,0.0,2.0,2.0
48,3,1,1,3.8761011266018324,3.8761011266018324,7.752202253203665
48,3,1,2,0.0,0.0,0.0
48,3,1,3,0.0,0.0,0.0
48,3,2,1,3.8761011266018324,3.8761011266018324,7.752202253203665
48,3,2,2,0.0,0.0,0.0
48,3,2,3,0.0,0.0,0.0
48,3,3,1,0.0,3.8761011266018324,3.8761011266018324
48,3,3,2,0.0,0.0,0.0
48,3,3,3,0.0,0.0,0.0
48,3,4,1,0.0,3.8761011266018324,3.8761011266018324
48,3,4,2,0.0,0.0,0.0
48,3,4,3,0.0,0.0,0.0
48,3,5,1,0.0,3.8761011266018324,3.8761011266018324
48,3,5,2,3.8761011266018324,3.8761011266018324,7.752202253203665
48,3,5,3,0.0,0.0,0.0
48,3,6,1,0.0,0.0,0.0
48,3,6,2,0.0,3.8761011266018324,3.8761011266018324
48,3,6,3,0.0,0.0,0.0
48,3,7,1,0.0,3.8761011266018324,3.8761011266018324
48,3,7,2,0.0,3.8761011266018324,3.8761011266018324
48,3,7,3,0.0,0.0,0.0
48,3,8,1,0.0,0.0,0.0
48,3,8,2,0.0,3.8761011266018324,3.8761011266018324
48,3,8,3,0.0,0.0,0.0
48,3,9,1,0.0,3.8761011266018324,3.8761011266018324
48,3,9,2,0.0,0.0,0.0
48,3,9,3,0.0,0.0,0.0
48,3,10,1,0.0,3.8761011266018324,3.8761011266018324
48,3,10,2,0.0,3.8761011266018324,3.8761011266018324
48,3,10,3,0.0,0.0,0.0
48,3,11,1,0.0,0.0,0.0
48,3,11,2,0.0,3.8761011266018324,3.8761011266018324
48,3,11,3,0.0,0.0,0.0
48,3,12,1,0.0,3.8761011266018324,3.8761011266018324
48,3,12,2,0.0,0.0,0.0
48,3,12,3,0.0,0.0,0.0
48,3,13,1,0.0,3.8761011266018324,3.8761011266018324
48,3,13,2,0.0,0.0,0.0
48,3,13,3,0.0,0.0,0.0
48,3,14,1,0.0,3.8761011266018324,3.8761011266018324
48,3,14,2,0.0,0.0,0.0
48,3,14,3,0.0,0.0,0.0
48,3,15,1,0.0,3.8761011266018324,3.8761011266018324
48,3,15,2,0.0,0.0,0.0
48,3,15,3,0.0,0.0,0.0
48,3,16,1,0.0,3.8761011266018324,3.8761011266018324
48,3,16,2,0.0,0.0,0.0
48,3,16,3,0.0,0.0,0.0
48,3,17,1,0.0,3.8761011266018324,3.8761011266018324
48,3,17,2,0.0,3.8761011266018324,3.8761011266018324
48,3,17,3,0.0,0.0,0.0
48,3,18,1,0.0,0.0,0.0
48,3,18,2,0.0,3.8761011266018324,3.8761011266018324
48,3,18,3,0.0,0.0,0.0
48,3,19,1,0.0,0.0,0.0
48,3,19,2,0.0,3.8761011266018324,3.8761011266018324
48,3,19,3,0.0,0.0,0.0
48,3,20,1,0.0,3.8761011266018324,3.8761011266018324
48,3,20,2,0.0,3.8761011266018324,3.8761011266018324
48,3,20,3,0.0,0.0,0.0
48,2,1,1,4.670201183380856,3.8761011266018324,8.54630230998269
48,2,1,2,0.0,0.0,0.0
48,2,1,3,0.0,0.0,0.0
48,2,2,1,0.7941000567790231,3.8761011266018324,4.670201183380856
48,2,2,2,0.0,0.0,0.0
48,2,2,3,0.0,0.0,0.0
48,2,3,1,0.7941000567790231,3.8761011266018324,4.670201183380856
48,2,3,2,0.0,0.0,0.0
48,2,3,3,0.0,0.0,0.0
48,2,4,1,0.7941000567790231,3.8761011266018324,4.670201183380856
48,2,4,2,0.0,0.0,0.0
48,2,4,3,0.0,0.0,0.0
48,2,5,1,0.0,3.8761011266018324,3.8761011266018324
48,2,5,2,0.0,0.0,0.0
48,2,5,3,0.0,0.0,0.0
48,2,6,1,0.0,3.8761011266018324,3.8761011266018324
48,2,6,2,0.0,0.0,0.0
48,2,6,3,0.0,0.0,0.0
48,2,7,1,0.0,3.8761011266018324,3.8761011266018324
48,2,7,2,3.8761011266018324,3.8761011266018324,7.752202253203665
48,2,7,3,0.0,0.0,0.0
48,2,8,1,0.0,0.0,0.0
48,2,8,2,0.0,3.8761011266018324,3.8761011266018324
48,2,8,3,0.0,0.0,0.0
48,2,9,1,0.0,0.0,0.0
48,2,9,2,0.0,3.8761011266018324,3.8761011266018324
48,2,9,3,0.0,0.0,0.0
48,2,10,1,0.0,0.0,0.0
48,2,10,2,0.0,3.8761011266018324,3.8761011266018324
48,2,10,3,0.0,0.0,0.0
48,2,11,1,0.0,0.0,0.0
48,2,11,2,0.0,3.8761011266018324,3.8761011266018324
48,2,11,3,0.0,0.0,0.0
48,2,12,1,0.0,0.0,0.0
48,2,12,2,0.0,3.8761011266018324,3.8761011266018324
48,2,12,3,0.0,0.0,0.0
48,2,13,1,0.0,0.0,0.0
48,2,13,2,0.0,3.8761011266018324,3.8761011266018324
48,2,13,3,0.0,0.0,0.0
48,2,14,1,0.0,0.0,0.0
48,2,14,2,0.0,3.8761011266018324,3.8761011266018324
48,2,14,3,0.0,0.0,0.0
48,2,15,1,0.0,0.0,0.0
48,2,15,2,0.0,3.8761011266018324,3.8761011266018324
48,2,15,3,0.0,0.0,0.0
48,2,16,1,0.0,0.0,0.0
48,2,16,2,0.0,3.8761011266018324,3.8761011266018324
48,2,16,3,0.0,0.0,0.0
48,2,17,1,0.0,0.0,0.0
48,2,17,2,0.0,3.8761011266018324,3.8761011266018324
48,2,17,3,0.0,0.0,0.0
48,2,18,1,0.0,0.0,0.0
48,2,18,2,0.0,3.8761011266018324,3.8761011266018324
48,2,18,3,0.0,0.0,0.0
48,2,19,1,0.0,0.0,0.0
48,2,19,2,0.0,3.8761011266018324,3.8761011266018324
48,2,19,3,0.0,0.0,0.0
48,2,20,1,0.0,0.0,0.0
48,2,20,2,0.0,3.8761011266018324,3.8761011266018324
48,2,20,3,0.0,0.0,0.0
48,1,1,1,4.670201183380856,3.8761011266018324,8.54630230998269
48,1,1,2,0.0,0.0,0.0
48,1,1,3,0.0,0.0,0.0
48,1,2,1,0.7941000567790231,3.8761011266018324,4.670201183380856
48,1,2,2,2.794100056779023,2.0,4.794100056779023
48,1,2,3,0.0,0.0,0.0
48,1,3,1,0.0,0.0,0.0
48,1,3,2,0.7941000567790231,2.0,2.794100056779023
48,1,3,3,2.0,2.0,4.0
48,1,4,1,0.0,0.0,0.0
48,1,4,2,0.0,0.0,0.0
48,1,4,3,0.0,2.0,2.0
48,1,5,1,0.0,0.0,0.0
48,1,5,2,0.0,0.0,0.0
48,1,5,3,0.0,2.0,2.0
48,1,6,1,0.0,0.0,0.0
48,1,6,2,0.0,0.0,0.0
48,1,6,3,0.0,2.0,2.0
48,1,7,1,0.0,0.0,0.0
48,1,7,2,0.0,0.0,0.0
48,1,7,3,0.0,2.0,2.0
48,1,8,1,0.0,0.0,0.0
48,1,8,2,0.0,0.0,0.0
48,1,8,3,0.0,2.0,2.0
48,1,9,1,0.0,0.0,0.0
48,1,9,2,0.0,0.0,0.0
48,1,9,3,0.0,2.0,2.0
48,1,10,1,0.0,0.0,0.0
48,1,10,2,0.0,0.0,0.0
48,1,10,3,0.0,2.0,2.0
48,1,11,1,0.0,0.0,0.0
48,1,11,2,0.0,0.0,0.0
48,1,11,3,0.0,2.0,2.0
48,1,12,1,0.0,0.0,0.0
48,1,12,2,0.0,0.0,0.0
48,1,12,3,0.0,2.0,2.0
48,1,13,1,0.0,0.0,0.0
48,1,13,2,0.0,0.0,0.0
48,1,13,3,0.0,2.0,2.0
48,1,14,1,0.0,0.0,0.0
48,1,14,2,0.0,0.0,0.0
48,1,14,3,0.0,2.0,2.0
48,1,15,1,0.0,0.0,0.0
48,1,15,2,0.0,0.0,0.0
48,1,15,3,0.0,2.0,2.0
48,1,16,1,0.0,0.0,0.0
48,1,16,2,0.0,0.0,0.0
48,1,16,3,0.0,2.0,2.0
48,1,17,1,0.0,0.0,0.0
48,1,17,2,0.0,0.0,0.0
48,1,17,3,0.0,2.0,2.0
48,1,18,1,0.0,0.0,0.0
48,1,18,2,0.0,0.0,0.0
48,1,18,3,0.0,2.0,2.0
48,1,19,1,0.0,0.0,0.0
48,1,19,2,0.0,0.0,0.0
48,1,19,3,0.0,2.0,2.0
48,1,20,1,0.0,0.0,0.0
48,1,20,2,0.0,0.0,0.0
48,1,20,3,0.0,2.0,2.0
49,3,1,1,3.8761011266018324,3.8761011266018324,7.752202253203665
49,3,1,2,3.8761011266018324,3.8761011266018324,7.752202253203665
49,3,1,3,0.0,0.0,0.0
49,3,2,1,3.8761011266018324,3.8761011266018324,7.752202253203665
49,3,2,2,0.0,0.0,0.0
49,3,2,3,0.0,0.0,0.0
49,3,3,1,0.0,3.8761011266018324,3.8761011266018324
49,3,3,2,0.0,0.0,0.0
49,3,3,3,0.0,0.0,0.0
49,3,4,1,0.0,3.8761011266018324,3.8761011266018324
49,3,4,2,0.0,0.0,0.0
49,3,4,3,0.0,0.0,0.0
49,3,5,1,0.0,3.8761011266018324,3.8761011266018324
49,3,5,2,0.0,0.0,0.0
49,3,5,3,0.0,0.0,0.0
49,3,6,1,0.0,3.8761011266018324,3.8761011266018324
49,3,6,2,0.0,0.0,0.0
49,3,6,3,0.0,0.0,0.0
49,3,7,1,0.0,3.8761011266018324,3.8761011266018324
49,3,7,2,0.0,0.0,0.0
49,3,7,3,0.0,0.0,0.0
49,3,8,1,0.0,3.8761011266018324,3.8761011266018324
49,3,8,2,0.0,0.0,0.0
49,3,8,3,0.0,0.0,0.0
49,3,9,1,0.0,3.8761011266018324,3.8761011266018324
49,3,9,2,0.0,0.0,0.0
49,3,9,3,0.0,0.0,0.0
49,3,10,1,0.0,3.8761011266018324,3.8761011266018324
49,3,10,2,0.0,0.0,0.0
49,3,10,3,0.0,0.0,0.0
49,3,11,1,0.0,3.8761011266018324,3.8761011266018324
49,3,11,2,0.0,0.0,0.0
49,3,11,3,0.0,0.0,0.0
49,3,12,1,0.0,3.8761011266018324,3.8761011266018324
49,3,12,2,0.0,0.0,0.0
49,3,12,3,0.0,0.0,0.0
49,3,13,1,0.0,3.8761011266018324,3.8761011266018324
49,3,13,2,0.0,0.0,0.0
49,3,13,3,0.0,0.0,0.0
49,3,14,1,0.0,3.8761011266018324,3.8761011266018324
49,3,14,2,0.0,0.0,0.0
49,3,14,3,0.0,0.0,0.0
49,3,15,1,0.0,3.8761011266018324,3.8761011266018324
49,3,15,2,0.0,0.0,0.0
49,3,15,3,0.0,0.0,0.0
49,3,16,1,0.0,3.8761011266018324,3.8761011266018324
49,3,16,2,0.0,0.0,0.0
49,3,16,3,0.0,0.0,0.0
49,3,17,1,0.0,3.8761011266018324,3.8761011266018324
49,3,17,2,0.0,0.0,0.0
49,3,17,3,0.0,0.0,0.0
49,3,18,1,0.0,3.8761011266018324,3.8761011266018324
49,3,18,2,0.0,3.8761011266018324,3.8761011266018324
49,3,18,3,0.0,0.0,0.0
49,3,19,1,0.0,3.8761011266018324,3.8761011266018324
49,3,19,2,0.0,0.0,0.0
49,3,19,3,0.0,0.0,0.0
49,3,20,1,0.0,3.8761011266018324,3.8761011266018324
49,3,20,2,0.0,0.0,0.0
49,3,20,3,0.0,0.0,0.0
49,2,1,1,4.670201183380856,3.8761011266018324,8.54630230998269
49,2,1,2,0.0,0.0,0.0
49,2,1,3,0.0,0.0,0.0
49,2,2,1,0.7941000567790231,3.8761011266018324,4.670201183380856
49,2,2,2,0.0,0.0,0.0
49,2,2,3,0.0,0.0,0.0
49,2,3,1,0.7941000567790231,3.8761011266018324,4.670201183380856
49,2,3,2,3.8761011266018324,3.8761011266018324,7.752202253203665
49,2,3,3,0.0,0.0,0.0
49,2,4,1,0.0,0.0,0.0
49,2,4,2,0.0,3.8761011266018324,3.8761011266018324
49,2,4,3,0.0,0.0,0.0
49,2,5,1,0.0,0.0,0.0
49,2,5,2,0.0,3.8761011266018324,3.8761011266018324
49,2,5,3,0.0,0.0,0.0
49,2,6,1,0.0,0.0,0.0
49,2,6,2,0.0,3.8761011266018324,3.8761011266018324
49,2,6,3,0.0,0.0,0.0
49,2,7,1,0.0,0.0,0.0
49,2,7,2,0.0,3.8761011266018324,3.8761011266018324
49,2,7,3,0.0,0.0,0.0
49,2,8,1,0.0,0.0,0.0
49,2,8,2,0.0,3.8761011266018324,3.8761011266018324
49,2,8,3,0.0,0.0,0.0
49,2,9,1,0.0,0.0,0.0
49,2,9,2,0.0,3.8761011266018324,3.8761011266018324
49,2,9,3,0.0,0.0,0.0
49,2,10,1,0.0,0.0,0.0
49,2,10,2,0.0,3.8761011266018324,3.8761011266018324
49,2,10,3,0.0,0.0,0.0
49,2,11,1,0.0,0.0,0.0
49,2,11,2,0.0,3.8761011266018324,3.8761011266018324
49,2,11,3,0.0,0.0,0.0
49,2,12,1,0.0,0.0,0.0
49,2,12,2,0.0,3.8761011266018324,3.8761011266018324
49,2,12,3,0.0,0.0,0.0
49,2,13,1,0.0,0.0,0.0
49,2,13,2,0.0,3.8761011266018324,3.8761011266018324
49,2,13,3,0.0,0.0,0.0
49,2,14,1,0.0,0.0,0.0
49,2,14,2,0.0,3.8761011266018324,3.8761011266018324
49,2,14,3,2.0,2.0,4.0
49,2,15,1,0.0,0.0,0.0
49,2,15,2,0.0,0.0,0.0
49,2,15,3,0.0,2.0,2.0
49,2,16,1,0.7941000567790231,3.8761011266018324,4.670201183380856
49,2,16,2,0.0,3.8761011266018324,3.8761011266018324
49,2,16,3,0.0,0.0,0.0
49,2,17,1,0.0,0.0,0.0
49,2,17,2,0.0,3.8761011266018324,3.8761011266018324
49,2,17,3,0.0,0.0,0.0
49,2,18,1,0.0,0.0,0.0
49,2,18,2,0.0,3.8761011266018324,3.8761011266018324
49,2,18,3,0.0,0.0,0.0
49,2,19,1,0.0,0.0,0.0
49,2,19,2,0.0,3.8761011266018324,3.8761011266018324
49,2,19,3,0.0,2.0,2.0
49,2,20,1,0.0,0.0,0.0
49,2,20,2,0.0,0.0,0.0
49,2,20,3,0.0,2.0,2.0
49,1,1,1,4.670201183380856,3.8761011266018324,8.54630230998269
49,1,1,2,0.0,0.0,0.0
49,1,1,3,0.0,0.0,0.0
49,1,2,1,0.7941000567790231,3.8761011266018324,4.670201183380856
49,1,2,2,2.794100056779023,2.0,4.794100056779023
49,1,2,3,2.0,2.0,4.0
49,1,3,1,0.0,0.0,0.0
49,1,3,2,0.0,0.0,0.0
49,1,3,3,0.0,2.0,2.0
49,1,4,1,0.0,0.0,0.0
49,1,4,2,0.0,0.0,0.0
49,1,4,3,0.0,2.0,2.0
49,1,5,1,0.0,0.0,0.0
49,1,5,2,0.0,0.0,0.0
49,1,5,3,0.0,2.0,2.0
49,1,6,1,0.0,0.0,0.0
49,1,6,2,0.0,0.0,0.0
49,1,6,3,0.0,2.0,2.0
49,1,7,1,0.0,0.0,0.0
49,1,7,2,0.0,0.0,0.0
49,1,7,3,0.0,2.0,2.0
49,1,8,1,0.0,0.0,0.0
49,1,8,2,0.0,0.0,0.0
49,1,8,3,0.0,2.0,2.0
49,1,9,1,0.0,0.0,0.0
49,1,9,2,0.0,0.0,0.0
49,1,9,3,0.0,2.0,2.0
49,1,10,1,0.0,0.0,0.0
49,1,10,2,0.0,0.0,0.0
49,1,10,3,0.0,2.0,2.0
49,1,11,1,0.0,0.0,0.0
49,1,11,2,0.0,0.0,0.0
49,1,11,3,0.0,2.0,2.0
49,1,12,1,0.0,0.0,0.0
49,1,12,2,0.0,0.0,0.0
49,1,12,3,0.0,2.0,2.0
49,1,13,1,0.0,0.0,0.0
49,1,13,2,0.0,0.0,0.0
49,1,13,3,0.0,2.0,2.0
49,1,14,1,0.0,0.0,0.0
49,1,14,2,0.0,0.0,0.0
49,1,14,3,0.0,2.0,2.0
49,1,15,1,0.0,0.0,0.0
49,1,15,2,0.0,0.0,0.0
49,1,15,3,0.0,2.0,2.0
49,1,16,1,0.0,0.0,0.0
49,1,16,2,0.0,0.0,0.0
49,1,16,3,0.0,2.0,2.0
49,1,17,1,0.0,0.0,0.0
49,1,17,2,0.0,0.0,0.0
49,1,17,3,0.0,2.0,2.0
49,1,18,1,0.0,0.0,0.0
49,1,18,2,0.0,0.0,0.0
49,1,18,3,0.0,2.0,2.0
49,1,19,1,0.0,0.0,0.0
49,1,19,2,0.0,0.0,0.0
49,1,19,3,0.0,2.0,2.0
49,1,20,1,0.0,0.0,0.0
49,1,20,2,0.0,0.0,0.0
49,1,20,3,0.0,2.0,2.0
50,3,1,1,3.8761011266018324,3.8761011266018324,7.752202253203665
50,3,1,2,3.8761011266018324,3.8761011266018324,7.752202253203665
50,3,1,3,0.0,0.0,0.0
50,3,2,1,3.8761011266018324,3.8761011266018324,7.752202253203665
50,3,2,2,0.0,0.0,0.0
50,3,2,3,0.0,0.0,0.0
50,3,3,1,0.0,3.8761011266018324,3.8761011266018324
50,3,3,2,0.0,0.0,0.0
50,3,3,3,0.0,0.0,0.0
50,3,4,1,0.0,3.8761011266018324,3.8761011266018324
50,3,4,2,0.0,0.0,0.0
50,3,4,3,0.0,0.0,0.0
50,3,5,1,0.0,3.8761011266018324,3.8761011266018324
50,3,5,2,0.0,0.0,0.0
50,3,5,3,0.0,0.0,0.0
50,3,6,1,0.0,3.8761011266018324,3.8761011266018324
50,3,6,2,0.0,0.0,0.0
50,3,6,3,0.0,0.0,0.0
50,3,7,1,0.0,3.8761011266018324,3.8761011266018324
50,3,7,2,0.0,0.0,0.0
50,3,7,3,0.0,0.0,0.0
50,3,8,1,0.0,3.8761011266018324,3.8761011266018324
50,3,8,2,0.0,0.0,0.0
50,3,8,3,0.0,0.0,0.0
50,3,9,1,0.0,3.8761011266018324,3.8761011266018324
50,3,9,2,0.0,0.0,0.0
50,3,9,3,0.0,0.0,0.0
50,3,10,1,0.0,3.8761011266018324,3.8761011266018324
50,3,10,2,0.0,0.0,0.0
50,3,10,3,0.0,0.0,0.0
50,3,11,1,0.0,3.8761011266018324,3.8761011266018324
50,3,11,2,0.0,3.8761011266018324,3.8761011266018324
50,3,11,3,0.0,0.0,0.0
50,3,12,1,0.0,3.8761011266018324,3.8761011266018324
50,3,12,2,0.0,3.8761011266018324,3.8761011266018324
50,3,12,3,0.0,0.0,0.0
50,3,13,1,0.0,3.8761011266018324,3.8761011266018324
50,3,13,2,0.0,0.0,0.0
50,3,13,3,0.0,0.0,0.0
50,3,14,1,0.0,3.8761011266018324,3.8761011266018324
50,3,14,2,0.0,0.0,0.0
50,3,14,3,0.0,0.0,0.0
50,3,15,1,0.0,3.8761011266018324,3.8761011266018324
50,3,15,2,0.0,3.8761011266018324,3.8761011266018324
50,3,15,3,2.0,2.0,4.0
50,3,16,1,0.0,3.8761011266018324,3.8761011266018324
50,3,16,2,0.0,3.8761011266018324,3.8761011266018324
50,3,16,3,0.0,0.0,0.0
50,3,17,1,0.0,0.0,0.0
50,3,17,2,0.0,3.8761011266018324,3.8761011266018324
50,3,17,3,0.0,0.0,0.0
50,3,18,1,0.0,3.8761011266018324,3.8761011266018324
50,3,18,2,0.0,0.0,0.0
50,3,18,3,0.0,0.0,0.0
50,3,19,1,0.0,3.8761011266018324,3.8761011266018324
50,3,19,2,0.0,0.0,0.0
50,3,19,3,0.0,0.0,0.0
50,3,20,1,0.0,3.8761011266018324,3.8761011266018324
50,3,20,2,0.0,3.8761011266018324,3.8761011266018324
50,3,20,3,0.0,0.0,0.0
50,2,1,1,4.670201183380856,3.8761011266018324,8.54630230998269
50,2,1,2,0.0,0.0,0.0
50,2,1,3,0.0,0.0,0.0
50,2,2,1,0.7941000567790231,3.8761011266018324,4.670201183380856
50,2,2,2,3.8761011266018324,3.8761011266018324,7.752202253203665
50,2,2,3,0.0,0.0,0.0
50,2,3,1,0.0,0.0,0.0
50,2,3,2,0.0,3.8761011266018324,3.8761011266018324
50,2,3,3,0.0,0.0,0.0
50,2,4,1,0.0,0.0,0.0
50,2,4,2,0.0,3.8761011266018324,3.8761011266018324
50,2,4,3,0.0,0.0,0.0
50,2,5,1,0.0,0.0,0.0
50,2,5,2,0.0,3.8761011266018324,3.8761011266018324
50,2,5,3,0.0,0.0,0.0
50,2,6,1,0.0,0.0,0.0
50,2,6,2,0.0,3.8761011266018324,3.8761011266018324
50,2,6,3,0.0,0.0,0.0
50,2,7,1,0.0,0.0,0.0
50,2,7,2,0.0,3.8761011266018324,3.8761011266018324
50,2,7,3,0.0,0.0,0.0
50,2,8,1,0.0,0.0,0.0
50,2,8,2,0.0,3.8761011266018324,3.8761011266018324
50,2,8,3,0.0,0.0,0.0
50,2,9,1,0.0,0.0,0.0
50,2,9,2,0.0,3.8761011266018324,3.8761011266018324
50,2,9,3,2.0,2.0,4.0
50,2,10,1,0.7941000567790231,3.8761011266018324,4.670201183380856
50,2,10,2,0.0,3.8761011266018324,3.8761011266018324
50,2,10,3,0.0,0.0,0.0
50,2,11,1,0.0,0.0,0.0
50,2,11,2,0.0,3.8761011266018324,3.8761011266018324
50,2,11,3,0.0,2.0,2.0
50,2,12,1,0.7941000567790231,3.8761011266018324,4.670201183380856
50,2,12,2,0.0,3.8761011266018324,3.8761011266018324
50,2,12,3,0.0,0.0,0.0
50,2,13,1,0.0,0.0,0.0
50,2,13,2,0.0,3.8761011266018324,3.8761011266018324
50,2,13,3,0.0,0.0,0.0
50,2,14,1,0.0,0.0,0.0
50,2,14,2,0.0,3.8761011266018324,3.8761011266018324
50,2,14,3,0.0,0.0,0.0
50,2,15,1,0.0,0.0,0.0
50,2,15,2,0.0,3.8761011266018324,3.8761011266018324
50,2,15,3,0.0,0.0,0.0
50,2,16,1,0.0,0.0,0.0
50,2,16,2,0.0,3.8761011266018324,3.8761011266018324
50,2,16,3,0.0,0.0,0.0
50,2,17,1,0.0,0.0,0.0
50,2,17,2,0.0,3.8761011266018324,3.8761011266018324
50,2,17,3,0.0,0.0,0.0
50,2,18,1,0.0,0.0,0.0
50,2,18,2,0.0,3.8761011266018324,3.8761011266018324
50,2,18,3,0.0,0.0,0.0
50,2,19,1,0.0,0.0,0.0
50,2,19,2,0.0,3.8761011266018324,3.8761011266018324
50,2,19,3,0.0,0.0,0.0
50,2,20,1,0.0,0.0,0.0
50,2,20,2,0.0,3.8761011266018324,3.8761011266018324
50,2,20,3,0.0,0.0,0.0
50,1,1,1,4.670201183380856,3.8761011266018324,8.54630230998269
50,1,1,2,0.0,0.0,0.0
50,1,1,3,0.0,0.0,0.0
50,1,2,1,0.7941000567790231,3.8761011266018324,4.670201183380856
50,1,2,2,2.794100056779023,2.0,4.794100056779023
50,1,2,3,2.0,2.0,4.0
50,1,3,1,0.0,0.0,0.0
50,1,3,2,0.0,0.0,0.0
50,1,3,3,0.0,2.0,2.0
50,1,4,1,0.0,0.0,0.0
50,1,4,2,0.0,0.0,0.0
50,1,4,3,0.0,2.0,2.0
50,1,5,1,0.0,0.0,0.0
50,1,5,2,0.0,0.0,0.0
50,1,5,3,0.0,2.0,2.0
50,1,6,1,0.0,0.0,0.0
50,1,6,2,0.0,0.0,0.0
50,1,6,3,0.0,2.0,2.0
50,1,7,1,0.0,0.0,0.0
50,1,7,2,0.0,0.0,0.0
50,1,7,3,0.0,2.0,2.0
50,1,8,1,0.0,0.0,0.0
50,1,8,2,0.0,0.0,0.0
50,1,8,3,0.0,2.0,2.0
50,1,9,1,0.0,0.0,0.0
50,1,9,2,0.0,0.0,0.0
50,1,9,3,0.0,2.0,2.0
50,1,10,1,0.0,0.0,0.0
50,1,10,2,0.0,0.0,0.0
50,1,10,3,0.0,2.0,2.0
50,1,11,1,0.0,0.0,0.0
50,1,11,2,0.0,0.0,0.0
50,1,11,3,0.0,2.0,2.0
50,1,12,1,0.0,0.0,0.0
50,1,12,2,0.0,0.0,0.0
50,1,12,3,0.0,2.0,2.0
50,1,13,1,0.0,0.0,0.0
50,1,13,2,0.0,0.0,0.0
50,1,13,3,0.0,2.0,2.0
50,1,14,1,0.0,0.0,0.0
50,1,14,2,0.0,0.0,0.0
50,1,14,3,0.0,2.0,2.0
50,1,15,1,0.0,0.0,0.0
50,1,15,2,0.0,0.0,0.0
50,1,15,3,0.0,2.0,2.0
50,1,16,1,0.0,0.0,0.0
50,1,16,2,0.0,0.0,0.0
50,1,16,3,0.0,2.0,2.0
50,1,17,1,0.0,0.0,0.0
50,1,17,2,0.0,0.0,0.0
50,1,17,3,0.0,2.0,2.0
50,1,18,1,0.0,0.0,0.0
50,1,18,2,0.0,0.0,0.0
50,1,18,3,0.0,2.0,2.0
50,1,19,1,0.0,0.0,0.0
50,1,19,2,0.0,0.0,0.0
50,1,19,3,0.0,2.0,2.0
50,1,20,1,0.0,0.0,0.0
50,1,20,2,0.0,0.0,0.0
50,1,20,3,0.0,2.0,2.0
51,3,1,1,3.8761011266018324,3.8761011266018324,7.752202253203665
51,3,1,2,3.8761011266018324,3.8761011266018324,7.752202253203665
51,3,1,3,2.0,2.0,4.0
51,3,2,1,3.8761011266018324,3.8761011266018324,7.752202253203665
51,3,2,2,0.0,3.8761011266018324,3.8761011266018324
51,3,2,3,0.0,0.0,0.0
51,3,3,1,0.0,3.8761011266018324,3.8761011266018324
51,3,3,2,0.0,0.0,0.0
51,3,3,3,0.0,0.0,0.0
51,3,4,1,0.0,3.8761011266018324,3.8761011266018324
51,3,4,2,0.0,0.0,0.0
51,3,4,3,0.0,0.0,0.0
51,3,5,1,0.0,3.8761011266018324,3.8761011266018324
51,3,5,2,0.0,0.0,0.0
51,3,5,3,0.0,0.0,0.0
51,3,6,1,0.0,3.8761011266018324,3.8761011266018324
51,3,6,2,0.0,3.8761011266018324,3.8761011266018324
51,3,6,3,0.0,0.0,0.0
51,3,7,1,0.0,3.8761011266018324,3.8761011266018324
51,3,7,2,0.0,3.8761011266018324,3.8761011266018324
51,3,7,3,0.0,0.0,0.0
51,3,8,1,0.0,0.0,0.0
51,3,8,2,0.0,3.8761011266018324,3.8761011266018324
51,3,8,3,0.0,0.0,0.0
51,3,9,1,0.0,3.8761011266018324,3.8761011266018324
51,3,9,2,0.0,0.0,0.0
51,3,9,3,0.0,0.0,0.0
51,3,10,1,0.0,3.8761011266018324,3.8761011266018324
51,3,10,2,0.0,0.0,0.0
51,3,10,3,0.0,0.0,0.0
51,3,11,1,0.0,3.8761011266018324,3.8761011266018324
51,3,11,2,0.0,0.0,0.0
51,3,11,3,0.0,0.0,0.0
51,3,12,1,0.0,3.8761011266018324,3.8761011266018324
51,3,12,2,0.0,0.0,0.0
51,3,12,3,0.0,0.0,0.0
51,3,13,1,0.0,3.8761011266018324,3.8761011266018324
51,3,13,2,0.0,3.8761011266018324,3.8761011266018324
51,3,13,3,0.0,0.0,0.0
51,3,14,1,0.0,3.8761011266018324,3.8761011266018324
51,3,14,2,0.0,0.0,0.0
51,3,14,3,0.0,0.0,0.0
51,3,15,1,0.0,3.8761011266018324,3.8761011266018324
51,3,15,2,0.0,3.8761011266018324,3.8761011266018324
51,3,15,3,0.0,0.0,0.0
51,3,16,1,0.0,0.0,0.0
51,3,16,2,0.0,3.8761011266018324,3.8761011266018324
51,3,16,3,0.0,2.0,2.0
51,3,17,1,0.0,3.8761011266018324,3.8761011266018324
51,3,17,2,0.0,0.0,0.0
51,3,17,3,0.0,0.0,0.0
51,3,18,1,0.0,3.8761011266018324,3.8761011266018324
51,3,18,2,0.0,3.8761011266018324,3.8761011266018324
51,3,18,3,0.0,0.0,0.0
51,3,19,1,0.0,0.0,0.0
51,3,19,2,0.0,3.8761011266018324,3.8761011266018324
51,3,19,3,0.0,0.0,0.0
51,3,20,1,0.0,3.8761011266018324,3.8761011266018324
51,3,20,2,0.0,0.0,0.0
51,3,20,3,0.0,0.0,0.0
51,2,1,1,4.670201183380856,3.8761011266018324,8.54630230998269
51,2,1,2,0.0,0.0,0.0
51,2,1,3,0.0,0.0,0.0
51,2,2,1,0.7941000567790231,3.8761011266018324,4.670201183380856
51,2,2,2,0.0,0.0,0.0
51,2,2,3,0.0,0.0,0.0
51,2,3,1,0.7941000567790231,3.8761011266018324,4.670201183380856
51,2,3,2,0.0,0.0,0.0
51,2,3,3,0.0,0.0,0.0
51,2,4,1,0.7941000567790231,3.8761011266018324,4.670201183380856
51,2,4,2,3.8761011266018324,3.8761011266018324,7.752202253203665
51,2,4,3,0.0,0.0,0.0
51,2,5,1,0.0,0.0,0.0
51,2,5,2,0.0,3.8761011266018324,3.8761011266018324
51,2,5,3,0.0,0.0,0.0
51,2,6,1,0.0,0.0,0.0
51,2,6,2,0.0,3.8761011266018324,3.8761011266018324
51,2,6,3,2.0,2.0,4.0
51,2,7,1,0.0,0.0,0.0
51,2,7,2,0.0,0.0,0.0
51,2,7,3,0.0,2.0,2.0
51,2,8,1,0.0,0.0,0.0
51,2,8,2,0.0,0.0,0.0
51,2,8,3,0.0,2.0,2.0
51,2,9,1,0.0,3.8761011266018324,3.8761011266018324
51,2,9,2,0.0,3.8761011266018324,3.8761011266018324
51,2,9,3,0.0,0.0,0.0
51,2,10,1,0.0,0.0,0.0
51,2,10,2,0.0,3.8761011266018324,3.8761011266018324
51,2,10,3,0.0,0.0,0.0
51,2,11,1,0.0,0.0,0.0
51,2,11,2,0.0,3.8761011266018324,3.8761011266018324
51,2,11,3,0.0,2.0,2.0
51,2,12,1,0.0,3.8761011266018324,3.8761011266018324
51,2,12,2,0.0,0.0,0.0
51,2,12,3,0.0,0.0,0.0
51,2,13,1,0.0,3.8761011266018324,3.8761011266018324
51,2,13,2,0.0,3.8761011266018324,3.8761011266018324
51,2,13,3,0.0,0.0,0.0
51,2,14,1,0.0,0.0,0.0
51,2,14,2,0.0,3.8761011266018324,3.8761011266018324
51,2,14,3,0.0,0.0,0.0
51,2,15,1,0.0,0.0,0.0
51,2,15,2,0.0,3.8761011266018324,3.8761011266018324
51,2,15,3,0.0,0.0,0.0
51,2,16,1,0.0,0.0,0.0
51,2,16,2,0.0,3.8761011266018324,3.8761011266018324
51,2,16,3,0.0,0.0,0.0
51,2,17,1,0.0,0.0,0.0
51,2,17,2,0.0,3.8761011266018324,3.8761011266018324
51,2,17,3,0.0,0.0,0.0
51,2,18,1,0.0,0.0,0.0
51,2,18,2,0.0,3.8761011266018324,3.8761011266018324
51,2,18,3,0.0,0.0,0.0
51,2,19,1,0.0,0.0,0.0
51,2,19,2,0.0,3.8761011266018324,3.8761011266018324
51,2,19,3,0.0,0.0,0.0
51,2,20,1,0.0,0.0,0.0
51,2,20,2,0.0,3.8761011266018324,3.8761011266018324
51,2,20,3,0.0,0.0,0.0
51,1,1,1,4.670201183380856,3.8761011266018324,8.54630230998269
51,1,1,2,0.0,0.0,0.0
51,1,1,3,0.0,0.0,0.0
51,1,2,1,0.7941000567790231,3.8761011266018324,4.670201183380856
51,1,2,2,2.794100056779023,2.0,4.794100056779023
51,1,2,3,2.0,2.0,4.0
51,1,3,1,0.0,0.0,0.0
51,1,3,2,0.0,0.0,0.0
51,1,3,3,0.0,2.0,2.0
51,1,4,1,0.0,0.0,0.0
51,1,4,2,0.0,0.0,0.0
51,1,4,3,0.0,2.0,2.0
51,1,5,1,0.0,0.0,0.0
51,1,5,2,0.0,0.0,0.0
51,1,5,3,0.0,2.0,2.0
51,1,6,1,0.0,0.0,0.0
51,1,6,2,0.0,0.0,0.0
51,1,6,3,0.0,2.0,2.0
51,1,7,1,0.0,0.0,0.0
51,1,7,2,0.0,0.0,0.0
51,1,7,3,0.0,2.0,2.0
51,1,8,1,0.0,0.0,0.0
51,1,8,2,0.0,0.0,0.0
51,1,8,3,0.0,2.0,2.0
51,1,9,1,0.0,0.0,0.0
51,1,9,2,0.0,0.0,0.0
51,1,9,3,0.0,2.0,2.0
51,1,10,1,0.0,0.0,0.0
51,1,10,2,0.0,0.0,0.0
51,1,10,3,0.0,2.0,2.0
51,1,11,1,0.0,0.0,0.0
51,1,11,2,0.0,0.0,0.0
51,1,11,3,0.0,2.0,2.0
51,1,12,1,0.0,0.0,0.0
51,1,12,2,0.0,0.0,0.0
51,1,12,3,0.0,2.0,2.0
51,1,13,1,0.0,0.0,0.0
51,1,13,2,0.0,0.0,0.0
51,1,13,3,0.0,2.0,2.0
51,1,14,1,0.0,0.0,0.0
51,1,14,2,0.0,0.0,0.0
51,1,14,3,0.0,2.0,2.0
51,1,15,1,0.0,0.0,0.0
51,1,15,2,0.0,0.0,0.0
51,1,15,3,0.0,2.0,2.0
51,1,16,1,0.0,0.0,0.0
51,1,16,2,0.0,0.0,0.0
51,1,16,3,0.0,2.0,2.0
51,1,17,1,0.0,0.0,0.0
51,1,17,2,0.0,0.0,0.0
51,1,17,3,0.0,2.0,2.0
51,1,18,1,0.0,0.0,0.0
51,1,18,2,0.0,0.0,0.0
51,1,18,3,0.0,2.0,2.0
51,1,19,1,0.0,0.0,0.0
51,1,19,2,0.0,0.0,0.0
51,1,19,3,0.0,2.0,2.0
51,1,20,1,0.0,0.0,0.0
51,1,20,2,0.0,0.0,0.0
51,1,20,3,0.0,2.0,2.0
52,3,1,1,3.8761011266018324,3.8761011266018324,7.752202253203665
52,3,1,2,0.0,0.0,0.0
52,3,1,3,0.0,0.0,0.0
52,3,2,1,3.8761011266018324,3.8761011266018324,7.752202253203665
52,3,2,2,0.0,0.0,0.0
52,3,2,3,0.0,0.0,0.0
52,3,3,1,0.0,3.8761011266018324,3.8761011266018324
52,3,3,2,0.0,0.0,0.0
52,3,3,3,0.0,0.0,0.0
52,3,4,1,0.0,3.8761011266018324,3.8761011266018324
52,3,4,2,3.8761011266018324,3.8761011266018324,7.752202253203665
52,3,4,3,0.0,0.0,0.0
52,3,5,1,0.0,0.0,0.0
52,3,5,2,0.0,3.8761011266018324,3.8761011266018324
52,3,5,3,2.0,2.0,4.0
52,3,6,1,0.0,3.8761011266018324,3.8761011266018324
52,3,6,2,0.0,3.8761011266018324,3.8761011266018324
52,3,6,3,0.0,0.0,0.0
52,3,7,1,0.0,3.8761011266018324,3.8761011266018324
52,3,7,2,0.0,3.8761011266018324,3.8761011266018324
52,3,7,3,0.0,0.0,0.0
52,3,8,1,0.0,3.8761011266018324,3.8761011266018324
52,3,8,2,0.0,0.0,0.0
52,3,8,3,0.0,0.0,0.0
52,3,9,1,0.0,3.8761011266018324,3.8761011266018324
52,3,9,2,0.0,0.0,0.0
52,3,9,3,0.0,0.0,0.0
52,3,10,1,0.0,3.8761011266018324,3.8761011266018324
52,3,10,2,0.0,0.0,0.0
52,3,10,3,0.0,0.0,0.0
52,3,11,1,0.0,3.8761011266018324,3.8761011266018324
52,3,11,2,0.0,0.0,0.0
52,3,11,3,0.0,0.0,0.0
52,3,12,1,0.0,3.8761011266018324,3.8761011266018324
52,3,12,2,0.0,3.8761011266018324,3.8761011266018324
52,3,12,3,0.0,0.0,0.0
52,3,13,1,0.0,0.0,0.0
52,3,13,2,0.0,3.8761011266018324,3.8761011266018324
52,3,13,3,0.0,0.0,0.0
52,3,14,1,0.0,0.0,0.0
52,3,14,2,0.0,3.8761011266018324,3.8761011266018324
52,3,14,3,0.0,0.0,0.0
52,3,15,1,0.0,0.0,0.0
52,3,15,2,0.0,3.8761011266018324,3.8761011266018324
52,3,15,3,0.0,0.0,0.0
52,3,16,1,0.0,3.8761011266018324,3.8761011266018324
52,3,16,2,0.0,0.0,0.0
52,3,16,3,0.0,0.0,0.0
52,3,17,1,0.0,3.8761011266018324,3.8761011266018324
52,3,17,2,0.0,0.0,0.0
52,3,17,3,0.0,0.0,0.0
52,3,18,1,0.0,3.8761011266018324,3.8761011266018324
52,3,18,2,0.0,0.0,0.0
52,3,18,3,0.0,0.0,0.0
52,3,19,1,0.0,3.8761011266018324,3.8761011266018324
52,3,19,2,0.0,0.0,0.0
52,3,19,3,0.0,0.0,0.0
52,3,20,1,0.0,3.8761011266018324,3.8761011266018324
52,3,20,2,0.0,0.0,0.0
52,3,20,3,0.0,0.0,0.0
52,2,1,1,4.670201183380856,3.8761011266018324,8.54630230998269
52,2,1,2,0.0,0.0,0.0
52,2,1,3,0.0,0.0,0.0
52,2,2,1,0.7941000567790231,3.8761011266018324,4.670201183380856
52,2,2,2,0.0,0.0,0.0
52,2,2,3,0.0,0.0,0.0
52,2,3,1,0.7941000567790231,3.8761011266018324,4.670201183380856
52,2,3,2,0.0,0.0,0.0
52,2,3,3,0.0,0.0,0.0
52,2,4,1,0.7941000567790231,3.8761011266018324,4.670201183380856
52,2,4,2,3.8761011266018324,3.8761011266018324,7.752202253203665
52,2,4,3,0.0,0.0,0.0
52,2,5,1,0.0,0.0,0.0
52,2,5,2,0.0,3.8761011266018324,3.8761011266018324
52,2,5,3,0.0,0.0,0.0
52,2,6,1,0.0,0.0,0.0
52,2,6,2,0.0,3.8761011266018324,3.8761011266018324
52,2,6,3,0.0,0.0,0.0
52,2,7,1,0.0,0.0,0.0
52,2,7,2,0.0,3.8761011266018324,3.8761011266018324
52,2,7,3,0.0,0.0,0.0
52,2,8,1,0.0,0.0,0.0
52,2,8,2,0.0,3.8761011266018324,3.8761011266018324
52,2,8,3,0.0,0.0,0.0
52,2,9,1,0.0,0.0,0.0
52,2,9,2,0.0,3.8761011266018324,3.8761011266018324
52,2,9,3,0.0,0.0,0.0
52,2,10,1,0.0,0.0,0.0
52,2,10,2,0.0,3.8761011266018324,3.8761011266018324
52,2,10,3,0.0,0.0,0.0
52,2,11,1,0.0,0.0,0.0
52,2,11,2,0.0,3.8761011266018324,3.8761011266018324
52,2,11,3,0.0,0.0,0.0
52,2,12,1,0.0,0.0,0.0
52,2,12,2,0.0,3.8761011266018324,3.8761011266018324
52,2,12,3,0.0,0.0,0.0
52,2,13,1,0.0,0.0,0.0
52,2,13,2,0.0,3.8761011266018324,3.8761011266018324
52,2,13,3,2.0,2.0,4.0
52,2,14,1,0.0,3.8761011266018324,3.8761011266018324
52,2,14,2,0.0,0.0,0.0
52,2,14,3,0.0,0.0,0.0
52,2,15,1,0.0,3.8761011266018324,3.8761011266018324
52,2,15,2,0.0,3.8761011266018324,3.8761011266018324
52,2,15,3,0.0,0.0,0.0
52,2,16,1,0.0,0.0,0.0
52,2,16,2,0.0,3.8761011266018324,3.8761011266018324
52,2,16,3,0.0,0.0,0.0
52,2,17,1,0.0,0.0,0.0
52,2,17,2,0.0,3.8761011266018324,3.8761011266018324
52,2,17,3,0.0,0.0,0.0
52,2,18,1,0.0,0.0,0.0
52,2,18,2,0.0,3.8761011266018324,3.8761011266018324
52,2,18,3,0.0,0.0,0.0
52,2,19,1,0.0,0.0,0.0
52,2,19,2,0.0,3.8761011266018324,3.8761011266018324
52,2,19,3,0.0,0.0,0.0
52,2,20,1,0.0,0.0,0.0
52,2,20,2,0.0,3.8761011266018324,3.8761011266018324
52,2,20,3,0.0,0.0,0.0
52,1,1,1,4.670201183380856,3.8761011266018324,8.54630230998269
52,1,1,2,2.794100056779023,2.0,4.794100056779023
52,1,1,3,2.0,2.0,4.0
52,1,2,1,0.0,0.0,0.0
52,1,2,2,0.0,0.0,0.0
52,1,2,3,0.0,2.0,2.0
52,1,3,1,0.0,0.0,0.0
52,1,3,2,0.0,0.0,0.0
52,1,3,3,0.0,2.0,2.0
52,1,4,1,0.0,0.0,0.0
52,1,4,2,0.0,0.0,0.0
52,1,4,3,0.0,2.0,2.0
52,1,5,1,0.0,0.0,0.0
52,1,5,2,0.0,0.0,0.0
52,1,5,3,0.0,2.0,2.0
52,1,6,1,0.0,0.0,0.0
52,1,6,2,0.0,0.0,0.0
52,1,6,3,0.0,2.0,2.0
52,1,7,1,0.0,0.0,0.0
52,1,7,2,0.0,0.0,0.0
52,1,7,3,0.0,2.0,2.0
52,1,8,1,0.0,0.0,0.0
52,1,8,2,0.0,0.0,0.0
52,1,8,3,0.0,2.0,2.0
52,1,9,1,0.0,0.0,0.0
52,1,9,2,0.0,0.0,0.0
52,1,9,3,0.0,2.0,2.0
52,1,10,1,0.0,0.0,0.0
52,1,10,2,0.0,0.0,0.0
52,1,10,3,0.0,2.0,2.0
52,1,11,1,0.0,0.0,0.0
52,1,11,2,0.0,0.0,0.0
52,1,11,3,0.0,2.0,2.0
52,1,12,1,0.0,0.0,0.0
52,1,12,2,0.0,0.0,0.0
52,1,12,3,0.0,2.0,2.0
52,1,13,1,0.0,0.0,0.0
52,1,13,2,0.0,0.0,0.0
52,1,13,3,0.0,2.0,2.0
52,1,14,1,0.0,0.0,0.0
52,1,14,2,0.0,0.0,0.0
52,1,14,3,0.0,2.0,2.0
52,1,15,1,0.0,0.0,0.0
52,1,15,2,0.0,0.0,0.0
52,1,15,3,0.0,2.0,2.0
52,1,16,1,0.0,0.0,0.0
52,1,16,2,0.0,0.0,0.0
52,1,16,3,0.0,2.0,2.0
52,1,17,1,0.0,0.0,0.0
52,1,17,2,0.0,0.0,0.0
52,1,17,3,0.0,2.0,2.0
52,1,18,1,0.0,0.0,0.0
52,1,18,2,0.0,0.0,0.0
52,1,18,3,0.0,2.0,2.0
52,1,19,1,0.0,0.0,0.0
52,1,19,2,0.0,0.0,0.0
52,1,19,3,0.0,2.0,2.0
52,1,20,1,0.0,0.0,0.0
52,1,20,2,0.0,0.0,0.0
52,1,20,3,0.0,2.0,2.0
53,3,1,1,3.8761011266018324,3.8761011266018324,7.752202253203665
53,3,1,2,0.0,0.0,0.0
53,3,1,3,0.0,0.0,0.0
53,3,2,1,3.8761011266018324,3.8761011266018324,7.752202253203665
53,3,2,2,0.0,0.0,0.0
53,3,2,3,0.0,0.0,0.0
53,3,3,1,0.0,3.8761011266018324,3.8761011266018324
53,3,3,2,0.0,0.0,0.0
53,3,3,3,0.0,0.0,0.0
53,3,4,1,0.0,3.8761011266018324,3.8761011266018324
53,3,4,2,0.0,0.0,0.0
53,3,4,3,0.0,0.0,0.0
53,3,5,1,0.0,3.8761011266018324,3.8761011266018324
53,3,5,2,0.0,0.0,0.0
53,3,5,3,0.0,0.0,0.0
53,3,6,1,0.0,3.8761011266018324,3.8761011266018324
53,3,6,2,0.0,0.0,0.0
53,3,6,3,0.0,0.0,0.0
53,3,7,1,0.0,3.8761011266018324,3.8761011266018324
53,3,7,2,0.0,0.0,0.0
53,3,7,3,0.0,0.0,0.0
53,3,8,1,0.0,3.8761011266018324,3.8761011266018324
53,3,8,2,3.8761011266018324,3.8761011266018324,7.752202253203665
53,3,8,3,0.0,0.0,0.0
53,3,9,1,0.0,3.8761011266018324,3.8761011266018324
53,3,9,2,0.0,0.0,0.0
53,3,9,3,0.0,0.0,0.0
53,3,10,1,0.0,3.8761011266018324,3.8761011266018324
53,3,10,2,0.0,0.0,0.0
53,3,10,3,0.0,0.0,0.0
53,3,11,1,0.0,3.8761011266018324,3.8761011266018324
53,3,11,2,0.0,0.0,0.0
53,3,11,3,0.0,0.0,0.0
53,3,12,1,0.0,3.8761011266018324,3.8761011266018324
53,3,12,2,0.0,3.8761011266018324,3.8761011266018324
53,3,12,3,0.0,0.0,0.0
53,3,13,1,0.0,3.8761011266018324,3.8761011266018324
53,3,13,2,0.0,0.0,0.0
53,3,13,3,0.0,0.0,0.0
53,3,14,1,0.0,3.8761011266018324,3.8761011266018324
53,3,14,2,0.0,3.8761011266018324,3.8761011266018324
53,3,14,3,0.0,0.0,0.0
53,3,15,1,0.0,3.8761011266018324,3.8761011266018324
53,3,15,2,0.0,3.8761011266018324,3.8761011266018324
53,3,15,3,0.0,0.0,0.0
53,3,16,1,0.0,3.8761011266018324,3.8761011266018324
53,3,16,2,0.0,0.0,0.0
53,3,16,3,0.0,0.0,0.0
53,3,17,1,0.0,3.8761011266018324,3.8761011266018324
53,3,17,2,0.0,0.0,0.0
53,3,17,3,0.0,0.0,0.0
53,3,18,1,0.0,3.8761011266018324,3.8761011266018324
53,3,18,2,0.0,3.8761011266018324,3.8761011266018324
53,3,18,3,0.0,0.0,0.0
53,3,19,1,0.0,0.0,0.0
53,3,19,2,0.0,3.8761011266018324,3.8761011266018324
53,3,19,3,0.0,0.0,0.0
53,3,20,1,0.0,3.8761011266018324,3.8761011266018324
53,3,20,2,0.0,0.0,0.0
53,3,20,3,0.0,0.0,0.0
53,2,1,1,4.670201183380856,3.8761011266018324,8.54630230998269
53,2,1,2,0.0,0.0,0.0
53,2,1,3,0.0,0.0,0.0
53,2,2,1,0.7941000567790231,3.8761011266018324,4.670201183380856
53,2,2,2,0.0,0.0,0.0
53,2,2,3,0.0,0.0,0.0
53,2,3,1,0.7941000567790231,3.8761011266018324,4.670201183380856
53,2,3,2,0.0,0.0,0.0
53,2,3,3,0.0,0.0,0.0
53,2,4,1,0.7941000567790231,3.8761011266018324,4.670201183380856
53,2,4,2,3.8761011266018324,3.8761011266018324,7.752202253203665
53,2,4,3,0.0,0.0,0.0
53,2,5,1,0.0,0.0,0.0
53,2,5,2,0.0,3.8761011266018324,3.8761011266018324
53,2,5,3,0.0,0.0,0.0
53,2,6,1,0.0,0.0,0.0
53,2,6,2,0.0,3.8761011266018324,3.8761011266018324
53,2,6,3,2.0,2.0,4.0
53,2,7,1,0.0,3.8761011266018324,3.8761011266018324
53,2,7,2,0.0,3.8761011266018324,3.8761011266018324
53,2,7,3,0.0,0.0,0.0
53,2,8,1,0.0,0.0,0.0
53,2,8,2,0.0,3.8761011266018324,3.8761011266018324
53,2,8,3,0.0,0.0,0.0
53,2,9,1,0.0,0.0,0.0
53,2,9,2,0.0,3.8761011266018324,3.8761011266018324
53,2,9,3,0.0,0.0,0.0
53,2,10,1,0.0,0.0,0.0
53,2,10,2,0.0,3.8761011266018324,3.8761011266018324
53,2,10,3,0.0,0.0,0.0
53,2,11,1,0.0,0.0,0.0
53,2,11,2,0.0,3.8761011266018324,3.8761011266018324
53,2,11,3,0.0,0.0,0.0
53,2,12,1,0.0,0.0,0.0
53,2,12,2,0.0,3.8761011266018324,3.8761011266018324
53,2,12,3,0.0,0.0,0.0
53,2,13,1,0.0,0.0,0.0
53,2,13,2,0.0,3.8761011266018324,3.8761011266018324
53,2,13,3,0.0,0.0,0.0
53,2,14,1,0.0,0.0,0.0
53,2,14,2,0.0,3.8761011266018324,3.8761011266018324
53,2,14,3,0.0,0.0,0.0
53,2,15,1,0.0,0.0,0.0
53,2,15,2,0.0,3.8761011266018324,3.8761011266018324
53,2,15,3,0.0,0.0,0.0
53,2,16,1,0.0,0.0,0.0
53,2,16,2,0.0,3.8761011266018324,3.8761011266018324
53,2,16,3,0.0,0.0,0.0
53,2,17,1,0.0,0.0,0.0
53,2,17,2,0.0,3.8761011266018324,3.8761011266018324
53,2,17,3,0.0,0.0,0.0
53,2,18,1,0.0,0.0,0.0
53,2,18,2,0.0,3.8761011266018324,3.8761011266018324
53,2,18,3,0.0,0.0,0.0
53,2,19,1,0.0,0.0,0.0
53,2,19,2,0.0,3.8761011266018324,3.8761011266018324
53,2,19,3,0.0,0.0,0.0
53,2,20,1,0.0,0.0,0.0
53,2,20,2,0.0,3.8761011266018324,3.8761011266018324
53,2,20,3,0.0,0.0,0.0
53,1,1,1,4.670201183380856,3.8761011266018324,8.54630230998269
53,1,1,2,0.0,0.0,0.0
53,1,1,3,0.0,0.0,0.0
53,1,2,1,0.7941000567790231,3.8761011266018324,4.670201183380856
53,1,2,2,2.794100056779023,2.0,4.794100056779023
53,1,2,3,0.0,0.0,0.0
53,1,3,1,0.0,0.0,0.0
53,1,3,2,0.7941000567790231,2.0,2.794100056779023
53,1,3,3,2.0,2.0,4.0
53,1,4,1,0.0,0.0,0.0
53,1,4,2,0.0,0.0,0.0
53,1,4,3,0.0,2.0,2.0
53,1,5,1,0.0,0.0,0.0
53,1,5,2,0.0,0.0,0.0
53,1,5,3,0.0,2.0,2.0
53,1,6,1,0.0,0.0,0.0
53,1,6,2,0.0,0.0,0.0
53,1,6,3,0.0,2.0,2.0
53,1,7,1,0.0,0.0,0.0
53,1,7,2,0.0,0.0,0.0
53,1,7,3,0.0,2.0,2.0
53,1,8,1,0.0,0.0,0.0
53,1,8,2,0.0,0.0,0.0
53,1,8,3,0.0,2.0,2.0
53,1,9,1,0.0,0.0,0.0
53,1,9,2,0.0,0.0,0.0
53,1,9,3,0.0,2.0,2.0
53,1,10,1,0.0,0.0,0.0
53,1,10,2,0.0,0.0,0.0
53,1,10,3,0.0,2.0,2.0
53,1,11,1,0.0,0.0,0.0
53,1,11,2,0.0,0.0,0.0
53,1,11,3,0.0,2.0,2.0
53,1,12,1,0.0,0.0,0.0
53,1,12,2,0.0,0.0,0.0
53,1,12,3,0.0,2.0,2.0
53,1,13,1,0.0,0.0,0.0
53,1,13,2,0.0,0.0,0.0
53,1,13,3,0.0,2.0,2.0
53,1,14,1,0.0,0.0,0.0
53,1,14,2,0.0,0.0,0.0
53,1,14,3,0.0,2.0,2.0
53,1,15,1,0.0,0.0,0.0
53,1,15,2,0.0,0.0,0.0
53,1,15,3,0.0,2.0,2.0
53,1,16,1,0.0,0.0,0.0
53,1,16,2,0.0,0.0,0.0
53,1,16,3,0.0,2.0,2.0
53,1,17,1,0.0,0.0,0.0
53,1,17,2,0.0,0.0,0.0
53,1,17,3,0.0,2.0,2.0
53,1,18,1,0.0,0.0,0.0
53,1,18,2,0.0,0.0,0.0
53,1,18,3,0.0,2.0,2.0
53,1,19,1,0.0,0.0,0.0
53,1,19,2,0.0,0.0,0.0
53,1,19,3,0.0,2.0,2.0
53,1,20,1,0.0,0.0,0.0
53,1,20,2,0.0,0.0,0.0
53,1,20,3,0.0,2.0,2.0
54,3,1,1,3.8761011266018324,3.8761011266018324,7.752202253203665
54,3,1,2,0.0,0.0,0.0
54,3,1,3,0.0,0.0,0.0
54,3,2,1,3.8761011266018324,3.8761011266018324,7.752202253203665
54,3,2,2,0.0,0.0,0.0
54,3,2,3,0.0,0.0,0.0
54,3,3,1,0.0,3.8761011266018324,3.8761011266018324
54,3,3,2,0.0,0.0,0.0
54,3,3,3,0.0,0.0,0.0
54,3,4,1,0.0,3.8761011266018324,3.8761011266018324
54,3,4,2,0.0,0.0,0.0
54,3,4,3,0.0,0.0,0.0
54,3,5,1,0.0,3.8761011266018324,3.8761011266018324
54,3,5,2,0.0,0.0,0.0
54,3,5,3,0.0,0.0,0.0
54,3,6,1,0.0,3.8761011266018324,3.8761011266018324
54,3,6,2,0.0,0.0,0.0
54,3,6,3,0.0,0.0,0.0
54,3,7,1,0.0,3.8761011266018324,3.8761011266018324
54,3,7,2,3.8761011266018324,3.8761011266018324,7.752202253203665
54,3,7,3,0.0,0.0,0.0
54,3,8,1,0.0,0.0,0.0
54,3,8,2,0.0,3.8761011266018324,3.8761011266018324
54,3,8,3,0.0,0.0,0.0
54,3,9,1,0.0,3.8761011266018324,3.8761011266018324
54,3,9,2,0.0,3.8761011266018324,3.8761011266018324
54,3,9,3,0.0,0.0,0.0
54,3,10,1,0.0,3.8761011266018324,3.8761011266018324
54,3,10,2,0.0,3.8761011266018324,3.8761011266018324
54,3,10,3,0.0,0.0,0.0
54,3,11,1,0.0,3.8761011266018324,3.8761011266018324
54,3,11,2,0.0,0.0,0.0
54,3,11,3,0.0,0.0,0.0
54,3,12,1,0.0,3.8761011266018324,3.8761011266018324
54,3,12,2,0.0,0.0,0.0
54,3,12,3,0.0,0.0,0.0
54,3,13,1,0.0,3.8761011266018324,3.8761011266018324
54,3,13,2,0.0,3.8761011266018324,3.8761011266018324
54,3,13,3,0.0,0.0,0.0
54,3,14,1,0.0,0.0,0.0
54,3,14,2,0.0,3.8761011266018324,3.8761011266018324
54,3,14,3,0.0,0.0,0.0
54,3,15,1,0.0,3.8761011266018324,3.8761011266018324
54,3,15,2,0.0,0.0,0.0
54,3,15,3,0.0,0.0,0.0
54,3,16,1,0.0,3.8761011266018324,3.8761011266018324
54,3,16,2,0.0,0.0,0.0
54,3,16,3,0.0,0.0,0.0
54,3,17,1,0.0,3.8761011266018324,3.8761011266018324
54,3,17,2,0.0,0.0,0.0
54,3,17,3,0.0,0.0,0.0
54,3,18,1,0.0,3.8761011266018324,3.8761011266018324
54,3,18,2,0.0,3.8761011266018324,3.8761011266018324
54,3,18,3,0.0,0.0,0.0
54,3,19,1,0.0,3.8761011266018324,3.8761011266018324
54,3,19,2,0.0,0.0,0.0
54,3,19,3,0.0,0.0,0.0
54,3,20,1,0.0,3.8761011266018324,3.8761011266018324
54,3,20,2,0.0,0.0,0.0
54,3,20,3,0.0,0.0,0.0
54,2,1,1,4.670201183380856,3.8761011266018324,8.54630230998269
54,2,1,2,0.0,0.0,0.0
54,2,1,3,0.0,0.0,0.0
54,2,2,1,0.7941000567790231,3.8761011266018324,4.670201183380856
54,2,2,2,0.0,0.0,0.0
54,2,2,3,0.0,0.0,0.0
54,2,3,1,0.7941000567790231,3.8761011266018324,4.670201183380856
54,2,3,2,0.0,0.0,0.0
54,2,3,3,0.0,0.0,0.0
54,2,4,1,0.7941000567790231,3.8761011266018324,4.670201183380856
54,2,4,2,3.8761011266018324,3.8761011266018324,7.752202253203665
54,2,4,3,0.0,0.0,0.0
54,2,5,1,0.0,0.0,0.0
54,2,5,2,0.0,3.8761011266018324,3.8761011266018324
54,2,5,3,0.0,0.0,0.0
54,2,6,1,0.0,0.0,0.0
54,2,6,2,0.0,3.8761011266018324,3.8761011266018324
54,2,6,3,2.0,2.0,4.0
54,2,7,1,0.0,0.0,0.0
54,2,7,2,0.0,0.0,0.0
54,2,7,3,0.0,2.0,2.0
54,2,8,1,0.0,0.0,0.0
54,2,8,2,0.0,0.0,0.0
54,2,8,3,0.0,2.0,2.0
54,2,9,1,0.0,3.8761011266018324,3.8761011266018324
54,2,9,2,0.0,0.0,0.0
54,2,9,3,0.0,0.0,0.0
54,2,10,1,0.0,3.8761011266018324,3.8761011266018324
54,2,10,2,0.0,0.0,0.0
54,2,10,3,0.0,0.0,0.0
54,2,11,1,0.0,3.8761011266018324,3.8761011266018324
54,2,11,2,0.0,3.8761011266018324,3.8761011266018324
54,2,11,3,0.0,0.0,0.0
54,2,12,1,0.0,0.0,0.0
54,2,12,2,0.0,3.8761011266018324,3.8761011266018324
54,2,12,3,0.0,0.0,0.0
54,2,13,1,0.0,0.0,0.0
54,2,13,2,0.0,3.8761011266018324,3.8761011266018324
54,2,13,3,0.0,0.0,0.0
54,2,14,1,0.0,0.0,0.0
54,2,14,2,0.0,3.8761011266018324,3.8761011266018324
54,2,14,3,0.0,0.0,0.0
54,2,15,1,0.0,0.0,0.0
54,2,15,2,0.0,3.8761011266018324,3.8761011266018324
54,2,15,3,0.0,0.0,0.0
54,2,16,1,0.0,0.0,0.0
54,2,16,2,0.0,3.8761011266018324,3.8761011266018324
54,2,16,3,0.0,0.0,0.0
54,2,17,1,0.0,0.0,0.0
54,2,17,2,0.0,3.8761011266018324,3.8761011266018324
54,2,17,3,0.0,0.0,0.0
54,2,18,1,0.0,0.0,0.0
54,2,18,2,0.0,3.8761011266018324,3.8761011266018324
54,2,18,3,0.0,2.0,2.0
54,2,19,1,0.0,0.0,0.0
54,2,19,2,0.0,0.0,0.0
54,2,19,3,0.0,2.0,2.0
54,2,20,1,0.0,0.0,0.0
54,2,20,2,0.0,0.0,0.0
54,2,20,3,0.0,2.0,2.0
54,1,1,1,4.670201183380856,3.8761011266018324,8.54630230998269
54,1,1,2,2.794100056779023,2.0,4.794100056779023
54,1,1,3,0.0,0.0,0.0
54,1,2,1,0.0,0.0,0.0
54,1,2,2,0.7941000567790231,2.0,2.794100056779023
54,1,2,3,0.0,0.0,0.0
54,1,3,1,0.0,0.0,0.0
54,1,3,2,0.0,2.0,2.0
54,1,3,3,2.0,2.0,4.0
54,1,4,1,0.0,0.0,0.0
54,1,4,2,0.0,0.0,0.0
54,1,4,3,0.0,2.0,2.0
54,1,5,1,0.0,0.0,0.0
54,1,5,2,0.0,0.0,0.0
54,1,5,3,0.0,2.0,2.0
54,1,6,1,0.0,0.0,0.0
54,1,6,2,0.0,0.0,0.0
54,1,6,3,0.0,2.0,2.0
54,1,7,1,0.0,0.0,0.0
54,1,7,2,0.0,0.0,0.0
54,1,7,3,0.0,2.0,2.0
54,1,8,1,0.0,0.0,0.0
54,1,8,2,0.0,0.0,0.0
54,1,8,3,0.0,2.0,2.0
54,1,9,1,0.0,0.0,0.0
54,1,9,2,0.0,0.0,0.0
54,1,9,3,0.0,2.0,2.0
54,1,10,1,0.0,0.0,0.0
54,1,10,2,0.0,0.0,0.0
54,1,10,3,0.0,2.0,2.0
54,1,11,1,0.0,0.0,0.0
54,1,11,2,0.0,0.0,0.0
54,1,11,3,0.0,2.0,2.0
54,1,12,1,0.0,0.0,0.0
54,1,12,2,0.0,0.0,0.0
54,1,12,3,0.0,2.0,2.0
54,1,13,1,0.0,0.0,0.0
54,1,13,2,0.0,0.0,0.0
54,1,13,3,0.0,2.0,2.0
54,1,14,1,0.0,0.0,0.0
54,1,14,2,0.0,0.0,0.0
54,1,14,3,0.0,2.0,2.0
54,1,15,1,0.0,0.0,0.0
54,1,15,2,0.0,0.0,0.0
54,1,15,3,0.0,2.0,2.0
54,1,16,1,0.0,0.0,0.0
54,1,16,2,0.0,0.0,0.0
54,1,16,3,0.0,2.0,2.0
54,1,17,1,0.0,0.0,0.0
54,1,17,2,0.0,0.0,0.0
54,1,17,3,0.0,2.0,2.0
54,1,18,1,0.0,0.0,0.0
54,1,18,2,0.0,0.0,0.0
54,1,18,3,0.0,2.0,2.0
54,1,19,1,0.0,0.0,0.0
54,1,19,2,0.0,0.0,0.0
54,1,19,3,0.0,2.0,2.0
54,1,20,1,0.0,0.0,0.0
54,1,20,2,0.0,0.0,0.0
54,1,20,3,0.0,2.0,2.0
55,3,1,1,3.8761011266018324,3.8761011266018324,7.752202253203665
55,3,1,2,0.0,0.0,0.0
55,3,1,3,0.0,0.0,0.0
55,3,2,1,3.8761011266018324,3.8761011266018324,7.752202253203665
55,3,2,2,0.0,0.0,0.0
55,3,2,3,0.0,0.0,0.0
55,3,3,1,0.0,3.8761011266018324,3.8761011266018324
55,3,3,2,0.0,0.0,0.0
55,3,3,3,0.0,0.0,0.0
55,3,4,1,0.0,3.8761011266018324,3.8761011266018324
55,3,4,2,0.0,0.0,0.0
55,3,4,3,0.0,0.0,0.0
55,3,5,1,0.0,3.8761011266018324,3.8761011266018324
55,3,5,2,3.8761011266018324,3.8761011266018324,7.752202253203665
55,3,5,3,2.0,2.0,4.0
55,3,6,1,0.0,3.8761011266018324,3.8761011266018324
55,3,6,2,0.0,3.8761011266018324,3.8761011266018324
55,3,6,3,0.0,0.0,0.0
55,3,7,1,0.0,0.0,0.0
55,3,7,2,0.0,3.8761011266018324,3.8761011266018324
55,3,7,3,0.0,0.0,0.0
55,3,8,1,0.0,0.0,0.0
55,3,8,2,0.0,3.8761011266018324,3.8761011266018324
55,3,8,3,0.0,0.0,0.0
55,3,9,1,0.0,3.8761011266018324,3.8761011266018324
55,3,9,2,0.0,3.8761011266018324,3.8761011266018324
55,3,9,3,0.0,0.0,0.0
55,3,10,1,0.0,0.0,0.0
55,3,10,2,0.0,3.8761011266018324,3.8761011266018324
55,3,10,3,0.0,0.0,0.0
55,3,11,1,0.0,0.0,0.0
55,3,11,2,0.0,3.8761011266018324,3.8761011266018324
55,3,11,3,0.0,0.0,0.0
55,3,12,1,0.0,3.8761011266018324,3.8761011266018324
55,3,12,2,0.0,0.0,0.0
55,3,12,3,0.0,0.0,0.0
55,3,13,1,0.0,3.8761011266018324,3.8761011266018324
55,3,13,2,0.0,3.8761011266018324,3.8761011266018324
55,3,13,3,0.0,0.0,0.0
55,3,14,1,0.0,0.0,0.0
55,3,14,2,0.0,3.8761011266018324,3.8761011266018324
55,3,14,3,0.0,0.0,0.0
55,3,15,1,0.0,0.0,0.0
55,3,15,2,0.0,3.8761011266018324,3.8761011266018324
55,3,15,3,0.0,0.0,0.0
55,3,16,1,0.0,0.0,0.0
55,3,16,2,0.0,3.8761011266018324,3.8761011266018324
55,3,16,3,0.0,0.0,0.0
55,3,17,1,0.0,0.0,0.0
55,3,17,2,0.0,3.8761011266018324,3.8761011266018324
55,3,17,3,0.0,0.0,0.0
55,3,18,1,0.0,3.8761011266018324,3.8761011266018324
55,3,18,2,0.0,0.0,0.0
55,3,18,3,0.0,0.0,0.0
55,3,19,1,0.0,3.8761011266018324,3.8761011266018324
55,3,19,2,0.0,0.0,0.0
55,3,19,3,0.0,0.0,0.0
55,3,20,1,0.0,3.8761011266018324,3.8761011266018324
55,3,20,2,0.0,0.0,0.0
55,3,20,3,0.0,0.0,0.0
55,2,1,1,4.670201183380856,3.8761011266018324,8.54630230998269
55,2,1,2,0.0,0.0,0.0
55,2,1,3,0.0,0.0,0.0
55,2,2,1,0.7941000567790231,3.8761011266018324,4.670201183380856
55,2,2,2,3.8761011266018324,3.8761011266018324,7.752202253203665
55,2,2,3,0.0,0.0,0.0
55,2,3,1,0.0,0.0,0.0
55,2,3,2,0.0,3.8761011266018324,3.8761011266018324
55,2,3,3,0.0,0.0,0.0
55,2,4,1,0.0,0.0,0.0
55,2,4,2,0.0,3.8761011266018324,3.8761011266018324
55,2,4,3,0.0,0.0,0.0
55,2,5,1,0.0,0.0,0.0
55,2,5,2,0.0,3.8761011266018324,3.8761011266018324
55,2,5,3,0.0,0.0,0.0
55,2,6,1,0.0,0.0,0.0
55,2,6,2,0.0,3.8761011266018324,3.8761011266018324
55,2,6,3,0.0,0.0,0.0
55,2,7,1,0.0,0.0,0.0
55,2,7,2,0.0,3.8761011266018324,3.8761011266018324
55,2,7,3,0.0,0.0,0.0
55,2,8,1,0.0,0.0,0.0
55,2,8,2,0.0,3.8761011266018324,3.8761011266018324
55,2,8,3,0.0,0.0,0.0
55,2,9,1,0.0,0.0,0.0
55,2,9,2,0.0,3.8761011266018324,3.8761011266018324
55,2,9,3,0.0,0.0,0.0
55,2,10,1,0.0,0.0,0.0
55,2,10,2,0.0,3.8761011266018324,3.8761011266018324
55,2,10,3,0.0,0.0,0.0
55,2,11,1,0.0,0.0,0.0
55,2,11,2,0.0,3.8761011266018324,3.8761011266018324
55,2,11,3,0.0,0.0,0.0
55,2,12,1,0.0,0.0,0.0
55,2,12,2,0.0,3.8761011266018324,3.8761011266018324
55,2,12,3,0.0,0.0,0.0
55,2,13,1,0.0,0.0,0.0
55,2,13,2,0.0,3.8761011266018324,3.8761011266018324
55,2,13,3,0.0,0.0,0.0
55,2,14,1,0.0,0.0,0.0
55,2,14,2,0.0,3.8761011266018324,3.8761011266018324
55,2,14,3,0.0,0.0,0.0
55,2,15,1,0.0,0.0,0.0
55,2,15,2,0.0,3.8761011266018324,3.8761011266018324
55,2,15,3,0.0,0.0,0.0
55,2,16,1,0.0,0.0,0.0
55,2,16,2,0.0,3.8761011266018324,3.8761011266018324
55,2,16,3,0.0,0.0,0.0
55,2,17,1,0.0,0.0,0.0
55,2,17,2,0.0,3.8761011266018324,3.8761011266018324
55,2,17,3,0.0,0.0,0.0
55,2,18,1,0.0,0.0,0.0
55,2,18,2,0.0,3.8761011266018324,3.8761011266018324
55,2,18,3,2.0,2.0,4.0
55,2,19,1,0.7941000567790231,3.8761011266018324,4.670201183380856
55,2,19,2,0.0,0.0,0.0
55,2,19,3,0.0,0.0,0.0
55,2,20,1,0.7941000567790231,3.8761011266018324,4.670201183380856
55,2,20,2,0.0,3.8761011266018324,3.8761011266018324
55,2,20,3,0.0,0.0,0.0
55,1,1,1,4.670201183380856,3.8761011266018324,8.54630230998269
55,1,1,2,2.794100056779023,2.0,4.794100056779023
55,1,1,3,0.0,0.0,0.0
55,1,2,1,0.0,0.0,0.0
55,1,2,2,0.7941000567790231,2.0,2.794100056779023
55,1,2,3,0.0,0.0,0.0
55,1,3,1,0.0,0.0,0.0
55,1,3,2,0.0,2.0,2.0
55,1,3,3,2.0,2.0,4.0
55,1,4,1,0.0,0.0,0.0
55,1,4,2,0.0,0.0,0.0
55,1,4,3,0.0,2.0,2.0
55,1,5,1,0.0,0.0,0.0
55,1,5,2,0.0,0.0,0.0
55,1,5,3,0.0,2.0,2.0
55,1,6,1,0.0,0.0,0.0
55,1,6,2,0.0,0.0,0.0
55,1,6,3,0.0,2.0,2.0
55,1,7,1,0.0,0.0,0.0
55,1,7,2,0.0,0.0,0.0
55,1,7,3,0.0,2.0,2.0
55,1,8,1,0.0,0.0,0.0
55,1,8,2,0.0,0.0,0.0
55,1,8,3,0.0,2.0,2.0
55,1,9,1,0.0,0.0,0.0
55,1,9,2,0.0,0.0,0.0
55,1,9,3,0.0,2.0,2.0
55,1,10,1,0.0,0.0,0.0
55,1,10,2,0.0,0.0,0.0
55,1,10,3,0.0,2.0,2.0
55,1,11,1,0.0,0.0,0.0
55,1,11,2,0.0,0.0,0.0
55,1,11,3,0.0,2.0,2.0
55,1,12,1,0.0,0.0,0.0
55,1,12,2,0.0,0.0,0.0
55,1,12,3,0.0,2.0,2.0
55,1,13,1,0.0,0.0,0.0
55,1,13,2,0.0,0.0,0.0
55,1,13,3,0.0,2.0,2.0
55,1,14,1,0.0,0.0,0.0
55,1,14,2,0.0,0.0,0.0
55,1,14,3,0.0,2.0,2.0
55,1,15,1,0.0,0.0,0.0
55,1,15,2,0.0,0.0,0.0
55,1,15,3,0.0,2.0,2.0
55,1,16,1,0.0,0.0,0.0
55,1,16,2,0.0,0.0,0.0
55,1,16,3,0.0,2.0,2.0
55,1,17,1,0.0,0.0,0.0
55,1,17,2,0.0,0.0,0.0
55,1,17,3,0.0,2.0,2.0
55,1,18,1,0.0,0.0,0.0
55,1,18,2,0.0,0.0,0.0
55,1,18,3,0.0,2.0,2.0
55,1,19,1,0.0,0.0,0.0
55,1,19,2,0.0,0.0,0.0
55,1,19,3,0.0,2.0,2.0
55,1,20,1,0.0,0.0,0.0
55,1,20,2,0.0,0.0,0.0
55,1,20,3,0.0,2.0,2.0
56,3,1,1,3.8761011266018324,3.8761011266018324,7.752202253203665
56,3,1,2,3.8761011266018324,3.8761011266018324,7.752202253203665
56,3,1,3,0.0,0.0,0.0
56,3,2,1,3.8761011266018324,3.8761011266018324,7.752202253203665
56,3,2,2,0.0,0.0,0.0
56,3,2,3,0.0,0.0,0.0
56,3,3,1,0.0,3.8761011266018324,3.8761011266018324
56,3,3,2,0.0,0.0,0.0
56,3,3,3,0.0,0.0,0.0
56,3,4,1,0.0,3.8761011266018324,3.8761011266018324
56,3,4,2,0.0,0.0,0.0
56,3,4,3,0.0,0.0,0.0
56,3,5,1,0.0,3.8761011266018324,3.8761011266018324
56,3,5,2,0.0,0.0,0.0
56,3,5,3,0.0,0.0,0.0
56,3,6,1,0.0,3.8761011266018324,3.8761011266018324
56,3,6,2,0.0,3.8761011266018324,3.8761011266018324
56,3,6,3,0.0,0.0,0.0
56,3,7,1,0.0,0.0,0.0
56,3,7,2,0.0,3.8761011266018324,3.8761011266018324
56,3,7,3,0.0,0.0,0.0
56,3,8,1,0.0,3.8761011266018324,3.8761011266018324
56,3,8,2,0.0,0.0,0.0
56,3,8,3,0.0,0.0,0.0
56,3,9,1,0.0,3.8761011266018324,3.8761011266018324
56,3,9,2,0.0,3.8761011266018324,3.8761011266018324
56,3,9,3,0.0,0.0,0.0
56,3,10,1,0.0,0.0,0.0
56,3,10,2,0.0,3.8761011266018324,3.8761011266018324
56,3,10,3,0.0,0.0,0.0
56,3,11,1,0.0,0.0,0.0
56,3,11,2,0.0,3.8761011266018324,3.8761011266018324
56,3,11,3,0.0,0.0,0.0
56,3,12,1,0.0,0.0,0.0
56,3,12,2,0.0,3.8761011266018324,3.8761011266018324
56,3,12,3,0.0,0.0,0.0
56,3,13,1,0.0,0.0,0.0
56,3,13,2,0.0,3.8761011266018324,3.8761011266018324
56,3,13,3,0.0,0.0,0.0
56,3,14,1,0.0,3.8761011266018324,3.8761011266018324
56,3,14,2,0.0,0.0,0.0
56,3,14,3,0.0,0.0,0.0
56,3,15,1,0.0,3.8761011266018324,3.8761011266018324
56,3,15,2,0.0,0.0,0.0
56,3,15,3,0.0,0.0,0.0
56,3,16,1,0.0,3.8761011266018324,3.8761011266018324
56,3,16,2,0.0,0.0,0.0
56,3,16,3,0.0,0.0,0.0
56,3,17,1,0.0,3.8761011266018324,3.8761011266018324
56,3,17,2,0.0,0.0,0.0
56,3,17,3,0.0,0.0,0.0
56,3,18,1,0.0,3.8761011266018324,3.8761011266018324
56,3,18,2,0.0,0.0,0.0
56,3,18,3,0.0,0.0,0.0
56,3,19,1,0.0,3.8761011266018324,3.8761011266018324
56,3,19,2,0.0,0.0,0.0
56,3,19,3,0.0,0.0,0.0
56,3,20,1,0.0,3.8761011266018324,3.8761011266018324
56,3,20,2,0.0,0.0,0.0
56,3,20,3,0.0,0.0,0.0
56,2,1,1,4.670201183380856,3.8761011266018324,8.54630230998269
56,2,1,2,0.0,0.0,0.0
56,2,1,3,0.0,0.0,0.0
56,2,2,1,0.7941000567790231,3.8761011266018324,4.670201183380856
56,2,2,2,3.8761011266018324,3.8761011266018324,7.752202253203665
56,2,2,3,0.0,0.0,0.0
56,2,3,1,0.0,0.0,0.0
56,2,3,2,0.0,3.8761011266018324,3.8761011266018324
56,2,3,3,0.0,0.0,0.0
56,2,4,1,0.0,0.0,0.0
56,2,4,2,0.0,3.8761011266018324,3.8761011266018324
56,2,4,3,2.0,2.0,4.0
56,2,5,1,0.0,0.0,0.0
56,2,5,2,0.0,0.0,0.0
56,2,5,3,0.0,2.0,2.0
56,2,6,1,0.0,0.0,0.0
56,2,6,2,0.0,0.0,0.0
56,2,6,3,0.0,2.0,2.0
56,2,7,1,0.0,0.0,0.0
56,2,7,2,0.0,0.0,0.0
56,2,7,3,0.0,2.0,2.0
56,2,8,1,0.0,0.0,0.0
56,2,8,2,0.0,0.0,0.0
56,2,8,3,0.0,2.0,2.0
56,2,9,1,0.7941000567790231,3.8761011266018324,4.670201183380856
56,2,9,2,0.0,0.0,0.0
56,2,9,3,0.0,0.0,0.0
56,2,10,1,0.7941000567790231,3.8761011266018324,4.670201183380856
56,2,10,2,0.0,0.0,0.0
56,2,10,3,0.0,0.0,0.0
56,2,11,1,0.0,3.8761011266018324,3.8761011266018324
56,2,11,2,0.0,0.0,0.0
56,2,11,3,0.0,0.0,0.0
56,2,12,1,0.0,3.8761011266018324,3.8761011266018324
56,2,12,2,0.0,3.8761011266018324,3.8761011266018324
56,2,12,3,0.0,0.0,0.0
56,2,13,1,0.0,0.0,0.0
56,2,13,2,0.0,3.8761011266018324,3.8761011266018324
56,2,13,3,0.0,0.0,0.0
56,2,14,1,0.0,0.0,0.0
56,2,14,2,0.0,3.8761011266018324,3.8761011266018324
56,2,14,3,0.0,0.0,0.0
56,2,15,1,0.0,0.0,0.0
56,2,15,2,0.0,3.8761011266018324,3.8761011266018324
56,2,15,3,0.0,0.0,0.0
56,2,16,1,0.0,0.0,0.0
56,2,16,2,0.0,3.8761011266018324,3.8761011266018324
56,2,16,3,0.0,2.0,2.0
56,2,17,1,0.0,0.0,0.0
56,2,17,2,0.0,0.0,0.0
56,2,17,3,0.0,2.0,2.0
56,2,18,1,0.0,3.8761011266018324,3.8761011266018324
56,2,18,2,0.0,3.8761011266018324,3.8761011266018324
56,2,18,3,0.0,0.0,0.0
56,2,19,1,0.0,0.0,0.0
56,2,19,2,0.0,3.8761011266018324,3.8761011266018324
56,2,19,3,0.0,0.0,0.0
56,2,20,1,0.0,0.0,0.0
56,2,20,2,0.0,3.8761011266018324,3.8761011266018324
56,2,20,3,0.0,0.0,0.0
56,1,1,1,4.670201183380856,3.8761011266018324,8.54630230998269
56,1,1,2,2.794100056779023,2.0,4.794100056779023
56,1,1,3,0.0,0.0,0.0
56,1,2,1,0.0,0.0,0.0
56,1,2,2,0.7941000567790231,2.0,2.794100056779023
56,1,2,3,2.0,2.0,4.0
56,1,3,1,0.0,0.0,0.0
56,1,3,2,0.0,0.0,0.0
56,1,3,3,0.0,0.0,0.0
56,1,4,1,0.0,0.0,0.0
56,1,4,2,0.0,0.0,0.0
56,1,4,3,0.0,0.0,0.0
56,1,5,1,0.7941000567790231,3.8761011266018324,4.670201183380856
56,1,5,2,0.0,2.0,2.0
56,1,5,3,0.0,0.0,0.0
56,1,6,1,0.0,0.0,0.0
56,1,6,2,0.0,2.0,2.0
56,1,6,3,0.0,0.0,0.0
56,1,7,1,0.0,0.0,0.0
56,1,7,2,0.0,2.0,2.0
56,1,7,3,0.0,2.0,2.0
56,1,8,1,0.0,0.0,0.0
56,1,8,2,0.0,0.0,0.0
56,1,8,3,0.0,2.0,2.0
56,1,9,1,0.0,0.0,0.0
56,1,9,2,0.0,0.0,0.0
56,1,9,3,0.0,2.0,2.0
56,1,10,1,0.0,0.0,0.0
56,1,10,2,0.0,0.0,0.0
56,1,10,3,0.0,2.0,2.0
56,1,11,1,0.0,0.0,0.0
56,1,11,2,0.0,0.0,0.0
56,1,11,3,0.0,0.0,0.0
56,1,12,1,0.7941000567790231,3.8761011266018324,4.670201183380856
56,1,12,2,0.0,2.0,2.0
56,1,12,3,0.0,2.0,2.0
56,1,13,1,0.0,0.0,0.0
56,1,13,2,0.0,0.0,0.0
56,1,13,3,0.0,2.0,2.0
56,1,14,1,0.0,0.0,0.0
56,1,14,2,0.0,0.0,0.0
56,1,14,3,0.0,2.0,2.0
56,1,15,1,0.0,0.0,0.0
56,1,15,2,0.0,0.0,0.0
56,1,15,3,0.0,2.0,2.0
56,1,16,1,0.0,0.0,0.0
56,1,16,2,0.0,0.0,0.0
56,1,16,3,0.0,2.0,2.0
56,1,17,1,0.0,0.0,0.0
56,1,17,2,0.0,0.0,0.0
56,1,17,3,0.0,2.0,2.0
56,1,18,1,0.0,0.0,0.0
56,1,18,2,0.0,0.0,0.0
56,1,18,3,0.0,2.0,2.0
56,1,19,1,0.0,0.0,0.0
56,1,19,2,0.0,0.0,0.0
56,1,19,3,0.0,2.0,2.0
56,1,20,1,0.0,0.0,0.0
56,1,20,2,0.0,0.0,0.0
56,1,20,3,0.0,2.0,2.0
57,3,1,1,3.8761011266018324,3.8761011266018324,7.752202253203665
57,3,1,2,3.8761011266018324,3.8761011266018324,7.752202253203665
57,3,1,3,0.0,0.0,0.0
57,3,2,1,0.0,0.0,0.0
57,3,2,2,0.0,3.8761011266018324,3.8761011266018324
57,3,2,3,0.0,0.0,0.0
57,3,3,1,0.0,0.0,0.0
57,3,3,2,0.0,3.8761011266018324,3.8761011266018324
57,3,3,3,0.0,0.0,0.0
57,3,4,1,0.0,0.0,0.0
57,3,4,2,0.0,3.8761011266018324,3.8761011266018324
57,3,4,3,0.0,0.0,0.0
57,3,5,1,0.0,0.0,0.0
57,3,5,2,0.0,3.8761011266018324,3.8761011266018324
57,3,5,3,0.0,0.0,0.0
57,3,6,1,0.0,0.0,0.0
57,3,6,2,0.0,3.8761011266018324,3.8761011266018324
57,3,6,3,0.0,0.0,0.0
57,3,7,1,0.0,0.0,0.0
57,3,7,2,0.0,3.8761011266018324,3.8761011266018324
57,3,7,3,0.0,0.0,0.0
57,3,8,1,3.8761011266018324,3.8761011266018324,7.752202253203665
57,3,8,2,0.0,0.0,0.0
57,3,8,3,0.0,0.0,0.0
57,3,9,1,0.0,3.8761011266018324,3.8761011266018324
57,3,9,2,0.0,3.8761011266018324,3.8761011266018324
57,3,9,3,0.0,0.0,0.0
57,3,10,1,0.0,0.0,0.0
57,3,10,2,0.0,3.8761011266018324,3.8761011266018324
57,3,10,3,0.0,0.0,0.0
57,3,11,1,0.0,0.0,0.0
57,3,11,2,0.0,3.8761011266018324,3.8761011266018324
57,3,11,3,0.0,0.0,0.0
57,3,12,1,0.0,0.0,0.0
57,3,12,2,0.0,3.8761011266018324,3.8761011266018324
57,3,12,3,0.0,0.0,0.0
57,3,13,1,0.0,0.0,0.0
57,3,13,2,0.0,3.8761011266018324,3.8761011266018324
57,3,13,3,2.0,2.0,4.0
57,3,14,1,0.0,3.8761011266018324,3.8761011266018324
57,3,14,2,0.0,0.0,0.0
57,3,14,3,0.0,0.0,0.0
57,3,15,1,0.0,3.8761011266018324,3.8761011266018324
57,3,15,2,0.0,3.8761011266018324,3.8761011266018324
57,3,15,3,0.0,0.0,0.0
57,3,16,1,0.0,0.0,0.0
57,3,16,2,0.0,3.8761011266018324,3.8761011266018324
57,3,16,3,0.0,0.0,0.0
57,3,17,1,0.0,3.8761011266018324,3.8761011266018324
57,3,17,2,0.0,0.0,0.0
57,3,17,3,0.0,0.0,0.0
57,3,18,1,0.0,3.8761011266018324,3.8761011266018324
57,3,18,2,0.0,0.0,0.0
57,3,18,3,0.0,0.0,0.0
57,3,19,1,0.0,3.8761011266018324,3.8761011266018324
57,3,19,2,0.0,0.0,0.0
57,3,19,3,0.0,0.0,0.0
57,3,20,1,0.0,3.8761011266018324,3.8761011266018324
57,3,20,2,0.0,0.0,0.0
57,3,20,3,0.0,0.0,0.0
57,2,1,1,4.670201183380856,3.8761011266018324,8.54630230998269
57,2,1,2,0.0,0.0,0.0
57,2,1,3,0.0,0.0,0.0
57,2,2,1,0.7941000567790231,3.8761011266018324,4.670201183380856
57,2,2,2,0.0,0.0,0.0
57,2,2,3,0.0,0.0,0.0
57,2,3,1,0.7941000567790231,3.8761011266018324,4.670201183380856
57,2,3,2,3.8761011266018324,3.8761011266018324,7.752202253203665
57,2,3,3,0.0,0.0,0.0
57,2,4,1,0.0,0.0,0.0
57,2,4,2,0.0,3.8761011266018324,3.8761011266018324
57,2,4,3,2.0,2.0,4.0
57,2,5,1,0.0,0.0,0.0
57,2,5,2,0.0,0.0,0.0
57,2,5,3,0.0,2.0,2.0
57,2,6,1,0.7941000567790231,3.8761011266018324,4.670201183380856
57,2,6,2,0.0,0.0,0.0
57,2,6,3,0.0,0.0,0.0
57,2,7,1,0.0,3.8761011266018324,3.8761011266018324
57,2,7,2,0.0,0.0,0.0
57,2,7,3,0.0,0.0,0.0
57,2,8,1,0.0,3.8761011266018324,3.8761011266018324
57,2,8,2,0.0,3.8761011266018324,3.8761011266018324
57,2,8,3,0.0,0.0,0.0
57,2,9,1,0.0,0.0,0.0
57,2,9,2,0.0,3.8761011266018324,3.8761011266018324
57,2,9,3,0.0,0.0,0.0
57,2,10,1,0.0,0.0,0.0
57,2,10,2,0.0,3.8761011266018324,3.8761011266018324
57,2,10,3,0.0,0.0,0.0
57,2,11,1,0.0,0.0,0.0
57,2,11,2,0.0,3.8761011266018324,3.8761011266018324
57,2,11,3,0.0,0.0,0.0
57,2,12,1,0.0,0.0,0.0
57,2,12,2,0.0,3.8761011266018324,3.8761011266018324
57,2,12,3,0.0,0.0,0.0
57,2,13,1,0.0,0.0,0.0
57,2,13,2,0.0,3.8761011266018324,3.8761011266018324
57,2,13,3,0.0,2.0,2.0
57,2,14,1,0.0,3.8761011266018324,3.8761011266018324
57,2,14,2,0.0,3.8761011266018324,3.8761011266018324
57,2,14,3,0.0,0.0,0.0
57,2,15,1,0.0,0.0,0.0
57,2,15,2,0.0,3.8761011266018324,3.8761011266018324
57,2,15,3,0.0,2.0,2.0
57,2,16,1,0.0,3.8761011266018324,3.8761011266018324
57,2,16,2,0.0,0.0,0.0
57,2,16,3,0.0,0.0,0.0
57,2,17,1,0.0,3.8761011266018324,3.8761011266018324
57,2,17,2,0.0,3.8761011266018324,3.8761011266018324
57,2,17,3,0.0,0.0,0.0
57,2,18,1,0.0,0.0,0.0
57,2,18,2,0.0,3.8761011266018324,3.8761011266018324
57,2,18,3,0.0,0.0,0.0
57,2,19,1,0.0,0.0,0.0
57,2,19,2,0.0,3.8761011266018324,3.8761011266018324
57,2,19,3,0.0,0.0,0.0
57,2,20,1,0.0,0.0,0.0
57,2,20,2,0.0,3.8761011266018324,3.8761011266018324
57,2,20,3,0.0,0.0,0.0
57,1,1,1,4.670201183380856,3.8761011266018324,8.54630230998269
57,1,1,2,0.0,0.0,0.0
57,1,1,3,0.0,0.0,0.0
57,1,2,1,0.7941000567790231,3.8761011266018324,4.670201183380856
57,1,2,2,2.794100056779023,2.0,4.794100056779023
57,1,2,3,0.0,0.0,0.0
57,1,3,1,0.0,0.0,0.0
57,1,3,2,0.7941000567790231,2.0,2.794100056779023
57,1,3,3,2.0,2.0,4.0
57,1,4,1,0.0,0.0,0.0
57,1,4,2,0.0,0.0,0.0
57,1,4,3,0.0,2.0,2.0
57,1,5,1,0.0,0.0,0.0
57,1,5,2,0.0,0.0,0.0
57,1,5,3,0.0,2.0,2.0
57,1,6,1,0.0,0.0,0.0
57,1,6,2,0.0,0.0,0.0
57,1,6,3,0.0,2.0,2.0
57,1,7,1,0.0,0.0,0.0
57,1,7,2,0.0,0.0,0.0
57,1,7,3,0.0,2.0,2.0
57,1,8,1,0.0,0.0,0.0
57,1,8,2,0.0,0.0,0.0
57,1,8,3,0.0,2.0,2.0
57,1,9,1,0.0,0.0,0.0
57,1,9,2,0.0,0.0,0.0
57,1,9,3,0.0,2.0,2.0
57,1,10,1,0.0,0.0,0.0
57,1,10,2,0.0,0.0,0.0
57,1,10,3,0.0,2.0,2.0
57,1,11,1,0.0,0.0,0.0
57,1,11,2,0.0,0.0,0.0
57,1,11,3,0.0,2.0,2.0
57,1,12,1,0.0,0.0,0.0
57,1,12,2,0.0,0.0,0.0
57,1,12,3,0.0,2.0,2.0
57,1,13,1,0.0,0.0,0.0
57,1,13,2,0.0,0.0,0.0
57,1,13,3,0.0,2.0,2.0
57,1,14,1,0.0,0.0,0.0
57,1,14,2,0.0,0.0,0.0
57,1,14,3,0.0,2.0,2.0
57,1,15,1,0.0,0.0,0.0
57,1,15,2,0.0,0.0,0.0
57,1,15,3,0.0,2.0,2.0
57,1,16,1,0.0,0.0,0.0
57,1,16,2,0.0,0.0,0.0
57,1,16,3,0.0,2.0,2.0
57,1,17,1,0.0,0.0,0.0
57,1,17,2,0.0,0.0,0.0
57,1,17,3,0.0,2.0,2.0
57,1,18,1,0.0,0.0,0.0
57,1,18,2,0.0,0.0,0.0
57,1,18,3,0.0,2.0,2.0
57,1,19,1,0.0,0.0,0.0
57,1,19,2,0.0,0.0,0.0
57,1,19,3,0.0,2.0,2.0
57,1,20,1,0.0,0.0,0.0
57,1,20,2,0.0,0.0,0.0
57,1,20,3,0.0,2.0,2.0
58,3,1,1,3.8761011266018324,3.8761011266018324,7.752202253203665
58,3,1,2,0.0,0.0,0.0
58,3,1,3,0.0,0.0,0.0
58,3,2,1,3.8761011266018324,3.8761011266018324,7.752202253203665
58,3,2,2,0.0,0.0,0.0
58,3,2,3,0.0,0.0,0.0
58,3,3,1,0.0,3.8761011266018324,3.8761011266018324
58,3,3,2,3.8761011266018324,3.8761011266018324,7.752202253203665
58,3,3,3,2.0,2.0,4.0
58,3,4,1,0.0,3.8761011266018324,3.8761011266018324
58,3,4,2,0.0,3.8761011266018324,3.8761011266018324
58,3,4,3,0.0,0.0,0.0
58,3,5,1,0.0,0.0,0.0
58,3,5,2,0.0,3.8761011266018324,3.8761011266018324
58,3,5,3,0.0,0.0,0.0
58,3,6,1,0.0,0.0,0.0
58,3,6,2,0.0,3.8761011266018324,3.8761011266018324
58,3,6,3,0.0,0.0,0.0
58,3,7,1,0.0,3.8761011266018324,3.8761011266018324
58,3,7,2,0.0,0.0,0.0
58,3,7,3,0.0,0.0,0.0
58,3,8,1,0.0,3.8761011266018324,3.8761011266018324
58,3,8,2,0.0,0.0,0.0
58,3,8,3,0.0,0.0,0.0
58,3,9,1,0.0,3.8761011266018324,3.8761011266018324
58,3,9,2,0.0,0.0,0.0
58,3,9,3,0.0,0.0,0.0
58,3,10,1,0.0,3.8761011266018324,3.8761011266018324
58,3,10,2,0.0,0.0,0.0
58,3,10,3,0.0,0.0,0.0
58,3,11,1,0.0,3.8761011266018324,3.8761011266018324
58,3,11,2,0.0,0.0,0.0
58,3,11,3,0.0,0.0,0.0
58,3,12,1,0.0,3.8761011266018324,3.8761011266018324
58,3,12,2,0.0,0.0,0.0
58,3,12,3,0.0,0.0,0.0
58,3,13,1,0.0,3.8761011266018324,3.8761011266018324
58,3,13,2,0.0,0.0,0.0
58,3,13,3,0.0,0.0,0.0
58,3,14,1,0.0,3.8761011266018324,3.8761011266018324
58,3,14,2,0.0,0.0,0.0
58,3,14,3,0.0,0.0,0.0
58,3,15,1,0.0,3.8761011266018324,3.8761011266018324
58,3,15,2,0.0,0.0,0.0
58,3,15,3,0.0,0.0,0.0
58,3,16,1,0.0,3.8761011266018324,3.8761011266018324
58,3,16,2,0.0,3.8761011266018324,3.8761011266018324
58,3,16,3,0.0,0.0,0.0
58,3,17,1,0.0,3.8761011266018324,3.8761011266018324
58,3,17,2,0.0,0.0,0.0
58,3,17,3,0.0,0.0,0.0
58,3,18,1,0.0,3.8761011266018324,3.8761011266018324
58,3,18,2,0.0,0.0,0.0
58,3,18,3,0.0,0.0,0.0
58,3,19,1,0.0,3.8761011266018324,3.8761011266018324
58,3,19,2,0.0,3.8761011266018324,3.8761011266018324
58,3,19,3,0.0,0.0,0.0
58,3,20,1,0.0,3.8761011266018324,3.8761011266018324
58,3,20,2,0.0,3.8761011266018324,3.8761011266018324
58,3,20,3,0.0,0.0,0.0
58,2,1,1,4.670201183380856,3.8761011266018324,8.54630230998269
58,2,1,2,0.0,0.0,0.0
58,2,1,3,0.0,0.0,0.0
58,2,2,1,0.7941000567790231,3.8761011266018324,4.670201183380856
58,2,2,2,0.0,0.0,0.0
58,2,2,3,0.0,0.0,0.0
58,2,3,1,0.7941000567790231,3.8761011266018324,4.670201183380856
58,2,3,2,3.8761011266018324,3.8761011266018324,7.752202253203665
58,2,3,3,0.0,0.0,0.0
58,2,4,1,0.0,0.0,0.0
58,2,4,2,0.0,3.8761011266018324,3.8761011266018324
58,2,4,3,0.0,0.0,0.0
58,2,5,1,0.0,0.0,0.0
58,2,5,2,0.0,3.8761011266018324,3.8761011266018324
58,2,5,3,0.0,0.0,0.0
58,2,6,1,0.0,0.0,0.0
58,2,6,2,0.0,3.8761011266018324,3.8761011266018324
58,2,6,3,2.0,2.0,4.0
58,2,7,1,0.0,0.0,0.0
58,2,7,2,0.0,0.0,0.0
58,2,7,3,0.0,2.0,2.0
58,2,8,1,0.0,0.0,0.0
58,2,8,2,0.0,0.0,0.0
58,2,8,3,0.0,2.0,2.0
58,2,9,1,0.7941000567790231,3.8761011266018324,4.670201183380856
58,2,9,2,0.0,0.0,0.0
58,2,9,3,0.0,0.0,0.0
58,2,10,1,0.0,3.8761011266018324,3.8761011266018324
58,2,10,2,0.0,0.0,0.0
58,2,10,3,0.0,0.0,0.0
58,2,11,1,0.0,3.8761011266018324,3.8761011266018324
58,2,11,2,0.0,3.8761011266018324,3.8761011266018324
58,2,11,3,0.0,0.0,0.0
58,2,12,1,0.0,0.0,0.0
58,2,12,2,0.0,3.8761011266018324,3.8761011266018324
58,2,12,3,0.0,2.0,2.0
58,2,13,1,0.0,3.8761011266018324,3.8761011266018324
58,2,13,2,0.0,3.8761011266018324,3.8761011266018324
58,2,13,3,0.0,2.0,2.0
58,2,14,1,0.0,0.0,0.0
58,2,14,2,0.0,0.0,0.0
58,2,14,3,0.0,2.0,2.0
58,2,15,1,0.0,0.0,0.0
58,2,15,2,0.0,0.0,0.0
58,2,15,3,0.0,2.0,2.0
58,2,16,1,0.0,0.0,0.0
58,2,16,2,0.0,0.0,0.0
58,2,16,3,0.0,2.0,2.0
58,2,17,1,0.0,0.0,0.0
58,2,17,2,0.0,0.0,0.0
58,2,17,3,0.0,2.0,2.0
58,2,18,1,0.0,0.0,0.0
58,2,18,2,0.0,0.0,0.0
58,2,18,3,0.0,2.0,2.0
58,2,19,1,0.0,3.8761011266018324,3.8761011266018324
58,2,19,2,0.0,3.8761011266018324,3.8761011266018324
58,2,19,3,0.0,0.0,0.0
58,2,20,1,0.0,0.0,0.0
58,2,20,2,0.0,3.8761011266018324,3.8761011266018324
58,2,20,3,0.0,0.0,0.0
58,1,1,1,4.670201183380856,3.8761011266018324,8.54630230998269
58,1,1,2,0.0,0.0,0.0
58,1,1,3,0.0,0.0,0.0
58,1,2,1,0.7941000567790231,3.8761011266018324,4.670201183380856
58,1,2,2,2.794100056779023,2.0,4.794100056779023
58,1,2,3,0.0,0.0,0.0
58,1,3,1,0.0,0.0,0.0
58,1,3,2,0.7941000567790231,2.0,2.794100056779023
58,1,3,3,2.0,2.0,4.0
58,1,4,1,0.0,0.0,0.0
58,1,4,2,0.0,0.0,0.0
58,1,4,3,0.0,2.0,2.0
58,1,5,1,0.0,0.0,0.0
58,1,5,2,0.0,0.0,0.0
58,1,5,3,0.0,2.0,2.0
58,1,6,1,0.0,0.0,0.0
58,1,6,2,0.0,0.0,0.0
58,1,6,3,0.0,2.0,2.0
58,1,7,1,0.0,0.0,0.0
58,1,7,2,0.0,0.0,0.0
58,1,7,3,0.0,2.0,2.0
58,1,8,1,0.0,0.0,0.0
58,1,8,2,0.0,0.0,0.0
58,1,8,3,0.0,2.0,2.0
58,1,9,1,0.0,0.0,0.0
58,1,9,2,0.0,0.0,0.0
58,1,9,3,0.0,2.0,2.0
58,1,10,1,0.0,0.0,0.0
58,1,10,2,0.0,0.0,0.0
58,1,10,3,0.0,2.0,2.0
58,1,11,1,0.0,0.0,0.0
58,1,11,2,0.0,0.0,0.0
58,1,11,3,0.0,2.0,2.0
58,1,12,1,0.0,0.0,0.0
58,1,12,2,0.0,0.0,0.0
58,1,12,3,0.0,2.0,2.0
58,1,13,1,0.0,0.0,0.0
58,1,13,2,0.0,0.0,0.0
58,1,13,3,0.0,2.0,2.0
58,1,14,1,0.0,0.0,0.0
58,1,14,2,0.0,0.0,0.0
58,1,14,3,0.0,2.0,2.0
58,1,15,1,0.0,0.0,0.0
58,1,15,2,0.0,0.0,0.0
58,1,15,3,0.0,2.0,2.0
58,1,16,1,0.0,0.0,0.0
58,1,16,2,0.0,0.0,0.0
58,1,16,3,0.0,2.0,2.0
58,1,17,1,0.0,0.0,0.0
58,1,17,2,0.0,0.0,0.0
58,1,17,3,0.0,2.0,2.0
58,1,18,1,0.0,0.0,0.0
58,1,18,2,0.0,0.0,0.0
58,1,18,3,0.0,2.0,2.0
58,1,19,1,0.0,0.0,0.0
58,1,19,2,0.0,0.0,0.0
58,1,19,3,0.0,2.0,2.0
58,1,20,1,0.0,0.0,0.0
58,1,20,2,0.0,0.0,0.0
58,1,20,3,0.0,2.0,2.0
59,3,1,1,3.8761011266018324,3.8761011266018324,7.752202253203665
59,3,1,2,3.8761011266018324,3.8761011266018324,7.752202253203665
59,3,1,3,0.0,0.0,0.0
59,3,2,1,0.0,0.0,0.0
59,3,2,2,0.0,3.8761011266018324,3.8761011266018324
59,3,2,3,0.0,0.0,0.0
59,3,3,1,3.8761011266018324,3.8761011266018324,7.752202253203665
59,3,3,2,0.0,3.8761011266018324,3.8761011266018324
59,3,3,3,0.0,0.0,0.0
59,3,4,1,0.0,0.0,0.0
59,3,4,2,0.0,3.8761011266018324,3.8761011266018324
59,3,4,3,0.0,0.0,0.0
59,3,5,1,0.0,3.8761011266018324,3.8761011266018324
59,3,5,2,0.0,0.0,0.0
59,3,5,3,0.0,0.0,0.0
59,3,6,1,0.0,3.8761011266018324,3.8761011266018324
59,3,6,2,0.0,0.0,0.0
59,3,6,3,0.0,0.0,0.0
59,3,7,1,0.0,3.8761011266018324,3.8761011266018324
59,3,7,2,0.0,3.8761011266018324,3.8761011266018324
59,3,7,3,0.0,0.0,0.0
59,3,8,1,0.0,3.8761011266018324,3.8761011266018324
59,3,8,2,0.0,3.8761011266018324,3.8761011266018324
59,3,8,3,0.0,0.0,0.0
59,3,9,1,0.0,0.0,0.0
59,3,9,2,0.0,3.8761011266018324,3.8761011266018324
59,3,9,3,2.0,2.0,4.0
59,3,10,1,0.0,3.8761011266018324,3.8761011266018324
59,3,10,2,0.0,0.0,0.0
59,3,10,3,0.0,0.0,0.0
59,3,11,1,0.0,3.8761011266018324,3.8761011266018324
59,3,11,2,0.0,0.0,0.0
59,3,11,3,0.0,0.0,0.0
59,3,12,1,0.0,3.8761011266018324,3.8761011266018324
59,3,12,2,0.0,0.0,0.0
59,3,12,3,0.0,0.0,0.0
59,3,13,1,0.0,3.8761011266018324,3.8761011266018324
59,3,13,2,0.0,0.0,0.0
59,3,13,3,0.0,0.0,0.0
59,3,14,1,0.0,3.8761011266018324,3.8761011266018324
59,3,14,2,0.0,0.0,0.0
59,3,14,3,0.0,0.0,0.0
59,3,15,1,0.0,3.8761011266018324,3.8761011266018324
59,3,15,2,0.0,3.8761011266018324,3.8761011266018324
59,3,15,3,0.0,0.0,0.0
59,3,16,1,0.0,0.0,0.0
59,3,16,2,0.0,3.8761011266018324,3.8761011266018324
59,3,16,3,0.0,2.0,2.0
59,3,17,1,0.0,3.8761011266018324,3.8761011266018324
59,3,17,2,0.0,0.0,0.0
59,3,17,3,0.0,0.0,0.0
59,3,18,1,0.0,3.8761011266018324,3.8761011266018324
59,3,18,2,0.0,0.0,0.0
59,3,18,3,0.0,0.0,0.0
59,3,19,1,0.0,3.8761011266018324,3.8761011266018324
59,3,19,2,0.0,0.0,0.0
59,3,19,3,0.0,0.0,0.0
59,3,20,1,0.0,3.8761011266018324,3.8761011266018324
59,3,20,2,0.0,0.0,0.0
59,3,20,3,0.0,0.0,0.0
59,2,1,1,4.670201183380856,3.8761011266018324,8.54630230998269
59,2,1,2,3.8761011266018324,3.8761011266018324,7.752202253203665
59,2,1,3,0.0,0.0,0.0
59,2,2,1,0.0,0.0,0.0
59,2,2,2,0.0,3.8761011266018324,3.8761011266018324
59,2,2,3,0.0,0.0,0.0
59,2,3,1,0.0,0.0,0.0
59,2,3,2,0.0,3.8761011266018324,3.8761011266018324
59,2,3,3,0.0,0.0,0.0
59,2,4,1,0.0,0.0,0.0
59,2,4,2,0.0,3.8761011266018324,3.8761011266018324
59,2,4,3,0.0,0.0,0.0
59,2,5,1,0.0,0.0,0.0
59,2,5,2,0.0,3.8761011266018324,3.8761011266018324
59,2,5,3,0.0,0.0,0.0
59,2,6,1,0.0,0.0,0.0
59,2,6,2,0.0,3.8761011266018324,3.8761011266018324
59,2,6,3,0.0,0.0,0.0
59,2,7,1,0.0,0.0,0.0
59,2,7,2,0.0,3.8761011266018324,3.8761011266018324
59,2,7,3,0.0,0.0,0.0
59,2,8,1,0.0,0.0,0.0
59,2,8,2,0.0,3.8761011266018324,3.8761011266018324
59,2,8,3,0.0,0.0,0.0
59,2,9,1,0.0,0.0,0.0
59,2,9,2,0.0,3.8761011266018324,3.8761011266018324
59,2,9,3,2.0,2.0,4.0
59,2,10,1,0.7941000567790231,3.8761011266018324,4.670201183380856
59,2,10,2,0.0,0.0,0.0
59,2,10,3,0.0,0.0,0.0
59,2,11,1,0.7941000567790231,3.8761011266018324,4.670201183380856
59,2,11,2,0.0,3.8761011266018324,3.8761011266018324
59,2,11,3,0.0,0.0,0.0
59,2,12,1,0.0,0.0,0.0
59,2,12,2,0.0,3.8761011266018324,3.8761011266018324
59,2,12,3,0.0,0.0,0.0
59,2,13,1,0.0,0.0,0.0
59,2,13,2,0.0,3.8761011266018324,3.8761011266018324
59,2,13,3,0.0,0.0,0.0
59,2,14,1,0.0,0.0,0.0
59,2,14,2,0.0,3.8761011266018324,3.8761011266018324
59,2,14,3,0.0,0.0,0.0
59,2,15,1,0.0,0.0,0.0
59,2,15,2,0.0,3.8761011266018324,3.8761011266018324
59,2,15,3,0.0,0.0,0.0
59,2,16,1,0.0,0.0,0.0
59,2,16,2,0.0,3.8761011266018324,3.8761011266018324
59,2,16,3,0.0,0.0,0.0
59,2,17,1,0.0,0.0,0.0
59,2,17,2,0.0,3.8761011266018324,3.8761011266018324
59,2,17,3,0.0,0.0,0.0
59,2,18,1,0.0,0.0,0.0
59,2,18,2,0.0,3.8761011266018324,3.8761011266018324
59,2,18,3,0.0,0.0,0.0
59,2,19,1,0.0,0.0,0.0
59,2,19,2,0.0,3.8761011266018324,3.8761011266018324
59,2,19,3,0.0,2.0,2.0
59,2,20,1,0.0,0.0,0.0
59,2,20,2,0.0,0.0,0.0
59,2,20,3,0.0,2.0,2.0
59,1,1,1,4.670201183380856,3.8761011266018324,8.54630230998269
59,1,1,2,0.0,0.0,0.0
59,1,1,3,0.0,0.0,0.0
59,1,2,1,0.7941000567790231,3.8761011266018324,4.670201183380856
59,1,2,2,0.0,0.0,0.0
59,1,2,3,0.0,0.0,0.0
59,1,3,1,0.7941000567790231,3.8761011266018324,4.670201183380856
59,1,3,2,0.0,0.0,0.0
59,1,3,3,0.0,0.0,0.0
59,1,4,1,0.0,3.8761011266018324,3.8761011266018324
59,1,4,2,2.794100056779023,2.0,4.794100056779023
59,1,4,3,2.0,2.0,4.0
59,1,5,1,0.0,0.0,0.0
59,1,5,2,0.0,0.0,0.0
59,1,5,3,0.0,2.0,2.0
59,1,6,1,0.0,0.0,0.0
59,1,6,2,0.0,0.0,0.0
59,1,6,3,0.0,2.0,2.0
59,1,7,1,0.0,0.0,0.0
59,1,7,2,0.0,0.0,0.0
59,1,7,3,0.0,2.0,2.0
59,1,8,1,0.0,0.0,0.0
59,1,8,2,0.0,0.0,0.0
59,1,8,3,0.0,2.0,2.0
59,1,9,1,0.0,0.0,0.0
59,1,9,2,0.0,0.0,0.0
59,1,9,3,0.0,2.0,2.0
59,1,10,1,0.0,0.0,0.0
59,1,10,2,0.0,0.0,0.0
59,1,10,3,0.0,2.0,2.0
59,1,11,1,0.0,0.0,0.0
59,1,11,2,0.0,0.0,0.0
59,1,11,3,0.0,2.0,2.0
59,1,12,1,0.0,0.0,0.0
59,1,12,2,0.0,0.0,0.0
59,1,12,3,0.0,2.0,2.0
59,1,13,1,0.0,0.0,0.0
59,1,13,2,0.0,0.0,0.0
59,1,13,3,0.0,2.0,2.0
59,1,14,1,0.0,0.0,0.0
59,1,14,2,0.0,0.0,0.0
59,1,14,3,0.0,2.0,2.0
59,1,15,1,0.0,0.0,0.0
59,1,15,2,0.0,0.0,0.0
59,1,15,3,0.0,2.0,2.0
59,1,16,1,0.0,0.0,0.0
59,1,16,2,0.0,0.0,0.0
59,1,16,3,0.0,2.0,2.0
59,1,17,1,0.0,0.0,0.0
59,1,17,2,0.0,0.0,0.0
59,1,17,3,0.0,2.0,2.0
59,1,18,1,0.0,0.0,0.0
59,1,18,2,0.0,0.0,0.0
59,1,18,3,0.0,2.0,2.0
59,1,19,1,0.0,0.0,0.0
59,1,19,2,0.0,0.0,0.0
59,1,19,3,0.0,2.0,2.0
59,1,20,1,0.0,0.0,0.0
59,1,20,2,0.0,0.0,0.0
59,1,20,3,0.0,2.0,2.0
60,3,1,1,3.8761011266018324,3.8761011266018324,7.752202253203665
60,3,1,2,3.8761011266018324,3.8761011266018324,7.752202253203665
60,3,1,3,0.0,0.0,0.0
60,3,2,1,3.8761011266018324,3.8761011266018324,7.752202253203665
60,3,2,2,0.0,0.0,0.0
60,3,2,3,0.0,0.0,0.0
60,3,3,1,0.0,3.8761011266018324,3.8761011266018324
60,3,3,2,0.0,0.0,0.0
60,3,3,3,0.0,0.0,0.0
60,3,4,1,0.0,3.8761011266018324,3.8761011266018324
60,3,4,2,0.0,0.0,0.0
60,3,4,3,0.0,0.0,0.0
60,3,5,1,0.0,3.8761011266018324,3.8761011266018324
60,3,5,2,0.0,0.0,0.0
60,3,5,3,0.0,0.0,0.0
60,3,6,1,0.0,3.8761011266018324,3.8761011266018324
60,3,6,2,0.0,3.8761011266018324,3.8761011266018324
60,3,6,3,0.0,0.0,0.0
60,3,7,1,0.0,0.0,0.0
60,3,7,2,0.0,3.8761011266018324,3.8761011266018324
60,3,7,3,0.0,0.0,0.0
60,3,8,1,0.0,0.0,0.0
60,3,8,2,0.0,3.8761011266018324,3.8761011266018324
60,3,8,3,0.0,0.0,0.0
60,3,9,1,0.0,3.8761011266018324,3.8761011266018324
60,3,9,2,0.0,0.0,0.0
60,3,9,3,0.0,0.0,0.0
60,3,10,1,0.0,3.8761011266018324,3.8761011266018324
60,3,10,2,0.0,0.0,0.0
60,3,10,3,0.0,0.0,0.0
60,3,11,1,0.0,3.8761011266018324,3.8761011266018324
60,3,11,2,0.0,0.0,0.0
60,3,11,3,0.0,0.0,0.0
60,3,12,1,0.0,3.8761011266018324,3.8761011266018324
60,3,12,2,0.0,3.8761011266018324,3.8761011266018324
60,3,12,3,0.0,0.0,0.0
60,3,13,1,0.0,0.0,0.0
60,3,13,2,0.0,3.8761011266018324,3.8761011266018324
60,3,13,3,0.0,0.0,0.0
60,3,14,1,0.0,3.8761011266018324,3.8761011266018324
60,3,14,2,0.0,0.0,0.0
60,3,14,3,0.0,0.0,0.0
60,3,15,1,0.0,3.8761011266018324,3.8761011266018324
60,3,15,2,0.0,3.8761011266018324,3.8761011266018324
60,3,15,3,0.0,0.0,0.0
60,3,16,1,0.0,3.8761011266018324,3.8761011266018324
60,3,16,2,0.0,0.0,0.0
60,3,16,3,0.0,0.0,0.0
60,3,17,1,0.0,3.8761011266018324,3.8761011266018324
60,3,17,2,0.0,0.0,0.0
60,3,17,3,0.0,0.0,0.0
60,3,18,1,0.0,3.8761011266018324,3.8761011266018324
60,3,18,2,0.0,0.0,0.0
60,3,18,3,0.0,0.0,0.0
60,3,19,1,0.0,3.8761011266018324,3.8761011266018324
60,3,19,2,0.0,0.0,0.0
60,3,19,3,0.0,0.0,0.0
60,3,20,1,0.0,3.8761011266018324,3.8761011266018324
60,3,20,2,0.0,0.0,0.0
60,3,20,3,0.0,0.0,0.0
60,2,1,1,4.670201183380856,3.8761011266018324,8.54630230998269
60,2,1,2,0.0,0.0,0.0
60,2,1,3,0.0,0.0,0.0
60,2,2,1,0.7941000567790231,3.8761011266018324,4.670201183380856
60,2,2,2,3.8761011266018324,3.8761011266018324,7.752202253203665
60,2,2,3,0.0,0.0,0.0
60,2,3,1,0.0,0.0,0.0
60,2,3,2,0.0,3.8761011266018324,3.8761011266018324
60,2,3,3,0.0,0.0,0.0
60,2,4,1,0.0,0.0,0.0
60,2,4,2,0.0,3.8761011266018324,3.8761011266018324
60,2,4,3,0.0,0.0,0.0
60,2,5,1,0.0,0.0,0.0
60,2,5,2,0.0,3.8761011266018324,3.8761011266018324
60,2,5,3,2.0,2.0,4.0
60,2,6,1,0.7941000567790231,3.8761011266018324,4.670201183380856
60,2,6,2,0.0,3.8761011266018324,3.8761011266018324
60,2,6,3,0.0,0.0,0.0
60,2,7,1,0.0,0.0,0.0
60,2,7,2,0.0,3.8761011266018324,3.8761011266018324
60,2,7,3,0.0,0.0,0.0
60,2,8,1,0.0,0.0,0.0
60,2,8,2,0.0,3.8761011266018324,3.8761011266018324
60,2,8,3,0.0,0.0,0.0
60,2,9,1,0.0,0.0,0.0
60,2,9,2,0.0,3.8761011266018324,3.8761011266018324
60,2,9,3,0.0,0.0,0.0
60,2,10,1,0.0,0.0,0.0
60,2,10,2,0.0,3.8761011266018324,3.8761011266018324
60,2,10,3,0.0,0.0,0.0
60,2,11,1,0.0,0.0,0.0
60,2,11,2,0.0,3.8761011266018324,3.8761011266018324
60,2,11,3,0.0,0.0,0.0
60,2,12,1,0.0,0.0,0.0
60,2,12,2,0.0,3.8761011266018324,3.8761011266018324
60,2,12,3,0.0,0.0,0.0
60,2,13,1,0.0,0.0,0.0
60,2,13,2,0.0,3.8761011266018324,3.8761011266018324
60,2,13,3,0.0,0.0,0.0
60,2,14,1,0.0,0.0,0.0
60,2,14,2,0.0,3.8761011266018324,3.8761011266018324
60,2,14,3,0.0,0.0,0.0
60,2,15,1,0.0,0.0,0.0
60,2,15,2,0.0,3.8761011266018324,3.8761011266018324
60,2,15,3,0.0,0.0,0.0
60,2,16,1,0.0,0.0,0.0
60,2,16,2,0.0,3.8761011266018324,3.8761011266018324
60,2,16,3,0.0,2.0,2.0
60,2,17,1,0.0,0.0,0.0
60,2,17,2,0.0,0.0,0.0
60,2,17,3,0.0,2.0,2.0
60,2,18,1,0.7941000567790231,3.8761011266018324,4.670201183380856
60,2,18,2,0.0,0.0,0.0
60,2,18,3,0.0,0.0,0.0
60,2,19,1,0.0,3.8761011266018324,3.8761011266018324
60,2,19,2,0.0,3.8761011266018324,3.8761011266018324
60,2,19,3,0.0,0.0,0.0
60,2,20,1,0.0,0.0,0.0
60,2,20,2,0.0,3.8761011266018324,3.8761011266018324
60,2,20,3,0.0,0.0,0.0
60,1,1,1,4.670201183380856,3.8761011266018324,8.54630230998269
60,1,1,2,2.794100056779023,2.0,4.794100056779023
60,1,1,3,2.0,2.0,4.0
60,1,2,1,0.0,0.0,0.0
60,1,2,2,0.0,0.0,0.0
60,1,2,3,0.0,2.0,2.0
60,1,3,1,0.0,0.0,0.0
60,1,3,2,0.0,0.0,0.0
60,1,3,3,0.0,2.0,2.0
60,1,4,1,0.0,0.0,0.0
60,1,4,2,0.0,0.0,0.0
60,1,4,3,0.0,2.0,2.0
60,1,5,1,0.0,0.0,0.0
60,1,5,2,0.0,0.0,0.0
60,1,5,3,0.0,2.0,2.0
60,1,6,1,0.0,0.0,0.0
60,1,6,2,0.0,0.0,0.0
60,1,6,3,0.0,2.0,2.0
60,1,7,1,0.0,0.0,0.0
60,1,7,2,0.0,0.0,0.0
60,1,7,3,0.0,2.0,2.0
60,1,8,1,0.0,0.0,0.0
60,1,8,2,0.0,0.0,0.0
60,1,8,3,0.0,2.0,2.0
60,1,9,1,0.0,0.0,0.0
60,1,9,2,0.0,0.0,0.0
60,1,9,3,0.0,2.0,2.0
60,1,10,1,0.0,0.0,0.0
60,1,10,2,0.0,0.0,0.0
60,1,10,3,0.0,2.0,2.0
60,1,11,1,0.0,0.0,0.0
60,1,11,2,0.0,0.0,0.0
60,1,11,3,0.0,2.0,2.0
60,1,12,1,0.0,0.0,0.0
60,1,12,2,0.0,0.0,0.0
60,1,12,3,0.0,2.0,2.0
60,1,13,1,0.0,0.0,0.0
60,1,13,2,0.0,0.0,0.0
60,1,13,3,0.0,2.0,2.0
60,1,14,1,0.0,0.0,0.0
60,1,14,2,0.0,0.0,0.0
60,1,14,3,0.0,2.0,2.0
60,1,15,1,0.0,0.0,0.0
60,1,15,2,0.0,0.0,0.0
60,1,15,3,0.0,2.0,2.0
60,1,16,1,0.0,0.0,0.0
60,1,16,2,0.0,0.0,0.0
60,1,16,3,0.0,2.0,2.0
60,1,17,1,0.0,0.0,0.0
60,1,17,2,0.0,0.0,0.0
60,1,17,3,0.0,2.0,2.0
60,1,18,1,0.0,0.0,0.0
60,1,18,2,0.0,0.0,0.0
60,1,18,3,0.0,2.0,2.0
60,1,19,1,0.0,0.0,0.0
60,1,19,2,0.0,0.0,0.0
60,1,19,3,0.0,2.0,2.0
60,1,20,1,0.0,0.0,0.0
60,1,20,2,0.0,0.0,0.0
60,1,20,3,0.0,2.0,2.0
61,3,1,1,3.8761011266018324,3.8761011266018324,7.752202253203665
61,3,1,2,0.0,0.0,0.0
61,3,1,3,0.0,0.0,0.0
61,3,2,1,3.8761011266018324,3.8761011266018324,7.752202253203665
61,3,2,2,0.0,0.0,0.0
61,3,2,3,0.0,0.0,0.0
61,3,3,1,0.0,3.8761011266018324,3.8761011266018324
61,3,3,2,0.0,0.0,0.0
61,3,3,3,0.0,0.0,0.0
61,3,4,1,0.0,3.8761011266018324,3.8761011266018324
61,3,4,2,0.0,0.0,0.0
61,3,4,3,0.0,0.0,0.0
61,3,5,1,0.0,3.8761011266018324,3.8761011266018324
61,3,5,2,0.0,0.0,0.0
61,3,5,3,0.0,0.0,0.0
61,3,6,1,0.0,3.8761011266018324,3.8761011266018324
61,3,6,2,0.0,0.0,0.0
61,3,6,3,0.0,0.0,0.0
61,3,7,1,0.0,3.8761011266018324,3.8761011266018324
61,3,7,2,3.8761011266018324,3.8761011266018324,7.752202253203665
61,3,7,3,0.0,0.0,0.0
61,3,8,1,0.0,3.8761011266018324,3.8761011266018324
61,3,8,2,0.0,0.0,0.0
61,3,8,3,0.0,0.0,0.0
61,3,9,1,0.0,3.8761011266018324,3.8761011266018324
61,3,9,2,0.0,0.0,0.0
61,3,9,3,0.0,0.0,0.0
61,3,10,1,0.0,3.8761011266018324,3.8761011266018324
61,3,10,2,0.0,0.0,0.0
61,3,10,3,0.0,0.0,0.0
61,3,11,1,0.0,3.8761011266018324,3.8761011266018324
61,3,11,2,0.0,0.0,0.0
61,3,11,3,0.0,0.0,0.0
61,3,12,1,0.0,3.8761011266018324,3.8761011266018324
61,3,12,2,0.0,0.0,0.0
61,3,12,3,0.0,0.0,0.0
61,3,13,1,0.0,3.8761011266018324,3.8761011266018324
61,3,13,2,0.0,0.0,0.0
61,3,13,3,0.0,0.0,0.0
61,3,14,1,0.0,3.8761011266018324,3.8761011266018324
61,3,14,2,0.0,0.0,0.0
61,3,14,3,0.0,0.0,0.0
61,3,15,1,0.0,3.8761011266018324,3.8761011266018324
61,3,15,2,0.0,0.0,0.0
61,3,15,3,0.0,0.0,0.0
61,3,16,1,0.0,3.8761011266018324,3.8761011266018324
61,3,16,2,0.0,0.0,0.0
61,3,16,3,0.0,0.0,0.0
61,3,17,1,0.0,3.8761011266018324,3.8761011266018324
61,3,17,2,0.0,0.0,0.0
61,3,17,3,0.0,0.0,0.0
61,3,18,1,0.0,3.8761011266018324,3.8761011266018324
61,3,18,2,0.0,0.0,0.0
61,3,18,3,0.0,0.0,0.0
61,3,19,1,0.0,3.8761011266018324,3.8761011266018324
61,3,19,2,0.0,0.0,0.0
61,3,19,3,0.0,0.0,0.0
61,3,20,1,0.0,3.8761011266018324,3.8761011266018324
61,3,20,2,0.0,0.0,0.0
61,3,20,3,0.0,0.0,0.0
61,2,1,1,4.670201183380856,3.8761011266018324,8.54630230998269
61,2,1,2,0.0,0.0,0.0
61,2,1,3,0.0,0.0,0.0
61,2,2,1,0.7941000567790231,3.8761011266018324,4.670201183380856
61,2,2,2,3.8761011266018324,3.8761011266018324,7.752202253203665
61,2,2,3,0.0,0.0,0.0
61,2,3,1,0.0,0.0,0.0
61,2,3,2,0.0,3.8761011266018324,3.8761011266018324
61,2,3,3,2.0,2.0,4.0
61,2,4,1,0.7941000567790231,3.8761011266018324,4.670201183380856
61,2,4,2,0.0,0.0,0.0
61,2,4,3,0.0,0.0,0.0
61,2,5,1,0.7941000567790231,3.8761011266018324,4.670201183380856
61,2,5,2,0.0,0.0,0.0
61,2,5,3,0.0,0.0,0.0
61,2,6,1,0.0,3.8761011266018324,3.8761011266018324
61,2,6,2,0.0,0.0,0.0
61,2,6,3,0.0,0.0,0.0
61,2,7,1,0.0,3.8761011266018324,3.8761011266018324
61,2,7,2,0.0,0.0,0.0
61,2,7,3,0.0,0.0,0.0
61,2,8,1,0.0,3.8761011266018324,3.8761011266018324
61,2,8,2,0.0,3.8761011266018324,3.8761011266018324
61,2,8,3,0.0,0.0,0.0
61,2,9,1,0.0,0.0,0.0
61,2,9,2,0.0,3.8761011266018324,3.8761011266018324
61,2,9,3,0.0,0.0,0.0
61,2,10,1,0.0,0.0,0.0
61,2,10,2,0.0,3.8761011266018324,3.8761011266018324
61,2,10,3,0.0,0.0,0.0
61,2,11,1,0.0,0.0,0.0
61,2,11,2,0.0,3.8761011266018324,3.8761011266018324
61,2,11,3,0.0,0.0,0.0
61,2,12,1,0.0,0.0,0.0
61,2,12,2,0.0,3.8761011266018324,3.8761011266018324
61,2,12,3,0.0,0.0,0.0
61,2,13,1,0.0,0.0,0.0
61,2,13,2,0.0,3.8761011266018324,3.8761011266018324
61,2,13,3,0.0,0.0,0.0
61,2,14,1,0.0,0.0,0.0
61,2,14,2,0.0,3.8761011266018324,3.8761011266018324
61,2,14,3,0.0,0.0,0.0
61,2,15,1,0.0,0.0,0.0
61,2,15,2,0.0,3.8761011266018324,3.8761011266018324
61,2,15,3,0.0,0.0,0.0
61,2,16,1,0.0,0.0,0.0
61,2,16,2,0.0,3.8761011266018324,3.8761011266018324
61,2,16,3,0.0,0.0,0.0
61,2,17,1,0.0,0.0,0.0
61,2,17,2,0.0,3.8761011266018324,3.8761011266018324
61,2,17,3,0.0,0.0,0.0
61,2,18,1,0.0,0.0,0.0
61,2,18,2,0.0,3.8761011266018324,3.8761011266018324
61,2,18,3,0.0,0.0,0.0
61,2,19,1,0.0,0.0,0.0
61,2,19,2,0.0,3.8761011266018324,3.8761011266018324
61,2,19,3,0.0,0.0,0.0
61,2,20,1,0.0,0.0,0.0
61,2,20,2,0.0,3.8761011266018324,3.8761011266018324
61,2,20,3,0.0,0.0,0.0
61,1,1,1,4.670201183380856,3.8761011266018324,8.54630230998269
61,1,1,2,2.794100056779023,2.0,4.794100056779023
61,1,1,3,0.0,0.0,0.0
61,1,2,1,0.0,0.0,0.0
61,1,2,2,0.7941000567790231,2.0,2.794100056779023
61,1,2,3,2.0,2.0,4.0
61,1,3,1,0.0,0.0,0.0
61,1,3,2,0.0,0.0,0.0
61,1,3,3,0.0,2.0,2.0
61,1,4,1,0.0,0.0,0.0
61,1,4,2,0.0,0.0,0.0
61,1,4,3,0.0,2.0,2.0
61,1,5,1,0.0,0.0,0.0
61,1,5,2,0.0,0.0,0.0
61,1,5,3,0.0,2.0,2.0
61,1,6,1,0.0,0.0,0.0
61,1,6,2,0.0,0.0,0.0
61,1,6,3,0.0,2.0,2.0
61,1,7,1,0.0,0.0,0.0
61,1,7,2,0.0,0.0,0.0
61,1,7,3,0.0,2.0,2.0
61,1,8,1,0.0,0.0,0.0
61,1,8,2,0.0,0.0,0.0
61,1,8,3,0.0,2.0,2.0
61,1,9,1,0.0,0.0,0.0
61,1,9,2,0.0,0.0,0.0
61,1,9,3,0.0,2.0,2.0
61,1,10,1,0.0,0.0,0.0
61,1,10,2,0.0,0.0,0.0
61,1,10,3,0.0,2.0,2.0
61,1,11,1,0.0,0.0,0.0
61,1,11,2,0.0,0.0,0.0
61,1,11,3,0.0,2.0,2.0
61,1,12,1,0.0,0.0,0.0
61,1,12,2,0.0,0.0,0.0
61,1,12,3,0.0,2.0,2.0
61,1,13,1,0.0,0.0,0.0
61,1,13,2,0.0,0.0,0.0
61,1,13,3,0.0,0.0,0.0
61,1,14,1,0.0,0.0,0.0
61,1,14,2,0.0,0.0,0.0
61,1,14,3,0.0,0.0,0.0
61,1,15,1,0.7941000567790231,3.8761011266018324,4.670201183380856
61,1,15,2,0.0,0.0,0.0
61,1,15,3,0.0,0.0,0.0
61,1,16,1,0.7941000567790231,3.8761011266018324,4.670201183380856
61,1,16,2,0.0,2.0,2.0
61,1,16,3,0.0,2.0,2.0
61,1,17,1,0.0,0.0,0.0
61,1,17,2,0.0,0.0,0.0
61,1,17,3,0.0,2.0,2.0
61,1,18,1,0.0,0.0,0.0
61,1,18,2,0.0,0.0,0.0
61,1,18,3,0.0,2.0,2.0
61,1,19,1,0.0,0.0,0.0
61,1,19,2,0.0,0.0,0.0
61,1,19,3,0.0,2.0,2.0
61,1,20,1,0.0,0.0,0.0
61,1,20,2,0.0,0.0,0.0
61,1,20,3,0.0,2.0,2.0
62,3,1,1,3.8761011266018324,3.8761011266018324,7.752202253203665
62,3,1,2,0.0,0.0,0.0
62,3,1,3,0.0,0.0,0.0
62,3,2,1,3.8761011266018324,3.8761011266018324,7.752202253203665
62,3,2,2,0.0,0.0,0.0
62,3,2,3,0.0,0.0,0.0
62,3,3,1,0.0,3.8761011266018324,3.8761011266018324
62,3,3,2,0.0,0.0,0.0
62,3,3,3,0.0,0.0,0.0
62,3,4,1,0.0,3.8761011266018324,3.8761011266018324
62,3,4,2,0.0,0.0,0.0
62,3,4,3,0.0,0.0,0.0
62,3,5,1,0.0,3.8761011266018324,3.8761011266018324
62,3,5,2,0.0,0.0,0.0
62,3,5,3,0.0,0.0,0.0
62,3,6,1,0.0,3.8761011266018324,3.8761011266018324
62,3,6,2,0.0,0.0,0.0
62,3,6,3,0.0,0.0,0.0
62,3,7,1,0.0,3.8761011266018324,3.8761011266018324
62,3,7,2,0.0,0.0,0.0
62,3,7,3,0.0,0.0,0.0
62,3,8,1,0.0,3.8761011266018324,3.8761011266018324
62,3,8,2,0.0,0.0,0.0
62,3,8,3,0.0,0.0,0.0
62,3,9,1,0.0,3.8761011266018324,3.8761011266018324
62,3,9,2,0.0,0.0,0.0
62,3,9,3,0.0,0.0,0.0
62,3,10,1,0.0,3.8761011266018324,3.8761011266018324
62,3,10,2,0.0,0.0,0.0
62,3,10,3,0.0,0.0,0.0
62,3,11,1,0.0,3.8761011266018324,3.8761011266018324
62,3,11,2,0.0,0.0,0.0
62,3,11,3,0.0,0.0,0.0
62,3,12,1,0.0,3.8761011266018324,3.8761011266018324
62,3,12,2,0.0,0.0,0.0
62,3,12,3,0.0,0.0,0.0
62,3,13,1,0.0,3.8761011266018324,3.8761011266018324
62,3,13,2,0.0,0.0,0.0
62,3,13,3,0.0,0.0,0.0
62,3,14,1,0.0,3.8761011266018324,3.8761011266018324
62,3,14,2,0.0,0.0,0.0
62,3,14,3,0.0,0.0,0.0
62,3,15,1,0.0,3.8761011266018324,3.8761011266018324
62,3,15,2,3.8761011266018324,3.8761011266018324,7.752202253203665
62,3,15,3,2.0,2.0,4.0
62,3,16,1,0.0,3.8761011266018324,3.8761011266018324
62,3,16,2,0.0,0.0,0.0
62,3,16,3,0.0,0.0,0.0
62,3,17,1,0.0,3.8761011266018324,3.8761011266018324
62,3,17,2,0.0,0.0,0.0
62,3,17,3,0.0,0.0,0.0
62,3,18,1,0.0,3.8761011266018324,3.8761011266018324
62,3,18,2,0.0,0.0,0.0
62,3,18,3,0.0,0.0,0.0
62,3,19,1,0.0,3.8761011266018324,3.8761011266018324
62,3,19,2,0.0,0.0,0.0
62,3,19,3,0.0,0.0,0.0
62,3,20,1,0.0,3.8761011266018324,3.8761011266018324
62,3,20,2,0.0,0.0,0.0
62,3,20,3,0.0,0.0,0.0
62,2,1,1,4.670201183380856,3.8761011266018324,8.54630230998269
62,2,1,2,3.8761011266018324,3.8761011266018324,7.752202253203665
62,2,1,3,0.0,0.0,0.0
62,2,2,1,0.0,0.0,0.0
62,2,2,2,0.0,3.8761011266018324,3.8761011266018324
62,2,2,3,0.0,0.0,0.0
62,2,3,1,0.0,0.0,0.0
62,2,3,2,0.0,3.8761011266018324,3.8761011266018324
62,2,3,3,0.0,0.0,0.0
62,2,4,1,0.0,0.0,0.0
62,2,4,2,0.0,3.8761011266018324,3.8761011266018324
62,2,4,3,0.0,0.0,0.0
62,2,5,1,0.0,0.0,0.0
62,2,5,2,0.0,3.8761011266018324,3.8761011266018324
62,2,5,3,0.0,0.0,0.0
62,2,6,1,0.0,0.0,0.0
62,2,6,2,0.0,3.8761011266018324,3.8761011266018324
62,2,6,3,0.0,0.0,0.0
62,2,7,1,0.0,0.0,0.0
62,2,7,2,0.0,3.8761011266018324,3.8761011266018324
62,2,7,3,0.0,0.0,0.0
62,2,8,1,0.0,0.0,0.0
62,2,8,2,0.0,3.8761011266018324,3.8761011266018324
62,2,8,3,0.0,0.0,0.0
62,2,9,1,0.0,0.0,0.0
62,2,9,2,0.0,3.8761011266018324,3.8761011266018324
62,2,9,3,0.0,0.0,0.0
62,2,10,1,0.0,0.0,0.0
62,2,10,2,0.0,3.8761011266018324,3.8761011266018324
62,2,10,3,0.0,0.0,0.0
62,2,11,1,0.0,0.0,0.0
62,2,11,2,0.0,3.8761011266018324,3.8761011266018324
62,2,11,3,0.0,0.0,0.0
62,2,12,1,0.0,0.0,0.0
62,2,12,2,0.0,3.8761011266018324,3.8761011266018324
62,2,12,3,0.0,0.0,0.0
62,2,13,1,0.0,0.0,0.0
62,2,13,2,0.0,3.8761011266018324,3.8761011266018324
62,2,13,3,0.0,0.0,0.0
62,2,14,1,0.0,0.0,0.0
62,2,14,2,0.0,3.8761011266018324,3.8761011266018324
62,2,14,3,0.0,0.0,0.0
62,2,15,1,0.0,0.0,0.0
62,2,15,2,0.0,3.8761011266018324,3.8761011266018324
62,2,15,3,0.0,0.0,0.0
62,2,16,1,0.0,0.0,0.0
62,2,16,2,0.0,3.8761011266018324,3.8761011266018324
62,2,16,3,0.0,0.0,0.0
62,2,17,1,0.0,0.0,0.0
62,2,17,2,0.0,3.8761011266018324,3.8761011266018324
62,2,17,3,0.0,0.0,0.0
62,2,18,1,0.0,0.0,0.0
62,2,18,2,0.0,3.8761011266018324,3.8761011266018324
62,2,18,3,2.0,2.0,4.0
62,2,19,1,0.7941000567790231,3.8761011266018324,4.670201183380856
62,2,19,2,0.0,3.8761011266018324,3.8761011266018324
62,2,19,3,0.0,0.0,0.0
62,2,20,1,0.0,0.0,0.0
62,2,20,2,0.0,3.8761011266018324,3.8761011266018324
62,2,20,3,0.0,0.0,0.0
62,1,1,1,4.670201183380856,3.8761011266018324,8.54630230998269
62,1,1,2,0.0,0.0,0.0
62,1,1,3,0.0,0.0,0.0
62,1,2,1,0.7941000567790231,3.8761011266018324,4.670201183380856
62,1,2,2,2.794100056779023,2.0,4.794100056779023
62,1,2,3,0.0,0.0,0.0
62,1,3,1,0.0,0.0,0.0
62,1,3,2,0.7941000567790231,2.0,2.794100056779023
62,1,3,3,2.0,2.0,4.0
62,1,4,1,0.0,0.0,0.0
62,1,4,2,0.0,0.0,0.0
62,1,4,3,0.0,2.0,2.0
62,1,5,1,0.0,0.0,0.0
62,1,5,2,0.0,0.0,0.0
62,1,5,3,0.0,2.0,2.0
62,1,6,1,0.0,0.0,0.0
62,1,6,2,0.0,0.0,0.0
62,1,6,3,0.0,2.0,2.0
62,1,7,1,0.0,0.0,0.0
62,1,7,2,0.0,0.0,0.0
62,1,7,3,0.0,2.0,2.0
62,1,8,1,0.0,0.0,0.0
62,1,8,2,0.0,0.0,0.0
62,1,8,3,0.0,2.0,2.0
62,1,9,1,0.0,0.0,0.0
62,1,9,2,0.0,0.0,0.0
62,1,9,3,0.0,2.0,2.0
62,1,10,1,0.0,0.0,0.0
62,1,10,2,0.0,0.0,0.0
62,1,10,3,0.0,2.0,2.0
62,1,11,1,0.0,0.0,0.0
62,1,11,2,0.0,0.0,0.0
62,1,11,3,0.0,2.0,2.0
62,1,12,1,0.0,0.0,0.0
62,1,12,2,0.0,0.0,0.0
62,1,12,3,0.0,2.0,2.0
62,1,13,1,0.0,0.0,0.0
62,1,13,2,0.0,0.0,0.0
62,1,13,3,0.0,2.0,2.0
62,1,14,1,0.0,0.0,0.0
62,1,14,2,0.0,0.0,0.0
62,1,14,3,0.0,2.0,2.0
62,1,15,1,0.0,0.0,0.0
62,1,15,2,0.0,0.0,0.0
62,1,15,3,0.0,2.0,2.0
62,1,16,1,0.0,0.0,0.0
62,1,16,2,0.0,0.0,0.0
62,1,16,3,0.0,2.0,2.0
62,1,17,1,0.0,0.0,0.0
62,1,17,2,0.0,0.0,0.0
62,1,17,3,0.0,2.0,2.0
62,1,18,1,0.0,0.0,0.0
62,1,18,2,0.0,0.0,0.0
62,1,18,3,0.0,2.0,2.0
62,1,19,1,0.0,0.0,0.0
62,1,19,2,0.0,0.0,0.0
62,1,19,3,0.0,2.0,2.0
62,1,20,1,0.0,0.0,0.0
62,1,20,2,0.0,0.0,0.0
62,1,20,3,0.0,2.0,2.0
63,3,1,1,3.8761011266018324,3.8761011266018324,7.752202253203665
63,3,1,2,0.0,0.0,0.0
63,3,1,3,0.0,0.0,0.0
63,3,2,1,3.8761011266018324,3.8761011266018324,7.752202253203665
63,3,2,2,0.0,0.0,0.0
63,3,2,3,0.0,0.0,0.0
63,3,3,1,0.0,3.8761011266018324,3.8761011266018324
63,3,3,2,0.0,0.0,0.0
63,3,3,3,0.0,0.0,0.0
63,3,4,1,0.0,3.8761011266018324,3.8761011266018324
63,3,4,2,3.8761011266018324,3.8761011266018324,7.752202253203665
63,3,4,3,0.0,0.0,0.0
63,3,5,1,0.0,0.0,0.0
63,3,5,2,0.0,3.8761011266018324,3.8761011266018324
63,3,5,3,0.0,0.0,0.0
63,3,6,1,0.0,0.0,0.0
63,3,6,2,0.0,3.8761011266018324,3.8761011266018324
63,3,6,3,0.0,0.0,0.0
63,3,7,1,0.0,0.0,0.0
63,3,7,2,0.0,3.8761011266018324,3.8761011266018324
63,3,7,3,0.0,0.0,0.0
63,3,8,1,0.0,0.0,0.0
63,3,8,2,0.0,3.8761011266018324,3.8761011266018324
63,3,8,3,0.0,0.0,0.0
63,3,9,1,0.0,3.8761011266018324,3.8761011266018324
63,3,9,2,0.0,0.0,0.0
63,3,9,3,0.0,0.0,0.0
63,3,10,1,0.0,3.8761011266018324,3.8761011266018324
63,3,10,2,0.0,0.0,0.0
63,3,10,3,0.0,0.0,0.0
63,3,11,1,0.0,3.8761011266018324,3.8761011266018324
63,3,11,2,0.0,0.0,0.0
63,3,11,3,0.0,0.0,0.0
63,3,12,1,0.0,3.8761011266018324,3.8761011266018324
63,3,12,2,0.0,0.0,0.0
63,3,12,3,0.0,0.0,0.0
63,3,13,1,0.0,3.8761011266018324,3.8761011266018324
63,3,13,2,0.0,3.8761011266018324,3.8761011266018324
63,3,13,3,0.0,0.0,0.0
63,3,14,1,0.0,0.0,0.0
63,3,14,2,0.0,3.8761011266018324,3.8761011266018324
63,3,14,3,0.0,0.0,0.0
63,3,15,1,0.0,0.0,0.0
63,3,15,2,0.0,3.8761011266018324,3.8761011266018324
63,3,15,3,0.0,0.0,0.0
63,3,16,1,0.0,0.0,0.0
63,3,16,2,0.0,3.8761011266018324,3.8761011266018324
63,3,16,3,0.0,0.0,0.0
63,3,17,1,0.0,3.8761011266018324,3.8761011266018324
63,3,17,2,0.0,0.0,0.0
63,3,17,3,0.0,0.0,0.0
63,3,18,1,0.0,3.8761011266018324,3.8761011266018324
63,3,18,2,0.0,0.0,0.0
63,3,18,3,0.0,0.0,0.0
63,3,19,1,0.0,3.8761011266018324,3.8761011266018324
63,3,19,2,0.0,0.0,0.0
63,3,19,3,0.0,0.0,0.0
63,3,20,1,0.0,3.8761011266018324,3.8761011266018324
63,3,20,2,0.0,0.0,0.0
63,3,20,3,0.0,0.0,0.0
63,2,1,1,4.670201183380856,3.8761011266018324,8.54630230998269
63,2,1,2,0.0,0.0,0.0
63,2,1,3,0.0,0.0,0.0
63,2,2,1,0.7941000567790231,3.8761011266018324,4.670201183380856
63,2,2,2,0.0,0.0,0.0
63,2,2,3,0.0,0.0,0.0
63,2,3,1,0.7941000567790231,3.8761011266018324,4.670201183380856
63,2,3,2,3.8761011266018324,3.8761011266018324,7.752202253203665
63,2,3,3,0.0,0.0,0.0
63,2,4,1,0.0,0.0,0.0
63,2,4,2,0.0,3.8761011266018324,3.8761011266018324
63,2,4,3,0.0,0.0,0.0
63,2,5,1,0.0,0.0,0.0
63,2,5,2,0.0,3.8761011266018324,3.8761011266018324
63,2,5,3,0.0,0.0,0.0
63,2,6,1,0.0,0.0,0.0
63,2,6,2,0.0,3.8761011266018324,3.8761011266018324
63,2,6,3,0.0,0.0,0.0
63,2,7,1,0.0,0.0,0.0
63,2,7,2,0.0,3.8761011266018324,3.8761011266018324
63,2,7,3,0.0,0.0,0.0
63,2,8,1,0.0,0.0,0.0
63,2,8,2,0.0,3.8761011266018324,3.8761011266018324
63,2,8,3,0.0,0.0,0.0
63,2,9,1,0.0,0.0,0.0
63,2,9,2,0.0,3.8761011266018324,3.8761011266018324
63,2,9,3,0.0,0.0,0.0
63,2,10,1,0.0,0.0,0.0
63,2,10,2,0.0,3.8761011266018324,3.8761011266018324
63,2,10,3,0.0,0.0,0.0
63,2,11,1,0.0,0.0,0.0
63,2,11,2,0.0,3.8761011266018324,3.8761011266018324
63,2,11,3,0.0,0.0,0.0
63,2,12,1,0.0,0.0,0.0
63,2,12,2,0.0,3.8761011266018324,3.8761011266018324
63,2,12,3,0.0,0.0,0.0
63,2,13,1,0.0,0.0,0.0
63,2,13,2,0.0,3.8761011266018324,3.8761011266018324
63,2,13,3,0.0,0.0,0.0
63,2,14,1,0.0,0.0,0.0
63,2,14,2,0.0,3.8761011266018324,3.8761011266018324
63,2,14,3,0.0,0.0,0.0
63,2,15,1,0.0,0.0,0.0
63,2,15,2,0.0,3.8761011266018324,3.8761011266018324
63,2,15,3,0.0,0.0,0.0
63,2,16,1,0.0,0.0,0.0
63,2,16,2,0.0,3.8761011266018324,3.8761011266018324
63,2,16,3,0.0,0.0,0.0
63,2,17,1,0.0,0.0,0.0
63,2,17,2,0.0,3.8761011266018324,3.8761011266018324
63,2,17,3,0.0,0.0,0.0
63,2,18,1,0.0,0.0,0.0
63,2,18,2,0.0,3.8761011266018324,3.8761011266018324
63,2,18,3,0.0,0.0,0.0
63,2,19,1,0.0,0.0,0.0
63,2,19,2,0.0,3.8761011266018324,3.8761011266018324
63,2,19,3,0.0,0.0,0.0
63,2,20,1,0.0,0.0,0.0
63,2,20,2,0.0,3.8761011266018324,3.8761011266018324
63,2,20,3,0.0,0.0,0.0
63,1,1,1,4.670201183380856,3.8761011266018324,8.54630230998269
63,1,1,2,0.0,0.0,0.0
63,1,1,3,0.0,0.0,0.0
63,1,2,1,0.7941000567790231,3.8761011266018324,4.670201183380856
63,1,2,2,0.0,0.0,0.0
63,1,2,3,0.0,0.0,0.0
63,1,3,1,0.7941000567790231,3.8761011266018324,4.670201183380856
63,1,3,2,2.794100056779023,2.0,4.794100056779023
63,1,3,3,2.0,2.0,4.0
63,1,4,1,0.0,0.0,0.0
63,1,4,2,0.0,0.0,0.0
63,1,4,3,0.0,2.0,2.0
63,1,5,1,0.0,0.0,0.0
63,1,5,2,0.0,0.0,0.0
63,1,5,3,0.0,2.0,2.0
63,1,6,1,0.0,0.0,0.0
63,1,6,2,0.0,0.0,0.0
63,1,6,3,0.0,2.0,2.0
63,1,7,1,0.0,0.0,0.0
63,1,7,2,0.0,0.0,0.0
63,1,7,3,0.0,2.0,2.0
63,1,8,1,0.0,0.0,0.0
63,1,8,2,0.0,0.0,0.0
63,1,8,3,0.0,2.0,2.0
63,1,9,1,0.0,0.0,0.0
63,1,9,2,0.0,0.0,0.0
63,1,9,3,0.0,2.0,2.0
63,1,10,1,0.0,0.0,0.0
63,1,10,2,0.0,0.0,0.0
63,1,10,3,0.0,2.0,2.0
63,1,11,1,0.0,0.0,0.0
63,1,11,2,0.0,0.0,0.0
63,1,11,3,0.0,2.0,2.0
63,1,12,1,0.0,0.0,0.0
63,1,12,2,0.0,0.0,0.0
63,1,12,3,0.0,2.0,2.0
63,1,13,1,0.0,0.0,0.0
63,1,13,2,0.0,0.0,0.0
63,1,13,3,0.0,2.0,2.0
63,1,14,1,0.0,0.0,0.0
63,1,14,2,0.0,0.0,0.0
63,1,14,3,0.0,2.0,2.0
63,1,15,1,0.0,0.0,0.0
63,1,15,2,0.0,0.0,0.0
63,1,15,3,0.0,2.0,2.0
63,1,16,1,0.0,0.0,0.0
63,1,16,2,0.0,0.0,0.0
63,1,16,3,0.0,2.0,2.0
63,1,17,1,0.0,0.0,0.0
63,1,17,2,0.0,0.0,0.0
63,1,17,3,0.0,2.0,2.0
63,1,18,1,0.0,0.0,0.0
63,1,18,2,0.0,0.0,0.0
63,1,18,3,0.0,2.0,2.0
63,1,19,1,0.0,0.0,0.0
63,1,19,2,0.0,0.0,0.0
63,1,19,3,0.0,2.0,2.0
63,1,20,1,0.0,0.0,0.0
63,1,20,2,0.0,0.0,0.0
63,1,20,3,0.0,2.0,2.0
64,3,1,1,3.8761011266018324,3.8761011266018324,7.752202253203665
64,3,1,2,0.0,0.0,0.0
64,3,1,3,0.0,0.0,0.0
64,3,2,1,3.8761011266018324,3.8761011266018324,7.752202253203665
64,3,2,2,3.8761011266018324,3.8761011266018324,7.752202253203665
64,3,2,3,0.0,0.0,0.0
64,3,3,1,0.0,3.8761011266018324,3.8761011266018324
64,3,3,2,0.0,0.0,0.0
64,3,3,3,0.0,0.0,0.0
64,3,4,1,0.0,3.8761011266018324,3.8761011266018324
64,3,4,2,0.0,0.0,0.0
64,3,4,3,0.0,0.0,0.0
64,3,5,1,0.0,3.8761011266018324,3.8761011266018324
64,3,5,2,0.0,0.0,0.0
64,3,5,3,0.0,0.0,0.0
64,3,6,1,0.0,3.8761011266018324,3.8761011266018324
64,3,6,2,0.0,0.0,0.0
64,3,6,3,0.0,0.0,0.0
64,3,7,1,0.0,3.8761011266018324,3.8761011266018324
64,3,7,2,0.0,0.0,0.0
64,3,7,3,0.0,0.0,0.0
64,3,8,1,0.0,3.8761011266018324,3.8761011266018324
64,3,8,2,0.0,3.8761011266018324,3.8761011266018324
64,3,8,3,0.0,0.0,0.0
64,3,9,1,0.0,3.8761011266018324,3.8761011266018324
64,3,9,2,0.0,0.0,0.0
64,3,9,3,0.0,0.0,0.0
64,3,10,1,0.0,3.8761011266018324,3.8761011266018324
64,3,10,2,0.0,0.0,0.0
64,3,10,3,0.0,0.0,0.0
64,3,11,1,0.0,3.8761011266018324,3.8761011266018324
64,3,11,2,0.0,0.0,0.0
64,3,11,3,0.0,0.0,0.0
64,3,12,1,0.0,3.8761011266018324,3.8761011266018324
64,3,12,2,0.0,0.0,0.0
64,3,12,3,0.0,0.0,0.0
64,3,13,1,0.0,3.8761011266018324,3.8761011266018324
64,3,13,2,0.0,0.0,0.0
64,3,13,3,0.0,0.0,0.0
64,3,14,1,0.0,3.8761011266018324,3.8761011266018324
64,3,14,2,0.0,0.0,0.0
64,3,14,3,0.0,0.0,0.0
64,3,15,1,0.0,3.8761011266018324,3.8761011266018324
64,3,15,2,0.0,0.0,0.0
64,3,15,3,0.0,0.0,0.0
64,3,16,1,0.0,3.8761011266018324,3.8761011266018324
64,3,16,2,0.0,0.0,0.0
64,3,16,3,0.0,0.0,0.0
64,3,17,1,0.0,3.8761011266018324,3.8761011266018324
64,3,17,2,0.0,0.0,0.0
64,3,17,3,0.0,0.0,0.0
64,3,18,1,0.0,3.8761011266018324,3.8761011266018324
64,3,18,2,0.0,3.8761011266018324,3.8761011266018324
64,3,18,3,0.0,0.0,0.0
64,3,19,1,0.0,0.0,0.0
64,3,19,2,0.0,3.8761011266018324,3.8761011266018324
64,3,19,3,0.0,0.0,0.0
64,3,20,1,0.0,3.8761011266018324,3.8761011266018324
64,3,20,2,0.0,0.0,0.0
64,3,20,3,0.0,0.0,0.0
64,2,1,1,4.670201183380856,3.8761011266018324,8.54630230998269
64,2,1,2,0.0,0.0,0.0
64,2,1,3,0.0,0.0,0.0
64,2,2,1,0.7941000567790231,3.8761011266018324,4.670201183380856
64,2,2,2,0.0,0.0,0.0
64,2,2,3,0.0,0.0,0.0
64,2,3,1,0.7941000567790231,3.8761011266018324,4.670201183380856
64,2,3,2,3.8761011266018324,3.8761011266018324,7.752202253203665
64,2,3,3,0.0,0.0,0.0
64,2,4,1,0.0,0.0,0.0
64,2,4,2,0.0,3.8761011266018324,3.8761011266018324
64,2,4,3,0.0,0.0,0.0
64,2,5,1,0.0,0.0,0.0
64,2,5,2,0.0,3.8761011266018324,3.8761011266018324
64,2,5,3,0.0,0.0,0.0
64,2,6,1,0.0,0.0,0.0
64,2,6,2,0.0,3.8761011266018324,3.8761011266018324
64,2,6,3,0.0,0.0,0.0
64,2,7,1,0.0,0.0,0.0
64,2,7,2,0.0,3.8761011266018324,3.8761011266018324
64,2,7,3,0.0,0.0,0.0
64,2,8,1,0.0,0.0,0.0
64,2,8,2,0.0,3.8761011266018324,3.8761011266018324
64,2,8,3,0.0,0.0,0.0
64,2,9,1,0.0,0.0,0.0
64,2,9,2,0.0,3.8761011266018324,3.8761011266018324
64,2,9,3,0.0,0.0,0.0
64,2,10,1,0.0,0.0,0.0
64,2,10,2,0.0,3.8761011266018324,3.8761011266018324
64,2,10,3,2.0,2.0,4.0
64,2,11,1,0.0,0.0,0.0
64,2,11,2,0.0,0.0,0.0
64,2,11,3,0.0,2.0,2.0
64,2,12,1,0.7941000567790231,3.8761011266018324,4.670201183380856
64,2,12,2,0.0,3.8761011266018324,3.8761011266018324
64,2,12,3,0.0,0.0,0.0
64,2,13,1,0.0,0.0,0.0
64,2,13,2,0.0,3.8761011266018324,3.8761011266018324
64,2,13,3,0.0,0.0,0.0
64,2,14,1,0.0,0.0,0.0
64,2,14,2,0.0,3.8761011266018324,3.8761011266018324
64,2,14,3,0.0,0.0,0.0
64,2,15,1,0.0,0.0,0.0
64,2,15,2,0.0,3.8761011266018324,3.8761011266018324
64,2,15,3,0.0,0.0,0.0
64,2,16,1,0.0,0.0,0.0
64,2,16,2,0.0,3.8761011266018324,3.8761011266018324
64,2,16,3,0.0,0.0,0.0
64,2,17,1,0.0,0.0,0.0
64,2,17,2,0.0,3.8761011266018324,3.8761011266018324
64,2,17,3,0.0,0.0,0.0
64,2,18,1,0.0,0.0,0.0
64,2,18,2,0.0,3.8761011266018324,3.8761011266018324
64,2,18,3,0.0,0.0,0.0
64,2,19,1,0.0,0.0,0.0
64,2,19,2,0.0,3.8761011266018324,3.8761011266018324
64,2,19,3,0.0,0.0,0.0
64,2,20,1,0.0,0.0,0.0
64,2,20,2,0.0,3.8761011266018324,3.8761011266018324
64,2,20,3,0.0,0.0,0.0
64,1,1,1,4.670201183380856,3.8761011266018324,8.54630230998269
64,1,1,2,0.0,0.0,0.0
64,1,1,3,0.0,0.0,0.0
64,1,2,1,0.7941000567790231,3.8761011266018324,4.670201183380856
64,1,2,2,0.0,0.0,0.0
64,1,2,3,0.0,0.0,0.0
64,1,3,1,0.7941000567790231,3.8761011266018324,4.670201183380856
64,1,3,2,0.0,0.0,0.0
64,1,3,3,0.0,0.0,0.0
64,1,4,1,0.0,3.8761011266018324,3.8761011266018324
64,1,4,2,2.794100056779023,2.0,4.794100056779023
64,1,4,3,0.0,0.0,0.0
64,1,5,1,0.0,0.0,0.0
64,1,5,2,0.7941000567790231,2.0,2.794100056779023
64,1,5,3,0.0,0.0,0.0
64,1,6,1,0.0,0.0,0.0
64,1,6,2,0.0,2.0,2.0
64,1,6,3,0.0,0.0,0.0
64,1,7,1,0.0,0.0,0.0
64,1,7,2,0.0,2.0,2.0
64,1,7,3,0.0,0.0,0.0
64,1,8,1,0.0,0.0,0.0
64,1,8,2,0.0,2.0,2.0
64,1,8,3,2.0,2.0,4.0
64,1,9,1,0.0,0.0,0.0
64,1,9,2,0.0,0.0,0.0
64,1,9,3,0.0,2.0,2.0
64,1,10,1,0.0,0.0,0.0
64,1,10,2,0.0,0.0,0.0
64,1,10,3,0.0,2.0,2.0
64,1,11,1,0.0,0.0,0.0
64,1,11,2,0.0,0.0,0.0
64,1,11,3,0.0,2.0,2.0
64,1,12,1,0.0,0.0,0.0
64,1,12,2,0.0,0.0,0.0
64,1,12,3,0.0,2.0,2.0
64,1,13,1,0.0,0.0,0.0
64,1,13,2,0.0,0.0,0.0
64,1,13,3,0.0,2.0,2.0
64,1,14,1,0.0,0.0,0.0
64,1,14,2,0.0,0.0,0.0
64,1,14,3,0.0,2.0,2.0
64,1,15,1,0.0,0.0,0.0
64,1,15,2,0.0,0.0,0.0
64,1,15,3,0.0,2.0,2.0
64,1,16,1,0.0,0.0,0.0
64,1,16,2,0.0,0.0,0.0
64,1,16,3,0.0,2.0,2.0
64,1,17,1,0.0,0.0,0.0
64,1,17,2,0.0,0.0,0.0
64,1,17,3,0.0,2.0,2.0
64,1,18,1,0.0,0.0,0.0
64,1,18,2,0.0,0.0,0.0
64,1,18,3,0.0,2.0,2.0
64,1,19,1,0.0,0.0,0.0
64,1,19,2,0.0,0.0,0.0
64,1,19,3,0.0,2.0,2.0
64,1,20,1,0.0,0.0,0.0
64,1,20,2,0.0,0.0,0.0
64,1,20,3,0.0,2.0,2.0
65,3,1,1,3.8761011266018324,3.8761011266018324,7.752202253203665
65,3,1,2,0.0,0.0,0.0
65,3,1,3,0.0,0.0,0.0
65,3,2,1,3.8761011266018324,3.8761011266018324,7.752202253203665
65,3,2,2,3.8761011266018324,3.8761011266018324,7.752202253203665
65,3,2,3,0.0,0.0,0.0
65,3,3,1,0.0,3.8761011266018324,3.8761011266018324
65,3,3,2,0.0,3.8761011266018324,3.8761011266018324
65,3,3,3,0.0,0.0,0.0
65,3,4,1,0.0,3.8761011266018324,3.8761011266018324
65,3,4,2,0.0,3.8761011266018324,3.8761011266018324
65,3,4,3,0.0,0.0,0.0
65,3,5,1,0.0,3.8761011266018324,3.8761011266018324
65,3,5,2,0.0,3.8761011266018324,3.8761011266018324
65,3,5,3,0.0,0.0,0.0
65,3,6,1,0.0,0.0,0.0
65,3,6,2,0.0,3.8761011266018324,3.8761011266018324
65,3,6,3,0.0,0.0,0.0
65,3,7,1,0.0,3.8761011266018324,3.8761011266018324
65,3,7,2,0.0,0.0,0.0
65,3,7,3,0.0,0.0,0.0
65,3,8,1,0.0,3.8761011266018324,3.8761011266018324
65,3,8,2,0.0,3.8761011266018324,3.8761011266018324
65,3,8,3,0.0,0.0,0.0
65,3,9,1,0.0,0.0,0.0
65,3,9,2,0.0,3.8761011266018324,3.8761011266018324
65,3,9,3,2.0,2.0,4.0
65,3,10,1,0.0,3.8761011266018324,3.8761011266018324
65,3,10,2,0.0,0.0,0.0
65,3,10,3,0.0,0.0,0.0
65,3,11,1,0.0,3.8761011266018324,3.8761011266018324
65,3,11,2,0.0,0.0,0.0
65,3,11,3,0.0,0.0,0.0
65,3,12,1,0.0,3.8761011266018324,3.8761011266018324
65,3,12,2,0.0,0.0,0.0
65,3,12,3,0.0,0.0,0.0
65,3,13,1,0.0,3.8761011266018324,3.8761011266018324
65,3,13,2,0.0,0.0,0.0
65,3,13,3,0.0,0.0,0.0
65,3,14,1,0.0,3.8761011266018324,3.8761011266018324
65,3,14,2,0.0,0.0,0.0
65,3,14,3,0.0,0.0,0.0
65,3,15,1,0.0,3.8761011266018324,3.8761011266018324
65,3,15,2,0.0,0.0,0.0
65,3,15,3,0.0,0.0,0.0
65,3,16,1,0.0,3.8761011266018324,3.8761011266018324
65,3,16,2,0.0,3.8761011266018324,3.8761011266018324
65,3,16,3,0.0,0.0,0.0
65,3,17,1,0.0,3.8761011266018324,3.8761011266018324
65,3,17,2,0.0,3.8761011266018324,3.8761011266018324
65,3,17,3,0.0,0.0,0.0
65,3,18,1,0.0,3.8761011266018324,3.8761011266018324
65,3,18,2,0.0,0.0,0.0
65,3,18,3,0.0,0.0,0.0
65,3,19,1,0.0,3.8761011266018324,3.8761011266018324
65,3,19,2,0.0,0.0,0.0
65,3,19,3,0.0,0.0,0.0
65,3,20,1,0.0,3.8761011266018324,3.8761011266018324
65,3,20,2,0.0,3.8761011266018324,3.8761011266018324
65,3,20,3,0.0,0.0,0.0
65,2,1,1,4.670201183380856,3.8761011266018324,8.54630230998269
65,2,1,2,3.8761011266018324,3.8761011266018324,7.752202253203665
65,2,1,3,0.0,0.0,0.0
65,2,2,1,0.0,0.0,0.0
65,2,2,2,0.0,3.8761011266018324,3.8761011266018324
65,2,2,3,0.0,0.0,0.0
65,2,3,1,0.0,0.0,0.0
65,2,3,2,0.0,3.8761011266018324,3.8761011266018324
65,2,3,3,0.0,0.0,0.0
65,2,4,1,0.0,0.0,0.0
65,2,4,2,0.0,3.8761011266018324,3.8761011266018324
65,2,4,3,0.0,0.0,0.0
65,2,5,1,0.0,0.0,0.0
65,2,5,2,0.0,3.8761011266018324,3.8761011266018324
65,2,5,3,0.0,0.0,0.0
65,2,6,1,0.0,0.0,0.0
65,2,6,2,0.0,3.8761011266018324,3.8761011266018324
65,2,6,3,0.0,0.0,0.0
65,2,7,1,0.0,0.0,0.0
65,2,7,2,0.0,3.8761011266018324,3.8761011266018324
65,2,7,3,0.0,0.0,0.0
65,2,8,1,0.0,0.0,0.0
65,2,8,2,0.0,3.8761011266018324,3.8761011266018324
65,2,8,3,0.0,0.0,0.0
65,2,9,1,0.0,0.0,0.0
65,2,9,2,0.0,3.8761011266018324,3.8761011266018324
65,2,9,3,2.0,2.0,4.0
65,2,10,1,0.7941000567790231,3.8761011266018324,4.670201183380856
65,2,10,2,0.0,3.8761011266018324,3.8761011266018324
65,2,10,3,0.0,0.0,0.0
65,2,11,1,0.0,0.0,0.0
65,2,11,2,0.0,3.8761011266018324,3.8761011266018324
65,2,11,3,0.0,0.0,0.0
65,2,12,1,0.0,0.0,0.0
65,2,12,2,0.0,3.8761011266018324,3.8761011266018324
65,2,12,3,0.0,2.0,2.0
65,2,13,1,0.0,0.0,0.0
65,2,13,2,0.0,0.0,0.0
65,2,13,3,0.0,2.0,2.0
65,2,14,1,0.7941000567790231,3.8761011266018324,4.670201183380856
65,2,14,2,0.0,3.8761011266018324,3.8761011266018324
65,2,14,3,0.0,0.0,0.0
65,2,15,1,0.0,0.0,0.0
65,2,15,2,0.0,3.8761011266018324,3.8761011266018324
65,2,15,3,0.0,0.0,0.0
65,2,16,1,0.0,0.0,0.0
65,2,16,2,0.0,3.8761011266018324,3.8761011266018324
65,2,16,3,0.0,0.0,0.0
65,2,17,1,0.0,0.0,0.0
65,2,17,2,0.0,3.8761011266018324,3.8761011266018324
65,2,17,3,0.0,0.0,0.0
65,2,18,1,0.0,0.0,0.0
65,2,18,2,0.0,3.8761011266018324,3.8761011266018324
65,2,18,3,0.0,0.0,0.0
65,2,19,1,0.0,0.0,0.0
65,2,19,2,0.0,3.8761011266018324,3.8761011266018324
65,2,19,3,0.0,0.0,0.0
65,2,20,1,0.0,0.0,0.0
65,2,20,2,0.0,3.8761011266018324,3.8761011266018324
65,2,20,3,0.0,0.0,0.0
65,1,1,1,4.670201183380856,3.8761011266018324,8.54630230998269
65,1,1,2,2.794100056779023,2.0,4.794100056779023
65,1,1,3,2.0,2.0,4.0
65,1,2,1,0.0,0.0,0.0
65,1,2,2,0.0,0.0,0.0
65,1,2,3,0.0,2.0,2.0
65,1,3,1,0.0,0.0,0.0
65,1,3,2,0.0,0.0,0.0
65,1,3,3,0.0,2.0,2.0
65,1,4,1,0.0,0.0,0.0
65,1,4,2,0.0,0.0,0.0
65,1,4,3,0.0,2.0,2.0
65,1,5,1,0.0,0.0,0.0
65,1,5,2,0.0,0.0,0.0
65,1,5,3,0.0,2.0,2.0
65,1,6,1,0.0,0.0,0.0
65,1,6,2,0.0,0.0,0.0
65,1,6,3,0.0,2.0,2.0
65,1,7,1,0.0,0.0,0.0
65,1,7,2,0.0,0.0,0.0
65,1,7,3,0.0,2.0,2.0
65,1,8,1,0.0,0.0,0.0
65,1,8,2,0.0,0.0,0.0
65,1,8,3,0.0,2.0,2.0
65,1,9,1,0.0,0.0,0.0
65,1,9,2,0.0,0.0,0.0
65,1,9,3,0.0,2.0,2.0
65,1,10,1,0.0,0.0,0.0
65,1,10,2,0.0,0.0,0.0
65,1,10,3,0.0,2.0,2.0
65,1,11,1,0.0,0.0,0.0
65,1,11,2,0.0,0.0,0.0
65,1,11,3,0.0,2.0,2.0
65,1,12,1,0.0,0.0,0.0
65,1,12,2,0.0,0.0,0.0
65,1,12,3,0.0,2.0,2.0
65,1,13,1,0.0,0.0,0.0
65,1,13,2,0.0,0.0,0.0
65,1,13,3,0.0,2.0,2.0
65,1,14,1,0.0,0.0,0.0
65,1,14,2,0.0,0.0,0.0
65,1,14,3,0.0,2.0,2.0
65,1,15,1,0.0,0.0,0.0
65,1,15,2,0.0,0.0,0.0
65,1,15,3,0.0,2.0,2.0
65,1,16,1,0.0,0.0,0.0
65,1,16,2,0.0,0.0,0.0
65,1,16,3,0.0,2.0,2.0
65,1,17,1,0.0,0.0,0.0
65,1,17,2,0.0,0.0,0.0
65,1,17,3,0.0,2.0,2.0
65,1,18,1,0.0,0.0,0.0
65,1,18,2,0.0,0.0,0.0
65,1,18,3,0.0,2.0,2.0
65,1,19,1,0.0,0.0,0.0
65,1,19,2,0.0,0.0,0.0
65,1,19,3,0.0,2.0,2.0
65,1,20,1,0.0,0.0,0.0
65,1,20,2,0.0,0.0,0.0
65,1,20,3,0.0,2.0,2.0
66,3,1,1,3.8761011266018324,3.8761011266018324,7.752202253203665
66,3,1,2,0.0,0.0,0.0
66,3,1,3,0.0,0.0,0.0
66,3,2,1,3.8761011266018324,3.8761011266018324,7.752202253203665
66,3,2,2,3.8761011266018324,3.8761011266018324,7.752202253203665
66,3,2,3,0.0,0.0,0.0
66,3,3,1,0.0,0.0,0.0
66,3,3,2,0.0,3.8761011266018324,3.8761011266018324
66,3,3,3,0.0,0.0,0.0
66,3,4,1,0.0,3.8761011266018324,3.8761011266018324
66,3,4,2,0.0,3.8761011266018324,3.8761011266018324
66,3,4,3,0.0,0.0,0.0
66,3,5,1,0.0,3.8761011266018324,3.8761011266018324
66,3,5,2,0.0,3.8761011266018324,3.8761011266018324
66,3,5,3,2.0,2.0,4.0
66,3,6,1,0.0,3.8761011266018324,3.8761011266018324
66,3,6,2,0.0,0.0,0.0
66,3,6,3,0.0,0.0,0.0
66,3,7,1,0.0,3.8761011266018324,3.8761011266018324
66,3,7,2,0.0,0.0,0.0
66,3,7,3,0.0,0.0,0.0
66,3,8,1,0.0,3.8761011266018324,3.8761011266018324
66,3,8,2,0.0,0.0,0.0
66,3,8,3,0.0,0.0,0.0
66,3,9,1,0.0,3.8761011266018324,3.8761011266018324
66,3,9,2,0.0,0.0,0.0
66,3,9,3,0.0,0.0,0.0
66,3,10,1,0.0,3.8761011266018324,3.8761011266018324
66,3,10,2,0.0,0.0,0.0
66,3,10,3,0.0,0.0,0.0
66,3,11,1,0.0,3.8761011266018324,3.8761011266018324
66,3,11,2,0.0,0.0,0.0
66,3,11,3,0.0,0.0,0.0
66,3,12,1,0.0,3.8761011266018324,3.8761011266018324
66,3,12,2,0.0,0.0,0.0
66,3,12,3,0.0,0.0,0.0
66,3,13,1,0.0,3.8761011266018324,3.8761011266018324
66,3,13,2,0.0,3.8761011266018324,3.8761011266018324
66,3,13,3,0.0,0.0,0.0
66,3,14,1,0.0,3.8761011266018324,3.8761011266018324
66,3,14,2,0.0,0.0,0.0
66,3,14,3,0.0,0.0,0.0
66,3,15,1,0.0,3.8761011266018324,3.8761011266018324
66,3,15,2,0.0,0.0,0.0
66,3,15,3,0.0,0.0,0.0
66,3,16,1,0.0,3.8761011266018324,3.8761011266018324
66,3,16,2,0.0,0.0,0.0
66,3,16,3,0.0,0.0,0.0
66,3,17,1,0.0,3.8761011266018324,3.8761011266018324
66,3,17,2,0.0,0.0,0.0
66,3,17,3,0.0,0.0,0.0
66,3,18,1,0.0,3.8761011266018324,3.8761011266018324
66,3,18,2,0.0,0.0,0.0
66,3,18,3,0.0,0.0,0.0
66,3,19,1,0.0,3.8761011266018324,3.8761011266018324
66,3,19,2,0.0,3.8761011266018324,3.8761011266018324
66,3,19,3,0.0,0.0,0.0
66,3,20,1,0.0,0.0,0.0
66,3,20,2,0.0,3.8761011266018324,3.8761011266018324
66,3,20,3,0.0,0.0,0.0
66,2,1,1,4.670201183380856,3.8761011266018324,8.54630230998269
66,2,1,2,0.0,0.0,0.0
66,2,1,3,0.0,0.0,0.0
66,2,2,1,0.7941000567790231,3.8761011266018324,4.670201183380856
66,2,2,2,3.8761011266018324,3.8761011266018324,7.752202253203665
66,2,2,3,0.0,0.0,0.0
66,2,3,1,0.0,0.0,0.0
66,2,3,2,0.0,3.8761011266018324,3.8761011266018324
66,2,3,3,0.0,0.0,0.0
66,2,4,1,0.0,0.0,0.0
66,2,4,2,0.0,3.8761011266018324,3.8761011266018324
66,2,4,3,0.0,0.0,0.0
66,2,5,1,0.0,0.0,0.0
66,2,5,2,0.0,3.8761011266018324,3.8761011266018324
66,2,5,3,0.0,0.0,0.0
66,2,6,1,0.0,0.0,0.0
66,2,6,2,0.0,3.8761011266018324,3.8761011266018324
66,2,6,3,0.0,0.0,0.0
66,2,7,1,0.0,0.0,0.0
66,2,7,2,0.0,3.8761011266018324,3.8761011266018324
66,2,7,3,0.0,0.0,0.0
66,2,8,1,0.0,0.0,0.0
66,2,8,2,0.0,3.8761011266018324,3.8761011266018324
66,2,8,3,0.0,0.0,0.0
66,2,9,1,0.0,0.0,0.0
66,2,9,2,0.0,3.8761011266018324,3.8761011266018324
66,2,9,3,0.0,0.0,0.0
66,2,10,1,0.0,0.0,0.0
66,2,10,2,0.0,3.8761011266018324,3.8761011266018324
66,2,10,3,2.0,2.0,4.0
66,2,11,1,0.7941000567790231,3.8761011266018324,4.670201183380856
66,2,11,2,0.0,0.0,0.0
66,2,11,3,0.0,0.0,0.0
66,2,12,1,0.7941000567790231,3.8761011266018324,4.670201183380856
66,2,12,2,0.0,3.8761011266018324,3.8761011266018324
66,2,12,3,0.0,0.0,0.0
66,2,13,1,0.0,0.0,0.0
66,2,13,2,0.0,3.8761011266018324,3.8761011266018324
66,2,13,3,0.0,0.0,0.0
66,2,14,1,0.0,0.0,0.0
66,2,14,2,0.0,3.8761011266018324,3.8761011266018324
66,2,14,3,0.0,0.0,0.0
66,2,15,1,0.0,0.0,0.0
66,2,15,2,0.0,3.8761011266018324,3.8761011266018324
66,2,15,3,0.0,0.0,0.0
66,2,16,1,0.0,0.0,0.0
66,2,16,2,0.0,3.8761011266018324,3.8761011266018324
66,2,16,3,0.0,0.0,0.0
66,2,17,1,0.0,0.0,0.0
66,2,17,2,0.0,3.8761011266018324,3.8761011266018324
66,2,17,3,0.0,0.0,0.0
66,2,18,1,0.0,0.0,0.0
66,2,18,2,0.0,3.8761011266018324,3.8761011266018324
66,2,18,3,0.0,0.0,0.0
66,2,19,1,0.0,0.0,0.0
66,2,19,2,0.0,3.8761011266018324,3.8761011266018324
66,2,19,3,0.0,0.0,0.0
66,2,20,1,0.0,0.0,0.0
66,2,20,2,0.0,3.8761011266018324,3.8761011266018324
66,2,20,3,0.0,0.0,0.0
66,1,1,1,4.670201183380856,3.8761011266018324,8.54630230998269
66,1,1,2,2.794100056779023,2.0,4.794100056779023
66,1,1,3,2.0,2.0,4.0
66,1,2,1,0.0,0.0,0.0
66,1,2,2,0.0,0.0,0.0
66,1,2,3,0.0,2.0,2.0
66,1,3,1,0.0,0.0,0.0
66,1,3,2,0.0,0.0,0.0
66,1,3,3,0.0,2.0,2.0
66,1,4,1,0.0,0.0,0.0
66,1,4,2,0.0,0.0,0.0
66,1,4,3,0.0,2.0,2.0
66,1,5,1,0.0,0.0,0.0
66,1,5,2,0.0,0.0,0.0
66,1,5,3,0.0,2.0,2.0
66,1,6,1,0.0,0.0,0.0
66,1,6,2,0.0,0.0,0.0
66,1,6,3,0.0,2.0,2.0
66,1,7,1,0.0,0.0,0.0
66,1,7,2,0.0,0.0,0.0
66,1,7,3,0.0,2.0,2.0
66,1,8,1,0.0,0.0,0.0
66,1,8,2,0.0,0.0,0.0
66,1,8,3,0.0,2.0,2.0
66,1,9,1,0.0,0.0,0.0
66,1,9,2,0.0,0.0,0.0
66,1,9,3,0.0,2.0,2.0
66,1,10,1,0.0,0.0,0.0
66,1,10,2,0.0,0.0,0.0
66,1,10,3,0.0,2.0,2.0
66,1,11,1,0.0,0.0,0.0
66,1,11,2,0.0,0.0,0.0
66,1,11,3,0.0,2.0,2.0
66,1,12,1,0.0,0.0,0.0
66,1,12,2,0.0,0.0,0.0
66,1,12,3,0.0,2.0,2.0
66,1,13,1,0.0,0.0,0.0
66,1,13,2,0.0,0.0,0.0
66,1,13,3,0.0,2.0,2.0
66,1,14,1,0.0,0.0,0.0
66,1,14,2,0.0,0.0,0.0
66,1,14,3,0.0,2.0,2.0
66,1,15,1,0.0,0.0,0.0
66,1,15,2,0.0,0.0,0.0
66,1,15,3,0.0,2.0,2.0
66,1,16,1,0.0,0.0,0.0
66,1,16,2,0.0,0.0,0.0
66,1,16,3,0.0,2.0,2.0
66,1,17,1,0.0,0.0,0.0
66,1,17,2,0.0,0.0,0.0
66,1,17,3,0.0,2.0,2.0
66,1,18,1,0.0,0.0,0.0
66,1,18,2,0.0,0.0,0.0
66,1,18,3,0.0,2.0,2.0
66,1,19,1,0.0,0.0,0.0
66,1,19,2,0.0,0.0,0.0
66,1,19,3,0.0,2.0,2.0
66,1,20,1,0.0,0.0,0.0
66,1,20,2,0.0,0.0,0.0
66,1,20,3,0.0,2.0,2.0
67,3,1,1,3.8761011266018324,3.8761011266018324,7.752202253203665
67,3,1,2,0.0,0.0,0.0
67,3,1,3,0.0,0.0,0.0
67,3,2,1,3.8761011266018324,3.8761011266018324,7.752202253203665
67,3,2,2,0.0,0.0,0.0
67,3,2,3,0.0,0.0,0.0
67,3,3,1,0.0,3.8761011266018324,3.8761011266018324
67,3,3,2,0.0,0.0,0.0
67,3,3,3,0.0,0.0,0.0
67,3,4,1,0.0,3.8761011266018324,3.8761011266018324
67,3,4,2,0.0,0.0,0.0
67,3,4,3,0.0,0.0,0.0
67,3,5,1,0.0,3.8761011266018324,3.8761011266018324
67,3,5,2,0.0,0.0,0.0
67,3,5,3,0.0,0.0,0.0
67,3,6,1,0.0,3.8761011266018324,3.8761011266018324
67,3,6,2,0.0,0.0,0.0
67,3,6,3,0.0,0.0,0.0
67,3,7,1,0.0,3.8761011266018324,3.8761011266018324
67,3,7,2,3.8761011266018324,3.8761011266018324,7.752202253203665
67,3,7,3,0.0,0.0,0.0
67,3,8,1,0.0,3.8761011266018324,3.8761011266018324
67,3,8,2,0.0,0.0,0.0
67,3,8,3,0.0,0.0,0.0
67,3,9,1,0.0,3.8761011266018324,3.8761011266018324
67,3,9,2,0.0,0.0,0.0
67,3,9,3,0.0,0.0,0.0
67,3,10,1,0.0,3.8761011266018324,3.8761011266018324
67,3,10,2,0.0,0.0,0.0
67,3,10,3,0.0,0.0,0.0
67,3,11,1,0.0,3.8761011266018324,3.8761011266018324
67,3,11,2,0.0,0.0,0.0
67,3,11,3,0.0,0.0,0.0
67,3,12,1,0.0,3.8761011266018324,3.8761011266018324
67,3,12,2,0.0,0.0,0.0
67,3,12,3,0.0,0.0,0.0
67,3,13,1,0.0,3.8761011266018324,3.8761011266018324
67,3,13,2,0.0,0.0,0.0
67,3,13,3,0.0,0.0,0.0
67,3,14,1,0.0,3.8761011266018324,3.8761011266018324
67,3,14,2,0.0,0.0,0.0
67,3,14,3,0.0,0.0,0.0
67,3,15,1,0.0,3.8761011266018324,3.8761011266018324
67,3,15,2,0.0,3.8761011266018324,3.8761011266018324
67,3,15,3,2.0,2.0,4.0
67,3,16,1,0.0,0.0,0.0
67,3,16,2,0.0,0.0,0.0
67,3,16,3,0.0,2.0,2.0
67,3,17,1,0.0,3.8761011266018324,3.8761011266018324
67,3,17,2,0.0,0.0,0.0
67,3,17,3,0.0,0.0,0.0
67,3,18,1,0.0,3.8761011266018324,3.8761011266018324
67,3,18,2,0.0,3.8761011266018324,3.8761011266018324
67,3,18,3,0.0,2.0,2.0
67,3,19,1,0.0,3.8761011266018324,3.8761011266018324
67,3,19,2,0.0,0.0,0.0
67,3,19,3,0.0,0.0,0.0
67,3,20,1,0.0,3.8761011266018324,3.8761011266018324
67,3,20,2,0.0,0.0,0.0
67,3,20,3,0.0,0.0,0.0
67,2,1,1,4.670201183380856,3.8761011266018324,8.54630230998269
67,2,1,2,0.0,0.0,0.0
67,2,1,3,0.0,0.0,0.0
67,2,2,1,0.7941000567790231,3.8761011266018324,4.670201183380856
67,2,2,2,3.8761011266018324,3.8761011266018324,7.752202253203665
67,2,2,3,0.0,0.0,0.0
67,2,3,1,0.0,0.0,0.0
67,2,3,2,0.0,3.8761011266018324,3.8761011266018324
67,2,3,3,0.0,0.0,0.0
67,2,4,1,0.0,0.0,0.0
67,2,4,2,0.0,3.8761011266018324,3.8761011266018324
67,2,4,3,0.0,0.0,0.0
67,2,5,1,0.0,0.0,0.0
67,2,5,2,0.0,3.8761011266018324,3.8761011266018324
67,2,5,3,0.0,0.0,0.0
67,2,6,1,0.0,0.0,0.0
67,2,6,2,0.0,3.8761011266018324,3.8761011266018324
67,2,6,3,0.0,0.0,0.0
67,2,7,1,0.0,0.0,0.0
67,2,7,2,0.0,3.8761011266018324,3.8761011266018324
67,2,7,3,0.0,0.0,0.0
67,2,8,1,0.0,0.0,0.0
67,2,8,2,0.0,3.8761011266018324,3.8761011266018324
67,2,8,3,0.0,0.0,0.0
67,2,9,1,0.0,0.0,0.0
67,2,9,2,0.0,3.8761011266018324,3.8761011266018324
67,2,9,3,0.0,0.0,0.0
67,2,10,1,0.0,0.0,0.0
67,2,10,2,0.0,3.8761011266018324,3.8761011266018324
67,2,10,3,0.0,0.0,0.0
67,2,11,1,0.0,0.0,0.0
67,2,11,2,0.0,3.8761011266018324,3.8761011266018324
67,2,11,3,0.0,0.0,0.0
67,2,12,1,0.0,0.0,0.0
67,2,12,2,0.0,3.8761011266018324,3.8761011266018324
67,2,12,3,0.0,0.0,0.0
67,2,13,1,0.0,0.0,0.0
67,2,13,2,0.0,3.8761011266018324,3.8761011266018324
67,2,13,3,2.0,2.0,4.0
67,2,14,1,0.7941000567790231,3.8761011266018324,4.670201183380856
67,2,14,2,0.0,0.0,0.0
67,2,14,3,0.0,0.0,0.0
67,2,15,1,0.7941000567790231,3.8761011266018324,4.670201183380856
67,2,15,2,0.0,3.8761011266018324,3.8761011266018324
67,2,15,3,0.0,0.0,0.0
67,2,16,1,0.0,0.0,0.0
67,2,16,2,0.0,3.8761011266018324,3.8761011266018324
67,2,16,3,0.0,0.0,0.0
67,2,17,1,0.0,0.0,0.0
67,2,17,2,0.0,3.8761011266018324,3.8761011266018324
67,2,17,3,0.0,0.0,0.0
67,2,18,1,0.0,0.0,0.0
67,2,18,2,0.0,3.8761011266018324,3.8761011266018324
67,2,18,3,0.0,0.0,0.0
67,2,19,1,0.0,0.0,0.0
67,2,19,2,0.0,3.8761011266018324,3.8761011266018324
67,2,19,3,0.0,0.0,0.0
67,2,20,1,0.0,0.0,0.0
67,2,20,2,0.0,3.8761011266018324,3.8761011266018324
67,2,20,3,0.0,0.0,0.0
67,1,1,1,4.670201183380856,3.8761011266018324,8.54630230998269
67,1,1,2,2.794100056779023,2.0,4.794100056779023
67,1,1,3,0.0,0.0,0.0
67,1,2,1,0.0,0.0,0.0
67,1,2,2,0.7941000567790231,2.0,2.794100056779023
67,1,2,3,2.0,2.0,4.0
67,1,3,1,0.0,0.0,0.0
67,1,3,2,0.0,0.0,0.0
67,1,3,3,0.0,2.0,2.0
67,1,4,1,0.0,0.0,0.0
67,1,4,2,0.0,0.0,0.0
67,1,4,3,0.0,2.0,2.0
67,1,5,1,0.0,0.0,0.0
67,1,5,2,0.0,0.0,0.0
67,1,5,3,0.0,2.0,2.0
67,1,6,1,0.0,0.0,0.0
67,1,6,2,0.0,0.0,0.0
67,1,6,3,0.0,2.0,2.0
67,1,7,1,0.0,0.0,0.0
67,1,7,2,0.0,0.0,0.0
67,1,7,3,0.0,2.0,2.0
67,1,8,1,0.0,0.0,0.0
67,1,8,2,0.0,0.0,0.0
67,1,8,3,0.0,2.0,2.0
67,1,9,1,0.0,0.0,0.0
67,1,9,2,0.0,0.0,0.0
67,1,9,3,0.0,2.0,2.0
67,1,10,1,0.0,0.0,0.0
67,1,10,2,0.0,0.0,0.0
67,1,10,3,0.0,2.0,2.0
67,1,11,1,0.0,0.0,0.0
67,1,11,2,0.0,0.0,0.0
67,1,11,3,0.0,2.0,2.0
67,1,12,1,0.0,0.0,0.0
67,1,12,2,0.0,0.0,0.0
67,1,12,3,0.0,2.0,2.0
67,1,13,1,0.0,0.0,0.0
67,1,13,2,0.0,0.0,0.0
67,1,13,3,0.0,2.0,2.0
67,1,14,1,0.0,0.0,0.0
67,1,14,2,0.0,0.0,0.0
67,1,14,3,0.0,2.0,2.0
67,1,15,1,0.0,0.0,0.0
67,1,15,2,0.0,0.0,0.0
67,1,15,3,0.0,2.0,2.0
67,1,16,1,0.0,0.0,0.0
67,1,16,2,0.0,0.0,0.0
67,1,16,3,0.0,2.0,2.0
67,1,17,1,0.0,0.0,0.0
67,1,17,2,0.0,0.0,0.0
67,1,17,3,0.0,2.0,2.0
67,1,18,1,0.0,0.0,0.0
67,1,18,2,0.0,0.0,0.0
67,1,18,3,0.0,2.0,2.0
67,1,19,1,0.0,0.0,0.0
67,1,19,2,0.0,0.0,0.0
67,1,19,3,0.0,2.0,2.0
67,1,20,1,0.0,0.0,0.0
67,1,20,2,0.0,0.0,0.0
67,1,20,3,0.0,2.0,2.0
68,3,1,1,3.8761011266018324,3.8761011266018324,7.752202253203665
68,3,1,2,3.8761011266018324,3.8761011266018324,7.752202253203665
68,3,1,3,0.0,0.0,0.0
68,3,2,1,0.0,0.0,0.0
68,3,2,2,0.0,3.8761011266018324,3.8761011266018324
68,3,2,3,2.0,2.0,4.0
68,3,3,1,0.0,0.0,0.0
68,3,3,2,0.0,0.0,0.0
68,3,3,3,0.0,2.0,2.0
68,3,4,1,3.8761011266018324,3.8761011266018324,7.752202253203665
68,3,4,2,0.0,3.8761011266018324,3.8761011266018324
68,3,4,3,0.0,0.0,0.0
68,3,5,1,0.0,0.0,0.0
68,3,5,2,0.0,3.8761011266018324,3.8761011266018324
68,3,5,3,0.0,0.0,0.0
68,3,6,1,0.0,3.8761011266018324,3.8761011266018324
68,3,6,2,0.0,3.8761011266018324,3.8761011266018324
68,3,6,3,0.0,0.0,0.0
68,3,7,1,0.0,3.8761011266018324,3.8761011266018324
68,3,7,2,0.0,3.8761011266018324,3.8761011266018324
68,3,7,3,0.0,2.0,2.0
68,3,8,1,0.0,3.8761011266018324,3.8761011266018324
68,3,8,2,0.0,0.0,0.0
68,3,8,3,0.0,0.0,0.0
68,3,9,1,0.0,3.8761011266018324,3.8761011266018324
68,3,9,2,0.0,3.8761011266018324,3.8761011266018324
68,3,9,3,0.0,0.0,0.0
68,3,10,1,0.0,0.0,0.0
68,3,10,2,0.0,3.8761011266018324,3.8761011266018324
68,3,10,3,0.0,0.0,0.0
68,3,11,1,0.0,3.8761011266018324,3.8761011266018324
68,3,11,2,0.0,0.0,0.0
68,3,11,3,0.0,0.0,0.0
68,3,12,1,0.0,3.8761011266018324,3.8761011266018324
68,3,12,2,0.0,0.0,0.0
68,3,12,3,0.0,0.0,0.0
68,3,13,1,0.0,3.8761011266018324,3.8761011266018324
68,3,13,2,0.0,3.8761011266018324,3.8761011266018324
68,3,13,3,0.0,0.0,0.0
68,3,14,1,0.0,3.8761011266018324,3.8761011266018324
68,3,14,2,0.0,0.0,0.0
68,3,14,3,0.0,0.0,0.0
68,3,15,1,0.0,3.8761011266018324,3.8761011266018324
68,3,15,2,0.0,0.0,0.0
68,3,15,3,0.0,0.0,0.0
68,3,16,1,0.0,3.8761011266018324,3.8761011266018324
68,3,16,2,0.0,0.0,0.0
68,3,16,3,0.0,0.0,0.0
68,3,17,1,0.0,3.8761011266018324,3.8761011266018324
68,3,17,2,0.0,0.0,0.0
68,3,17,3,0.0,0.0,0.0
68,3,18,1,0.0,3.8761011266018324,3.8761011266018324
68,3,18,2,0.0,0.0,0.0
68,3,18,3,0.0,0.0,0.0
68,3,19,1,0.0,3.8761011266018324,3.8761011266018324
68,3,19,2,0.0,0.0,0.0
68,3,19,3,0.0,0.0,0.0
68,3,20,1,0.0,3.8761011266018324,3.8761011266018324
68,3,20,2,0.0,0.0,0.0
68,3,20,3,0.0,0.0,0.0
68,2,1,1,4.670201183380856,3.8761011266018324,8.54630230998269
68,2,1,2,0.0,0.0,0.0
68,2,1,3,0.0,0.0,0.0
68,2,2,1,0.7941000567790231,3.8761011266018324,4.670201183380856
68,2,2,2,3.8761011266018324,3.8761011266018324,7.752202253203665
68,2,2,3,0.0,0.0,0.0
68,2,3,1,0.0,0.0,0.0
68,2,3,2,0.0,3.8761011266018324,3.8761011266018324
68,2,3,3,0.0,0.0,0.0
68,2,4,1,0.0,0.0,0.0
68,2,4,2,0.0,3.8761011266018324,3.8761011266018324
68,2,4,3,0.0,0.0,0.0
68,2,5,1,0.0,0.0,0.0
68,2,5,2,0.0,3.8761011266018324,3.8761011266018324
68,2,5,3,0.0,0.0,0.0
68,2,6,1,0.0,0.0,0.0
68,2,6,2,0.0,3.8761011266018324,3.8761011266018324
68,2,6,3,0.0,0.0,0.0
68,2,7,1,0.0,0.0,0.0
68,2,7,2,0.0,3.8761011266018324,3.8761011266018324
68,2,7,3,0.0,0.0,0.0
68,2,8,1,0.0,0.0,0.0
68,2,8,2,0.0,3.8761011266018324,3.8761011266018324
68,2,8,3,0.0,0.0,0.0
68,2,9,1,0.0,0.0,0.0
68,2,9,2,0.0,3.8761011266018324,3.8761011266018324
68,2,9,3,0.0,0.0,0.0
68,2,10,1,0.0,0.0,0.0
68,2,10,2,0.0,3.8761011266018324,3.8761011266018324
68,2,10,3,0.0,0.0,0.0
68,2,11,1,0.0,0.0,0.0
68,2,11,2,0.0,3.8761011266018324,3.8761011266018324
68,2,11,3,0.0,0.0,0.0
68,2,12,1,0.0,0.0,0.0
68,2,12,2,0.0,3.8761011266018324,3.8761011266018324
68,2,12,3,0.0,0.0,0.0
68,2,13,1,0.0,0.0,0.0
68,2,13,2,0.0,3.8761011266018324,3.8761011266018324
68,2,13,3,0.0,0.0,0.0
68,2,14,1,0.0,0.0,0.0
68,2,14,2,0.0,3.8761011266018324,3.8761011266018324
68,2,14,3,0.0,0.0,0.0
68,2,15,1,0.0,0.0,0.0
68,2,15,2,0.0,3.8761011266018324,3.8761011266018324
68,2,15,3,0.0,0.0,0.0
68,2,16,1,0.0,0.0,0.0
68,2,16,2,0.0,3.8761011266018324,3.8761011266018324
68,2,16,3,0.0,0.0,0.0
68,2,17,1,0.0,0.0,0.0
68,2,17,2,0.0,3.8761011266018324,3.8761011266018324
68,2,17,3,0.0,0.0,0.0
68,2,18,1,0.0,0.0,0.0
68,2,18,2,0.0,3.8761011266018324,3.8761011266018324
68,2,18,3,0.0,0.0,0.0
68,2,19,1,0.0,0.0,0.0
68,2,19,2,0.0,3.8761011266018324,3.8761011266018324
68,2,19,3,0.0,0.0,0.0
68,2,20,1,0.0,0.0,0.0
68,2,20,2,0.0,3.8761011266018324,3.8761011266018324
68,2,20,3,0.0,0.0,0.0
68,1,1,1,4.670201183380856,3.8761011266018324,8.54630230998269
68,1,1,2,2.794100056779023,2.0,4.794100056779023
68,1,1,3,0.0,0.0,0.0
68,1,2,1,0.0,0.0,0.0
68,1,2,2,0.7941000567790231,2.0,2.794100056779023
68,1,2,3,2.0,2.0,4.0
68,1,3,1,0.0,0.0,0.0
68,1,3,2,0.0,0.0,0.0
68,1,3,3,0.0,2.0,2.0
68,1,4,1,0.0,0.0,0.0
68,1,4,2,0.0,0.0,0.0
68,1,4,3,0.0,2.0,2.0
68,1,5,1,0.0,0.0,0.0
68,1,5,2,0.0,0.0,0.0
68,1,5,3,0.0,2.0,2.0
68,1,6,1,0.0,0.0,0.0
68,1,6,2,0.0,0.0,0.0
68,1,6,3,0.0,2.0,2.0
68,1,7,1,0.0,0.0,0.0
68,1,7,2,0.0,0.0,0.0
68,1,7,3,0.0,2.0,2.0
68,1,8,1,0.0,0.0,0.0
68,1,8,2,0.0,0.0,0.0
68,1,8,3,0.0,2.0,2.0
68,1,9,1,0.0,0.0,0.0
68,1,9,2,0.0,0.0,0.0
68,1,9,3,0.0,2.0,2.0
68,1,10,1,0.0,0.0,0.0
68,1,10,2,0.0,0.0,0.0
68,1,10,3,0.0,2.0,2.0
68,1,11,1,0.0,0.0,0.0
68,1,11,2,0.0,0.0,0.0
68,1,11,3,0.0,2.0,2.0
68,1,12,1,0.0,0.0,0.0
68,1,12,2,0.0,0.0,0.0
68,1,12,3,0.0,2.0,2.0
68,1,13,1,0.0,0.0,0.0
68,1,13,2,0.0,0.0,0.0
68,1,13,3,0.0,2.0,2.0
68,1,14,1,0.0,0.0,0.0
68,1,14,2,0.0,0.0,0.0
68,1,14,3,0.0,2.0,2.0
68,1,15,1,0.0,0.0,0.0
68,1,15,2,0.0,0.0,0.0
68,1,15,3,0.0,2.0,2.0
68,1,16,1,0.0,0.0,0.0
68,1,16,2,0.0,0.0,0.0
68,1,16,3,0.0,2.0,2.0
68,1,17,1,0.7941000567790231,3.8761011266018324,4.670201183380856
68,1,17,2,0.0,2.0,2.0
68,1,17,3,0.0,2.0,2.0
68,1,18,1,0.0,0.0,0.0
68,1,18,2,0.0,0.0,0.0
68,1,18,3,0.0,2.0,2.0
68,1,19,1,0.0,0.0,0.0
68,1,19,2,0.0,0.0,0.0
68,1,19,3,0.0,2.0,2.0
68,1,20,1,0.0,0.0,0.0
68,1,20,2,0.0,0.0,0.0
68,1,20,3,0.0,2.0,2.0
69,3,1,1,3.8761011266018324,3.8761011266018324,7.752202253203665
69,3,1,2,0.0,0.0,0.0
69,3,1,3,0.0,0.0,0.0
69,3,2,1,3.8761011266018324,3.8761011266018324,7.752202253203665
69,3,2,2,0.0,0.0,0.0
69,3,2,3,0.0,0.0,0.0
69,3,3,1,0.0,3.8761011266018324,3.8761011266018324
69,3,3,2,0.0,0.0,0.0
69,3,3,3,0.0,0.0,0.0
69,3,4,1,0.0,3.8761011266018324,3.8761011266018324
69,3,4,2,0.0,0.0,0.0
69,3,4,3,0.0,0.0,0.0
69,3,5,1,0.0,3.8761011266018324,3.8761011266018324
69,3,5,2,0.0,0.0,0.0
69,3,5,3,0.0,0.0,0.0
69,3,6,1,0.0,3.8761011266018324,3.8761011266018324
69,3,6,2,3.8761011266018324,3.8761011266018324,7.752202253203665
69,3,6,3,0.0,0.0,0.0
69,3,7,1,0.0,3.8761011266018324,3.8761011266018324
69,3,7,2,0.0,3.8761011266018324,3.8761011266018324
69,3,7,3,0.0,0.0,0.0
69,3,8,1,0.0,0.0,0.0
69,3,8,2,0.0,3.8761011266018324,3.8761011266018324
69,3,8,3,0.0,0.0,0.0
69,3,9,1,0.0,0.0,0.0
69,3,9,2,0.0,3.8761011266018324,3.8761011266018324
69,3,9,3,0.0,0.0,0.0
69,3,10,1,0.0,3.8761011266018324,3.8761011266018324
69,3,10,2,0.0,0.0,0.0
69,3,10,3,0.0,0.0,0.0
69,3,11,1,0.0,3.8761011266018324,3.8761011266018324
69,3,11,2,0.0,0.0,0.0
69,3,11,3,0.0,0.0,0.0
69,3,12,1,0.0,3.8761011266018324,3.8761011266018324
69,3,12,2,0.0,0.0,0.0
69,3,12,3,0.0,0.0,0.0
69,3,13,1,0.0,3.8761011266018324,3.8761011266018324
69,3,13,2,0.0,0.0,0.0
69,3,13,3,0.0,0.0,0.0
69,3,14,1,0.0,3.8761011266018324,3.8761011266018324
69,3,14,2,0.0,3.8761011266018324,3.8761011266018324
69,3,14,3,0.0,0.0,0.0
69,3,15,1,0.0,0.0,0.0
69,3,15,2,0.0,3.8761011266018324,3.8761011266018324
69,3,15,3,0.0,0.0,0.0
69,3,16,1,0.0,0.0,0.0
69,3,16,2,0.0,3.8761011266018324,3.8761011266018324
69,3,16,3,0.0,0.0,0.0
69,3,17,1,0.0,3.8761011266018324,3.8761011266018324
69,3,17,2,0.0,3.8761011266018324,3.8761011266018324
69,3,17,3,0.0,0.0,0.0
69,3,18,1,0.0,3.8761011266018324,3.8761011266018324
69,3,18,2,0.0,3.8761011266018324,3.8761011266018324
69,3,18,3,0.0,0.0,0.0
69,3,19,1,0.0,3.8761011266018324,3.8761011266018324
69,3,19,2,0.0,0.0,0.0
69,3,19,3,0.0,0.0,0.0
69,3,20,1,0.0,3.8761011266018324,3.8761011266018324
69,3,20,2,0.0,3.8761011266018324,3.8761011266018324
69,3,20,3,0.0,0.0,0.0
69,2,1,1,4.670201183380856,3.8761011266018324,8.54630230998269
69,2,1,2,0.0,0.0,0.0
69,2,1,3,0.0,0.0,0.0
69,2,2,1,0.7941000567790231,3.8761011266018324,4.670201183380856
69,2,2,2,0.0,0.0,0.0
69,2,2,3,0.0,0.0,0.0
69,2,3,1,0.7941000567790231,3.8761011266018324,4.670201183380856
69,2,3,2,3.8761011266018324,3.8761011266018324,7.752202253203665
69,2,3,3,0.0,0.0,0.0
69,2,4,1,0.0,0.0,0.0
69,2,4,2,0.0,3.8761011266018324,3.8761011266018324
69,2,4,3,0.0,0.0,0.0
69,2,5,1,0.0,0.0,0.0
69,2,5,2,0.0,3.8761011266018324,3.8761011266018324
69,2,5,3,0.0,0.0,0.0
69,2,6,1,0.0,0.0,0.0
69,2,6,2,0.0,3.8761011266018324,3.8761011266018324
69,2,6,3,0.0,0.0,0.0
69,2,7,1,0.0,0.0,0.0
69,2,7,2,0.0,3.8761011266018324,3.8761011266018324
69,2,7,3,0.0,0.0,0.0
69,2,8,1,0.0,0.0,0.0
69,2,8,2,0.0,3.8761011266018324,3.8761011266018324
69,2,8,3,0.0,0.0,0.0
69,2,9,1,0.0,0.0,0.0
69,2,9,2,0.0,3.8761011266018324,3.8761011266018324
69,2,9,3,0.0,0.0,0.0
69,2,10,1,0.0,0.0,0.0
69,2,10,2,0.0,3.8761011266018324,3.8761011266018324
69,2,10,3,0.0,0.0,0.0
69,2,11,1,0.0,0.0,0.0
69,2,11,2,0.0,3.8761011266018324,3.8761011266018324
69,2,11,3,0.0,0.0,0.0
69,2,12,1,0.0,0.0,0.0
69,2,12,2,0.0,3.8761011266018324,3.8761011266018324
69,2,12,3,0.0,0.0,0.0
69,2,13,1,0.0,0.0,0.0
69,2,13,2,0.0,3.8761011266018324,3.8761011266018324
69,2,13,3,0.0,0.0,0.0
69,2,14,1,0.0,0.0,0.0
69,2,14,2,0.0,3.8761011266018324,3.8761011266018324
69,2,14,3,0.0,0.0,0.0
69,2,15,1,0.0,0.0,0.0
69,2,15,2,0.0,3.8761011266018324,3.8761011266018324
69,2,15,3,0.0,0.0,0.0
69,2,16,1,0.0,0.0,0.0
69,2,16,2,0.0,3.8761011266018324,3.8761011266018324
69,2,16,3,0.0,0.0,0.0
69,2,17,1,0.0,0.0,0.0
69,2,17,2,0.0,3.8761011266018324,3.8761011266018324
69,2,17,3,0.0,0.0,0.0
69,2,18,1,0.0,0.0,0.0
69,2,18,2,0.0,3.8761011266018324,3.8761011266018324
69,2,18,3,0.0,0.0,0.0
69,2,19,1,0.0,0.0,0.0
69,2,19,2,0.0,3.8761011266018324,3.8761011266018324
69,2,19,3,0.0,0.0,0.0
69,2,20,1,0.0,0.0,0.0
69,2,20,2,0.0,3.8761011266018324,3.8761011266018324
69,2,20,3,0.0,0.0,0.0
69,1,1,1,4.670201183380856,3.8761011266018324,8.54630230998269
69,1,1,2,2.794100056779023,2.0,4.794100056779023
69,1,1,3,2.0,2.0,4.0
69,1,2,1,0.0,0.0,0.0
69,1,2,2,0.0,0.0,0.0
69,1,2,3,0.0,2.0,2.0
69,1,3,1,0.0,0.0,0.0
69,1,3,2,0.0,0.0,0.0
69,1,3,3,0.0,2.0,2.0
69,1,4,1,0.0,0.0,0.0
69,1,4,2,0.0,0.0,0.0
69,1,4,3,0.0,2.0,2.0
69,1,5,1,0.0,0.0,0.0
69,1,5,2,0.0,0.0,0.0
69,1,5,3,0.0,2.0,2.0
69,1,6,1,0.0,0.0,0.0
69,1,6,2,0.0,0.0,0.0
69,1,6,3,0.0,2.0,2.0
69,1,7,1,0.0,0.0,0.0
69,1,7,2,0.0,0.0,0.0
69,1,7,3,0.0,2.0,2.0
69,1,8,1,0.0,0.0,0.0
69,1,8,2,0.0,0.0,0.0
69,1,8,3,0.0,2.0,2.0
69,1,9,1,0.0,0.0,0.0
69,1,9,2,0.0,0.0,0.0
69,1,9,3,0.0,2.0,2.0
69,1,10,1,0.0,0.0,0.0
69,1,10,2,0.0,0.0,0.0
69,1,10,3,0.0,2.0,2.0
69,1,11,1,0.0,0.0,0.0
69,1,11,2,0.0,0.0,0.0
69,1,11,3,0.0,2.0,2.0
69,1,12,1,0.0,0.0,0.0
69,1,12,2,0.0,0.0,0.0
69,1,12,3,0.0,2.0,2.0
69,1,13,1,0.0,0.0,0.0
69,1,13,2,0.0,0.0,0.0
69,1,13,3,0.0,2.0,2.0
69,1,14,1,0.0,0.0,0.0
69,1,14,2,0.0,0.0,0.0
69,1,14,3,0.0,2.0,2.0
69,1,15,1,0.0,0.0,0.0
69,1,15,2,0.0,0.0,0.0
69,1,15,3,0.0,2.0,2.0
69,1,16,1,0.0,0.0,0.0
69,1,16,2,0.0,0.0,0.0
69,1,16,3,0.0,2.0,2.0
69,1,17,1,0.0,0.0,0.0
69,1,17,2,0.0,0.0,0.0
69,1,17,3,0.0,2.0,2.0
69,1,18,1,0.0,0.0,0.0
69,1,18,2,0.0,0.0,0.0
69,1,18,3,0.0,2.0,2.0
69,1,19,1,0.0,0.0,0.0
69,1,19,2,0.0,0.0,0.0
69,1,19,3,0.0,2.0,2.0
69,1,20,1,0.0,0.0,0.0
69,1,20,2,0.0,0.0,0.0
69,1,20,3,0.0,2.0,2.0
70,3,1,1,3.8761011266018324,3.8761011266018324,7.752202253203665
70,3,1,2,0.0,0.0,0.0
70,3,1,3,0.0,0.0,0.0
70,3,2,1,3.8761011266018324,3.8761011266018324,7.752202253203665
70,3,2,2,0.0,0.0,0.0
70,3,2,3,0.0,0.0,0.0
70,3,3,1,0.0,3.8761011266018324,3.8761011266018324
70,3,3,2,3.8761011266018324,3.8761011266018324,7.752202253203665
70,3,3,3,0.0,0.0,0.0
70,3,4,1,0.0,0.0,0.0
70,3,4,2,0.0,3.8761011266018324,3.8761011266018324
70,3,4,3,2.0,2.0,4.0
70,3,5,1,0.0,3.8761011266018324,3.8761011266018324
70,3,5,2,0.0,0.0,0.0
70,3,5,3,0.0,0.0,0.0
70,3,6,1,0.0,3.8761011266018324,3.8761011266018324
70,3,6,2,0.0,3.8761011266018324,3.8761011266018324
70,3,6,3,0.0,0.0,0.0
70,3,7,1,0.0,3.8761011266018324,3.8761011266018324
70,3,7,2,0.0,3.8761011266018324,3.8761011266018324
70,3,7,3,0.0,0.0,0.0
70,3,8,1,0.0,3.8761011266018324,3.8761011266018324
70,3,8,2,0.0,0.0,0.0
70,3,8,3,0.0,0.0,0.0
70,3,9,1,0.0,3.8761011266018324,3.8761011266018324
70,3,9,2,0.0,0.0,0.0
70,3,9,3,0.0,0.0,0.0
70,3,10,1,0.0,3.8761011266018324,3.8761011266018324
70,3,10,2,0.0,0.0,0.0
70,3,10,3,0.0,0.0,0.0
70,3,11,1,0.0,3.8761011266018324,3.8761011266018324
70,3,11,2,0.0,0.0,0.0
70,3,11,3,0.0,0.0,0.0
70,3,12,1,0.0,3.8761011266018324,3.8761011266018324
70,3,12,2,0.0,3.8761011266018324,3.8761011266018324
70,3,12,3,0.0,0.0,0.0
70,3,13,1,0.0,3.8761011266018324,3.8761011266018324
70,3,13,2,0.0,3.8761011266018324,3.8761011266018324
70,3,13,3,0.0,2.0,2.0
70,3,14,1,0.0,3.8761011266018324,3.8761011266018324
70,3,14,2,0.0,0.0,0.0
70,3,14,3,0.0,0.0,0.0
70,3,15,1,0.0,3.8761011266018324,3.8761011266018324
70,3,15,2,0.0,0.0,0.0
70,3,15,3,0.0,0.0,0.0
70,3,16,1,0.0,3.8761011266018324,3.8761011266018324
70,3,16,2,0.0,3.8761011266018324,3.8761011266018324
70,3,16,3,0.0,0.0,0.0
70,3,17,1,0.0,3.8761011266018324,3.8761011266018324
70,3,17,2,0.0,3.8761011266018324,3.8761011266018324
70,3,17,3,0.0,0.0,0.0
70,3,18,1,0.0,3.8761011266018324,3.8761011266018324
70,3,18,2,0.0,0.0,0.0
70,3,18,3,0.0,0.0,0.0
70,3,19,1,0.0,3.8761011266018324,3.8761011266018324
70,3,19,2,0.0,0.0,0.0
70,3,19,3,0.0,0.0,0.0
70,3,20,1,0.0,3.8761011266018324,3.8761011266018324
70,3,20,2,0.0,0.0,0.0
70,3,20,3,0.0,0.0,0.0
70,2,1,1,4.670201183380856,3.8761011266018324,8.54630230998269
70,2,1,2,3.8761011266018324,3.8761011266018324,7.752202253203665
70,2,1,3,0.0,0.0,0.0
70,2,2,1,0.0,0.0,0.0
70,2,2,2,0.0,3.8761011266018324,3.8761011266018324
70,2,2,3,0.0,0.0,0.0
70,2,3,1,0.0,0.0,0.0
70,2,3,2,0.0,3.8761011266018324,3.8761011266018324
70,2,3,3,0.0,0.0,0.0
70,2,4,1,0.0,0.0,0.0
70,2,4,2,0.0,3.8761011266018324,3.8761011266018324
70,2,4,3,0.0,0.0,0.0
70,2,5,1,0.0,0.0,0.0
70,2,5,2,0.0,3.8761011266018324,3.8761011266018324
70,2,5,3,0.0,0.0,0.0
70,2,6,1,0.0,0.0,0.0
70,2,6,2,0.0,3.8761011266018324,3.8761011266018324
70,2,6,3,0.0,0.0,0.0
70,2,7,1,0.0,0.0,0.0
70,2,7,2,0.0,3.8761011266018324,3.8761011266018324
70,2,7,3,0.0,0.0,0.0
70,2,8,1,0.0,0.0,0.0
70,2,8,2,0.0,3.8761011266018324,3.8761011266018324
70,2,8,3,0.0,0.0,0.0
70,2,9,1,0.0,0.0,0.0
70,2,9,2,0.0,3.8761011266018324,3.8761011266018324
70,2,9,3,0.0,0.0,0.0
70,2,10,1,0.0,0.0,0.0
70,2,10,2,0.0,3.8761011266018324,3.8761011266018324
70,2,10,3,0.0,0.0,0.0
70,2,11,1,0.0,0.0,0.0
70,2,11,2,0.0,3.8761011266018324,3.8761011266018324
70,2,11,3,0.0,0.0,0.0
70,2,12,1,0.0,0.0,0.0
70,2,12,2,0.0,3.8761011266018324,3.8761011266018324
70,2,12,3,2.0,2.0,4.0
70,2,13,1,0.7941000567790231,3.8761011266018324,4.670201183380856
70,2,13,2,0.0,3.8761011266018324,3.8761011266018324
70,2,13,3,0.0,2.0,2.0
70,2,14,1,0.7941000567790231,3.8761011266018324,4.670201183380856
70,2,14,2,0.0,0.0,0.0
70,2,14,3,0.0,0.0,0.0
70,2,15,1,0.7941000567790231,3.8761011266018324,4.670201183380856
70,2,15,2,0.0,3.8761011266018324,3.8761011266018324
70,2,15,3,0.0,2.0,2.0
70,2,16,1,0.0,3.8761011266018324,3.8761011266018324
70,2,16,2,0.0,3.8761011266018324,3.8761011266018324
70,2,16,3,0.0,0.0,0.0
70,2,17,1,0.0,0.0,0.0
70,2,17,2,0.0,3.8761011266018324,3.8761011266018324
70,2,17,3,0.0,0.0,0.0
70,2,18,1,0.0,0.0,0.0
70,2,18,2,0.0,3.8761011266018324,3.8761011266018324
70,2,18,3,0.0,0.0,0.0
70,2,19,1,0.0,0.0,0.0
70,2,19,2,0.0,3.8761011266018324,3.8761011266018324
70,2,19,3,0.0,0.0,0.0
70,2,20,1,0.0,0.0,0.0
70,2,20,2,0.0,3.8761011266018324,3.8761011266018324
70,2,20,3,0.0,0.0,0.0
70,1,1,1,4.670201183380856,3.8761011266018324,8.54630230998269
70,1,1,2,0.0,0.0,0.0
70,1,1,3,0.0,0.0,0.0
70,1,2,1,0.7941000567790231,3.8761011266018324,4.670201183380856
70,1,2,2,0.0,0.0,0.0
70,1,2,3,0.0,0.0,0.0
70,1,3,1,0.7941000567790231,3.8761011266018324,4.670201183380856
70,1,3,2,0.0,0.0,0.0
70,1,3,3,0.0,0.0,0.0
70,1,4,1,0.0,3.8761011266018324,3.8761011266018324
70,1,4,2,0.0,0.0,0.0
70,1,4,3,0.0,0.0,0.0
70,1,5,1,0.0,3.8761011266018324,3.8761011266018324
70,1,5,2,0.0,0.0,0.0
70,1,5,3,0.0,0.0,0.0
70,1,6,1,0.0,3.8761011266018324,3.8761011266018324
70,1,6,2,2.794100056779023,2.0,4.794100056779023
70,1,6,3,0.0,0.0,0.0
70,1,7,1,0.0,0.0,0.0
70,1,7,2,0.7941000567790231,2.0,2.794100056779023
70,1,7,3,0.0,0.0,0.0
70,1,8,1,0.0,0.0,0.0
70,1,8,2,0.0,2.0,2.0
70,1,8,3,0.0,0.0,0.0
70,1,9,1,0.0,0.0,0.0
70,1,9,2,0.0,2.0,2.0
70,1,9,3,2.0,2.0,4.0
70,1,10,1,0.0,0.0,0.0
70,1,10,2,0.0,0.0,0.0
70,1,10,3,0.0,2.0,2.0
70,1,11,1,0.0,0.0,0.0
70,1,11,2,0.0,0.0,0.0
70,1,11,3,0.0,2.0,2.0
70,1,12,1,0.0,0.0,0.0
70,1,12,2,0.0,0.0,0.0
70,1,12,3,0.0,2.0,2.0
70,1,13,1,0.0,0.0,0.0
70,1,13,2,0.0,0.0,0.0
70,1,13,3,0.0,2.0,2.0
70,1,14,1,0.0,0.0,0.0
70,1,14,2,0.0,0.0,0.0
70,1,14,3,0.0,2.0,2.0
70,1,15,1,0.0,0.0,0.0
70,1,15,2,0.0,0.0,0.0
70,1,15,3,0.0,2.0,2.0
70,1,16,1,0.0,0.0,0.0
70,1,16,2,0.0,0.0,0.0
70,1,16,3,0.0,2.0,2.0
70,1,17,1,0.0,0.0,0.0
70,1,17,2,0.0,0.0,0.0
70,1,17,3,0.0,2.0,2.0
70,1,18,1,0.0,0.0,0.0
70,1,18,2,0.0,0.0,0.0
70,1,18,3,0.0,2.0,2.0
70,1,19,1,0.0,0.0,0.0
70,1,19,2,0.0,0.0,0.0
70,1,19,3,0.0,2.0,2.0
70,1,20,1,0.0,0.0,0.0
70,1,20,2,0.0,0.0,0.0
70,1,20,3,0.0,2.0,2.0
71,3,1,1,3.8761011266018324,3.8761011266018324,7.752202253203665
71,3,1,2,0.0,0.0,0.0
71,3,1,3,0.0,0.0,0.0
71,3,2,1,3.8761011266018324,3.8761011266018324,7.752202253203665
71,3,2,2,0.0,0.0,0.0
71,3,2,3,0.0,0.0,0.0
71,3,3,1,0.0,3.8761011266018324,3.8761011266018324
71,3,3,2,0.0,0.0,0.0
71,3,3,3,0.0,0.0,0.0
71,3,4,1,0.0,3.8761011266018324,3.8761011266018324
71,3,4,2,0.0,0.0,0.0
71,3,4,3,0.0,0.0,0.0
71,3,5,1,0.0,3.8761011266018324,3.8761011266018324
71,3,5,2,0.0,0.0,0.0
71,3,5,3,0.0,0.0,0.0
71,3,6,1,0.0,3.8761011266018324,3.8761011266018324
71,3,6,2,0.0,0.0,0.0
71,3,6,3,0.0,0.0,0.0
71,3,7,1,0.0,3.8761011266018324,3.8761011266018324
71,3,7,2,3.8761011266018324,3.8761011266018324,7.752202253203665
71,3,7,3,0.0,0.0,0.0
71,3,8,1,0.0,0.0,0.0
71,3,8,2,0.0,3.8761011266018324,3.8761011266018324
71,3,8,3,0.0,0.0,0.0
71,3,9,1,0.0,3.8761011266018324,3.8761011266018324
71,3,9,2,0.0,0.0,0.0
71,3,9,3,0.0,0.0,0.0
71,3,10,1,0.0,3.8761011266018324,3.8761011266018324
71,3,10,2,0.0,0.0,0.0
71,3,10,3,0.0,0.0,0.0
71,3,11,1,0.0,3.8761011266018324,3.8761011266018324
71,3,11,2,0.0,0.0,0.0
71,3,11,3,0.0,0.0,0.0
71,3,12,1,0.0,3.8761011266018324,3.8761011266018324
71,3,12,2,0.0,3.8761011266018324,3.8761011266018324
71,3,12,3,0.0,0.0,0.0
71,3,13,1,0.0,3.8761011266018324,3.8761011266018324
71,3,13,2,0.0,0.0,0.0
71,3,13,3,0.0,0.0,0.0
71,3,14,1,0.0,3.8761011266018324,3.8761011266018324
71,3,14,2,0.0,0.0,0.0
71,3,14,3,0.0,0.0,0.0
71,3,15,1,0.0,3.8761011266018324,3.8761011266018324
71,3,15,2,0.0,0.0,0.0
71,3,15,3,0.0,0.0,0.0
71,3,16,1,0.0,3.8761011266018324,3.8761011266018324
71,3,16,2,0.0,0.0,0.0
71,3,16,3,0.0,0.0,0.0
71,3,17,1,0.0,3.8761011266018324,3.8761011266018324
71,3,17,2,0.0,0.0,0.0
71,3,17,3,0.0,0.0,0.0
71,3,18,1,0.0,3.8761011266018324,3.8761011266018324
71,3,18,2,0.0,0.0,0.0
71,3,18,3,0.0,0.0,0.0
71,3,19,1,0.0,3.8761011266018324,3.8761011266018324
71,3,19,2,0.0,0.0,0.0
71,3,19,3,0.0,0.0,0.0
71,3,20,1,0.0,3.8761011266018324,3.8761011266018324
71,3,20,2,0.0,0.0,0.0
71,3,20,3,0.0,0.0,0.0
71,2,1,1,4.670201183380856,3.8761011266018324,8.54630230998269
71,2,1,2,3.8761011266018324,3.8761011266018324,7.752202253203665
71,2,1,3,0.0,0.0,0.0
71,2,2,1,0.0,0.0,0.0
71,2,2,2,0.0,3.8761011266018324,3.8761011266018324
71,2,2,3,0.0,0.0,0.0
71,2,3,1,0.0,0.0,0.0
71,2,3,2,0.0,3.8761011266018324,3.8761011266018324
71,2,3,3,2.0,2.0,4.0
71,2,4,1,0.7941000567790231,3.8761011266018324,4.670201183380856
71,2,4,2,0.0,0.0,0.0
71,2,4,3,0.0,0.0,0.0
71,2,5,1,0.7941000567790231,3.8761011266018324,4.670201183380856
71,2,5,2,0.0,3.8761011266018324,3.8761011266018324
71,2,5,3,0.0,0.0,0.0
71,2,6,1,0.0,0.0,0.0
71,2,6,2,0.0,3.8761011266018324,3.8761011266018324
71,2,6,3,0.0,0.0,0.0
71,2,7,1,0.0,0.0,0.0
71,2,7,2,0.0,3.8761011266018324,3.8761011266018324
71,2,7,3,0.0,0.0,0.0
71,2,8,1,0.0,0.0,0.0
71,2,8,2,0.0,3.8761011266018324,3.8761011266018324
71,2,8,3,0.0,0.0,0.0
71,2,9,1,0.0,0.0,0.0
71,2,9,2,0.0,3.8761011266018324,3.8761011266018324
71,2,9,3,0.0,0.0,0.0
71,2,10,1,0.0,0.0,0.0
71,2,10,2,0.0,3.8761011266018324,3.8761011266018324
71,2,10,3,0.0,0.0,0.0
71,2,11,1,0.0,0.0,0.0
71,2,11,2,0.0,3.8761011266018324,3.8761011266018324
71,2,11,3,0.0,0.0,0.0
71,2,12,1,0.0,0.0,0.0
71,2,12,2,0.0,3.8761011266018324,3.8761011266018324
71,2,12,3,0.0,0.0,0.0
71,2,13,1,0.0,0.0,0.0
71,2,13,2,0.0,3.8761011266018324,3.8761011266018324
71,2,13,3,0.0,0.0,0.0
71,2,14,1,0.0,0.0,0.0
71,2,14,2,0.0,3.8761011266018324,3.8761011266018324
71,2,14,3,0.0,0.0,0.0
71,2,15,1,0.0,0.0,0.0
71,2,15,2,0.0,3.8761011266018324,3.8761011266018324
71,2,15,3,0.0,0.0,0.0
71,2,16,1,0.0,0.0,0.0
71,2,16,2,0.0,3.8761011266018324,3.8761011266018324
71,2,16,3,0.0,0.0,0.0
71,2,17,1,0.0,0.0,0.0
71,2,17,2,0.0,3.8761011266018324,3.8761011266018324
71,2,17,3,0.0,0.0,0.0
71,2,18,1,0.0,0.0,0.0
71,2,18,2,0.0,3.8761011266018324,3.8761011266018324
71,2,18,3,0.0,0.0,0.0
71,2,19,1,0.0,0.0,0.0
71,2,19,2,0.0,3.8761011266018324,3.8761011266018324
71,2,19,3,0.0,0.0,0.0
71,2,20,1,0.0,0.0,0.0
71,2,20,2,0.0,3.8761011266018324,3.8761011266018324
71,2,20,3,0.0,0.0,0.0
71,1,1,1,4.670201183380856,3.8761011266018324,8.54630230998269
71,1,1,2,0.0,0.0,0.0
71,1,1,3,0.0,0.0,0.0
71,1,2,1,0.7941000567790231,3.8761011266018324,4.670201183380856
71,1,2,2,2.794100056779023,2.0,4.794100056779023
71,1,2,3,0.0,0.0,0.0
71,1,3,1,0.0,0.0,0.0
71,1,3,2,0.7941000567790231,2.0,2.794100056779023
71,1,3,3,2.0,2.0,4.0
71,1,4,1,0.0,0.0,0.0
71,1,4,2,0.0,0.0,0.0
71,1,4,3,0.0,2.0,2.0
71,1,5,1,0.0,0.0,0.0
71,1,5,2,0.0,0.0,0.0
71,1,5,3,0.0,2.0,2.0
71,1,6,1,0.0,0.0,0.0
71,1,6,2,0.0,0.0,0.0
71,1,6,3,0.0,2.0,2.0
71,1,7,1,0.0,0.0,0.0
71,1,7,2,0.0,0.0,0.0
71,1,7,3,0.0,2.0,2.0
71,1,8,1,0.0,0.0,0.0
71,1,8,2,0.0,0.0,0.0
71,1,8,3,0.0,2.0,2.0
71,1,9,1,0.0,0.0,0.0
71,1,9,2,0.0,0.0,0.0
71,1,9,3,0.0,2.0,2.0
71,1,10,1,0.0,0.0,0.0
71,1,10,2,0.0,0.0,0.0
71,1,10,3,0.0,2.0,2.0
71,1,11,1,0.0,0.0,0.0
71,1,11,2,0.0,0.0,0.0
71,1,11,3,0.0,2.0,2.0
71,1,12,1,0.0,0.0,0.0
71,1,12,2,0.0,0.0,0.0
71,1,12,3,0.0,2.0,2.0
71,1,13,1,0.0,0.0,0.0
71,1,13,2,0.0,0.0,0.0
71,1,13,3,0.0,2.0,2.0
71,1,14,1,0.0,0.0,0.0
71,1,14,2,0.0,0.0,0.0
71,1,14,3,0.0,2.0,2.0
71,1,15,1,0.0,0.0,0.0
71,1,15,2,0.0,0.0,0.0
71,1,15,3,0.0,2.0,2.0
71,1,16,1,0.0,0.0,0.0
71,1,16,2,0.0,0.0,0.0
71,1,16,3,0.0,2.0,2.0
71,1,17,1,0.0,0.0,0.0
71,1,17,2,0.0,0.0,0.0
71,1,17,3,0.0,2.0,2.0
71,1,18,1,0.0,0.0,0.0
71,1,18,2,0.0,0.0,0.0
71,1,18,3,0.0,2.0,2.0
71,1,19,1,0.0,0.0,0.0
71,1,19,2,0.0,0.0,0.0
71,1,19,3,0.0,2.0,2.0
71,1,20,1,0.0,0.0,0.0
71,1,20,2,0.0,0.0,0.0
71,1,20,3,0.0,2.0,2.0
72,3,1,1,3.8761011266018324,3.8761011266018324,7.752202253203665
72,3,1,2,0.0,0.0,0.0
72,3,1,3,0.0,0.0,0.0
72,3,2,1,3.8761011266018324,3.8761011266018324,7.752202253203665
72,3,2,2,0.0,0.0,0.0
72,3,2,3,0.0,0.0,0.0
72,3,3,1,0.0,3.8761011266018324,3.8761011266018324
72,3,3,2,0.0,0.0,0.0
72,3,3,3,0.0,0.0,0.0
72,3,4,1,0.0,3.8761011266018324,3.8761011266018324
72,3,4,2,3.8761011266018324,3.8761011266018324,7.752202253203665
72,3,4,3,0.0,0.0,0.0
72,3,5,1,0.0,3.8761011266018324,3.8761011266018324
72,3,5,2,0.0,0.0,0.0
72,3,5,3,0.0,0.0,0.0
72,3,6,1,0.0,3.8761011266018324,3.8761011266018324
72,3,6,2,0.0,0.0,0.0
72,3,6,3,0.0,0.0,0.0
72,3,7,1,0.0,3.8761011266018324,3.8761011266018324
72,3,7,2,0.0,0.0,0.0
72,3,7,3,0.0,0.0,0.0
72,3,8,1,0.0,3.8761011266018324,3.8761011266018324
72,3,8,2,0.0,3.8761011266018324,3.8761011266018324
72,3,8,3,0.0,0.0,0.0
72,3,9,1,0.0,3.8761011266018324,3.8761011266018324
72,3,9,2,0.0,3.8761011266018324,3.8761011266018324
72,3,9,3,0.0,0.0,0.0
72,3,10,1,0.0,3.8761011266018324,3.8761011266018324
72,3,10,2,0.0,0.0,0.0
72,3,10,3,0.0,0.0,0.0
72,3,11,1,0.0,3.8761011266018324,3.8761011266018324
72,3,11,2,0.0,0.0,0.0
72,3,11,3,0.0,0.0,0.0
72,3,12,1,0.0,3.8761011266018324,3.8761011266018324
72,3,12,2,0.0,0.0,0.0
72,3,12,3,0.0,0.0,0.0
72,3,13,1,0.0,3.8761011266018324,3.8761011266018324
72,3,13,2,0.0,3.8761011266018324,3.8761011266018324
72,3,13,3,0.0,0.0,0.0
72,3,14,1,0.0,3.8761011266018324,3.8761011266018324
72,3,14,2,0.0,0.0,0.0
72,3,14,3,0.0,0.0,0.0
72,3,15,1,0.0,3.8761011266018324,3.8761011266018324
72,3,15,2,0.0,0.0,0.0
72,3,15,3,0.0,0.0,0.0
72,3,16,1,0.0,3.8761011266018324,3.8761011266018324
72,3,16,2,0.0,0.0,0.0
72,3,16,3,0.0,0.0,0.0
72,3,17,1,0.0,3.8761011266018324,3.8761011266018324
72,3,17,2,0.0,0.0,0.0
72,3,17,3,0.0,0.0,0.0
72,3,18,1,0.0,3.8761011266018324,3.8761011266018324
72,3,18,2,0.0,0.0,0.0
72,3,18,3,0.0,0.0,0.0
72,3,19,1,0.0,3.8761011266018324,3.8761011266018324
72,3,19,2,0.0,0.0,0.0
72,3,19,3,0.0,0.0,0.0
72,3,20,1,0.0,3.8761011266018324,3.8761011266018324
72,3,20,2,0.0,0.0,0.0
72,3,20,3,0.0,0.0,0.0
72,2,1,1,4.670201183380856,3.8761011266018324,8.54630230998269
72,2,1,2,0.0,0.0,0.0
72,2,1,3,0.0,0.0,0.0
72,2,2,1,0.7941000567790231,3.8761011266018324,4.670201183380856
72,2,2,2,0.0,0.0,0.0
72,2,2,3,0.0,0.0,0.0
72,2,3,1,0.7941000567790231,3.8761011266018324,4.670201183380856
72,2,3,2,3.8761011266018324,3.8761011266018324,7.752202253203665
72,2,3,3,0.0,0.0,0.0
72,2,4,1,0.0,0.0,0.0
72,2,4,2,0.0,3.8761011266018324,3.8761011266018324
72,2,4,3,0.0,0.0,0.0
72,2,5,1,0.0,0.0,0.0
72,2,5,2,0.0,3.8761011266018324,3.8761011266018324
72,2,5,3,0.0,0.0,0.0
72,2,6,1,0.0,0.0,0.0
72,2,6,2,0.0,3.8761011266018324,3.8761011266018324
72,2,6,3,0.0,0.0,0.0
72,2,7,1,0.0,0.0,0.0
72,2,7,2,0.0,3.8761011266018324,3.8761011266018324
72,2,7,3,0.0,0.0,0.0
72,2,8,1,0.0,0.0,0.0
72,2,8,2,0.0,3.8761011266018324,3.8761011266018324
72,2,8,3,0.0,0.0,0.0
72,2,9,1,0.0,0.0,0.0
72,2,9,2,0.0,3.8761011266018324,3.8761011266018324
72,2,9,3,0.0,0.0,0.0
72,2,10,1,0.0,0.0,0.0
72,2,10,2,0.0,3.8761011266018324,3.8761011266018324
72,2,10,3,0.0,0.0,0.0
72,2,11,1,0.0,0.0,0.0
72,2,11,2,0.0,3.8761011266018324,3.8761011266018324
72,2,11,3,0.0,0.0,0.0
72,2,12,1,0.0,0.0,0.0
72,2,12,2,0.0,3.8761011266018324,3.8761011266018324
72,2,12,3,0.0,0.0,0.0
72,2,13,1,0.0,0.0,0.0
72,2,13,2,0.0,3.8761011266018324,3.8761011266018324
72,2,13,3,0.0,0.0,0.0
72,2,14,1,0.0,0.0,0.0
72,2,14,2,0.0,3.8761011266018324,3.8761011266018324
72,2,14,3,0.0,0.0,0.0
72,2,15,1,0.0,0.0,0.0
72,2,15,2,0.0,3.8761011266018324,3.8761011266018324
72,2,15,3,0.0,0.0,0.0
72,2,16,1,0.0,0.0,0.0
72,2,16,2,0.0,3.8761011266018324,3.8761011266018324
72,2,16,3,0.0,0.0,0.0
72,2,17,1,0.0,0.0,0.0
72,2,17,2,0.0,3.8761011266018324,3.8761011266018324
72,2,17,3,0.0,0.0,0.0
72,2,18,1,0.0,0.0,0.0
72,2,18,2,0.0,3.8761011266018324,3.8761011266018324
72,2,18,3,0.0,0.0,0.0
72,2,19,1,0.0,0.0,0.0
72,2,19,2,0.0,3.8761011266018324,3.8761011266018324
72,2,19,3,0.0,0.0,0.0
72,2,20,1,0.0,0.0,0.0
72,2,20,2,0.0,3.8761011266018324,3.8761011266018324
72,2,20,3,0.0,0.0,0.0
72,1,1,1,4.670201183380856,3.8761011266018324,8.54630230998269
72,1,1,2,2.794100056779023,2.0,4.794100056779023
72,1,1,3,2.0,2.0,4.0
72,1,2,1,0.0,0.0,0.0
72,1,2,2,0.0,0.0,0.0
72,1,2,3,0.0,2.0,2.0
72,1,3,1,0.0,0.0,0.0
72,1,3,2,0.0,0.0,0.0
72,1,3,3,0.0,2.0,2.0
72,1,4,1,0.0,0.0,0.0
72,1,4,2,0.0,0.0,0.0
72,1,4,3,0.0,2.0,2.0
72,1,5,1,0.0,0.0,0.0
72,1,5,2,0.0,0.0,0.0
72,1,5,3,0.0,2.0,2.0
72,1,6,1,0.0,0.0,0.0
72,1,6,2,0.0,0.0,0.0
72,1,6,3,0.0,2.0,2.0
72,1,7,1,0.0,0.0,0.0
72,1,7,2,0.0,0.0,0.0
72,1,7,3,0.0,2.0,2.0
72,1,8,1,0.0,0.0,0.0
72,1,8,2,0.0,0.0,0.0
72,1,8,3,0.0,2.0,2.0
72,1,9,1,0.0,0.0,0.0
72,1,9,2,0.0,0.0,0.0
72,1,9,3,0.0,2.0,2.0
72,1,10,1,0.0,0.0,0.0
72,1,10,2,0.0,0.0,0.0
72,1,10,3,0.0,2.0,2.0
72,1,11,1,0.0,0.0,0.0
72,1,11,2,0.0,0.0,0.0
72,1,11,3,0.0,2.0,2.0
72,1,12,1,0.0,0.0,0.0
72,1,12,2,0.0,0.0,0.0
72,1,12,3,0.0,2.0,2.0
72,1,13,1,0.0,0.0,0.0
72,1,13,2,0.0,0.0,0.0
72,1,13,3,0.0,2.0,2.0
72,1,14,1,0.0,0.0,0.0
72,1,14,2,0.0,0.0,0.0
72,1,14,3,0.0,2.0,2.0
72,1,15,1,0.0,0.0,0.0
72,1,15,2,0.0,0.0,0.0
72,1,15,3,0.0,2.0,2.0
72,1,16,1,0.0,0.0,0.0
72,1,16,2,0.0,0.0,0.0
72,1,16,3,0.0,2.0,2.0
72,1,17,1,0.0,0.0,0.0
72,1,17,2,0.0,0.0,0.0
72,1,17,3,0.0,2.0,2.0
72,1,18,1,0.0,0.0,0.0
72,1,18,2,0.0,0.0,0.0
72,1,18,3,0.0,2.0,2.0
72,1,19,1,0.7941000567790231,3.8761011266018324,4.670201183380856
72,1,19,2,0.7941000567790231,2.0,2.794100056779023
72,1,19,3,0.0,2.0,2.0
72,1,20,1,0.0,0.0,0.0
72,1,20,2,0.0,0.0,0.0
72,1,20,3,0.0,2.0,2.0
73,3,1,1,3.8761011266018324,3.8761011266018324,7.752202253203665
73,3,1,2,3.8761011266018324,3.8761011266018324,7.752202253203665
73,3,1,3,0.0,0.0,0.0
73,3,2,1,3.8761011266018324,3.8761011266018324,7.752202253203665
73,3,2,2,0.0,3.8761011266018324,3.8761011266018324
73,3,2,3,2.0,2.0,4.0
73,3,3,1,0.0,3.8761011266018324,3.8761011266018324
73,3,3,2,0.0,0.0,0.0
73,3,3,3,0.0,0.0,0.0
73,3,4,1,0.0,3.8761011266018324,3.8761011266018324
73,3,4,2,0.0,3.8761011266018324,3.8761011266018324
73,3,4,3,0.0,0.0,0.0
73,3,5,1,0.0,3.8761011266018324,3.8761011266018324
73,3,5,2,0.0,0.0,0.0
73,3,5,3,0.0,0.0,0.0
73,3,6,1,0.0,3.8761011266018324,3.8761011266018324
73,3,6,2,0.0,0.0,0.0
73,3,6,3,0.0,0.0,0.0
73,3,7,1,0.0,3.8761011266018324,3.8761011266018324
73,3,7,2,0.0,0.0,0.0
73,3,7,3,0.0,0.0,0.0
73,3,8,1,0.0,3.8761011266018324,3.8761011266018324
73,3,8,2,0.0,3.8761011266018324,3.8761011266018324
73,3,8,3,0.0,0.0,0.0
73,3,9,1,0.0,0.0,0.0
73,3,9,2,0.0,3.8761011266018324,3.8761011266018324
73,3,9,3,0.0,0.0,0.0
73,3,10,1,0.0,3.8761011266018324,3.8761011266018324
73,3,10,2,0.0,0.0,0.0
73,3,10,3,0.0,0.0,0.0
73,3,11,1,0.0,3.8761011266018324,3.8761011266018324
73,3,11,2,0.0,0.0,0.0
73,3,11,3,0.0,0.0,0.0
73,3,12,1,0.0,3.8761011266018324,3.8761011266018324
73,3,12,2,0.0,3.8761011266018324,3.8761011266018324
73,3,12,3,0.0,0.0,0.0
73,3,13,1,0.0,3.8761011266018324,3.8761011266018324
73,3,13,2,0.0,0.0,0.0
73,3,13,3,0.0,0.0,0.0
73,3,14,1,0.0,3.8761011266018324,3.8761011266018324
73,3,14,2,0.0,0.0,0.0
73,3,14,3,0.0,0.0,0.0
73,3,15,1,0.0,3.8761011266018324,3.8761011266018324
73,3,15,2,0.0,0.0,0.0
73,3,15,3,0.0,0.0,0.0
73,3,16,1,0.0,3.8761011266018324,3.8761011266018324
73,3,16,2,0.0,3.8761011266018324,3.8761011266018324
73,3,16,3,0.0,0.0,0.0
73,3,17,1,0.0,0.0,0.0
73,3,17,2,0.0,3.8761011266018324,3.8761011266018324
73,3,17,3,0.0,0.0,0.0
73,3,18,1,0.0,0.0,0.0
73,3,18,2,0.0,3.8761011266018324,3.8761011266018324
73,3,18,3,0.0,0.0,0.0
73,3,19,1,0.0,0.0,0.0
73,3,19,2,0.0,3.8761011266018324,3.8761011266018324
73,3,19,3,0.0,0.0,0.0
73,3,20,1,0.0,0.0,0.0
73,3,20,2,0.0,3.8761011266018324,3.8761011266018324
73,3,20,3,0.0,0.0,0.0
73,2,1,1,4.670201183380856,3.8761011266018324,8.54630230998269
73,2,1,2,3.8761011266018324,3.8761011266018324,7.752202253203665
73,2,1,3,0.0,0.0,0.0
73,2,2,1,0.0,0.0,0.0
73,2,2,2,0.0,3.8761011266018324,3.8761011266018324
73,2,2,3,0.0,0.0,0.0
73,2,3,1,0.0,0.0,0.0
73,2,3,2,0.0,3.8761011266018324,3.8761011266018324
73,2,3,3,0.0,0.0,0.0
73,2,4,1,0.0,0.0,0.0
73,2,4,2,0.0,3.8761011266018324,3.8761011266018324
73,2,4,3,0.0,0.0,0.0
73,2,5,1,0.0,0.0,0.0
73,2,5,2,0.0,3.8761011266018324,3.8761011266018324
73,2,5,3,0.0,0.0,0.0
73,2,6,1,0.0,0.0,0.0
73,2,6,2,0.0,3.8761011266018324,3.8761011266018324
73,2,6,3,0.0,0.0,0.0
73,2,7,1,0.0,0.0,0.0
73,2,7,2,0.0,3.8761011266018324,3.8761011266018324
73,2,7,3,0.0,0.0,0.0
73,2,8,1,0.0,0.0,0.0
73,2,8,2,0.0,3.8761011266018324,3.8761011266018324
73,2,8,3,0.0,0.0,0.0
73,2,9,1,0.0,0.0,0.0
73,2,9,2,0.0,3.8761011266018324,3.8761011266018324
73,2,9,3,0.0,0.0,0.0
73,2,10,1,0.0,0.0,0.0
73,2,10,2,0.0,3.8761011266018324,3.8761011266018324
73,2,10,3,2.0,2.0,4.0
73,2,11,1,0.0,0.0,0.0
73,2,11,2,0.0,0.0,0.0
73,2,11,3,0.0,2.0,2.0
73,2,12,1,0.0,0.0,0.0
73,2,12,2,0.0,0.0,0.0
73,2,12,3,0.0,2.0,2.0
73,2,13,1,0.7941000567790231,3.8761011266018324,4.670201183380856
73,2,13,2,0.0,0.0,0.0
73,2,13,3,0.0,0.0,0.0
73,2,14,1,0.7941000567790231,3.8761011266018324,4.670201183380856
73,2,14,2,0.0,0.0,0.0
73,2,14,3,0.0,0.0,0.0
73,2,15,1,0.7941000567790231,3.8761011266018324,4.670201183380856
73,2,15,2,0.0,3.8761011266018324,3.8761011266018324
73,2,15,3,0.0,0.0,0.0
73,2,16,1,0.0,0.0,0.0
73,2,16,2,0.0,3.8761011266018324,3.8761011266018324
73,2,16,3,0.0,0.0,0.0
73,2,17,1,0.0,0.0,0.0
73,2,17,2,0.0,3.8761011266018324,3.8761011266018324
73,2,17,3,0.0,0.0,0.0
73,2,18,1,0.0,0.0,0.0
73,2,18,2,0.0,3.8761011266018324,3.8761011266018324
73,2,18,3,0.0,0.0,0.0
73,2,19,1,0.0,0.0,0.0
73,2,19,2,0.0,3.8761011266018324,3.8761011266018324
73,2,19,3,0.0,0.0,0.0
73,2,20,1,0.0,0.0,0.0
73,2,20,2,0.0,3.8761011266018324,3.8761011266018324
73,2,20,3,0.0,0.0,0.0
73,1,1,1,4.670201183380856,3.8761011266018324,8.54630230998269
73,1,1,2,0.0,0.0,0.0
73,1,1,3,0.0,0.0,0.0
73,1,2,1,0.7941000567790231,3.8761011266018324,4.670201183380856
73,1,2,2,2.794100056779023,2.0,4.794100056779023
73,1,2,3,0.0,0.0,0.0
73,1,3,1,0.0,0.0,0.0
73,1,3,2,0.7941000567790231,2.0,2.794100056779023
73,1,3,3,2.0,2.0,4.0
73,1,4,1,0.0,0.0,0.0
73,1,4,2,0.0,0.0,0.0
73,1,4,3,0.0,2.0,2.0
73,1,5,1,0.0,0.0,0.0
73,1,5,2,0.0,0.0,0.0
73,1,5,3,0.0,2.0,2.0
73,1,6,1,0.0,0.0,0.0
73,1,6,2,0.0,0.0,0.0
73,1,6,3,0.0,2.0,2.0
73,1,7,1,0.0,0.0,0.0
73,1,7,2,0.0,0.0,0.0
73,1,7,3,0.0,2.0,2.0
73,1,8,1,0.0,0.0,0.0
73,1,8,2,0.0,0.0,0.0
73,1,8,3,0.0,2.0,2.0
73,1,9,1,0.0,0.0,0.0
73,1,9,2,0.0,0.0,0.0
73,1,9,3,0.0,2.0,2.0
73,1,10,1,0.0,0.0,0.0
73,1,10,2,0.0,0.0,0.0
73,1,10,3,0.0,2.0,2.0
73,1,11,1,0.0,0.0,0.0
73,1,11,2,0.0,0.0,0.0
73,1,11,3,0.0,2.0,2.0
73,1,12,1,0.0,0.0,0.0
73,1,12,2,0.0,0.0,0.0
73,1,12,3,0.0,2.0,2.0
73,1,13,1,0.0,0.0,0.0
73,1,13,2,0.0,0.0,0.0
73,1,13,3,0.0,2.0,2.0
73,1,14,1,0.0,0.0,0.0
73,1,14,2,0.0,0.0,0.0
73,1,14,3,0.0,2.0,2.0
73,1,15,1,0.0,0.0,0.0
73,1,15,2,0.0,0.0,0.0
73,1,15,3,0.0,2.0,2.0
73,1,16,1,0.0,0.0,0.0
73,1,16,2,0.0,0.0,0.0
73,1,16,3,0.0,2.0,2.0
73,1,17,1,0.0,0.0,0.0
73,1,17,2,0.0,0.0,0.0
73,1,17,3,0.0,2.0,2.0
73,1,18,1,0.0,0.0,0.0
73,1,18,2,0.0,0.0,0.0
73,1,18,3,0.0,0.0,0.0
73,1,19,1,0.7941000567790231,3.8761011266018324,4.670201183380856
73,1,19,2,0.0,2.0,2.0
73,1,19,3,0.0,0.0,0.0
73,1,20,1,0.0,0.0,0.0
73,1,20,2,0.0,2.0,2.0
73,1,20,3,0.0,2.0,2.0
74,3,1,1,3.8761011266018324,3.8761011266018324,7.752202253203665
74,3,1,2,0.0,0.0,0.0
74,3,1,3,0.0,0.0,0.0
74,3,2,1,3.8761011266018324,3.8761011266018324,7.752202253203665
74,3,2,2,0.0,0.0,0.0
74,3,2,3,0.0,0.0,0.0
74,3,3,1,0.0,3.8761011266018324,3.8761011266018324
74,3,3,2,0.0,0.0,0.0
74,3,3,3,0.0,0.0,0.0
74,3,4,1,0.0,3.8761011266018324,3.8761011266018324
74,3,4,2,0.0,0.0,0.0
74,3,4,3,0.0,0.0,0.0
74,3,5,1,0.0,3.8761011266018324,3.8761011266018324
74,3,5,2,3.8761011266018324,3.8761011266018324,7.752202253203665
74,3,5,3,0.0,0.0,0.0
74,3,6,1,0.0,3.8761011266018324,3.8761011266018324
74,3,6,2,0.0,3.8761011266018324,3.8761011266018324
74,3,6,3,0.0,0.0,0.0
74,3,7,1,0.0,0.0,0.0
74,3,7,2,0.0,3.8761011266018324,3.8761011266018324
74,3,7,3,0.0,0.0,0.0
74,3,8,1,0.0,0.0,0.0
74,3,8,2,0.0,3.8761011266018324,3.8761011266018324
74,3,8,3,0.0,0.0,0.0
74,3,9,1,0.0,0.0,0.0
74,3,9,2,0.0,3.8761011266018324,3.8761011266018324
74,3,9,3,0.0,0.0,0.0
74,3,10,1,0.0,3.8761011266018324,3.8761011266018324
74,3,10,2,0.0,0.0,0.0
74,3,10,3,0.0,0.0,0.0
74,3,11,1,0.0,3.8761011266018324,3.8761011266018324
74,3,11,2,0.0,0.0,0.0
74,3,11,3,0.0,0.0,0.0
74,3,12,1,0.0,3.8761011266018324,3.8761011266018324
74,3,12,2,0.0,0.0,0.0
74,3,12,3,0.0,0.0,0.0
74,3,13,1,0.0,3.8761011266018324,3.8761011266018324
74,3,13,2,0.0,3.8761011266018324,3.8761011266018324
74,3,13,3,0.0,0.0,0.0
74,3,14,1,0.0,0.0,0.0
74,3,14,2,0.0,3.8761011266018324,3.8761011266018324
74,3,14,3,0.0,0.0,0.0
74,3,15,1,0.0,3.8761011266018324,3.8761011266018324
74,3,15,2,0.0,0.0,0.0
74,3,15,3,0.0,0.0,0.0
74,3,16,1,0.0,3.8761011266018324,3.8761011266018324
74,3,16,2,0.0,0.0,0.0
74,3,16,3,0.0,0.0,0.0
74,3,17,1,0.0,3.8761011266018324,3.8761011266018324
74,3,17,2,0.0,0.0,0.0
74,3,17,3,0.0,0.0,0.0
74,3,18,1,0.0,3.8761011266018324,3.8761011266018324
74,3,18,2,0.0,0.0,0.0
74,3,18,3,0.0,0.0,0.0
74,3,19,1,0.0,3.8761011266018324,3.8761011266018324
74,3,19,2,0.0,0.0,0.0
74,3,19,3,0.0,0.0,0.0
74,3,20,1,0.0,3.8761011266018324,3.8761011266018324
74,3,20,2,0.0,0.0,0.0
74,3,20,3,0.0,0.0,0.0
74,2,1,1,4.670201183380856,3.8761011266018324,8.54630230998269
74,2,1,2,3.8761011266018324,3.8761011266018324,7.752202253203665
74,2,1,3,0.0,0.0,0.0
74,2,2,1,0.0,0.0,0.0
74,2,2,2,0.0,3.8761011266018324,3.8761011266018324
74,2,2,3,0.0,0.0,0.0
74,2,3,1,0.0,0.0,0.0
74,2,3,2,0.0,3.8761011266018324,3.8761011266018324
74,2,3,3,0.0,0.0,0.0
74,2,4,1,0.0,0.0,0.0
74,2,4,2,0.0,3.8761011266018324,3.8761011266018324
74,2,4,3,0.0,0.0,0.0
74,2,5,1,0.0,0.0,0.0
74,2,5,2,0.0,3.8761011266018324,3.8761011266018324
74,2,5,3,0.0,0.0,0.0
74,2,6,1,0.0,0.0,0.0
74,2,6,2,0.0,3.8761011266018324,3.8761011266018324
74,2,6,3,2.0,2.0,4.0
74,2,7,1,0.0,0.0,0.0
74,2,7,2,0.0,0.0,0.0
74,2,7,3,0.0,2.0,2.0
74,2,8,1,0.7941000567790231,3.8761011266018324,4.670201183380856
74,2,8,2,0.0,0.0,0.0
74,2,8,3,0.0,0.0,0.0
74,2,9,1,0.7941000567790231,3.8761011266018324,4.670201183380856
74,2,9,2,0.0,3.8761011266018324,3.8761011266018324
74,2,9,3,0.0,0.0,0.0
74,2,10,1,0.0,0.0,0.0
74,2,10,2,0.0,3.8761011266018324,3.8761011266018324
74,2,10,3,0.0,0.0,0.0
74,2,11,1,0.0,0.0,0.0
74,2,11,2,0.0,3.8761011266018324,3.8761011266018324
74,2,11,3,0.0,0.0,0.0
74,2,12,1,0.0,0.0,0.0
74,2,12,2,0.0,3.8761011266018324,3.8761011266018324
74,2,12,3,0.0,0.0,0.0
74,2,13,1,0.0,0.0,0.0
74,2,13,2,0.0,3.8761011266018324,3.8761011266018324
74,2,13,3,0.0,0.0,0.0
74,2,14,1,0.0,0.0,0.0
74,2,14,2,0.0,3.8761011266018324,3.8761011266018324
74,2,14,3,0.0,0.0,0.0
74,2,15,1,0.0,0.0,0.0
74,2,15,2,0.0,3.8761011266018324,3.8761011266018324
74,2,15,3,0.0,0.0,0.0
74,2,16,1,0.0,0.0,0.0
74,2,16,2,0.0,3.8761011266018324,3.8761011266018324
74,2,16,3,0.0,0.0,0.0
74,2,17,1,0.0,0.0,0.0
74,2,17,2,0.0,3.8761011266018324,3.8761011266018324
74,2,17,3,0.0,0.0,0.0
74,2,18,1,0.0,0.0,0.0
74,2,18,2,0.0,3.8761011266018324,3.8761011266018324
74,2,18,3,0.0,0.0,0.0
74,2,19,1,0.0,0.0,0.0
74,2,19,2,0.0,3.8761011266018324,3.8761011266018324
74,2,19,3,0.0,0.0,0.0
74,2,20,1,0.0,0.0,0.0
74,2,20,2,0.0,3.8761011266018324,3.8761011266018324
74,2,20,3,0.0,0.0,0.0
74,1,1,1,4.670201183380856,3.8761011266018324,8.54630230998269
74,1,1,2,0.0,0.0,0.0
74,1,1,3,0.0,0.0,0.0
74,1,2,1,0.7941000567790231,3.8761011266018324,4.670201183380856
74,1,2,2,2.794100056779023,2.0,4.794100056779023
74,1,2,3,2.0,2.0,4.0
74,1,3,1,0.0,0.0,0.0
74,1,3,2,0.0,0.0,0.0
74,1,3,3,0.0,2.0,2.0
74,1,4,1,0.0,0.0,0.0
74,1,4,2,0.0,0.0,0.0
74,1,4,3,0.0,2.0,2.0
74,1,5,1,0.0,0.0,0.0
74,1,5,2,0.0,0.0,0.0
74,1,5,3,0.0,2.0,2.0
74,1,6,1,0.0,0.0,0.0
74,1,6,2,0.0,0.0,0.0
74,1,6,3,0.0,2.0,2.0
74,1,7,1,0.0,0.0,0.0
74,1,7,2,0.0,0.0,0.0
74,1,7,3,0.0,2.0,2.0
74,1,8,1,0.0,0.0,0.0
74,1,8,2,0.0,0.0,0.0
74,1,8,3,0.0,2.0,2.0
74,1,9,1,0.0,0.0,0.0
74,1,9,2,0.0,0.0,0.0
74,1,9,3,0.0,2.0,2.0
74,1,10,1,0.0,0.0,0.0
74,1,10,2,0.0,0.0,0.0
74,1,10,3,0.0,2.0,2.0
74,1,11,1,0.0,0.0,0.0
74,1,11,2,0.0,0.0,0.0
74,1,11,3,0.0,2.0,2.0
74,1,12,1,0.0,0.0,0.0
74,1,12,2,0.0,0.0,0.0
74,1,12,3,0.0,2.0,2.0
74,1,13,1,0.0,0.0,0.0
74,1,13,2,0.0,0.0,0.0
74,1,13,3,0.0,2.0,2.0
74,1,14,1,0.0,0.0,0.0
74,1,14,2,0.0,0.0,0.0
74,1,14,3,0.0,2.0,2.0
74,1,15,1,0.0,0.0,0.0
74,1,15,2,0.0,0.0,0.0
74,1,15,3,0.0,2.0,2.0
74,1,16,1,0.0,0.0,0.0
74,1,16,2,0.0,0.0,0.0
74,1,16,3,0.0,2.0,2.0
74,1,17,1,0.0,0.0,0.0
74,1,17,2,0.0,0.0,0.0
74,1,17,3,0.0,2.0,2.0
74,1,18,1,0.0,0.0,0.0
74,1,18,2,0.0,0.0,0.0
74,1,18,3,0.0,2.0,2.0
74,1,19,1,0.0,0.0,0.0
74,1,19,2,0.0,0.0,0.0
74,1,19,3,0.0,2.0,2.0
74,1,20,1,0.0,0.0,0.0
74,1,20,2,0.0,0.0,0.0
74,1,20,3,0.0,2.0,2.0
75,3,1,1,3.8761011266018324,3.8761011266018324,7.752202253203665
75,3,1,2,0.0,0.0,0.0
75,3,1,3,0.0,0.0,0.0
75,3,2,1,3.8761011266018324,3.8761011266018324,7.752202253203665
75,3,2,2,0.0,0.0,0.0
75,3,2,3,0.0,0.0,0.0
75,3,3,1,0.0,3.8761011266018324,3.8761011266018324
75,3,3,2,0.0,0.0,0.0
75,3,3,3,0.0,0.0,0.0
75,3,4,1,0.0,3.8761011266018324,3.8761011266018324
75,3,4,2,0.0,0.0,0.0
75,3,4,3,0.0,0.0,0.0
75,3,5,1,0.0,3.8761011266018324,3.8761011266018324
75,3,5,2,0.0,0.0,0.0
75,3,5,3,0.0,0.0,0.0
75,3,6,1,0.0,3.8761011266018324,3.8761011266018324
75,3,6,2,3.8761011266018324,3.8761011266018324,7.752202253203665
75,3,6,3,0.0,0.0,0.0
75,3,7,1,0.0,0.0,0.0
75,3,7,2,0.0,3.8761011266018324,3.8761011266018324
75,3,7,3,0.0,0.0,0.0
75,3,8,1,0.0,3.8761011266018324,3.8761011266018324
75,3,8,2,0.0,0.0,0.0
75,3,8,3,0.0,0.0,0.0
75,3,9,1,0.0,3.8761011266018324,3.8761011266018324
75,3,9,2,0.0,0.0,0.0
75,3,9,3,0.0,0.0,0.0
75,3,10,1,0.0,3.8761011266018324,3.8761011266018324
75,3,10,2,0.0,0.0,0.0
75,3,10,3,0.0,0.0,0.0
75,3,11,1,0.0,3.8761011266018324,3.8761011266018324
75,3,11,2,0.0,0.0,0.0
75,3,11,3,0.0,0.0,0.0
75,3,12,1,0.0,3.8761011266018324,3.8761011266018324
75,3,12,2,0.0,3.8761011266018324,3.8761011266018324
75,3,12,3,0.0,0.0,0.0
75,3,13,1,0.0,3.8761011266018324,3.8761011266018324
75,3,13,2,0.0,0.0,0.0
75,3,13,3,0.0,0.0,0.0
75,3,14,1,0.0,3.8761011266018324,3.8761011266018324
75,3,14,2,0.0,0.0,0.0
75,3,14,3,0.0,0.0,0.0
75,3,15,1,0.0,3.8761011266018324,3.8761011266018324
75,3,15,2,0.0,0.0,0.0
75,3,15,3,0.0,0.0,0.0
75,3,16,1,0.0,3.8761011266018324,3.8761011266018324
75,3,16,2,0.0,0.0,0.0
75,3,16,3,0.0,0.0,0.0
75,3,17,1,0.0,3.8761011266018324,3.8761011266018324
75,3,17,2,0.0,0.0,0.0
75,3,17,3,0.0,0.0,0.0
75,3,18,1,0.0,3.8761011266018324,3.8761011266018324
75,3,18,2,0.0,0.0,0.0
75,3,18,3,0.0,0.0,0.0
75,3,19,1,0.0,3.8761011266018324,3.8761011266018324
75,3,19,2,0.0,0.0,0.0
75,3,19,3,0.0,0.0,0.0
75,3,20,1,0.0,3.8761011266018324,3.8761011266018324
75,3,20,2,0.0,0.0,0.0
75,3,20,3,0.0,0.0,0.0
75,2,1,1,4.670201183380856,3.8761011266018324,8.54630230998269
75,2,1,2,0.0,0.0,0.0
75,2,1,3,0.0,0.0,0.0
75,2,2,1,0.7941000567790231,3.8761011266018324,4.670201183380856
75,2,2,2,3.8761011266018324,3.8761011266018324,7.752202253203665
75,2,2,3,0.0,0.0,0.0
75,2,3,1,0.0,0.0,0.0
75,2,3,2,0.0,3.8761011266018324,3.8761011266018324
75,2,3,3,0.0,0.0,0.0
75,2,4,1,0.0,0.0,0.0
75,2,4,2,0.0,3.8761011266018324,3.8761011266018324
75,2,4,3,0.0,0.0,0.0
75,2,5,1,0.0,0.0,0.0
75,2,5,2,0.0,3.8761011266018324,3.8761011266018324
75,2,5,3,0.0,0.0,0.0
75,2,6,1,0.0,0.0,0.0
75,2,6,2,0.0,3.8761011266018324,3.8761011266018324
75,2,6,3,0.0,0.0,0.0
75,2,7,1,0.0,0.0,0.0
75,2,7,2,0.0,3.8761011266018324,3.8761011266018324
75,2,7,3,0.0,0.0,0.0
75,2,8,1,0.0,0.0,0.0
75,2,8,2,0.0,3.8761011266018324,3.8761011266018324
75,2,8,3,0.0,0.0,0.0
75,2,9,1,0.0,0.0,0.0
75,2,9,2,0.0,3.8761011266018324,3.8761011266018324
75,2,9,3,0.0,0.0,0.0
75,2,10,1,0.0,0.0,0.0
75,2,10,2,0.0,3.8761011266018324,3.8761011266018324
75,2,10,3,2.0,2.0,4.0
75,2,11,1,0.7941000567790231,3.8761011266018324,4.670201183380856
75,2,11,2,0.0,3.8761011266018324,3.8761011266018324
75,2,11,3,0.0,0.0,0.0
75,2,12,1,0.0,0.0,0.0
75,2,12,2,0.0,3.8761011266018324,3.8761011266018324
75,2,12,3,0.0,0.0,0.0
75,2,13,1,0.0,0.0,0.0
75,2,13,2,0.0,3.8761011266018324,3.8761011266018324
75,2,13,3,0.0,0.0,0.0
75,2,14,1,0.0,0.0,0.0
75,2,14,2,0.0,3.8761011266018324,3.8761011266018324
75,2,14,3,0.0,0.0,0.0
75,2,15,1,0.0,0.0,0.0
75,2,15,2,0.0,3.8761011266018324,3.8761011266018324
75,2,15,3,0.0,0.0,0.0
75,2,16,1,0.0,0.0,0.0
75,2,16,2,0.0,3.8761011266018324,3.8761011266018324
75,2,16,3,0.0,0.0,0.0
75,2,17,1,0.0,0.0,0.0
75,2,17,2,0.0,3.8761011266018324,3.8761011266018324
75,2,17,3,0.0,0.0,0.0
75,2,18,1,0.0,0.0,0.0
75,2,18,2,0.0,3.8761011266018324,3.8761011266018324
75,2,18,3,0.0,0.0,0.0
75,2,19,1,0.0,0.0,0.0
75,2,19,2,0.0,3.8761011266018324,3.8761011266018324
75,2,19,3,0.0,0.0,0.0
75,2,20,1,0.0,0.0,0.0
75,2,20,2,0.0,3.8761011266018324,3.8761011266018324
75,2,20,3,0.0,0.0,0.0
75,1,1,1,4.670201183380856,3.8761011266018324,8.54630230998269
75,1,1,2,0.0,0.0,0.0
75,1,1,3,0.0,0.0,0.0
75,1,2,1,0.7941000567790231,3.8761011266018324,4.670201183380856
75,1,2,2,2.794100056779023,2.0,4.794100056779023
75,1,2,3,0.0,0.0,0.0
75,1,3,1,0.0,0.0,0.0
75,1,3,2,0.7941000567790231,2.0,2.794100056779023
75,1,3,3,2.0,2.0,4.0
75,1,4,1,0.0,0.0,0.0
75,1,4,2,0.0,0.0,0.0
75,1,4,3,0.0,2.0,2.0
75,1,5,1,0.0,0.0,0.0
75,1,5,2,0.0,0.0,0.0
75,1,5,3,0.0,2.0,2.0
75,1,6,1,0.0,0.0,0.0
75,1,6,2,0.0,0.0,0.0
75,1,6,3,0.0,2.0,2.0
75,1,7,1,0.0,0.0,0.0
75,1,7,2,0.0,0.0,0.0
75,1,7,3,0.0,2.0,2.0
75,1,8,1,0.0,0.0,0.0
75,1,8,2,0.0,0.0,0.0
75,1,8,3,0.0,2.0,2.0
75,1,9,1,0.0,0.0,0.0
75,1,9,2,0.0,0.0,0.0
75,1,9,3,0.0,2.0,2.0
75,1,10,1,0.0,0.0,0.0
75,1,10,2,0.0,0.0,0.0
75,1,10,3,0.0,2.0,2.0
75,1,11,1,0.0,0.0,0.0
75,1,11,2,0.0,0.0,0.0
75,1,11,3,0.0,2.0,2.0
75,1,12,1,0.0,0.0,0.0
75,1,12,2,0.0,0.0,0.0
75,1,12,3,0.0,2.0,2.0
75,1,13,1,0.0,0.0,0.0
75,1,13,2,0.0,0.0,0.0
75,1,13,3,0.0,2.0,2.0
75,1,14,1,0.0,0.0,0.0
75,1,14,2,0.0,0.0,0.0
75,1,14,3,0.0,2.0,2.0
75,1,15,1,0.0,0.0,0.0
75,1,15,2,0.0,0.0,0.0
75,1,15,3,0.0,2.0,2.0
75,1,16,1,0.0,0.0,0.0
75,1,16,2,0.0,0.0,0.0
75,1,16,3,0.0,2.0,2.0
75,1,17,1,0.0,0.0,0.0
75,1,17,2,0.0,0.0,0.0
75,1,17,3,0.0,2.0,2.0
75,1,18,1,0.0,0.0,0.0
75,1,18,2,0.0,0.0,0.0
75,1,18,3,0.0,2.0,2.0
75,1,19,1,0.0,0.0,0.0
75,1,19,2,0.0,0.0,0.0
75,1,19,3,0.0,2.0,2.0
75,1,20,1,0.0,0.0,0.0
75,1,20,2,0.0,0.0,0.0
75,1,20,3,0.0,2.0,2.0
76,3,1,1,3.8761011266018324,3.8761011266018324,7.752202253203665
76,3,1,2,0.0,0.0,0.0
76,3,1,3,0.0,0.0,0.0
76,3,2,1,3.8761011266018324,3.8761011266018324,7.752202253203665
76,3,2,2,0.0,0.0,0.0
76,3,2,3,0.0,0.0,0.0
76,3,3,1,0.0,3.8761011266018324,3.8761011266018324
76,3,3,2,0.0,0.0,0.0
76,3,3,3,0.0,0.0,0.0
76,3,4,1,0.0,3.8761011266018324,3.8761011266018324
76,3,4,2,3.8761011266018324,3.8761011266018324,7.752202253203665
76,3,4,3,0.0,0.0,0.0
76,3,5,1,0.0,3.8761011266018324,3.8761011266018324
76,3,5,2,0.0,0.0,0.0
76,3,5,3,0.0,0.0,0.0
76,3,6,1,0.0,3.8761011266018324,3.8761011266018324
76,3,6,2,0.0,3.8761011266018324,3.8761011266018324
76,3,6,3,0.0,0.0,0.0
76,3,7,1,0.0,0.0,0.0
76,3,7,2,0.0,3.8761011266018324,3.8761011266018324
76,3,7,3,2.0,2.0,4.0
76,3,8,1,0.0,0.0,0.0
76,3,8,2,0.0,0.0,0.0
76,3,8,3,0.0,2.0,2.0
76,3,9,1,0.0,3.8761011266018324,3.8761011266018324
76,3,9,2,0.0,0.0,0.0
76,3,9,3,0.0,0.0,0.0
76,3,10,1,0.0,3.8761011266018324,3.8761011266018324
76,3,10,2,0.0,3.8761011266018324,3.8761011266018324
76,3,10,3,0.0,0.0,0.0
76,3,11,1,0.0,0.0,0.0
76,3,11,2,0.0,3.8761011266018324,3.8761011266018324
76,3,11,3,0.0,0.0,0.0
76,3,12,1,0.0,0.0,0.0
76,3,12,2,0.0,3.8761011266018324,3.8761011266018324
76,3,12,3,0.0,0.0,0.0
76,3,13,1,0.0,0.0,0.0
76,3,13,2,0.0,3.8761011266018324,3.8761011266018324
76,3,13,3,0.0,0.0,0.0
76,3,14,1,0.0,0.0,0.0
76,3,14,2,0.0,3.8761011266018324,3.8761011266018324
76,3,14,3,0.0,0.0,0.0
76,3,15,1,0.0,0.0,0.0
76,3,15,2,0.0,3.8761011266018324,3.8761011266018324
76,3,15,3,0.0,0.0,0.0
76,3,16,1,0.0,0.0,0.0
76,3,16,2,0.0,3.8761011266018324,3.8761011266018324
76,3,16,3,0.0,0.0,0.0
76,3,17,1,0.0,3.8761011266018324,3.8761011266018324
76,3,17,2,0.0,0.0,0.0
76,3,17,3,0.0,0.0,0.0
76,3,18,1,0.0,3.8761011266018324,3.8761011266018324
76,3,18,2,0.0,0.0,0.0
76,3,18,3,0.0,0.0,0.0
76,3,19,1,0.0,3.8761011266018324,3.8761011266018324
76,3,19,2,0.0,0.0,0.0
76,3,19,3,0.0,0.0,0.0
76,3,20,1,0.0,3.8761011266018324,3.8761011266018324
76,3,20,2,0.0,0.0,0.0
76,3,20,3,0.0,0.0,0.0
76,2,1,1,4.670201183380856,3.8761011266018324,8.54630230998269
76,2,1,2,0.0,0.0,0.0
76,2,1,3,0.0,0.0,0.0
76,2,2,1,0.7941000567790231,3.8761011266018324,4.670201183380856
76,2,2,2,0.0,0.0,0.0
76,2,2,3,0.0,0.0,0.0
76,2,3,1,0.7941000567790231,3.8761011266018324,4.670201183380856
76,2,3,2,0.0,0.0,0.0
76,2,3,3,0.0,0.0,0.0
76,2,4,1,0.7941000567790231,3.8761011266018324,4.670201183380856
76,2,4,2,3.8761011266018324,3.8761011266018324,7.752202253203665
76,2,4,3,0.0,0.0,0.0
76,2,5,1,0.0,0.0,0.0
76,2,5,2,0.0,3.8761011266018324,3.8761011266018324
76,2,5,3,0.0,0.0,0.0
76,2,6,1,0.0,0.0,0.0
76,2,6,2,0.0,3.8761011266018324,3.8761011266018324
76,2,6,3,0.0,0.0,0.0
76,2,7,1,0.0,0.0,0.0
76,2,7,2,0.0,3.8761011266018324,3.8761011266018324
76,2,7,3,0.0,0.0,0.0
76,2,8,1,0.0,0.0,0.0
76,2,8,2,0.0,3.8761011266018324,3.8761011266018324
76,2,8,3,0.0,0.0,0.0
76,2,9,1,0.0,0.0,0.0
76,2,9,2,0.0,3.8761011266018324,3.8761011266018324
76,2,9,3,0.0,0.0,0.0
76,2,10,1,0.0,0.0,0.0
76,2,10,2,0.0,3.8761011266018324,3.8761011266018324
76,2,10,3,0.0,0.0,0.0
76,2,11,1,0.0,0.0,0.0
76,2,11,2,0.0,3.8761011266018324,3.8761011266018324
76,2,11,3,0.0,0.0,0.0
76,2,12,1,0.0,0.0,0.0
76,2,12,2,0.0,3.8761011266018324,3.8761011266018324
76,2,12,3,0.0,0.0,0.0
76,2,13,1,0.0,0.0,0.0
76,2,13,2,0.0,3.8761011266018324,3.8761011266018324
76,2,13,3,0.0,0.0,0.0
76,2,14,1,0.0,0.0,0.0
76,2,14,2,0.0,3.8761011266018324,3.8761011266018324
76,2,14,3,0.0,0.0,0.0
76,2,15,1,0.0,0.0,0.0
76,2,15,2,0.0,3.8761011266018324,3.8761011266018324
76,2,15,3,0.0,0.0,0.0
76,2,16,1,0.0,0.0,0.0
76,2,16,2,0.0,3.8761011266018324,3.8761011266018324
76,2,16,3,2.0,2.0,4.0
76,2,17,1,0.0,3.8761011266018324,3.8761011266018324
76,2,17,2,0.0,3.8761011266018324,3.8761011266018324
76,2,17,3,0.0,0.0,0.0
76,2,18,1,0.0,0.0,0.0
76,2,18,2,0.0,3.8761011266018324,3.8761011266018324
76,2,18,3,0.0,0.0,0.0
76,2,19,1,0.0,0.0,0.0
76,2,19,2,0.0,3.8761011266018324,3.8761011266018324
76,2,19,3,0.0,0.0,0.0
76,2,20,1,0.0,0.0,0.0
76,2,20,2,0.0,3.8761011266018324,3.8761011266018324
76,2,20,3,0.0,0.0,0.0
76,1,1,1,4.670201183380856,3.8761011266018324,8.54630230998269
76,1,1,2,2.794100056779023,2.0,4.794100056779023
76,1,1,3,0.0,0.0,0.0
76,1,2,1,0.0,0.0,0.0
76,1,2,2,0.7941000567790231,2.0,2.794100056779023
76,1,2,3,2.0,2.0,4.0
76,1,3,1,0.0,0.0,0.0
76,1,3,2,0.0,0.0,0.0
76,1,3,3,0.0,0.0,0.0
76,1,4,1,0.7941000567790231,3.8761011266018324,4.670201183380856
76,1,4,2,0.0,2.0,2.0
76,1,4,3,0.0,0.0,0.0
76,1,5,1,0.0,0.0,0.0
76,1,5,2,0.0,2.0,2.0
76,1,5,3,0.0,2.0,2.0
76,1,6,1,0.0,0.0,0.0
76,1,6,2,0.0,0.0,0.0
76,1,6,3,0.0,2.0,2.0
76,1,7,1,0.0,0.0,0.0
76,1,7,2,0.0,0.0,0.0
76,1,7,3,0.0,2.0,2.0
76,1,8,1,0.0,0.0,0.0
76,1,8,2,0.0,0.0,0.0
76,1,8,3,0.0,2.0,2.0
76,1,9,1,0.0,0.0,0.0
76,1,9,2,0.0,0.0,0.0
76,1,9,3,0.0,2.0,2.0
76,1,10,1,0.0,0.0,0.0
76,1,10,2,0.0,0.0,0.0
76,1,10,3,0.0,2.0,2.0
76,1,11,1,0.0,0.0,0.0
76,1,11,2,0.0,0.0,0.0
76,1,11,3,0.0,2.0,2.0
76,1,12,1,0.0,0.0,0.0
76,1,12,2,0.0,0.0,0.0
76,1,12,3,0.0,2.0,2.0
76,1,13,1,0.0,0.0,0.0
76,1,13,2,0.0,0.0,0.0
76,1,13,3,0.0,2.0,2.0
76,1,14,1,0.0,0.0,0.0
76,1,14,2,0.0,0.0,0.0
76,1,14,3,0.0,0.0,0.0
76,1,15,1,0.7941000567790231,3.8761011266018324,4.670201183380856
76,1,15,2,0.0,2.0,2.0
76,1,15,3,0.0,2.0,2.0
76,1,16,1,0.0,0.0,0.0
76,1,16,2,0.0,0.0,0.0
76,1,16,3,0.0,2.0,2.0
76,1,17,1,0.0,0.0,0.0
76,1,17,2,0.0,0.0,0.0
76,1,17,3,0.0,2.0,2.0
76,1,18,1,0.0,0.0,0.0
76,1,18,2,0.0,0.0,0.0
76,1,18,3,0.0,2.0,2.0
76,1,19,1,0.0,0.0,0.0
76,1,19,2,0.0,0.0,0.0
76,1,19,3,0.0,2.0,2.0
76,1,20,1,0.0,0.0,0.0
76,1,20,2,0.0,0.0,0.0
76,1,20,3,0.0,2.0,2.0
77,3,1,1,3.8761011266018324,3.8761011266018324,7.752202253203665
77,3,1,2,3.8761011266018324,3.8761011266018324,7.752202253203665
77,3,1,3,0.0,0.0,0.0
77,3,2,1,0.0,0.0,0.0
77,3,2,2,0.0,3.8761011266018324,3.8761011266018324
77,3,2,3,0.0,0.0,0.0
77,3,3,1,3.8761011266018324,3.8761011266018324,7.752202253203665
77,3,3,2,0.0,3.8761011266018324,3.8761011266018324
77,3,3,3,0.0,0.0,0.0
77,3,4,1,0.0,3.8761011266018324,3.8761011266018324
77,3,4,2,0.0,0.0,0.0
77,3,4,3,0.0,0.0,0.0
77,3,5,1,0.0,3.8761011266018324,3.8761011266018324
77,3,5,2,0.0,0.0,0.0
77,3,5,3,0.0,0.0,0.0
77,3,6,1,0.0,3.8761011266018324,3.8761011266018324
77,3,6,2,0.0,0.0,0.0
77,3,6,3,0.0,0.0,0.0
77,3,7,1,0.0,3.8761011266018324,3.8761011266018324
77,3,7,2,0.0,3.8761011266018324,3.8761011266018324
77,3,7,3,0.0,0.0,0.0
77,3,8,1,0.0,3.8761011266018324,3.8761011266018324
77,3,8,2,0.0,3.8761011266018324,3.8761011266018324
77,3,8,3,0.0,0.0,0.0
77,3,9,1,0.0,3.8761011266018324,3.8761011266018324
77,3,9,2,0.0,0.0,0.0
77,3,9,3,0.0,0.0,0.0
77,3,10,1,0.0,3.8761011266018324,3.8761011266018324
77,3,10,2,0.0,0.0,0.0
77,3,10,3,0.0,0.0,0.0
77,3,11,1,0.0,3.8761011266018324,3.8761011266018324
77,3,11,2,0.0,3.8761011266018324,3.8761011266018324
77,3,11,3,0.0,0.0,0.0
77,3,12,1,0.0,3.8761011266018324,3.8761011266018324
77,3,12,2,0.0,3.8761011266018324,3.8761011266018324
77,3,12,3,0.0,0.0,0.0
77,3,13,1,0.0,0.0,0.0
77,3,13,2,0.0,3.8761011266018324,3.8761011266018324
77,3,13,3,2.0,2.0,4.0
77,3,14,1,0.0,3.8761011266018324,3.8761011266018324
77,3,14,2,0.0,0.0,0.0
77,3,14,3,0.0,0.0,0.0
77,3,15,1,0.0,3.8761011266018324,3.8761011266018324
77,3,15,2,0.0,0.0,0.0
77,3,15,3,0.0,0.0,0.0
77,3,16,1,0.0,3.8761011266018324,3.8761011266018324
77,3,16,2,0.0,0.0,0.0
77,3,16,3,0.0,0.0,0.0
77,3,17,1,0.0,3.8761011266018324,3.8761011266018324
77,3,17,2,0.0,3.8761011266018324,3.8761011266018324
77,3,17,3,0.0,0.0,0.0
77,3,18,1,0.0,3.8761011266018324,3.8761011266018324
77,3,18,2,0.0,0.0,0.0
77,3,18,3,0.0,0.0,0.0
77,3,19,1,0.0,3.8761011266018324,3.8761011266018324
77,3,19,2,0.0,0.0,0.0
77,3,19,3,0.0,0.0,0.0
77,3,20,1,0.0,3.8761011266018324,3.8761011266018324
77,3,20,2,0.0,0.0,0.0
77,3,20,3,0.0,0.0,0.0
77,2,1,1,4.670201183380856,3.8761011266018324,8.54630230998269
77,2,1,2,0.0,0.0,0.0
77,2,1,3,0.0,0.0,0.0
77,2,2,1,0.7941000567790231,3.8761011266018324,4.670201183380856
77,2,2,2,3.8761011266018324,3.8761011266018324,7.752202253203665
77,2,2,3,0.0,0.0,0.0
77,2,3,1,0.0,0.0,0.0
77,2,3,2,0.0,3.8761011266018324,3.8761011266018324
77,2,3,3,0.0,0.0,0.0
77,2,4,1,0.0,0.0,0.0
77,2,4,2,0.0,3.8761011266018324,3.8761011266018324
77,2,4,3,0.0,0.0,0.0
77,2,5,1,0.0,0.0,0.0
77,2,5,2,0.0,3.8761011266018324,3.8761011266018324
77,2,5,3,0.0,0.0,0.0
77,2,6,1,0.0,0.0,0.0
77,2,6,2,0.0,3.8761011266018324,3.8761011266018324
77,2,6,3,0.0,0.0,0.0
77,2,7,1,0.0,0.0,0.0
77,2,7,2,0.0,3.8761011266018324,3.8761011266018324
77,2,7,3,0.0,0.0,0.0
77,2,8,1,0.0,0.0,0.0
77,2,8,2,0.0,3.8761011266018324,3.8761011266018324
77,2,8,3,0.0,0.0,0.0
77,2,9,1,0.0,0.0,0.0
77,2,9,2,0.0,3.8761011266018324,3.8761011266018324
77,2,9,3,0.0,0.0,0.0
77,2,10,1,0.0,0.0,0.0
77,2,10,2,0.0,3.8761011266018324,3.8761011266018324
77,2,10,3,2.0,2.0,4.0
77,2,11,1,0.7941000567790231,3.8761011266018324,4.670201183380856
77,2,11,2,0.0,3.8761011266018324,3.8761011266018324
77,2,11,3,0.0,2.0,2.0
77,2,12,1,0.7941000567790231,3.8761011266018324,4.670201183380856
77,2,12,2,0.0,3.8761011266018324,3.8761011266018324
77,2,12,3,0.0,0.0,0.0
77,2,13,1,0.0,0.0,0.0
77,2,13,2,0.0,3.8761011266018324,3.8761011266018324
77,2,13,3,0.0,0.0,0.0
77,2,14,1,0.0,0.0,0.0
77,2,14,2,0.0,3.8761011266018324,3.8761011266018324
77,2,14,3,0.0,0.0,0.0
77,2,15,1,0.0,0.0,0.0
77,2,15,2,0.0,3.8761011266018324,3.8761011266018324
77,2,15,3,0.0,0.0,0.0
77,2,16,1,0.0,0.0,0.0
77,2,16,2,0.0,3.8761011266018324,3.8761011266018324
77,2,16,3,0.0,0.0,0.0
77,2,17,1,0.0,0.0,0.0
77,2,17,2,0.0,3.8761011266018324,3.8761011266018324
77,2,17,3,0.0,0.0,0.0
77,2,18,1,0.0,0.0,0.0
77,2,18,2,0.0,3.8761011266018324,3.8761011266018324
77,2,18,3,0.0,2.0,2.0
77,2,19,1,0.0,3.8761011266018324,3.8761011266018324
77,2,19,2,0.0,3.8761011266018324,3.8761011266018324
77,2,19,3,0.0,0.0,0.0
77,2,20,1,0.0,0.0,0.0
77,2,20,2,0.0,3.8761011266018324,3.8761011266018324
77,2,20,3,0.0,0.0,0.0
77,1,1,1,4.670201183380856,3.8761011266018324,8.54630230998269
77,1,1,2,0.0,0.0,0.0
77,1,1,3,0.0,0.0,0.0
77,1,2,1,0.7941000567790231,3.8761011266018324,4.670201183380856
77,1,2,2,2.794100056779023,2.0,4.794100056779023
77,1,2,3,0.0,0.0,0.0
77,1,3,1,0.0,0.0,0.0
77,1,3,2,0.7941000567790231,2.0,2.794100056779023
77,1,3,3,2.0,2.0,4.0
77,1,4,1,0.0,0.0,0.0
77,1,4,2,0.0,0.0,0.0
77,1,4,3,0.0,2.0,2.0
77,1,5,1,0.0,0.0,0.0
77,1,5,2,0.0,0.0,0.0
77,1,5,3,0.0,2.0,2.0
77,1,6,1,0.0,0.0,0.0
77,1,6,2,0.0,0.0,0.0
77,1,6,3,0.0,2.0,2.0
77,1,7,1,0.0,0.0,0.0
77,1,7,2,0.0,0.0,0.0
77,1,7,3,0.0,2.0,2.0
77,1,8,1,0.0,0.0,0.0
77,1,8,2,0.0,0.0,0.0
77,1,8,3,0.0,2.0,2.0
77,1,9,1,0.0,0.0,0.0
77,1,9,2,0.0,0.0,0.0
77,1,9,3,0.0,2.0,2.0
77,1,10,1,0.0,0.0,0.0
77,1,10,2,0.0,0.0,0.0
77,1,10,3,0.0,2.0,2.0
77,1,11,1,0.0,0.0,0.0
77,1,11,2,0.0,0.0,0.0
77,1,11,3,0.0,2.0,2.0
77,1,12,1,0.0,0.0,0.0
77,1,12,2,0.0,0.0,0.0
77,1,12,3,0.0,2.0,2.0
77,1,13,1,0.0,0.0,0.0
77,1,13,2,0.0,0.0,0.0
77,1,13,3,0.0,2.0,2.0
77,1,14,1,0.0,0.0,0.0
77,1,14,2,0.0,0.0,0.0
77,1,14,3,0.0,2.0,2.0
77,1,15,1,0.0,0.0,0.0
77,1,15,2,0.0,0.0,0.0
77,1,15,3,0.0,2.0,2.0
77,1,16,1,0.0,0.0,0.0
77,1,16,2,0.0,0.0,0.0
77,1,16,3,0.0,2.0,2.0
77,1,17,1,0.0,0.0,0.0
77,1,17,2,0.0,0.0,0.0
77,1,17,3,0.0,2.0,2.0
77,1,18,1,0.0,0.0,0.0
77,1,18,2,0.0,0.0,0.0
77,1,18,3,0.0,2.0,2.0
77,1,19,1,0.0,0.0,0.0
77,1,19,2,0.0,0.0,0.0
77,1,19,3,0.0,2.0,2.0
77,1,20,1,0.0,0.0,0.0
77,1,20,2,0.0,0.0,0.0
77,1,20,3,0.0,2.0,2.0
78,3,1,1,3.8761011266018324,3.8761011266018324,7.752202253203665
78,3,1,2,3.8761011266018324,3.8761011266018324,7.752202253203665
78,3,1,3,0.0,0.0,0.0
78,3,2,1,3.8761011266018324,3.8761011266018324,7.752202253203665
78,3,2,2,0.0,0.0,0.0
78,3,2,3,0.0,0.0,0.0
78,3,3,1,0.0,3.8761011266018324,3.8761011266018324
78,3,3,2,0.0,0.0,0.0
78,3,3,3,0.0,0.0,0.0
78,3,4,1,0.0,3.8761011266018324,3.8761011266018324
78,3,4,2,0.0,0.0,0.0
78,3,4,3,0.0,0.0,0.0
78,3,5,1,0.0,3.8761011266018324,3.8761011266018324
78,3,5,2,0.0,3.8761011266018324,3.8761011266018324
78,3,5,3,0.0,0.0,0.0
78,3,6,1,0.0,0.0,0.0
78,3,6,2,0.0,3.8761011266018324,3.8761011266018324
78,3,6,3,0.0,0.0,0.0
78,3,7,1,0.0,3.8761011266018324,3.8761011266018324
78,3,7,2,0.0,0.0,0.0
78,3,7,3,0.0,0.0,0.0
78,3,8,1,0.0,3.8761011266018324,3.8761011266018324
78,3,8,2,0.0,0.0,0.0
78,3,8,3,0.0,0.0,0.0
78,3,9,1,0.0,3.8761011266018324,3.8761011266018324
78,3,9,2,0.0,0.0,0.0
78,3,9,3,0.0,0.0,0.0
78,3,10,1,0.0,3.8761011266018324,3.8761011266018324
78,3,10,2,0.0,0.0,0.0
78,3,10,3,0.0,0.0,0.0
78,3,11,1,0.0,3.8761011266018324,3.8761011266018324
78,3,11,2,0.0,0.0,0.0
78,3,11,3,0.0,0.0,0.0
78,3,12,1,0.0,3.8761011266018324,3.8761011266018324
78,3,12,2,0.0,0.0,0.0
78,3,12,3,0.0,0.0,0.0
78,3,13,1,0.0,3.8761011266018324,3.8761011266018324
78,3,13,2,0.0,3.8761011266018324,3.8761011266018324
78,3,13,3,0.0,0.0,0.0
78,3,14,1,0.0,0.0,0.0
78,3,14,2,0.0,3.8761011266018324,3.8761011266018324
78,3,14,3,0.0,0.0,0.0
78,3,15,1,0.0,3.8761011266018324,3.8761011266018324
78,3,15,2,0.0,0.0,0.0
78,3,15,3,0.0,0.0,0.0
78,3,16,1,0.0,3.8761011266018324,3.8761011266018324
78,3,16,2,0.0,0.0,0.0
78,3,16,3,0.0,0.0,0.0
78,3,17,1,0.0,3.8761011266018324,3.8761011266018324
78,3,17,2,0.0,0.0,0.0
78,3,17,3,0.0,0.0,0.0
78,3,18,1,0.0,3.8761011266018324,3.8761011266018324
78,3,18,2,0.0,3.8761011266018324,3.8761011266018324
78,3,18,3,0.0,0.0,0.0
78,3,19,1,0.0,3.8761011266018324,3.8761011266018324
78,3,19,2,0.0,0.0,0.0
78,3,19,3,0.0,0.0,0.0
78,3,20,1,0.0,3.8761011266018324,3.8761011266018324
78,3,20,2,0.0,0.0,0.0
78,3,20,3,0.0,0.0,0.0
78,2,1,1,4.670201183380856,3.8761011266018324,8.54630230998269
78,2,1,2,0.0,0.0,0.0
78,2,1,3,0.0,0.0,0.0
78,2,2,1,0.7941000567790231,3.8761011266018324,4.670201183380856
78,2,2,2,0.0,0.0,0.0
78,2,2,3,0.0,0.0,0.0
78,2,3,1,0.7941000567790231,3.8761011266018324,4.670201183380856
78,2,3,2,0.0,0.0,0.0
78,2,3,3,0.0,0.0,0.0
78,2,4,1,0.7941000567790231,3.8761011266018324,4.670201183380856
78,2,4,2,3.8761011266018324,3.8761011266018324,7.752202253203665
78,2,4,3,0.0,0.0,0.0
78,2,5,1,0.0,0.0,0.0
78,2,5,2,0.0,3.8761011266018324,3.8761011266018324
78,2,5,3,0.0,0.0,0.0
78,2,6,1,0.0,0.0,0.0
78,2,6,2,0.0,3.8761011266018324,3.8761011266018324
78,2,6,3,0.0,0.0,0.0
78,2,7,1,0.0,0.0,0.0
78,2,7,2,0.0,3.8761011266018324,3.8761011266018324
78,2,7,3,0.0,0.0,0.0
78,2,8,1,0.0,0.0,0.0
78,2,8,2,0.0,3.8761011266018324,3.8761011266018324
78,2,8,3,0.0,0.0,0.0
78,2,9,1,0.0,0.0,0.0
78,2,9,2,0.0,3.8761011266018324,3.8761011266018324
78,2,9,3,0.0,0.0,0.0
78,2,10,1,0.0,0.0,0.0
78,2,10,2,0.0,3.8761011266018324,3.8761011266018324
78,2,10,3,0.0,0.0,0.0
78,2,11,1,0.0,0.0,0.0
78,2,11,2,0.0,3.8761011266018324,3.8761011266018324
78,2,11,3,0.0,0.0,0.0
78,2,12,1,0.0,0.0,0.0
78,2,12,2,0.0,3.8761011266018324,3.8761011266018324
78,2,12,3,0.0,0.0,0.0
78,2,13,1,0.0,0.0,0.0
78,2,13,2,0.0,3.8761011266018324,3.8761011266018324
78,2,13,3,0.0,0.0,0.0
78,2,14,1,0.0,0.0,0.0
78,2,14,2,0.0,3.8761011266018324,3.8761011266018324
78,2,14,3,0.0,0.0,0.0
78,2,15,1,0.0,0.0,0.0
78,2,15,2,0.0,3.8761011266018324,3.8761011266018324
78,2,15,3,0.0,0.0,0.0
78,2,16,1,0.0,0.0,0.0
78,2,16,2,0.0,3.8761011266018324,3.8761011266018324
78,2,16,3,0.0,0.0,0.0
78,2,17,1,0.0,0.0,0.0
78,2,17,2,0.0,3.8761011266018324,3.8761011266018324
78,2,17,3,0.0,0.0,0.0
78,2,18,1,0.0,0.0,0.0
78,2,18,2,0.0,3.8761011266018324,3.8761011266018324
78,2,18,3,0.0,0.0,0.0
78,2,19,1,0.0,0.0,0.0
78,2,19,2,0.0,3.8761011266018324,3.8761011266018324
78,2,19,3,0.0,0.0,0.0
78,2,20,1,0.0,0.0,0.0
78,2,20,2,0.0,3.8761011266018324,3.8761011266018324
78,2,20,3,0.0,0.0,0.0
78,1,1,1,4.670201183380856,3.8761011266018324,8.54630230998269
78,1,1,2,2.794100056779023,2.0,4.794100056779023
78,1,1,3,0.0,0.0,0.0
78,1,2,1,0.0,0.0,0.0
78,1,2,2,0.7941000567790231,2.0,2.794100056779023
78,1,2,3,2.0,2.0,4.0
78,1,3,1,0.0,0.0,0.0
78,1,3,2,0.0,0.0,0.0
78,1,3,3,0.0,2.0,2.0
78,1,4,1,0.0,0.0,0.0
78,1,4,2,0.0,0.0,0.0
78,1,4,3,0.0,2.0,2.0
78,1,5,1,0.0,0.0,0.0
78,1,5,2,0.0,0.0,0.0
78,1,5,3,0.0,2.0,2.0
78,1,6,1,0.0,0.0,0.0
78,1,6,2,0.0,0.0,0.0
78,1,6,3,0.0,2.0,2.0
78,1,7,1,0.0,0.0,0.0
78,1,7,2,0.0,0.0,0.0
78,1,7,3,0.0,2.0,2.0
78,1,8,1,0.0,0.0,0.0
78,1,8,2,0.0,0.0,0.0
78,1,8,3,0.0,2.0,2.0
78,1,9,1,0.0,0.0,0.0
78,1,9,2,0.0,0.0,0.0
78,1,9,3,0.0,2.0,2.0
78,1,10,1,0.0,0.0,0.0
78,1,10,2,0.0,0.0,0.0
78,1,10,3,0.0,2.0,2.0
78,1,11,1,0.0,0.0,0.0
78,1,11,2,0.0,0.0,0.0
78,1,11,3,0.0,2.0,2.0
78,1,12,1,0.0,0.0,0.0
78,1,12,2,0.0,0.0,0.0
78,1,12,3,0.0,2.0,2.0
78,1,13,1,0.0,0.0,0.0
78,1,13,2,0.0,0.0,0.0
78,1,13,3,0.0,2.0,2.0
78,1,14,1,0.0,0.0,0.0
78,1,14,2,0.0,0.0,0.0
78,1,14,3,0.0,2.0,2.0
78,1,15,1,0.0,0.0,0.0
78,1,15,2,0.0,0.0,0.0
78,1,15,3,0.0,2.0,2.0
78,1,16,1,0.0,0.0,0.0
78,1,16,2,0.0,0.0,0.0
78,1,16,3,0.0,2.0,2.0
78,1,17,1,0.0,0.0,0.0
78,1,17,2,0.0,0.0,0.0
78,1,17,3,0.0,2.0,2.0
78,1,18,1,0.0,0.0,0.0
78,1,18,2,0.0,0.0,0.0
78,1,18,3,0.0,2.0,2.0
78,1,19,1,0.0,0.0,0.0
78,1,19,2,0.0,0.0,0.0
78,1,19,3,0.0,2.0,2.0
78,1,20,1,0.0,0.0,0.0
78,1,20,2,0.0,0.0,0.0
78,1,20,3,0.0,2.0,2.0
79,3,1,1,3.8761011266018324,3.8761011266018324,7.752202253203665
79,3,1,2,0.0,0.0,0.0
79,3,1,3,0.0,0.0,0.0
79,3,2,1,3.8761011266018324,3.8761011266018324,7.752202253203665
79,3,2,2,0.0,0.0,0.0
79,3,2,3,0.0,0.0,0.0
79,3,3,1,0.0,3.8761011266018324,3.8761011266018324
79,3,3,2,0.0,0.0,0.0
79,3,3,3,0.0,0.0,0.0
79,3,4,1,0.0,3.8761011266018324,3.8761011266018324
79,3,4,2,0.0,0.0,0.0
79,3,4,3,0.0,0.0,0.0
79,3,5,1,0.0,3.8761011266018324,3.8761011266018324
79,3,5,2,0.0,0.0,0.0
79,3,5,3,0.0,0.0,0.0
79,3,6,1,0.0,3.8761011266018324,3.8761011266018324
79,3,6,2,3.8761011266018324,3.8761011266018324,7.752202253203665
79,3,6,3,0.0,0.0,0.0
79,3,7,1,0.0,0.0,0.0
79,3,7,2,0.0,3.8761011266018324,3.8761011266018324
79,3,7,3,0.0,0.0,0.0
79,3,8,1,0.0,3.8761011266018324,3.8761011266018324
79,3,8,2,0.0,3.8761011266018324,3.8761011266018324
79,3,8,3,0.0,0.0,0.0
79,3,9,1,0.0,3.8761011266018324,3.8761011266018324
79,3,9,2,0.0,0.0,0.0
79,3,9,3,0.0,0.0,0.0
79,3,10,1,0.0,3.8761011266018324,3.8761011266018324
79,3,10,2,0.0,0.0,0.0
79,3,10,3,0.0,0.0,0.0
79,3,11,1,0.0,3.8761011266018324,3.8761011266018324
79,3,11,2,0.0,0.0,0.0
79,3,11,3,0.0,0.0,0.0
79,3,12,1,0.0,3.8761011266018324,3.8761011266018324
79,3,12,2,0.0,0.0,0.0
79,3,12,3,0.0,0.0,0.0
79,3,13,1,0.0,3.8761011266018324,3.8761011266018324
79,3,13,2,0.0,3.8761011266018324,3.8761011266018324
79,3,13,3,0.0,0.0,0.0
79,3,14,1,0.0,0.0,0.0
79,3,14,2,0.0,3.8761011266018324,3.8761011266018324
79,3,14,3,0.0,0.0,0.0
79,3,15,1,0.0,0.0,0.0
79,3,15,2,0.0,3.8761011266018324,3.8761011266018324
79,3,15,3,0.0,0.0,0.0
79,3,16,1,0.0,0.0,0.0
79,3,16,2,0.0,3.8761011266018324,3.8761011266018324
79,3,16,3,0.0,0.0,0.0
79,3,17,1,0.0,0.0,0.0
79,3,17,2,0.0,3.8761011266018324,3.8761011266018324
79,3,17,3,2.0,2.0,4.0
79,3,18,1,0.0,3.8761011266018324,3.8761011266018324
79,3,18,2,0.0,0.0,0.0
79,3,18,3,0.0,0.0,0.0
79,3,19,1,0.0,3.8761011266018324,3.8761011266018324
79,3,19,2,0.0,0.0,0.0
79,3,19,3,0.0,0.0,0.0
79,3,20,1,0.0,3.8761011266018324,3.8761011266018324
79,3,20,2,0.0,3.8761011266018324,3.8761011266018324
79,3,20,3,0.0,0.0,0.0
79,2,1,1,4.670201183380856,3.8761011266018324,8.54630230998269
79,2,1,2,0.0,0.0,0.0
79,2,1,3,0.0,0.0,0.0
79,2,2,1,0.7941000567790231,3.8761011266018324,4.670201183380856
79,2,2,2,3.8761011266018324,3.8761011266018324,7.752202253203665
79,2,2,3,0.0,0.0,0.0
79,2,3,1,0.0,0.0,0.0
79,2,3,2,0.0,3.8761011266018324,3.8761011266018324
79,2,3,3,0.0,0.0,0.0
79,2,4,1,0.0,0.0,0.0
79,2,4,2,0.0,3.8761011266018324,3.8761011266018324
79,2,4,3,0.0,0.0,0.0
79,2,5,1,0.0,0.0,0.0
79,2,5,2,0.0,3.8761011266018324,3.8761011266018324
79,2,5,3,0.0,0.0,0.0
79,2,6,1,0.0,0.0,0.0
79,2,6,2,0.0,3.8761011266018324,3.8761011266018324
79,2,6,3,0.0,0.0,0.0
79,2,7,1,0.0,0.0,0.0
79,2,7,2,0.0,3.8761011266018324,3.8761011266018324
79,2,7,3,0.0,0.0,0.0
79,2,8,1,0.0,0.0,0.0
79,2,8,2,0.0,3.8761011266018324,3.8761011266018324
79,2,8,3,0.0,0.0,0.0
79,2,9,1,0.0,0.0,0.0
79,2,9,2,0.0,3.8761011266018324,3.8761011266018324
79,2,9,3,0.0,0.0,0.0
79,2,10,1,0.0,0.0,0.0
79,2,10,2,0.0,3.8761011266018324,3.8761011266018324
79,2,10,3,0.0,0.0,0.0
79,2,11,1,0.0,0.0,0.0
79,2,11,2,0.0,3.8761011266018324,3.8761011266018324
79,2,11,3,0.0,0.0,0.0
79,2,12,1,0.0,0.0,0.0
79,2,12,2,0.0,3.8761011266018324,3.8761011266018324
79,2,12,3,0.0,0.0,0.0
79,2,13,1,0.0,0.0,0.0
79,2,13,2,0.0,3.8761011266018324,3.8761011266018324
79,2,13,3,0.0,0.0,0.0
79,2,14,1,0.0,0.0,0.0
79,2,14,2,0.0,3.8761011266018324,3.8761011266018324
79,2,14,3,0.0,0.0,0.0
79,2,15,1,0.0,0.0,0.0
79,2,15,2,0.0,3.8761011266018324,3.8761011266018324
79,2,15,3,0.0,0.0,0.0
79,2,16,1,0.0,0.0,0.0
79,2,16,2,0.0,3.8761011266018324,3.8761011266018324
79,2,16,3,0.0,0.0,0.0
79,2,17,1,0.0,0.0,0.0
79,2,17,2,0.0,3.8761011266018324,3.8761011266018324
79,2,17,3,0.0,0.0,0.0
79,2,18,1,0.0,0.0,0.0
79,2,18,2,0.0,3.8761011266018324,3.8761011266018324
79,2,18,3,0.0,0.0,0.0
79,2,19,1,0.0,0.0,0.0
79,2,19,2,0.0,3.8761011266018324,3.8761011266018324
79,2,19,3,0.0,0.0,0.0
79,2,20,1,0.0,0.0,0.0
79,2,20,2,0.0,3.8761011266018324,3.8761011266018324
79,2,20,3,0.0,0.0,0.0
79,1,1,1,4.670201183380856,3.8761011266018324,8.54630230998269
79,1,1,2,2.794100056779023,2.0,4.794100056779023
79,1,1,3,0.0,0.0,0.0
79,1,2,1,0.0,0.0,0.0
79,1,2,2,0.7941000567790231,2.0,2.794100056779023
79,1,2,3,2.0,2.0,4.0
79,1,3,1,0.0,0.0,0.0
79,1,3,2,0.0,0.0,0.0
79,1,3,3,0.0,2.0,2.0
79,1,4,1,0.0,0.0,0.0
79,1,4,2,0.0,0.0,0.0
79,1,4,3,0.0,2.0,2.0
79,1,5,1,0.0,0.0,0.0
79,1,5,2,0.0,0.0,0.0
79,1,5,3,0.0,2.0,2.0
79,1,6,1,0.0,0.0,0.0
79,1,6,2,0.0,0.0,0.0
79,1,6,3,0.0,2.0,2.0
79,1,7,1,0.0,0.0,0.0
79,1,7,2,0.0,0.0,0.0
79,1,7,3,0.0,2.0,2.0
79,1,8,1,0.0,0.0,0.0
79,1,8,2,0.0,0.0,0.0
79,1,8,3,0.0,2.0,2.0
79,1,9,1,0.0,0.0,0.0
79,1,9,2,0.0,0.0,0.0
79,1,9,3,0.0,2.0,2.0
79,1,10,1,0.0,0.0,0.0
79,1,10,2,0.0,0.0,0.0
79,1,10,3,0.0,2.0,2.0
79,1,11,1,0.0,0.0,0.0
79,1,11,2,0.0,0.0,0.0
79,1,11,3,0.0,2.0,2.0
79,1,12,1,0.0,0.0,0.0
79,1,12,2,0.0,0.0,0.0
79,1,12,3,0.0,2.0,2.0
79,1,13,1,0.0,0.0,0.0
79,1,13,2,0.0,0.0,0.0
79,1,13,3,0.0,2.0,2.0
79,1,14,1,0.0,0.0,0.0
79,1,14,2,0.0,0.0,0.0
79,1,14,3,0.0,2.0,2.0
79,1,15,1,0.7941000567790231,3.8761011266018324,4.670201183380856
79,1,15,2,0.0,2.0,2.0
79,1,15,3,0.0,2.0,2.0
79,1,16,1,0.0,0.0,0.0
79,1,16,2,0.0,0.0,0.0
79,1,16,3,0.0,2.0,2.0
79,1,17,1,0.0,0.0,0.0
79,1,17,2,0.0,0.0,0.0
79,1,17,3,0.0,2.0,2.0
79,1,18,1,0.0,0.0,0.0
79,1,18,2,0.0,0.0,0.0
79,1,18,3,0.0,2.0,2.0
79,1,19,1,0.0,0.0,0.0
79,1,19,2,0.0,0.0,0.0
79,1,19,3,0.0,2.0,2.0
79,1,20,1,0.0,0.0,0.0
79,1,20,2,0.0,0.0,0.0
79,1,20,3,0.0,2.0,2.0
80,3,1,1,3.8761011266018324,3.8761011266018324,7.752202253203665
80,3,1,2,0.0,0.0,0.0
80,3,1,3,0.0,0.0,0.0
80,3,2,1,3.8761011266018324,3.8761011266018324,7.752202253203665
80,3,2,2,0.0,0.0,0.0
80,3,2,3,0.0,0.0,0.0
80,3,3,1,0.0,3.8761011266018324,3.8761011266018324
80,3,3,2,0.0,0.0,0.0
80,3,3,3,0.0,0.0,0.0
80,3,4,1,0.0,3.8761011266018324,3.8761011266018324
80,3,4,2,3.8761011266018324,3.8761011266018324,7.752202253203665
80,3,4,3,0.0,0.0,0.0
80,3,5,1,0.0,0.0,0.0
80,3,5,2,0.0,3.8761011266018324,3.8761011266018324
80,3,5,3,0.0,0.0,0.0
80,3,6,1,0.0,0.0,0.0
80,3,6,2,0.0,3.8761011266018324,3.8761011266018324
80,3,6,3,2.0,2.0,4.0
80,3,7,1,0.0,3.8761011266018324,3.8761011266018324
80,3,7,2,0.0,0.0,0.0
80,3,7,3,0.0,0.0,0.0
80,3,8,1,0.0,3.8761011266018324,3.8761011266018324
80,3,8,2,0.0,0.0,0.0
80,3,8,3,0.0,0.0,0.0
80,3,9,1,0.0,3.8761011266018324,3.8761011266018324
80,3,9,2,0.0,0.0,0.0
80,3,9,3,0.0,0.0,0.0
80,3,10,1,0.0,3.8761011266018324,3.8761011266018324
80,3,10,2,0.0,0.0,0.0
80,3,10,3,0.0,0.0,0.0
80,3,11,1,0.0,3.8761011266018324,3.8761011266018324
80,3,11,2,0.0,0.0,0.0
80,3,11,3,0.0,0.0,0.0
80,3,12,1,0.0,3.8761011266018324,3.8761011266018324
80,3,12,2,0.0,3.8761011266018324,3.8761011266018324
80,3,12,3,0.0,0.0,0.0
80,3,13,1,0.0,3.8761011266018324,3.8761011266018324
80,3,13,2,0.0,0.0,0.0
80,3,13,3,0.0,0.0,0.0
80,3,14,1,0.0,3.8761011266018324,3.8761011266018324
80,3,14,2,0.0,0.0,0.0
80,3,14,3,0.0,0.0,0.0
80,3,15,1,0.0,3.8761011266018324,3.8761011266018324
80,3,15,2,0.0,3.8761011266018324,3.8761011266018324
80,3,15,3,0.0,0.0,0.0
80,3,16,1,0.0,3.8761011266018324,3.8761011266018324
80,3,16,2,0.0,3.8761011266018324,3.8761011266018324
80,3,16,3,0.0,0.0,0.0
80,3,17,1,0.0,3.8761011266018324,3.8761011266018324
80,3,17,2,0.0,0.0,0.0
80,3,17,3,0.0,0.0,0.0
80,3,18,1,0.0,3.8761011266018324,3.8761011266018324
80,3,18,2,0.0,3.8761011266018324,3.8761011266018324
80,3,18,3,0.0,0.0,0.0
80,3,19,1,0.0,0.0,0.0
80,3,19,2,0.0,3.8761011266018324,3.8761011266018324
80,3,19,3,0.0,0.0,0.0
80,3,20,1,0.0,3.8761011266018324,3.8761011266018324
80,3,20,2,0.0,0.0,0.0
80,3,20,3,0.0,0.0,0.0
80,2,1,1,4.670201183380856,3.8761011266018324,8.54630230998269
80,2,1,2,0.0,0.0,0.0
80,2,1,3,0.0,0.0,0.0
80,2,2,1,0.7941000567790231,3.8761011266018324,4.670201183380856
80,2,2,2,3.8761011266018324,3.8761011266018324,7.752202253203665
80,2,2,3,2.0,2.0,4.0
80,2,3,1,0.0,0.0,0.0
80,2,3,2,0.0,0.0,0.0
80,2,3,3,0.0,2.0,2.0
80,2,4,1,0.7941000567790231,3.8761011266018324,4.670201183380856
80,2,4,2,0.0,0.0,0.0
80,2,4,3,0.0,0.0,0.0
80,2,5,1,0.7941000567790231,3.8761011266018324,4.670201183380856
80,2,5,2,0.0,0.0,0.0
80,2,5,3,0.0,0.0,0.0
80,2,6,1,0.0,3.8761011266018324,3.8761011266018324
80,2,6,2,0.0,3.8761011266018324,3.8761011266018324
80,2,6,3,0.0,0.0,0.0
80,2,7,1,0.0,0.0,0.0
80,2,7,2,0.0,3.8761011266018324,3.8761011266018324
80,2,7,3,0.0,0.0,0.0
80,2,8,1,0.0,0.0,0.0
80,2,8,2,0.0,3.8761011266018324,3.8761011266018324
80,2,8,3,0.0,0.0,0.0
80,2,9,1,0.0,0.0,0.0
80,2,9,2,0.0,3.8761011266018324,3.8761011266018324
80,2,9,3,0.0,0.0,0.0
80,2,10,1,0.0,0.0,0.0
80,2,10,2,0.0,3.8761011266018324,3.8761011266018324
80,2,10,3,0.0,0.0,0.0
80,2,11,1,0.0,0.0,0.0
80,2,11,2,0.0,3.8761011266018324,3.8761011266018324
80,2,11,3,0.0,0.0,0.0
80,2,12,1,0.0,0.0,0.0
80,2,12,2,0.0,3.8761011266018324,3.8761011266018324
80,2,12,3,0.0,0.0,0.0
80,2,13,1,0.0,0.0,0.0
80,2,13,2,0.0,3.8761011266018324,3.8761011266018324
80,2,13,3,0.0,0.0,0.0
80,2,14,1,0.0,0.0,0.0
80,2,14,2,0.0,3.8761011266018324,3.8761011266018324
80,2,14,3,0.0,0.0,0.0
80,2,15,1,0.0,0.0,0.0
80,2,15,2,0.0,3.8761011266018324,3.8761011266018324
80,2,15,3,0.0,0.0,0.0
80,2,16,1,0.0,0.0,0.0
80,2,16,2,0.0,3.8761011266018324,3.8761011266018324
80,2,16,3,0.0,0.0,0.0
80,2,17,1,0.0,0.0,0.0
80,2,17,2,0.0,3.8761011266018324,3.8761011266018324
80,2,17,3,0.0,0.0,0.0
80,2,18,1,0.0,0.0,0.0
80,2,18,2,0.0,3.8761011266018324,3.8761011266018324
80,2,18,3,0.0,0.0,0.0
80,2,19,1,0.0,0.0,0.0
80,2,19,2,0.0,3.8761011266018324,3.8761011266018324
80,2,19,3,0.0,0.0,0.0
80,2,20,1,0.0,0.0,0.0
80,2,20,2,0.0,3.8761011266018324,3.8761011266018324
80,2,20,3,0.0,0.0,0.0
80,1,1,1,4.670201183380856,3.8761011266018324,8.54630230998269
80,1,1,2,0.0,0.0,0.0
80,1,1,3,0.0,0.0,0.0
80,1,2,1,0.7941000567790231,3.8761011266018324,4.670201183380856
80,1,2,2,2.794100056779023,2.0,4.794100056779023
80,1,2,3,2.0,2.0,4.0
80,1,3,1,0.0,0.0,0.0
80,1,3,2,0.0,0.0,0.0
80,1,3,3,0.0,2.0,2.0
80,1,4,1,0.0,0.0,0.0
80,1,4,2,0.0,0.0,0.0
80,1,4,3,0.0,2.0,2.0
80,1,5,1,0.0,0.0,0.0
80,1,5,2,0.0,0.0,0.0
80,1,5,3,0.0,2.0,2.0
80,1,6,1,0.0,0.0,0.0
80,1,6,2,0.0,0.0,0.0
80,1,6,3,0.0,2.0,2.0
80,1,7,1,0.0,0.0,0.0
80,1,7,2,0.0,0.0,0.0
80,1,7,3,0.0,2.0,2.0
80,1,8,1,0.0,0.0,0.0
80,1,8,2,0.0,0.0,0.0
80,1,8,3,0.0,2.0,2.0
80,1,9,1,0.0,0.0,0.0
80,1,9,2,0.0,0.0,0.0
80,1,9,3,0.0,2.0,2.0
80,1,10,1,0.0,0.0,0.0
80,1,10,2,0.0,0.0,0.0
80,1,10,3,0.0,2.0,2.0
80,1,11,1,0.0,0.0,0.0
80,1,11,2,0.0,0.0,0.0
80,1,11,3,0.0,2.0,2.0
80,1,12,1,0.0,0.0,0.0
80,1,12,2,0.0,0.0,0.0
80,1,12,3,0.0,2.0,2.0
80,1,13,1,0.0,0.0,0.0
80,1,13,2,0.0,0.0,0.0
80,1,13,3,0.0,2.0,2.0
80,1,14,1,0.0,0.0,0.0
80,1,14,2,0.0,0.0,0.0
80,1,14,3,0.0,2.0,2.0
80,1,15,1,0.0,0.0,0.0
80,1,15,2,0.0,0.0,0.0
80,1,15,3,0.0,2.0,2.0
80,1,16,1,0.7941000567790231,3.8761011266018324,4.670201183380856
80,1,16,2,0.0,0.0,0.0
80,1,16,3,0.0,0.0,0.0
80,1,17,1,0.0,3.8761011266018324,3.8761011266018324
80,1,17,2,0.7941000567790231,2.0,2.794100056779023
80,1,17,3,0.0,0.0,0.0
80,1,18,1,0.0,0.0,0.0
80,1,18,2,0.0,2.0,2.0
80,1,18,3,0.0,2.0,2.0
80,1,19,1,0.0,0.0,0.0
80,1,19,2,0.0,0.0,0.0
80,1,19,3,0.0,2.0,2.0
80,1,20,1,0.0,0.0,0.0
80,1,20,2,0.0,0.0,0.0
80,1,20,3,0.0,2.0,2.0
81,3,1,1,3.8761011266018324,3.8761011266018324,7.752202253203665
81,3,1,2,0.0,0.0,0.0
81,3,1,3,0.0,0.0,0.0
81,3,2,1,3.8761011266018324,3.8761011266018324,7.752202253203665
81,3,2,2,0.0,0.0,0.0
81,3,2,3,0.0,0.0,0.0
81,3,3,1,0.0,3.8761011266018324,3.8761011266018324
81,3,3,2,3.8761011266018324,3.8761011266018324,7.752202253203665
81,3,3,3,0.0,0.0,0.0
81,3,4,1,0.0,0.0,0.0
81,3,4,2,0.0,3.8761011266018324,3.8761011266018324
81,3,4,3,0.0,0.0,0.0
81,3,5,1,0.0,0.0,0.0
81,3,5,2,0.0,3.8761011266018324,3.8761011266018324
81,3,5,3,0.0,0.0,0.0
81,3,6,1,0.0,0.0,0.0
81,3,6,2,0.0,3.8761011266018324,3.8761011266018324
81,3,6,3,0.0,0.0,0.0
81,3,7,1,0.0,3.8761011266018324,3.8761011266018324
81,3,7,2,0.0,0.0,0.0
81,3,7,3,0.0,0.0,0.0
81,3,8,1,0.0,3.8761011266018324,3.8761011266018324
81,3,8,2,0.0,0.0,0.0
81,3,8,3,0.0,0.0,0.0
81,3,9,1,0.0,3.8761011266018324,3.8761011266018324
81,3,9,2,0.0,3.8761011266018324,3.8761011266018324
81,3,9,3,0.0,0.0,0.0
81,3,10,1,0.0,0.0,0.0
81,3,10,2,0.0,3.8761011266018324,3.8761011266018324
81,3,10,3,0.0,0.0,0.0
81,3,11,1,0.0,3.8761011266018324,3.8761011266018324
81,3,11,2,0.0,0.0,0.0
81,3,11,3,0.0,0.0,0.0
81,3,12,1,0.0,3.8761011266018324,3.8761011266018324
81,3,12,2,0.0,0.0,0.0
81,3,12,3,0.0,0.0,0.0
81,3,13,1,0.0,3.8761011266018324,3.8761011266018324
81,3,13,2,0.0,0.0,0.0
81,3,13,3,0.0,0.0,0.0
81,3,14,1,0.0,3.8761011266018324,3.8761011266018324
81,3,14,2,0.0,0.0,0.0
81,3,14,3,0.0,0.0,0.0
81,3,15,1,0.0,3.8761011266018324,3.8761011266018324
81,3,15,2,0.0,0.0,0.0
81,3,15,3,0.0,0.0,0.0
81,3,16,1,0.0,3.8761011266018324,3.8761011266018324
81,3,16,2,0.0,0.0,0.0
81,3,16,3,0.0,0.0,0.0
81,3,17,1,0.0,3.8761011266018324,3.8761011266018324
81,3,17,2,0.0,0.0,0.0
81,3,17,3,0.0,0.0,0.0
81,3,18,1,0.0,3.8761011266018324,3.8761011266018324
81,3,18,2,0.0,0.0,0.0
81,3,18,3,0.0,0.0,0.0
81,3,19,1,0.0,3.8761011266018324,3.8761011266018324
81,3,19,2,0.0,0.0,0.0
81,3,19,3,0.0,0.0,0.0
81,3,20,1,0.0,3.8761011266018324,3.8761011266018324
81,3,20,2,0.0,0.0,0.0
81,3,20,3,0.0,0.0,0.0
81,2,1,1,4.670201183380856,3.8761011266018324,8.54630230998269
81,2,1,2,0.0,0.0,0.0
81,2,1,3,0.0,0.0,0.0
81,2,2,1,0.7941000567790231,3.8761011266018324,4.670201183380856
81,2,2,2,3.8761011266018324,3.8761011266018324,7.752202253203665
81,2,2,3,2.0,2.0,4.0
81,2,3,1,0.0,0.0,0.0
81,2,3,2,0.0,0.0,0.0
81,2,3,3,0.0,2.0,2.0
81,2,4,1,0.7941000567790231,3.8761011266018324,4.670201183380856
81,2,4,2,0.0,3.8761011266018324,3.8761011266018324
81,2,4,3,0.0,0.0,0.0
81,2,5,1,0.0,0.0,0.0
81,2,5,2,0.0,3.8761011266018324,3.8761011266018324
81,2,5,3,0.0,0.0,0.0
81,2,6,1,0.0,0.0,0.0
81,2,6,2,0.0,3.8761011266018324,3.8761011266018324
81,2,6,3,0.0,0.0,0.0
81,2,7,1,0.0,0.0,0.0
81,2,7,2,0.0,3.8761011266018324,3.8761011266018324
81,2,7,3,0.0,0.0,0.0
81,2,8,1,0.0,0.0,0.0
81,2,8,2,0.0,3.8761011266018324,3.8761011266018324
81,2,8,3,0.0,0.0,0.0
81,2,9,1,0.0,0.0,0.0
81,2,9,2,0.0,3.8761011266018324,3.8761011266018324
81,2,9,3,0.0,0.0,0.0
81,2,10,1,0.0,0.0,0.0
81,2,10,2,0.0,3.8761011266018324,3.8761011266018324
81,2,10,3,0.0,0.0,0.0
81,2,11,1,0.0,0.0,0.0
81,2,11,2,0.0,3.8761011266018324,3.8761011266018324
81,2,11,3,0.0,0.0,0.0
81,2,12,1,0.0,0.0,0.0
81,2,12,2,0.0,3.8761011266018324,3.8761011266018324
81,2,12,3,0.0,0.0,0.0
81,2,13,1,0.0,0.0,0.0
81,2,13,2,0.0,3.8761011266018324,3.8761011266018324
81,2,13,3,0.0,0.0,0.0
81,2,14,1,0.0,0.0,0.0
81,2,14,2,0.0,3.8761011266018324,3.8761011266018324
81,2,14,3,0.0,0.0,0.0
81,2,15,1,0.0,0.0,0.0
81,2,15,2,0.0,3.8761011266018324,3.8761011266018324
81,2,15,3,0.0,0.0,0.0
81,2,16,1,0.0,0.0,0.0
81,2,16,2,0.0,3.8761011266018324,3.8761011266018324
81,2,16,3,0.0,0.0,0.0
81,2,17,1,0.0,0.0,0.0
81,2,17,2,0.0,3.8761011266018324,3.8761011266018324
81,2,17,3,0.0,0.0,0.0
81,2,18,1,0.0,0.0,0.0
81,2,18,2,0.0,3.8761011266018324,3.8761011266018324
81,2,18,3,0.0,0.0,0.0
81,2,19,1,0.0,0.0,0.0
81,2,19,2,0.0,3.8761011266018324,3.8761011266018324
81,2,19,3,0.0,0.0,0.0
81,2,20,1,0.0,0.0,0.0
81,2,20,2,0.0,3.8761011266018324,3.8761011266018324
81,2,20,3,0.0,0.0,0.0
81,1,1,1,4.670201183380856,3.8761011266018324,8.54630230998269
81,1,1,2,2.794100056779023,2.0,4.794100056779023
81,1,1,3,2.0,2.0,4.0
81,1,2,1,0.0,0.0,0.0
81,1,2,2,0.0,0.0,0.0
81,1,2,3,0.0,2.0,2.0
81,1,3,1,0.0,0.0,0.0
81,1,3,2,0.0,0.0,0.0
81,1,3,3,0.0,2.0,2.0
81,1,4,1,0.0,0.0,0.0
81,1,4,2,0.0,0.0,0.0
81,1,4,3,0.0,2.0,2.0
81,1,5,1,0.0,0.0,0.0
81,1,5,2,0.0,0.0,0.0
81,1,5,3,0.0,2.0,2.0
81,1,6,1,0.0,0.0,0.0
81,1,6,2,0.0,0.0,0.0
81,1,6,3,0.0,2.0,2.0
81,1,7,1,0.0,0.0,0.0
81,1,7,2,0.0,0.0,0.0
81,1,7,3,0.0,2.0,2.0
81,1,8,1,0.0,0.0,0.0
81,1,8,2,0.0,0.0,0.0
81,1,8,3,0.0,2.0,2.0
81,1,9,1,0.0,0.0,0.0
81,1,9,2,0.0,0.0,0.0
81,1,9,3,0.0,2.0,2.0
81,1,10,1,0.0,0.0,0.0
81,1,10,2,0.0,0.0,0.0
81,1,10,3,0.0,2.0,2.0
81,1,11,1,0.0,0.0,0.0
81,1,11,2,0.0,0.0,0.0
81,1,11,3,0.0,2.0,2.0
81,1,12,1,0.0,0.0,0.0
81,1,12,2,0.0,0.0,0.0
81,1,12,3,0.0,2.0,2.0
81,1,13,1,0.0,0.0,0.0
81,1,13,2,0.0,0.0,0.0
81,1,13,3,0.0,2.0,2.0
81,1,14,1,0.0,0.0,0.0
81,1,14,2,0.0,0.0,0.0
81,1,14,3,0.0,2.0,2.0
81,1,15,1,0.0,0.0,0.0
81,1,15,2,0.0,0.0,0.0
81,1,15,3,0.0,2.0,2.0
81,1,16,1,0.0,0.0,0.0
81,1,16,2,0.0,0.0,0.0
81,1,16,3,0.0,2.0,2.0
81,1,17,1,0.0,0.0,0.0
81,1,17,2,0.0,0.0,0.0
81,1,17,3,0.0,2.0,2.0
81,1,18,1,0.0,0.0,0.0
81,1,18,2,0.0,0.0,0.0
81,1,18,3,0.0,2.0,2.0
81,1,19,1,0.0,0.0,0.0
81,1,19,2,0.0,0.0,0.0
81,1,19,3,0.0,2.0,2.0
81,1,20,1,0.0,0.0,0.0
81,1,20,2,0.0,0.0,0.0
81,1,20,3,0.0,2.0,2.0
82,3,1,1,3.8761011266018324,3.8761011266018324,7.752202253203665
82,3,1,2,0.0,0.0,0.0
82,3,1,3,0.0,0.0,0.0
82,3,2,1,3.8761011266018324,3.8761011266018324,7.752202253203665
82,3,2,2,0.0,0.0,0.0
82,3,2,3,0.0,0.0,0.0
82,3,3,1,0.0,3.8761011266018324,3.8761011266018324
82,3,3,2,3.8761011266018324,3.8761011266018324,7.752202253203665
82,3,3,3,0.0,0.0,0.0
82,3,4,1,0.0,3.8761011266018324,3.8761011266018324
82,3,4,2,0.0,0.0,0.0
82,3,4,3,0.0,0.0,0.0
82,3,5,1,0.0,3.8761011266018324,3.8761011266018324
82,3,5,2,0.0,0.0,0.0
82,3,5,3,0.0,0.0,0.0
82,3,6,1,0.0,3.8761011266018324,3.8761011266018324
82,3,6,2,0.0,0.0,0.0
82,3,6,3,0.0,0.0,0.0
82,3,7,1,0.0,3.8761011266018324,3.8761011266018324
82,3,7,2,0.0,0.0,0.0
82,3,7,3,0.0,0.0,0.0
82,3,8,1,0.0,3.8761011266018324,3.8761011266018324
82,3,8,2,0.0,0.0,0.0
82,3,8,3,0.0,0.0,0.0
82,3,9,1,0.0,3.8761011266018324,3.8761011266018324
82,3,9,2,0.0,3.8761011266018324,3.8761011266018324
82,3,9,3,0.0,0.0,0.0
82,3,10,1,0.0,3.8761011266018324,3.8761011266018324
82,3,10,2,0.0,3.8761011266018324,3.8761011266018324
82,3,10,3,0.0,0.0,0.0
82,3,11,1,0.0,3.8761011266018324,3.8761011266018324
82,3,11,2,0.0,3.8761011266018324,3.8761011266018324
82,3,11,3,0.0,0.0,0.0
82,3,12,1,0.0,3.8761011266018324,3.8761011266018324
82,3,12,2,0.0,3.8761011266018324,3.8761011266018324
82,3,12,3,2.0,2.0,4.0
82,3,13,1,0.0,3.8761011266018324,3.8761011266018324
82,3,13,2,0.0,0.0,0.0
82,3,13,3,0.0,0.0,0.0
82,3,14,1,0.0,3.8761011266018324,3.8761011266018324
82,3,14,2,0.0,0.0,0.0
82,3,14,3,0.0,0.0,0.0
82,3,15,1,0.0,3.8761011266018324,3.8761011266018324
82,3,15,2,0.0,0.0,0.0
82,3,15,3,0.0,0.0,0.0
82,3,16,1,0.0,3.8761011266018324,3.8761011266018324
82,3,16,2,0.0,3.8761011266018324,3.8761011266018324
82,3,16,3,0.0,2.0,2.0
82,3,17,1,0.0,3.8761011266018324,3.8761011266018324
82,3,17,2,0.0,0.0,0.0
82,3,17,3,0.0,0.0,0.0
82,3,18,1,0.0,3.8761011266018324,3.8761011266018324
82,3,18,2,0.0,3.8761011266018324,3.8761011266018324
82,3,18,3,0.0,0.0,0.0
82,3,19,1,0.0,0.0,0.0
82,3,19,2,0.0,3.8761011266018324,3.8761011266018324
82,3,19,3,0.0,0.0,0.0
82,3,20,1,0.0,3.8761011266018324,3.8761011266018324
82,3,20,2,0.0,0.0,0.0
82,3,20,3,0.0,0.0,0.0
82,2,1,1,4.670201183380856,3.8761011266018324,8.54630230998269
82,2,1,2,0.0,0.0,0.0
82,2,1,3,0.0,0.0,0.0
82,2,2,1,0.7941000567790231,3.8761011266018324,4.670201183380856
82,2,2,2,0.0,0.0,0.0
82,2,2,3,0.0,0.0,0.0
82,2,3,1,0.7941000567790231,3.8761011266018324,4.670201183380856
82,2,3,2,0.0,0.0,0.0
82,2,3,3,0.0,0.0,0.0
82,2,4,1,0.7941000567790231,3.8761011266018324,4.670201183380856
82,2,4,2,0.0,0.0,0.0
82,2,4,3,0.0,0.0,0.0
82,2,5,1,0.0,3.8761011266018324,3.8761011266018324
82,2,5,2,3.8761011266018324,3.8761011266018324,7.752202253203665
82,2,5,3,0.0,0.0,0.0
82,2,6,1,0.0,0.0,0.0
82,2,6,2,0.0,3.8761011266018324,3.8761011266018324
82,2,6,3,2.0,2.0,4.0
82,2,7,1,0.0,3.8761011266018324,3.8761011266018324
82,2,7,2,0.0,3.8761011266018324,3.8761011266018324
82,2,7,3,0.0,2.0,2.0
82,2,8,1,0.0,3.8761011266018324,3.8761011266018324
82,2,8,2,0.0,3.8761011266018324,3.8761011266018324
82,2,8,3,0.0,0.0,0.0
82,2,9,1,0.0,0.0,0.0
82,2,9,2,0.0,3.8761011266018324,3.8761011266018324
82,2,9,3,0.0,0.0,0.0
82,2,10,1,0.0,0.0,0.0
82,2,10,2,0.0,3.8761011266018324,3.8761011266018324
82,2,10,3,0.0,0.0,0.0
82,2,11,1,0.0,0.0,0.0
82,2,11,2,0.0,3.8761011266018324,3.8761011266018324
82,2,11,3,0.0,0.0,0.0
82,2,12,1,0.0,0.0,0.0
82,2,12,2,0.0,3.8761011266018324,3.8761011266018324
82,2,12,3,0.0,0.0,0.0
82,2,13,1,0.0,0.0,0.0
82,2,13,2,0.0,3.8761011266018324,3.8761011266018324
82,2,13,3,0.0,2.0,2.0
82,2,14,1,0.0,0.0,0.0
82,2,14,2,0.0,0.0,0.0
82,2,14,3,0.0,2.0,2.0
82,2,15,1,0.0,0.0,0.0
82,2,15,2,0.0,0.0,0.0
82,2,15,3,0.0,2.0,2.0
82,2,16,1,0.0,0.0,0.0
82,2,16,2,0.0,0.0,0.0
82,2,16,3,0.0,2.0,2.0
82,2,17,1,0.0,0.0,0.0
82,2,17,2,0.0,0.0,0.0
82,2,17,3,0.0,2.0,2.0
82,2,18,1,0.0,0.0,0.0
82,2,18,2,0.0,0.0,0.0
82,2,18,3,0.0,2.0,2.0
82,2,19,1,0.0,0.0,0.0
82,2,19,2,0.0,0.0,0.0
82,2,19,3,0.0,2.0,2.0
82,2,20,1,0.0,0.0,0.0
82,2,20,2,0.0,0.0,0.0
82,2,20,3,0.0,2.0,2.0
82,1,1,1,4.670201183380856,3.8761011266018324,8.54630230998269
82,1,1,2,0.0,0.0,0.0
82,1,1,3,0.0,0.0,0.0
82,1,2,1,0.7941000567790231,3.8761011266018324,4.670201183380856
82,1,2,2,2.794100056779023,2.0,4.794100056779023
82,1,2,3,2.0,2.0,4.0
82,1,3,1,0.0,0.0,0.0
82,1,3,2,0.0,0.0,0.0
82,1,3,3,0.0,2.0,2.0
82,1,4,1,0.0,0.0,0.0
82,1,4,2,0.0,0.0,0.0
82,1,4,3,0.0,2.0,2.0
82,1,5,1,0.0,0.0,0.0
82,1,5,2,0.0,0.0,0.0
82,1,5,3,0.0,2.0,2.0
82,1,6,1,0.0,0.0,0.0
82,1,6,2,0.0,0.0,0.0
82,1,6,3,0.0,2.0,2.0
82,1,7,1,0.0,0.0,0.0
82,1,7,2,0.0,0.0,0.0
82,1,7,3,0.0,2.0,2.0
82,1,8,1,0.0,0.0,0.0
82,1,8,2,0.0,0.0,0.0
82,1,8,3,0.0,2.0,2.0
82,1,9,1,0.0,0.0,0.0
82,1,9,2,0.0,0.0,0.0
82,1,9,3,0.0,2.0,2.0
82,1,10,1,0.0,0.0,0.0
82,1,10,2,0.0,0.0,0.0
82,1,10,3,0.0,2.0,2.0
82,1,11,1,0.0,0.0,0.0
82,1,11,2,0.0,0.0,0.0
82,1,11,3,0.0,2.0,2.0
82,1,12,1,0.0,0.0,0.0
82,1,12,2,0.0,0.0,0.0
82,1,12,3,0.0,2.0,2.0
82,1,13,1,0.0,0.0,0.0
82,1,13,2,0.0,0.0,0.0
82,1,13,3,0.0,2.0,2.0
82,1,14,1,0.0,0.0,0.0
82,1,14,2,0.0,0.0,0.0
82,1,14,3,0.0,2.0,2.0
82,1,15,1,0.0,0.0,0.0
82,1,15,2,0.0,0.0,0.0
82,1,15,3,0.0,2.0,2.0
82,1,16,1,0.0,0.0,0.0
82,1,16,2,0.0,0.0,0.0
82,1,16,3,0.0,2.0,2.0
82,1,17,1,0.0,0.0,0.0
82,1,17,2,0.0,0.0,0.0
82,1,17,3,0.0,2.0,2.0
82,1,18,1,0.0,0.0,0.0
82,1,18,2,0.0,0.0,0.0
82,1,18,3,0.0,2.0,2.0
82,1,19,1,0.0,0.0,0.0
82,1,19,2,0.0,0.0,0.0
82,1,19,3,0.0,2.0,2.0
82,1,20,1,0.0,0.0,0.0
82,1,20,2,0.0,0.0,0.0
82,1,20,3,0.0,2.0,2.0
83,3,1,1,3.8761011266018324,3.8761011266018324,7.752202253203665
83,3,1,2,3.8761011266018324,3.8761011266018324,7.752202253203665
83,3,1,3,0.0,0.0,0.0
83,3,2,1,3.8761011266018324,3.8761011266018324,7.752202253203665
83,3,2,2,0.0,3.8761011266018324,3.8761011266018324
83,3,2,3,0.0,0.0,0.0
83,3,3,1,0.0,0.0,0.0
83,3,3,2,0.0,3.8761011266018324,3.8761011266018324
83,3,3,3,0.0,0.0,0.0
83,3,4,1,0.0,3.8761011266018324,3.8761011266018324
83,3,4,2,0.0,0.0,0.0
83,3,4,3,0.0,0.0,0.0
83,3,5,1,0.0,3.8761011266018324,3.8761011266018324
83,3,5,2,0.0,0.0,0.0
83,3,5,3,0.0,0.0,0.0
83,3,6,1,0.0,3.8761011266018324,3.8761011266018324
83,3,6,2,0.0,0.0,0.0
83,3,6,3,0.0,0.0,0.0
83,3,7,1,0.0,3.8761011266018324,3.8761011266018324
83,3,7,2,0.0,0.0,0.0
83,3,7,3,0.0,0.0,0.0
83,3,8,1,0.0,3.8761011266018324,3.8761011266018324
83,3,8,2,0.0,0.0,0.0
83,3,8,3,0.0,0.0,0.0
83,3,9,1,0.0,3.8761011266018324,3.8761011266018324
83,3,9,2,0.0,0.0,0.0
83,3,9,3,0.0,0.0,0.0
83,3,10,1,0.0,3.8761011266018324,3.8761011266018324
83,3,10,2,0.0,3.8761011266018324,3.8761011266018324
83,3,10,3,0.0,0.0,0.0
83,3,11,1,0.0,0.0,0.0
83,3,11,2,0.0,3.8761011266018324,3.8761011266018324
83,3,11,3,0.0,0.0,0.0
83,3,12,1,0.0,0.0,0.0
83,3,12,2,0.0,3.8761011266018324,3.8761011266018324
83,3,12,3,0.0,0.0,0.0
83,3,13,1,0.0,3.8761011266018324,3.8761011266018324
83,3,13,2,0.0,3.8761011266018324,3.8761011266018324
83,3,13,3,0.0,0.0,0.0
83,3,14,1,0.0,3.8761011266018324,3.8761011266018324
83,3,14,2,0.0,0.0,0.0
83,3,14,3,0.0,0.0,0.0
83,3,15,1,0.0,3.8761011266018324,3.8761011266018324
83,3,15,2,0.0,0.0,0.0
83,3,15,3,0.0,0.0,0.0
83,3,16,1,0.0,3.8761011266018324,3.8761011266018324
83,3,16,2,0.0,0.0,0.0
83,3,16,3,0.0,0.0,0.0
83,3,17,1,0.0,3.8761011266018324,3.8761011266018324
83,3,17,2,0.0,0.0,0.0
83,3,17,3,0.0,0.0,0.0
83,3,18,1,0.0,3.8761011266018324,3.8761011266018324
83,3,18,2,0.0,0.0,0.0
83,3,18,3,0.0,0.0,0.0
83,3,19,1,0.0,3.8761011266018324,3.8761011266018324
83,3,19,2,0.0,3.8761011266018324,3.8761011266018324
83,3,19,3,0.0,0.0,0.0
83,3,20,1,0.0,0.0,0.0
83,3,20,2,0.0,3.8761011266018324,3.8761011266018324
83,3,20,3,0.0,0.0,0.0
83,2,1,1,4.670201183380856,3.8761011266018324,8.54630230998269
83,2,1,2,3.8761011266018324,3.8761011266018324,7.752202253203665
83,2,1,3,0.0,0.0,0.0
83,2,2,1,0.0,0.0,0.0
83,2,2,2,0.0,3.8761011266018324,3.8761011266018324
83,2,2,3,0.0,0.0,0.0
83,2,3,1,0.0,0.0,0.0
83,2,3,2,0.0,3.8761011266018324,3.8761011266018324
83,2,3,3,0.0,0.0,0.0
83,2,4,1,0.0,0.0,0.0
83,2,4,2,0.0,3.8761011266018324,3.8761011266018324
83,2,4,3,0.0,0.0,0.0
83,2,5,1,0.0,0.0,0.0
83,2,5,2,0.0,3.8761011266018324,3.8761011266018324
83,2,5,3,0.0,0.0,0.0
83,2,6,1,0.0,0.0,0.0
83,2,6,2,0.0,3.8761011266018324,3.8761011266018324
83,2,6,3,0.0,0.0,0.0
83,2,7,1,0.0,0.0,0.0
83,2,7,2,0.0,3.8761011266018324,3.8761011266018324
83,2,7,3,2.0,2.0,4.0
83,2,8,1,0.0,0.0,0.0
83,2,8,2,0.0,0.0,0.0
83,2,8,3,0.0,2.0,2.0
83,2,9,1,0.0,0.0,0.0
83,2,9,2,0.0,0.0,0.0
83,2,9,3,0.0,2.0,2.0
83,2,10,1,0.7941000567790231,3.8761011266018324,4.670201183380856
83,2,10,2,0.0,0.0,0.0
83,2,10,3,0.0,0.0,0.0
83,2,11,1,0.7941000567790231,3.8761011266018324,4.670201183380856
83,2,11,2,0.0,0.0,0.0
83,2,11,3,0.0,0.0,0.0
83,2,12,1,0.7941000567790231,3.8761011266018324,4.670201183380856
83,2,12,2,0.0,3.8761011266018324,3.8761011266018324
83,2,12,3,0.0,0.0,0.0
83,2,13,1,0.0,0.0,0.0
83,2,13,2,0.0,3.8761011266018324,3.8761011266018324
83,2,13,3,0.0,0.0,0.0
83,2,14,1,0.0,0.0,0.0
83,2,14,2,0.0,3.8761011266018324,3.8761011266018324
83,2,14,3,0.0,0.0,0.0
83,2,15,1,0.0,0.0,0.0
83,2,15,2,0.0,3.8761011266018324,3.8761011266018324
83,2,15,3,0.0,0.0,0.0
83,2,16,1,0.0,0.0,0.0
83,2,16,2,0.0,3.8761011266018324,3.8761011266018324
83,2,16,3,0.0,0.0,0.0
83,2,17,1,0.0,0.0,0.0
83,2,17,2,0.0,3.8761011266018324,3.8761011266018324
83,2,17,3,0.0,0.0,0.0
83,2,18,1,0.0,0.0,0.0
83,2,18,2,0.0,3.8761011266018324,3.8761011266018324
83,2,18,3,0.0,0.0,0.0
83,2,19,1,0.0,0.0,0.0
83,2,19,2,0.0,3.8761011266018324,3.8761011266018324
83,2,19,3,0.0,0.0,0.0
83,2,20,1,0.0,0.0,0.0
83,2,20,2,0.0,3.8761011266018324,3.8761011266018324
83,2,20,3,0.0,0.0,0.0
83,1,1,1,4.670201183380856,3.8761011266018324,8.54630230998269
83,1,1,2,2.794100056779023,2.0,4.794100056779023
83,1,1,3,2.0,2.0,4.0
83,1,2,1,0.0,0.0,0.0
83,1,2,2,0.0,0.0,0.0
83,1,2,3,0.0,2.0,2.0
83,1,3,1,0.0,0.0,0.0
83,1,3,2,0.0,0.0,0.0
83,1,3,3,0.0,2.0,2.0
83,1,4,1,0.0,0.0,0.0
83,1,4,2,0.0,0.0,0.0
83,1,4,3,0.0,2.0,2.0
83,1,5,1,0.0,0.0,0.0
83,1,5,2,0.0,0.0,0.0
83,1,5,3,0.0,2.0,2.0
83,1,6,1,0.0,0.0,0.0
83,1,6,2,0.0,0.0,0.0
83,1,6,3,0.0,2.0,2.0
83,1,7,1,0.0,0.0,0.0
83,1,7,2,0.0,0.0,0.0
83,1,7,3,0.0,2.0,2.0
83,1,8,1,0.0,0.0,0.0
83,1,8,2,0.0,0.0,0.0
83,1,8,3,0.0,2.0,2.0
83,1,9,1,0.0,0.0,0.0
83,1,9,2,0.0,0.0,0.0
83,1,9,3,0.0,2.0,2.0
83,1,10,1,0.0,0.0,0.0
83,1,10,2,0.0,0.0,0.0
83,1,10,3,0.0,2.0,2.0
83,1,11,1,0.0,0.0,0.0
83,1,11,2,0.0,0.0,0.0
83,1,11,3,0.0,2.0,2.0
83,1,12,1,0.0,0.0,0.0
83,1,12,2,0.0,0.0,0.0
83,1,12,3,0.0,2.0,2.0
83,1,13,1,0.0,0.0,0.0
83,1,13,2,0.0,0.0,0.0
83,1,13,3,0.0,2.0,2.0
83,1,14,1,0.0,0.0,0.0
83,1,14,2,0.0,0.0,0.0
83,1,14,3,0.0,2.0,2.0
83,1,15,1,0.0,0.0,0.0
83,1,15,2,0.0,0.0,0.0
83,1,15,3,0.0,2.0,2.0
83,1,16,1,0.0,0.0,0.0
83,1,16,2,0.0,0.0,0.0
83,1,16,3,0.0,2.0,2.0
83,1,17,1,0.0,0.0,0.0
83,1,17,2,0.0,0.0,0.0
83,1,17,3,0.0,2.0,2.0
83,1,18,1,0.0,0.0,0.0
83,1,18,2,0.0,0.0,0.0
83,1,18,3,0.0,2.0,2.0
83,1,19,1,0.0,0.0,0.0
83,1,19,2,0.0,0.0,0.0
83,1,19,3,0.0,2.0,2.0
83,1,20,1,0.0,0.0,0.0
83,1,20,2,0.0,0.0,0.0
83,1,20,3,0.0,2.0,2.0
84,3,1,1,3.8761011266018324,3.8761011266018324,7.752202253203665
84,3,1,2,0.0,0.0,0.0
84,3,1,3,0.0,0.0,0.0
84,3,2,1,3.8761011266018324,3.8761011266018324,7.752202253203665
84,3,2,2,3.8761011266018324,3.8761011266018324,7.752202253203665
84,3,2,3,0.0,0.0,0.0
84,3,3,1,0.0,0.0,0.0
84,3,3,2,0.0,3.8761011266018324,3.8761011266018324
84,3,3,3,0.0,0.0,0.0
84,3,4,1,0.0,3.8761011266018324,3.8761011266018324
84,3,4,2,0.0,0.0,0.0
84,3,4,3,0.0,0.0,0.0
84,3,5,1,0.0,3.8761011266018324,3.8761011266018324
84,3,5,2,0.0,0.0,0.0
84,3,5,3,0.0,0.0,0.0
84,3,6,1,0.0,3.8761011266018324,3.8761011266018324
84,3,6,2,0.0,0.0,0.0
84,3,6,3,0.0,0.0,0.0
84,3,7,1,0.0,3.8761011266018324,3.8761011266018324
84,3,7,2,0.0,0.0,0.0
84,3,7,3,0.0,0.0,0.0
84,3,8,1,0.0,3.8761011266018324,3.8761011266018324
84,3,8,2,0.0,3.8761011266018324,3.8761011266018324
84,3,8,3,2.0,2.0,4.0
84,3,9,1,0.0,3.8761011266018324,3.8761011266018324
84,3,9,2,0.0,3.8761011266018324,3.8761011266018324
84,3,9,3,0.0,0.0,0.0
84,3,10,1,0.0,3.8761011266018324,3.8761011266018324
84,3,10,2,0.0,0.0,0.0
84,3,10,3,0.0,0.0,0.0
84,3,11,1,0.0,3.8761011266018324,3.8761011266018324
84,3,11,2,0.0,0.0,0.0
84,3,11,3,0.0,0.0,0.0
84,3,12,1,0.0,3.8761011266018324,3.8761011266018324
84,3,12,2,0.0,0.0,0.0
84,3,12,3,0.0,0.0,0.0
84,3,13,1,0.0,3.8761011266018324,3.8761011266018324
84,3,13,2,0.0,0.0,0.0
84,3,13,3,0.0,0.0,0.0
84,3,14,1,0.0,3.8761011266018324,3.8761011266018324
84,3,14,2,0.0,0.0,0.0
84,3,14,3,0.0,0.0,0.0
84,3,15,1,0.0,3.8761011266018324,3.8761011266018324
84,3,15,2,0.0,0.0,0.0
84,3,15,3,0.0,0.0,0.0
84,3,16,1,0.0,3.8761011266018324,3.8761011266018324
84,3,16,2,0.0,0.0,0.0
84,3,16,3,0.0,0.0,0.0
84,3,17,1,0.0,3.8761011266018324,3.8761011266018324
84,3,17,2,0.0,0.0,0.0
84,3,17,3,0.0,0.0,0.0
84,3,18,1,0.0,3.8761011266018324,3.8761011266018324
84,3,18,2,0.0,0.0,0.0
84,3,18,3,0.0,0.0,0.0
84,3,19,1,0.0,3.8761011266018324,3.8761011266018324
84,3,19,2,0.0,0.0,0.0
84,3,19,3,0.0,0.0,0.0
84,3,20,1,0.0,3.8761011266018324,3.8761011266018324
84,3,20,2,0.0,0.0,0.0
84,3,20,3,0.0,0.0,0.0
84,2,1,1,4.670201183380856,3.8761011266018324,8.54630230998269
84,2,1,2,0.0,0.0,0.0
84,2,1,3,0.0,0.0,0.0
84,2,2,1,0.7941000567790231,3.8761011266018324,4.670201183380856
84,2,2,2,3.8761011266018324,3.8761011266018324,7.752202253203665
84,2,2,3,0.0,0.0,0.0
84,2,3,1,0.0,0.0,0.0
84,2,3,2,0.0,3.8761011266018324,3.8761011266018324
84,2,3,3,0.0,0.0,0.0
84,2,4,1,0.0,0.0,0.0
84,2,4,2,0.0,3.8761011266018324,3.8761011266018324
84,2,4,3,0.0,0.0,0.0
84,2,5,1,0.0,0.0,0.0
84,2,5,2,0.0,3.8761011266018324,3.8761011266018324
84,2,5,3,0.0,0.0,0.0
84,2,6,1,0.0,0.0,0.0
84,2,6,2,0.0,3.8761011266018324,3.8761011266018324
84,2,6,3,0.0,0.0,0.0
84,2,7,1,0.0,0.0,0.0
84,2,7,2,0.0,3.8761011266018324,3.8761011266018324
84,2,7,3,0.0,0.0,0.0
84,2,8,1,0.0,0.0,0.0
84,2,8,2,0.0,3.8761011266018324,3.8761011266018324
84,2,8,3,0.0,0.0,0.0
84,2,9,1,0.0,0.0,0.0
84,2,9,2,0.0,3.8761011266018324,3.8761011266018324
84,2,9,3,0.0,0.0,0.0
84,2,10,1,0.0,0.0,0.0
84,2,10,2,0.0,3.8761011266018324,3.8761011266018324
84,2,10,3,2.0,2.0,4.0
84,2,11,1,0.7941000567790231,3.8761011266018324,4.670201183380856
84,2,11,2,0.0,3.8761011266018324,3.8761011266018324
84,2,11,3,0.0,0.0,0.0
84,2,12,1,0.0,0.0,0.0
84,2,12,2,0.0,3.8761011266018324,3.8761011266018324
84,2,12,3,0.0,0.0,0.0
84,2,13,1,0.0,0.0,0.0
84,2,13,2,0.0,3.8761011266018324,3.8761011266018324
84,2,13,3,0.0,0.0,0.0
84,2,14,1,0.0,0.0,0.0
84,2,14,2,0.0,3.8761011266018324,3.8761011266018324
84,2,14,3,0.0,0.0,0.0
84,2,15,1,0.0,0.0,0.0
84,2,15,2,0.0,3.8761011266018324,3.8761011266018324
84,2,15,3,0.0,0.0,0.0
84,2,16,1,0.0,0.0,0.0
84,2,16,2,0.0,3.8761011266018324,3.8761011266018324
84,2,16,3,0.0,0.0,0.0
84,2,17,1,0.0,0.0,0.0
84,2,17,2,0.0,3.8761011266018324,3.8761011266018324
84,2,17,3,0.0,0.0,0.0
84,2,18,1,0.0,0.0,0.0
84,2,18,2,0.0,3.8761011266018324,3.8761011266018324
84,2,18,3,0.0,0.0,0.0
84,2,19,1,0.0,0.0,0.0
84,2,19,2,0.0,3.8761011266018324,3.8761011266018324
84,2,19,3,0.0,0.0,0.0
84,2,20,1,0.0,0.0,0.0
84,2,20,2,0.0,3.8761011266018324,3.8761011266018324
84,2,20,3,0.0,0.0,0.0
84,1,1,1,4.670201183380856,3.8761011266018324,8.54630230998269
84,1,1,2,2.794100056779023,2.0,4.794100056779023
84,1,1,3,2.0,2.0,4.0
84,1,2,1,0.0,0.0,0.0
84,1,2,2,0.0,0.0,0.0
84,1,2,3,0.0,2.0,2.0
84,1,3,1,0.0,0.0,0.0
84,1,3,2,0.0,0.0,0.0
84,1,3,3,0.0,2.0,2.0
84,1,4,1,0.0,0.0,0.0
84,1,4,2,0.0,0.0,0.0
84,1,4,3,0.0,2.0,2.0
84,1,5,1,0.0,0.0,0.0
84,1,5,2,0.0,0.0,0.0
84,1,5,3,0.0,2.0,2.0
84,1,6,1,0.0,0.0,0.0
84,1,6,2,0.0,0.0,0.0
84,1,6,3,0.0,2.0,2.0
84,1,7,1,0.0,0.0,0.0
84,1,7,2,0.0,0.0,0.0
84,1,7,3,0.0,2.0,2.0
84,1,8,1,0.0,0.0,0.0
84,1,8,2,0.0,0.0,0.0
84,1,8,3,0.0,2.0,2.0
84,1,9,1,0.0,0.0,0.0
84,1,9,2,0.0,0.0,0.0
84,1,9,3,0.0,2.0,2.0
84,1,10,1,0.0,0.0,0.0
84,1,10,2,0.0,0.0,0.0
84,1,10,3,0.0,2.0,2.0
84,1,11,1,0.0,0.0,0.0
84,1,11,2,0.0,0.0,0.0
84,1,11,3,0.0,2.0,2.0
84,1,12,1,0.0,0.0,0.0
84,1,12,2,0.0,0.0,0.0
84,1,12,3,0.0,2.0,2.0
84,1,13,1,0.0,0.0,0.0
84,1,13,2,0.0,0.0,0.0
84,1,13,3,0.0,2.0,2.0
84,1,14,1,0.0,0.0,0.0
84,1,14,2,0.0,0.0,0.0
84,1,14,3,0.0,2.0,2.0
84,1,15,1,0.0,0.0,0.0
84,1,15,2,0.0,0.0,0.0
84,1,15,3,0.0,2.0,2.0
84,1,16,1,0.0,0.0,0.0
84,1,16,2,0.0,0.0,0.0
84,1,16,3,0.0,2.0,2.0
84,1,17,1,0.0,0.0,0.0
84,1,17,2,0.0,0.0,0.0
84,1,17,3,0.0,0.0,0.0
84,1,18,1,0.7941000567790231,3.8761011266018324,4.670201183380856
84,1,18,2,0.7941000567790231,2.0,2.794100056779023
84,1,18,3,0.0,2.0,2.0
84,1,19,1,0.0,0.0,0.0
84,1,19,2,0.0,0.0,0.0
84,1,19,3,0.0,2.0,2.0
84,1,20,1,0.0,0.0,0.0
84,1,20,2,0.0,0.0,0.0
84,1,20,3,0.0,2.0,2.0
85,3,1,1,3.8761011266018324,3.8761011266018324,7.752202253203665
85,3,1,2,3.8761011266018324,3.8761011266018324,7.752202253203665
85,3,1,3,0.0,0.0,0.0
85,3,2,1,0.0,0.0,0.0
85,3,2,2,0.0,3.8761011266018324,3.8761011266018324
85,3,2,3,0.0,0.0,0.0
85,3,3,1,0.0,0.0,0.0
85,3,3,2,0.0,3.8761011266018324,3.8761011266018324
85,3,3,3,0.0,0.0,0.0
85,3,4,1,0.0,0.0,0.0
85,3,4,2,0.0,3.8761011266018324,3.8761011266018324
85,3,4,3,2.0,2.0,4.0
85,3,5,1,3.8761011266018324,3.8761011266018324,7.752202253203665
85,3,5,2,0.0,3.8761011266018324,3.8761011266018324
85,3,5,3,0.0,0.0,0.0
85,3,6,1,0.0,3.8761011266018324,3.8761011266018324
85,3,6,2,0.0,0.0,0.0
85,3,6,3,0.0,0.0,0.0
85,3,7,1,0.0,3.8761011266018324,3.8761011266018324
85,3,7,2,0.0,0.0,0.0
85,3,7,3,0.0,0.0,0.0
85,3,8,1,0.0,3.8761011266018324,3.8761011266018324
85,3,8,2,0.0,0.0,0.0
85,3,8,3,0.0,0.0,0.0
85,3,9,1,0.0,3.8761011266018324,3.8761011266018324
85,3,9,2,0.0,0.0,0.0
85,3,9,3,0.0,0.0,0.0
85,3,10,1,0.0,3.8761011266018324,3.8761011266018324
85,3,10,2,0.0,0.0,0.0
85,3,10,3,0.0,0.0,0.0
85,3,11,1,0.0,3.8761011266018324,3.8761011266018324
85,3,11,2,0.0,0.0,0.0
85,3,11,3,0.0,0.0,0.0
85,3,12,1,0.0,3.8761011266018324,3.8761011266018324
85,3,12,2,0.0,3.8761011266018324,3.8761011266018324
85,3,12,3,0.0,0.0,0.0
85,3,13,1,0.0,3.8761011266018324,3.8761011266018324
85,3,13,2,0.0,0.0,0.0
85,3,13,3,0.0,0.0,0.0
85,3,14,1,0.0,3.8761011266018324,3.8761011266018324
85,3,14,2,0.0,0.0,0.0
85,3,14,3,0.0,0.0,0.0
85,3,15,1,0.0,3.8761011266018324,3.8761011266018324
85,3,15,2,0.0,0.0,0.0
85,3,15,3,0.0,0.0,0.0
85,3,16,1,0.0,3.8761011266018324,3.8761011266018324
85,3,16,2,0.0,3.8761011266018324,3.8761011266018324
85,3,16,3,0.0,0.0,0.0
85,3,17,1,0.0,0.0,0.0
85,3,17,2,0.0,3.8761011266018324,3.8761011266018324
85,3,17,3,0.0,0.0,0.0
85,3,18,1,0.0,3.8761011266018324,3.8761011266018324
85,3,18,2,0.0,3.8761011266018324,3.8761011266018324
85,3,18,3,0.0,0.0,0.0
85,3,19,1,0.0,3.8761011266018324,3.8761011266018324
85,3,19,2,0.0,0.0,0.0
85,3,19,3,0.0,0.0,0.0
85,3,20,1,0.0,3.8761011266018324,3.8761011266018324
85,3,20,2,0.0,3.8761011266018324,3.8761011266018324
85,3,20,3,0.0,0.0,0.0
85,2,1,1,4.670201183380856,3.8761011266018324,8.54630230998269
85,2,1,2,0.0,0.0,0.0
85,2,1,3,0.0,0.0,0.0
85,2,2,1,0.7941000567790231,3.8761011266018324,4.670201183380856
85,2,2,2,0.0,0.0,0.0
85,2,2,3,0.0,0.0,0.0
85,2,3,1,0.7941000567790231,3.8761011266018324,4.670201183380856
85,2,3,2,3.8761011266018324,3.8761011266018324,7.752202253203665
85,2,3,3,2.0,2.0,4.0
85,2,4,1,0.7941000567790231,3.8761011266018324,4.670201183380856
85,2,4,2,0.0,0.0,0.0
85,2,4,3,0.0,0.0,0.0
85,2,5,1,0.0,3.8761011266018324,3.8761011266018324
85,2,5,2,0.0,3.8761011266018324,3.8761011266018324
85,2,5,3,0.0,0.0,0.0
85,2,6,1,0.0,0.0,0.0
85,2,6,2,0.0,3.8761011266018324,3.8761011266018324
85,2,6,3,0.0,0.0,0.0
85,2,7,1,0.0,0.0,0.0
85,2,7,2,0.0,3.8761011266018324,3.8761011266018324
85,2,7,3,0.0,0.0,0.0
85,2,8,1,0.0,0.0,0.0
85,2,8,2,0.0,3.8761011266018324,3.8761011266018324
85,2,8,3,0.0,0.0,0.0
85,2,9,1,0.0,0.0,0.0
85,2,9,2,0.0,3.8761011266018324,3.8761011266018324
85,2,9,3,0.0,0.0,0.0
85,2,10,1,0.0,0.0,0.0
85,2,10,2,0.0,3.8761011266018324,3.8761011266018324
85,2,10,3,0.0,0.0,0.0
85,2,11,1,0.0,0.0,0.0
85,2,11,2,0.0,3.8761011266018324,3.8761011266018324
85,2,11,3,0.0,0.0,0.0
85,2,12,1,0.0,0.0,0.0
85,2,12,2,0.0,3.8761011266018324,3.8761011266018324
85,2,12,3,0.0,0.0,0.0
85,2,13,1,0.0,0.0,0.0
85,2,13,2,0.0,3.8761011266018324,3.8761011266018324
85,2,13,3,0.0,0.0,0.0
85,2,14,1,0.0,0.0,0.0
85,2,14,2,0.0,3.8761011266018324,3.8761011266018324
85,2,14,3,0.0,0.0,0.0
85,2,15,1,0.0,0.0,0.0
85,2,15,2,0.0,3.8761011266018324,3.8761011266018324
85,2,15,3,0.0,0.0,0.0
85,2,16,1,0.0,0.0,0.0
85,2,16,2,0.0,3.8761011266018324,3.8761011266018324
85,2,16,3,0.0,2.0,2.0
85,2,17,1,0.0,3.8761011266018324,3.8761011266018324
85,2,17,2,0.0,0.0,0.0
85,2,17,3,0.0,0.0,0.0
85,2,18,1,0.0,3.8761011266018324,3.8761011266018324
85,2,18,2,0.0,3.8761011266018324,3.8761011266018324
85,2,18,3,0.0,0.0,0.0
85,2,19,1,0.0,0.0,0.0
85,2,19,2,0.0,3.8761011266018324,3.8761011266018324
85,2,19,3,0.0,0.0,0.0
85,2,20,1,0.0,0.0,0.0
85,2,20,2,0.0,3.8761011266018324,3.8761011266018324
85,2,20,3,0.0,0.0,0.0
85,1,1,1,4.670201183380856,3.8761011266018324,8.54630230998269
85,1,1,2,2.794100056779023,2.0,4.794100056779023
85,1,1,3,0.0,0.0,0.0
85,1,2,1,0.0,0.0,0.0
85,1,2,2,0.7941000567790231,2.0,2.794100056779023
85,1,2,3,2.0,2.0,4.0
85,1,3,1,0.0,0.0,0.0
85,1,3,2,0.0,0.0,0.0
85,1,3,3,0.0,2.0,2.0
85,1,4,1,0.0,0.0,0.0
85,1,4,2,0.0,0.0,0.0
85,1,4,3,0.0,2.0,2.0
85,1,5,1,0.0,0.0,0.0
85,1,5,2,0.0,0.0,0.0
85,1,5,3,0.0,2.0,2.0
85,1,6,1,0.0,0.0,0.0
85,1,6,2,0.0,0.0,0.0
85,1,6,3,0.0,2.0,2.0
85,1,7,1,0.0,0.0,0.0
85,1,7,2,0.0,0.0,0.0
85,1,7,3,0.0,2.0,2.0
85,1,8,1,0.0,0.0,0.0
85,1,8,2,0.0,0.0,0.0
85,1,8,3,0.0,2.0,2.0
85,1,9,1,0.0,0.0,0.0
85,1,9,2,0.0,0.0,0.0
85,1,9,3,0.0,2.0,2.0
85,1,10,1,0.0,0.0,0.0
85,1,10,2,0.0,0.0,0.0
85,1,10,3,0.0,2.0,2.0
85,1,11,1,0.0,0.0,0.0
85,1,11,2,0.0,0.0,0.0
85,1,11,3,0.0,2.0,2.0
85,1,12,1,0.0,0.0,0.0
85,1,12,2,0.0,0.0,0.0
85,1,12,3,0.0,2.0,2.0
85,1,13,1,0.0,0.0,0.0
85,1,13,2,0.0,0.0,0.0
85,1,13,3,0.0,2.0,2.0
85,1,14,1,0.0,0.0,0.0
85,1,14,2,0.0,0.0,0.0
85,1,14,3,0.0,2.0,2.0
85,1,15,1,0.0,0.0,0.0
85,1,15,2,0.0,0.0,0.0
85,1,15,3,0.0,2.0,2.0
85,1,16,1,0.0,0.0,0.0
85,1,16,2,0.0,0.0,0.0
85,1,16,3,0.0,2.0,2.0
85,1,17,1,0.0,0.0,0.0
85,1,17,2,0.0,0.0,0.0
85,1,17,3,0.0,2.0,2.0
85,1,18,1,0.0,0.0,0.0
85,1,18,2,0.0,0.0,0.0
85,1,18,3,0.0,2.0,2.0
85,1,19,1,0.0,0.0,0.0
85,1,19,2,0.0,0.0,0.0
85,1,19,3,0.0,2.0,2.0
85,1,20,1,0.0,0.0,0.0
85,1,20,2,0.0,0.0,0.0
85,1,20,3,0.0,2.0,2.0
86,3,1,1,3.8761011266018324,3.8761011266018324,7.752202253203665
86,3,1,2,3.8761011266018324,3.8761011266018324,7.752202253203665
86,3,1,3,0.0,0.0,0.0
86,3,2,1,3.8761011266018324,3.8761011266018324,7.752202253203665
86,3,2,2,0.0,0.0,0.0
86,3,2,3,0.0,0.0,0.0
86,3,3,1,0.0,3.8761011266018324,3.8761011266018324
86,3,3,2,0.0,0.0,0.0
86,3,3,3,0.0,0.0,0.0
86,3,4,1,0.0,3.8761011266018324,3.8761011266018324
86,3,4,2,0.0,0.0,0.0
86,3,4,3,0.0,0.0,0.0
86,3,5,1,0.0,3.8761011266018324,3.8761011266018324
86,3,5,2,0.0,3.8761011266018324,3.8761011266018324
86,3,5,3,0.0,0.0,0.0
86,3,6,1,0.0,0.0,0.0
86,3,6,2,0.0,3.8761011266018324,3.8761011266018324
86,3,6,3,0.0,0.0,0.0
86,3,7,1,0.0,3.8761011266018324,3.8761011266018324
86,3,7,2,0.0,0.0,0.0
86,3,7,3,0.0,0.0,0.0
86,3,8,1,0.0,3.8761011266018324,3.8761011266018324
86,3,8,2,0.0,0.0,0.0
86,3,8,3,0.0,0.0,0.0
86,3,9,1,0.0,3.8761011266018324,3.8761011266018324
86,3,9,2,0.0,3.8761011266018324,3.8761011266018324
86,3,9,3,0.0,0.0,0.0
86,3,10,1,0.0,3.8761011266018324,3.8761011266018324
86,3,10,2,0.0,0.0,0.0
86,3,10,3,0.0,0.0,0.0
86,3,11,1,0.0,3.8761011266018324,3.8761011266018324
86,3,11,2,0.0,3.8761011266018324,3.8761011266018324
86,3,11,3,2.0,2.0,4.0
86,3,12,1,0.0,3.8761011266018324,3.8761011266018324
86,3,12,2,0.0,0.0,0.0
86,3,12,3,0.0,0.0,0.0
86,3,13,1,0.0,3.8761011266018324,3.8761011266018324
86,3,13,2,0.0,0.0,0.0
86,3,13,3,0.0,0.0,0.0
86,3,14,1,0.0,3.8761011266018324,3.8761011266018324
86,3,14,2,0.0,0.0,0.0
86,3,14,3,0.0,0.0,0.0
86,3,15,1,0.0,3.8761011266018324,3.8761011266018324
86,3,15,2,0.0,3.8761011266018324,3.8761011266018324
86,3,15,3,0.0,0.0,0.0
86,3,16,1,0.0,0.0,0.0
86,3,16,2,0.0,3.8761011266018324,3.8761011266018324
86,3,16,3,0.0,0.0,0.0
86,3,17,1,0.0,0.0,0.0
86,3,17,2,0.0,3.8761011266018324,3.8761011266018324
86,3,17,3,0.0,0.0,0.0
86,3,18,1,0.0,3.8761011266018324,3.8761011266018324
86,3,18,2,0.0,0.0,0.0
86,3,18,3,0.0,0.0,0.0
86,3,19,1,0.0,3.8761011266018324,3.8761011266018324
86,3,19,2,0.0,3.8761011266018324,3.8761011266018324
86,3,19,3,0.0,0.0,0.0
86,3,20,1,0.0,3.8761011266018324,3.8761011266018324
86,3,20,2,0.0,0.0,0.0
86,3,20,3,0.0,0.0,0.0
86,2,1,1,4.670201183380856,3.8761011266018324,8.54630230998269
86,2,1,2,3.8761011266018324,3.8761011266018324,7.752202253203665
86,2,1,3,0.0,0.0,0.0
86,2,2,1,0.0,0.0,0.0
86,2,2,2,0.0,3.8761011266018324,3.8761011266018324
86,2,2,3,0.0,0.0,0.0
86,2,3,1,0.0,0.0,0.0
86,2,3,2,0.0,3.8761011266018324,3.8761011266018324
86,2,3,3,0.0,0.0,0.0
86,2,4,1,0.0,0.0,0.0
86,2,4,2,0.0,3.8761011266018324,3.8761011266018324
86,2,4,3,0.0,0.0,0.0
86,2,5,1,0.0,0.0,0.0
86,2,5,2,0.0,3.8761011266018324,3.8761011266018324
86,2,5,3,0.0,0.0,0.0
86,2,6,1,0.0,0.0,0.0
86,2,6,2,0.0,3.8761011266018324,3.8761011266018324
86,2,6,3,0.0,0.0,0.0
86,2,7,1,0.0,0.0,0.0
86,2,7,2,0.0,3.8761011266018324,3.8761011266018324
86,2,7,3,0.0,0.0,0.0
86,2,8,1,0.0,0.0,0.0
86,2,8,2,0.0,3.8761011266018324,3.8761011266018324
86,2,8,3,0.0,0.0,0.0
86,2,9,1,0.0,0.0,0.0
86,2,9,2,0.0,3.8761011266018324,3.8761011266018324
86,2,9,3,0.0,0.0,0.0
86,2,10,1,0.0,0.0,0.0
86,2,10,2,0.0,3.8761011266018324,3.8761011266018324
86,2,10,3,0.0,0.0,0.0
86,2,11,1,0.0,0.0,0.0
86,2,11,2,0.0,3.8761011266018324,3.8761011266018324
86,2,11,3,0.0,0.0,0.0
86,2,12,1,0.0,0.0,0.0
86,2,12,2,0.0,3.8761011266018324,3.8761011266018324
86,2,12,3,0.0,0.0,0.0
86,2,13,1,0.0,0.0,0.0
86,2,13,2,0.0,3.8761011266018324,3.8761011266018324
86,2,13,3,0.0,0.0,0.0
86,2,14,1,0.0,0.0,0.0
86,2,14,2,0.0,3.8761011266018324,3.8761011266018324
86,2,14,3,0.0,0.0,0.0
86,2,15,1,0.0,0.0,0.0
86,2,15,2,0.0,3.8761011266018324,3.8761011266018324
86,2,15,3,0.0,0.0,0.0
86,2,16,1,0.0,0.0,0.0
86,2,16,2,0.0,3.8761011266018324,3.8761011266018324
86,2,16,3,0.0,0.0,0.0
86,2,17,1,0.0,0.0,0.0
86,2,17,2,0.0,3.8761011266018324,3.8761011266018324
86,2,17,3,0.0,0.0,0.0
86,2,18,1,0.0,0.0,0.0
86,2,18,2,0.0,3.8761011266018324,3.8761011266018324
86,2,18,3,0.0,0.0,0.0
86,2,19,1,0.0,0.0,0.0
86,2,19,2,0.0,3.8761011266018324,3.8761011266018324
86,2,19,3,0.0,0.0,0.0
86,2,20,1,0.0,0.0,0.0
86,2,20,2,0.0,3.8761011266018324,3.8761011266018324
86,2,20,3,0.0,0.0,0.0
86,1,1,1,4.670201183380856,3.8761011266018324,8.54630230998269
86,1,1,2,2.794100056779023,2.0,4.794100056779023
86,1,1,3,0.0,0.0,0.0
86,1,2,1,0.0,0.0,0.0
86,1,2,2,0.7941000567790231,2.0,2.794100056779023
86,1,2,3,2.0,2.0,4.0
86,1,3,1,0.0,0.0,0.0
86,1,3,2,0.0,0.0,0.0
86,1,3,3,0.0,2.0,2.0
86,1,4,1,0.0,0.0,0.0
86,1,4,2,0.0,0.0,0.0
86,1,4,3,0.0,2.0,2.0
86,1,5,1,0.0,0.0,0.0
86,1,5,2,0.0,0.0,0.0
86,1,5,3,0.0,2.0,2.0
86,1,6,1,0.0,0.0,0.0
86,1,6,2,0.0,0.0,0.0
86,1,6,3,0.0,2.0,2.0
86,1,7,1,0.0,0.0,0.0
86,1,7,2,0.0,0.0,0.0
86,1,7,3,0.0,2.0,2.0
86,1,8,1,0.0,0.0,0.0
86,1,8,2,0.0,0.0,0.0
86,1,8,3,0.0,2.0,2.0
86,1,9,1,0.0,0.0,0.0
86,1,9,2,0.0,0.0,0.0
86,1,9,3,0.0,2.0,2.0
86,1,10,1,0.0,0.0,0.0
86,1,10,2,0.0,0.0,0.0
86,1,10,3,0.0,2.0,2.0
86,1,11,1,0.0,0.0,0.0
86,1,11,2,0.0,0.0,0.0
86,1,11,3,0.0,2.0,2.0
86,1,12,1,0.0,0.0,0.0
86,1,12,2,0.0,0.0,0.0
86,1,12,3,0.0,2.0,2.0
86,1,13,1,0.0,0.0,0.0
86,1,13,2,0.0,0.0,0.0
86,1,13,3,0.0,2.0,2.0
86,1,14,1,0.0,0.0,0.0
86,1,14,2,0.0,0.0,0.0
86,1,14,3,0.0,2.0,2.0
86,1,15,1,0.0,0.0,0.0
86,1,15,2,0.0,0.0,0.0
86,1,15,3,0.0,2.0,2.0
86,1,16,1,0.0,0.0,0.0
86,1,16,2,0.0,0.0,0.0
86,1,16,3,0.0,2.0,2.0
86,1,17,1,0.0,0.0,0.0
86,1,17,2,0.0,0.0,0.0
86,1,17,3,0.0,2.0,2.0
86,1,18,1,0.0,0.0,0.0
86,1,18,2,0.0,0.0,0.0
86,1,18,3,0.0,2.0,2.0
86,1,19,1,0.0,0.0,0.0
86,1,19,2,0.0,0.0,0.0
86,1,19,3,0.0,2.0,2.0
86,1,20,1,0.0,0.0,0.0
86,1,20,2,0.0,0.0,0.0
86,1,20,3,0.0,2.0,2.0
87,3,1,1,3.8761011266018324,3.8761011266018324,7.752202253203665
87,3,1,2,3.8761011266018324,3.8761011266018324,7.752202253203665
87,3,1,3,0.0,0.0,0.0
87,3,2,1,0.0,0.0,0.0
87,3,2,2,0.0,3.8761011266018324,3.8761011266018324
87,3,2,3,0.0,0.0,0.0
87,3,3,1,0.0,0.0,0.0
87,3,3,2,0.0,3.8761011266018324,3.8761011266018324
87,3,3,3,0.0,0.0,0.0
87,3,4,1,3.8761011266018324,3.8761011266018324,7.752202253203665
87,3,4,2,0.0,0.0,0.0
87,3,4,3,0.0,0.0,0.0
87,3,5,1,0.0,3.8761011266018324,3.8761011266018324
87,3,5,2,0.0,0.0,0.0
87,3,5,3,0.0,0.0,0.0
87,3,6,1,0.0,3.8761011266018324,3.8761011266018324
87,3,6,2,0.0,3.8761011266018324,3.8761011266018324
87,3,6,3,0.0,0.0,0.0
87,3,7,1,0.0,0.0,0.0
87,3,7,2,0.0,3.8761011266018324,3.8761011266018324
87,3,7,3,0.0,0.0,0.0
87,3,8,1,0.0,0.0,0.0
87,3,8,2,0.0,3.8761011266018324,3.8761011266018324
87,3,8,3,0.0,0.0,0.0
87,3,9,1,0.0,0.0,0.0
87,3,9,2,0.0,3.8761011266018324,3.8761011266018324
87,3,9,3,0.0,0.0,0.0
87,3,10,1,0.0,0.0,0.0
87,3,10,2,0.0,3.8761011266018324,3.8761011266018324
87,3,10,3,0.0,0.0,0.0
87,3,11,1,0.0,3.8761011266018324,3.8761011266018324
87,3,11,2,0.0,0.0,0.0
87,3,11,3,0.0,0.0,0.0
87,3,12,1,0.0,3.8761011266018324,3.8761011266018324
87,3,12,2,0.0,3.8761011266018324,3.8761011266018324
87,3,12,3,0.0,0.0,0.0
87,3,13,1,0.0,0.0,0.0
87,3,13,2,0.0,3.8761011266018324,3.8761011266018324
87,3,13,3,0.0,0.0,0.0
87,3,14,1,0.0,0.0,0.0
87,3,14,2,0.0,3.8761011266018324,3.8761011266018324
87,3,14,3,0.0,0.0,0.0
87,3,15,1,0.0,0.0,0.0
87,3,15,2,0.0,3.8761011266018324,3.8761011266018324
87,3,15,3,0.0,0.0,0.0
87,3,16,1,0.0,0.0,0.0
87,3,16,2,0.0,3.8761011266018324,3.8761011266018324
87,3,16,3,0.0,0.0,0.0
87,3,17,1,0.0,0.0,0.0
87,3,17,2,0.0,3.8761011266018324,3.8761011266018324
87,3,17,3,0.0,0.0,0.0
87,3,18,1,0.0,3.8761011266018324,3.8761011266018324
87,3,18,2,0.0,3.8761011266018324,3.8761011266018324
87,3,18,3,0.0,0.0,0.0
87,3,19,1,0.0,3.8761011266018324,3.8761011266018324
87,3,19,2,0.0,0.0,0.0
87,3,19,3,0.0,0.0,0.0
87,3,20,1,0.0,3.8761011266018324,3.8761011266018324
87,3,20,2,0.0,0.0,0.0
87,3,20,3,0.0,0.0,0.0
87,2,1,1,4.670201183380856,3.8761011266018324,8.54630230998269
87,2,1,2,0.0,0.0,0.0
87,2,1,3,0.0,0.0,0.0
87,2,2,1,0.7941000567790231,3.8761011266018324,4.670201183380856
87,2,2,2,0.0,0.0,0.0
87,2,2,3,0.0,0.0,0.0
87,2,3,1,0.7941000567790231,3.8761011266018324,4.670201183380856
87,2,3,2,0.0,0.0,0.0
87,2,3,3,0.0,0.0,0.0
87,2,4,1,0.7941000567790231,3.8761011266018324,4.670201183380856
87,2,4,2,3.8761011266018324,3.8761011266018324,7.752202253203665
87,2,4,3,0.0,0.0,0.0
87,2,5,1,0.0,0.0,0.0
87,2,5,2,0.0,3.8761011266018324,3.8761011266018324
87,2,5,3,0.0,0.0,0.0
87,2,6,1,0.0,0.0,0.0
87,2,6,2,0.0,3.8761011266018324,3.8761011266018324
87,2,6,3,2.0,2.0,4.0
87,2,7,1,0.0,0.0,0.0
87,2,7,2,0.0,0.0,0.0
87,2,7,3,0.0,2.0,2.0
87,2,8,1,0.0,0.0,0.0
87,2,8,2,0.0,0.0,0.0
87,2,8,3,0.0,2.0,2.0
87,2,9,1,0.0,3.8761011266018324,3.8761011266018324
87,2,9,2,0.0,3.8761011266018324,3.8761011266018324
87,2,9,3,0.0,0.0,0.0
87,2,10,1,0.0,0.0,0.0
87,2,10,2,0.0,3.8761011266018324,3.8761011266018324
87,2,10,3,0.0,0.0,0.0
87,2,11,1,0.0,0.0,0.0
87,2,11,2,0.0,3.8761011266018324,3.8761011266018324
87,2,11,3,0.0,0.0,0.0
87,2,12,1,0.0,0.0,0.0
87,2,12,2,0.0,3.8761011266018324,3.8761011266018324
87,2,12,3,0.0,0.0,0.0
87,2,13,1,0.0,0.0,0.0
87,2,13,2,0.0,3.8761011266018324,3.8761011266018324
87,2,13,3,0.0,0.0,0.0
87,2,14,1,0.0,0.0,0.0
87,2,14,2,0.0,3.8761011266018324,3.8761011266018324
87,2,14,3,0.0,0.0,0.0
87,2,15,1,0.0,0.0,0.0
87,2,15,2,0.0,3.8761011266018324,3.8761011266018324
87,2,15,3,0.0,0.0,0.0
87,2,16,1,0.0,0.0,0.0
87,2,16,2,0.0,3.8761011266018324,3.8761011266018324
87,2,16,3,0.0,0.0,0.0
87,2,17,1,0.0,0.0,0.0
87,2,17,2,0.0,3.8761011266018324,3.8761011266018324
87,2,17,3,0.0,0.0,0.0
87,2,18,1,0.0,0.0,0.0
87,2,18,2,0.0,3.8761011266018324,3.8761011266018324
87,2,18,3,0.0,0.0,0.0
87,2,19,1,0.0,0.0,0.0
87,2,19,2,0.0,3.8761011266018324,3.8761011266018324
87,2,19,3,0.0,0.0,0.0
87,2,20,1,0.0,0.0,0.0
87,2,20,2,0.0,3.8761011266018324,3.8761011266018324
87,2,20,3,0.0,0.0,0.0
87,1,1,1,4.670201183380856,3.8761011266018324,8.54630230998269
87,1,1,2,2.794100056779023,2.0,4.794100056779023
87,1,1,3,0.0,0.0,0.0
87,1,2,1,0.0,0.0,0.0
87,1,2,2,0.7941000567790231,2.0,2.794100056779023
87,1,2,3,0.0,0.0,0.0
87,1,3,1,0.0,0.0,0.0
87,1,3,2,0.0,2.0,2.0
87,1,3,3,2.0,2.0,4.0
87,1,4,1,0.0,0.0,0.0
87,1,4,2,0.0,0.0,0.0
87,1,4,3,0.0,2.0,2.0
87,1,5,1,0.0,0.0,0.0
87,1,5,2,0.0,0.0,0.0
87,1,5,3,0.0,2.0,2.0
87,1,6,1,0.0,0.0,0.0
87,1,6,2,0.0,0.0,0.0
87,1,6,3,0.0,2.0,2.0
87,1,7,1,0.0,0.0,0.0
87,1,7,2,0.0,0.0,0.0
87,1,7,3,0.0,2.0,2.0
87,1,8,1,0.0,0.0,0.0
87,1,8,2,0.0,0.0,0.0
87,1,8,3,0.0,2.0,2.0
87,1,9,1,0.0,0.0,0.0
87,1,9,2,0.0,0.0,0.0
87,1,9,3,0.0,2.0,2.0
87,1,10,1,0.0,0.0,0.0
87,1,10,2,0.0,0.0,0.0
87,1,10,3,0.0,2.0,2.0
87,1,11,1,0.0,0.0,0.0
87,1,11,2,0.0,0.0,0.0
87,1,11,3,0.0,2.0,2.0
87,1,12,1,0.0,0.0,0.0
87,1,12,2,0.0,0.0,0.0
87,1,12,3,0.0,2.0,2.0
87,1,13,1,0.0,0.0,0.0
87,1,13,2,0.0,0.0,0.0
87,1,13,3,0.0,2.0,2.0
87,1,14,1,0.0,0.0,0.0
87,1,14,2,0.0,0.0,0.0
87,1,14,3,0.0,2.0,2.0
87,1,15,1,0.0,0.0,0.0
87,1,15,2,0.0,0.0,0.0
87,1,15,3,0.0,2.0,2.0
87,1,16,1,0.0,0.0,0.0
87,1,16,2,0.0,0.0,0.0
87,1,16,3,0.0,2.0,2.0
87,1,17,1,0.0,0.0,0.0
87,1,17,2,0.0,0.0,0.0
87,1,17,3,0.0,2.0,2.0
87,1,18,1,0.0,0.0,0.0
87,1,18,2,0.0,0.0,0.0
87,1,18,3,0.0,2.0,2.0
87,1,19,1,0.0,0.0,0.0
87,1,19,2,0.0,0.0,0.0
87,1,19,3,0.0,2.0,2.0
87,1,20,1,0.0,0.0,0.0
87,1,20,2,0.0,0.0,0.0
87,1,20,3,0.0,2.0,2.0
88,3,1,1,3.8761011266018324,3.8761011266018324,7.752202253203665
88,3,1,2,3.8761011266018324,3.8761011266018324,7.752202253203665
88,3,1,3,0.0,0.0,0.0
88,3,2,1,0.0,0.0,0.0
88,3,2,2,0.0,3.8761011266018324,3.8761011266018324
88,3,2,3,0.0,0.0,0.0
88,3,3,1,0.0,0.0,0.0
88,3,3,2,0.0,3.8761011266018324,3.8761011266018324
88,3,3,3,0.0,0.0,0.0
88,3,4,1,3.8761011266018324,3.8761011266018324,7.752202253203665
88,3,4,2,0.0,3.8761011266018324,3.8761011266018324
88,3,4,3,0.0,0.0,0.0
88,3,5,1,0.0,0.0,0.0
88,3,5,2,0.0,3.8761011266018324,3.8761011266018324
88,3,5,3,0.0,0.0,0.0
88,3,6,1,0.0,0.0,0.0
88,3,6,2,0.0,3.8761011266018324,3.8761011266018324
88,3,6,3,0.0,0.0,0.0
88,3,7,1,0.0,3.8761011266018324,3.8761011266018324
88,3,7,2,0.0,3.8761011266018324,3.8761011266018324
88,3,7,3,0.0,0.0,0.0
88,3,8,1,0.0,0.0,0.0
88,3,8,2,0.0,3.8761011266018324,3.8761011266018324
88,3,8,3,0.0,0.0,0.0
88,3,9,1,0.0,3.8761011266018324,3.8761011266018324
88,3,9,2,0.0,0.0,0.0
88,3,9,3,0.0,0.0,0.0
88,3,10,1,0.0,3.8761011266018324,3.8761011266018324
88,3,10,2,0.0,0.0,0.0
88,3,10,3,0.0,0.0,0.0
88,3,11,1,0.0,3.8761011266018324,3.8761011266018324
88,3,11,2,0.0,0.0,0.0
88,3,11,3,0.0,0.0,0.0
88,3,12,1,0.0,3.8761011266018324,3.8761011266018324
88,3,12,2,0.0,0.0,0.0
88,3,12,3,0.0,0.0,0.0
88,3,13,1,0.0,3.8761011266018324,3.8761011266018324
88,3,13,2,0.0,0.0,0.0
88,3,13,3,0.0,0.0,0.0
88,3,14,1,0.0,3.8761011266018324,3.8761011266018324
88,3,14,2,0.0,0.0,0.0
88,3,14,3,0.0,0.0,0.0
88,3,15,1,0.0,3.8761011266018324,3.8761011266018324
88,3,15,2,0.0,3.8761011266018324,3.8761011266018324
88,3,15,3,2.0,2.0,4.0
88,3,16,1,0.0,3.8761011266018324,3.8761011266018324
88,3,16,2,0.0,0.0,0.0
88,3,16,3,0.0,0.0,0.0
88,3,17,1,0.0,3.8761011266018324,3.8761011266018324
88,3,17,2,0.0,3.8761011266018324,3.8761011266018324
88,3,17,3,0.0,0.0,0.0
88,3,18,1,0.0,0.0,0.0
88,3,18,2,0.0,3.8761011266018324,3.8761011266018324
88,3,18,3,0.0,0.0,0.0
88,3,19,1,0.0,3.8761011266018324,3.8761011266018324
88,3,19,2,0.0,0.0,0.0
88,3,19,3,0.0,0.0,0.0
88,3,20,1,0.0,3.8761011266018324,3.8761011266018324
88,3,20,2,0.0,0.0,0.0
88,3,20,3,0.0,0.0,0.0
88,2,1,1,4.670201183380856,3.8761011266018324,8.54630230998269
88,2,1,2,3.8761011266018324,3.8761011266018324,7.752202253203665
88,2,1,3,0.0,0.0,0.0
88,2,2,1,0.0,0.0,0.0
88,2,2,2,0.0,3.8761011266018324,3.8761011266018324
88,2,2,3,0.0,0.0,0.0
88,2,3,1,0.0,0.0,0.0
88,2,3,2,0.0,3.8761011266018324,3.8761011266018324
88,2,3,3,0.0,0.0,0.0
88,2,4,1,0.0,0.0,0.0
88,2,4,2,0.0,3.8761011266018324,3.8761011266018324
88,2,4,3,0.0,0.0,0.0
88,2,5,1,0.0,0.0,0.0
88,2,5,2,0.0,3.8761011266018324,3.8761011266018324
88,2,5,3,0.0,0.0,0.0
88,2,6,1,0.0,0.0,0.0
88,2,6,2,0.0,3.8761011266018324,3.8761011266018324
88,2,6,3,0.0,0.0,0.0
88,2,7,1,0.0,0.0,0.0
88,2,7,2,0.0,3.8761011266018324,3.8761011266018324
88,2,7,3,2.0,2.0,4.0
88,2,8,1,0.7941000567790231,3.8761011266018324,4.670201183380856
88,2,8,2,0.0,0.0,0.0
88,2,8,3,0.0,0.0,0.0
88,2,9,1,0.7941000567790231,3.8761011266018324,4.670201183380856
88,2,9,2,0.0,3.8761011266018324,3.8761011266018324
88,2,9,3,0.0,0.0,0.0
88,2,10,1,0.0,0.0,0.0
88,2,10,2,0.0,3.8761011266018324,3.8761011266018324
88,2,10,3,0.0,0.0,0.0
88,2,11,1,0.0,0.0,0.0
88,2,11,2,0.0,3.8761011266018324,3.8761011266018324
88,2,11,3,0.0,0.0,0.0
88,2,12,1,0.0,0.0,0.0
88,2,12,2,0.0,3.8761011266018324,3.8761011266018324
88,2,12,3,0.0,0.0,0.0
88,2,13,1,0.0,0.0,0.0
88,2,13,2,0.0,3.8761011266018324,3.8761011266018324
88,2,13,3,0.0,0.0,0.0
88,2,14,1,0.0,0.0,0.0
88,2,14,2,0.0,3.8761011266018324,3.8761011266018324
88,2,14,3,0.0,0.0,0.0
88,2,15,1,0.0,0.0,0.0
88,2,15,2,0.0,3.8761011266018324,3.8761011266018324
88,2,15,3,0.0,2.0,2.0
88,2,16,1,0.7941000567790231,3.8761011266018324,4.670201183380856
88,2,16,2,0.0,3.8761011266018324,3.8761011266018324
88,2,16,3,0.0,0.0,0.0
88,2,17,1,0.0,0.0,0.0
88,2,17,2,0.0,3.8761011266018324,3.8761011266018324
88,2,17,3,0.0,0.0,0.0
88,2,18,1,0.0,0.0,0.0
88,2,18,2,0.0,3.8761011266018324,3.8761011266018324
88,2,18,3,0.0,0.0,0.0
88,2,19,1,0.0,0.0,0.0
88,2,19,2,0.0,3.8761011266018324,3.8761011266018324
88,2,19,3,0.0,0.0,0.0
88,2,20,1,0.0,0.0,0.0
88,2,20,2,0.0,3.8761011266018324,3.8761011266018324
88,2,20,3,0.0,2.0,2.0
88,1,1,1,4.670201183380856,3.8761011266018324,8.54630230998269
88,1,1,2,2.794100056779023,2.0,4.794100056779023
88,1,1,3,0.0,0.0,0.0
88,1,2,1,0.0,0.0,0.0
88,1,2,2,0.7941000567790231,2.0,2.794100056779023
88,1,2,3,2.0,2.0,4.0
88,1,3,1,0.0,0.0,0.0
88,1,3,2,0.0,0.0,0.0
88,1,3,3,0.0,2.0,2.0
88,1,4,1,0.0,0.0,0.0
88,1,4,2,0.0,0.0,0.0
88,1,4,3,0.0,2.0,2.0
88,1,5,1,0.0,0.0,0.0
88,1,5,2,0.0,0.0,0.0
88,1,5,3,0.0,2.0,2.0
88,1,6,1,0.0,0.0,0.0
88,1,6,2,0.0,0.0,0.0
88,1,6,3,0.0,2.0,2.0
88,1,7,1,0.0,0.0,0.0
88,1,7,2,0.0,0.0,0.0
88,1,7,3,0.0,2.0,2.0
88,1,8,1,0.0,0.0,0.0
88,1,8,2,0.0,0.0,0.0
88,1,8,3,0.0,2.0,2.0
88,1,9,1,0.0,0.0,0.0
88,1,9,2,0.0,0.0,0.0
88,1,9,3,0.0,2.0,2.0
88,1,10,1,0.0,0.0,0.0
88,1,10,2,0.0,0.0,0.0
88,1,10,3,0.0,2.0,2.0
88,1,11,1,0.0,0.0,0.0
88,1,11,2,0.0,0.0,0.0
88,1,11,3,0.0,2.0,2.0
88,1,12,1,0.0,0.0,0.0
88,1,12,2,0.0,0.0,0.0
88,1,12,3,0.0,2.0,2.0
88,1,13,1,0.0,0.0,0.0
88,1,13,2,0.0,0.0,0.0
88,1,13,3,0.0,2.0,2.0
88,1,14,1,0.0,0.0,0.0
88,1,14,2,0.0,0.0,0.0
88,1,14,3,0.0,2.0,2.0
88,1,15,1,0.0,0.0,0.0
88,1,15,2,0.0,0.0,0.0
88,1,15,3,0.0,2.0,2.0
88,1,16,1,0.0,0.0,0.0
88,1,16,2,0.0,0.0,0.0
88,1,16,3,0.0,2.0,2.0
88,1,17,1,0.0,0.0,0.0
88,1,17,2,0.0,0.0,0.0
88,1,17,3,0.0,2.0,2.0
88,1,18,1,0.0,0.0,0.0
88,1,18,2,0.0,0.0,0.0
88,1,18,3,0.0,2.0,2.0
88,1,19,1,0.0,0.0,0.0
88,1,19,2,0.0,0.0,0.0
88,1,19,3,0.0,2.0,2.0
88,1,20,1,0.0,0.0,0.0
88,1,20,2,0.0,0.0,0.0
88,1,20,3,0.0,2.0,2.0
89,3,1,1,3.8761011266018324,3.8761011266018324,7.752202253203665
89,3,1,2,3.8761011266018324,3.8761011266018324,7.752202253203665
89,3,1,3,0.0,0.0,0.0
89,3,2,1,0.0,0.0,0.0
89,3,2,2,0.0,3.8761011266018324,3.8761011266018324
89,3,2,3,0.0,0.0,0.0
89,3,3,1,0.0,0.0,0.0
89,3,3,2,0.0,3.8761011266018324,3.8761011266018324
89,3,3,3,0.0,0.0,0.0
89,3,4,1,3.8761011266018324,3.8761011266018324,7.752202253203665
89,3,4,2,0.0,0.0,0.0
89,3,4,3,0.0,0.0,0.0
89,3,5,1,0.0,3.8761011266018324,3.8761011266018324
89,3,5,2,0.0,0.0,0.0
89,3,5,3,0.0,0.0,0.0
89,3,6,1,0.0,3.8761011266018324,3.8761011266018324
89,3,6,2,0.0,3.8761011266018324,3.8761011266018324
89,3,6,3,0.0,0.0,0.0
89,3,7,1,0.0,3.8761011266018324,3.8761011266018324
89,3,7,2,0.0,0.0,0.0
89,3,7,3,0.0,0.0,0.0
89,3,8,1,0.0,3.8761011266018324,3.8761011266018324
89,3,8,2,0.0,0.0,0.0
89,3,8,3,0.0,0.0,0.0
89,3,9,1,0.0,3.8761011266018324,3.8761011266018324
89,3,9,2,0.0,3.8761011266018324,3.8761011266018324
89,3,9,3,2.0,2.0,4.0
89,3,10,1,0.0,3.8761011266018324,3.8761011266018324
89,3,10,2,0.0,0.0,0.0
89,3,10,3,0.0,0.0,0.0
89,3,11,1,0.0,3.8761011266018324,3.8761011266018324
89,3,11,2,0.0,0.0,0.0
89,3,11,3,0.0,0.0,0.0
89,3,12,1,0.0,3.8761011266018324,3.8761011266018324
89,3,12,2,0.0,0.0,0.0
89,3,12,3,0.0,0.0,0.0
89,3,13,1,0.0,3.8761011266018324,3.8761011266018324
89,3,13,2,0.0,0.0,0.0
89,3,13,3,0.0,0.0,0.0
89,3,14,1,0.0,3.8761011266018324,3.8761011266018324
89,3,14,2,0.0,3.8761011266018324,3.8761011266018324
89,3,14,3,0.0,0.0,0.0
89,3,15,1,0.0,0.0,0.0
89,3,15,2,0.0,3.8761011266018324,3.8761011266018324
89,3,15,3,0.0,0.0,0.0
89,3,16,1,0.0,0.0,0.0
89,3,16,2,0.0,3.8761011266018324,3.8761011266018324
89,3,16,3,0.0,0.0,0.0
89,3,17,1,0.0,3.8761011266018324,3.8761011266018324
89,3,17,2,0.0,0.0,0.0
89,3,17,3,0.0,0.0,0.0
89,3,18,1,0.0,3.8761011266018324,3.8761011266018324
89,3,18,2,0.0,0.0,0.0
89,3,18,3,0.0,0.0,0.0
89,3,19,1,0.0,3.8761011266018324,3.8761011266018324
89,3,19,2,0.0,0.0,0.0
89,3,19,3,0.0,0.0,0.0
89,3,20,1,0.0,3.8761011266018324,3.8761011266018324
89,3,20,2,0.0,0.0,0.0
89,3,20,3,0.0,0.0,0.0
89,2,1,1,4.670201183380856,3.8761011266018324,8.54630230998269
89,2,1,2,0.0,0.0,0.0
89,2,1,3,0.0,0.0,0.0
89,2,2,1,0.7941000567790231,3.8761011266018324,4.670201183380856
89,2,2,2,0.0,0.0,0.0
89,2,2,3,0.0,0.0,0.0
89,2,3,1,0.7941000567790231,3.8761011266018324,4.670201183380856
89,2,3,2,0.0,0.0,0.0
89,2,3,3,0.0,0.0,0.0
89,2,4,1,0.7941000567790231,3.8761011266018324,4.670201183380856
89,2,4,2,3.8761011266018324,3.8761011266018324,7.752202253203665
89,2,4,3,0.0,0.0,0.0
89,2,5,1,0.0,0.0,0.0
89,2,5,2,0.0,3.8761011266018324,3.8761011266018324
89,2,5,3,0.0,0.0,0.0
89,2,6,1,0.0,0.0,0.0
89,2,6,2,0.0,3.8761011266018324,3.8761011266018324
89,2,6,3,0.0,0.0,0.0
89,2,7,1,0.0,0.0,0.0
89,2,7,2,0.0,3.8761011266018324,3.8761011266018324
89,2,7,3,0.0,0.0,0.0
89,2,8,1,0.0,0.0,0.0
89,2,8,2,0.0,3.8761011266018324,3.8761011266018324
89,2,8,3,0.0,0.0,0.0
89,2,9,1,0.0,0.0,0.0
89,2,9,2,0.0,3.8761011266018324,3.8761011266018324
89,2,9,3,0.0,0.0,0.0
89,2,10,1,0.0,0.0,0.0
89,2,10,2,0.0,3.8761011266018324,3.8761011266018324
89,2,10,3,0.0,0.0,0.0
89,2,11,1,0.0,0.0,0.0
89,2,11,2,0.0,3.8761011266018324,3.8761011266018324
89,2,11,3,0.0,0.0,0.0
89,2,12,1,0.0,0.0,0.0
89,2,12,2,0.0,3.8761011266018324,3.8761011266018324
89,2,12,3,0.0,0.0,0.0
89,2,13,1,0.0,0.0,0.0
89,2,13,2,0.0,3.8761011266018324,3.8761011266018324
89,2,13,3,0.0,0.0,0.0
89,2,14,1,0.0,0.0,0.0
89,2,14,2,0.0,3.8761011266018324,3.8761011266018324
89,2,14,3,0.0,0.0,0.0
89,2,15,1,0.0,0.0,0.0
89,2,15,2,0.0,3.8761011266018324,3.8761011266018324
89,2,15,3,0.0,0.0,0.0
89,2,16,1,0.0,0.0,0.0
89,2,16,2,0.0,3.8761011266018324,3.8761011266018324
89,2,16,3,0.0,0.0,0.0
89,2,17,1,0.0,0.0,0.0
89,2,17,2,0.0,3.8761011266018324,3.8761011266018324
89,2,17,3,0.0,0.0,0.0
89,2,18,1,0.0,0.0,0.0
89,2,18,2,0.0,3.8761011266018324,3.8761011266018324
89,2,18,3,2.0,2.0,4.0
89,2,19,1,0.0,3.8761011266018324,3.8761011266018324
89,2,19,2,0.0,3.8761011266018324,3.8761011266018324
89,2,19,3,0.0,0.0,0.0
89,2,20,1,0.0,0.0,0.0
89,2,20,2,0.0,3.8761011266018324,3.8761011266018324
89,2,20,3,0.0,0.0,0.0
89,1,1,1,4.670201183380856,3.8761011266018324,8.54630230998269
89,1,1,2,0.0,0.0,0.0
89,1,1,3,0.0,0.0,0.0
89,1,2,1,0.7941000567790231,3.8761011266018324,4.670201183380856
89,1,2,2,2.794100056779023,2.0,4.794100056779023
89,1,2,3,0.0,0.0,0.0
89,1,3,1,0.0,0.0,0.0
89,1,3,2,0.7941000567790231,2.0,2.794100056779023
89,1,3,3,0.0,0.0,0.0
89,1,4,1,0.0,0.0,0.0
89,1,4,2,0.0,2.0,2.0
89,1,4,3,0.0,0.0,0.0
89,1,5,1,0.0,0.0,0.0
89,1,5,2,0.0,2.0,2.0
89,1,5,3,2.0,2.0,4.0
89,1,6,1,0.0,0.0,0.0
89,1,6,2,0.0,0.0,0.0
89,1,6,3,0.0,2.0,2.0
89,1,7,1,0.0,0.0,0.0
89,1,7,2,0.0,0.0,0.0
89,1,7,3,0.0,2.0,2.0
89,1,8,1,0.0,0.0,0.0
89,1,8,2,0.0,0.0,0.0
89,1,8,3,0.0,2.0,2.0
89,1,9,1,0.0,0.0,0.0
89,1,9,2,0.0,0.0,0.0
89,1,9,3,0.0,2.0,2.0
89,1,10,1,0.0,0.0,0.0
89,1,10,2,0.0,0.0,0.0
89,1,10,3,0.0,2.0,2.0
89,1,11,1,0.0,0.0,0.0
89,1,11,2,0.0,0.0,0.0
89,1,11,3,0.0,2.0,2.0
89,1,12,1,0.0,0.0,0.0
89,1,12,2,0.0,0.0,0.0
89,1,12,3,0.0,2.0,2.0
89,1,13,1,0.0,0.0,0.0
89,1,13,2,0.0,0.0,0.0
89,1,13,3,0.0,2.0,2.0
89,1,14,1,0.0,0.0,0.0
89,1,14,2,0.0,0.0,0.0
89,1,14,3,0.0,2.0,2.0
89,1,15,1,0.0,0.0,0.0
89,1,15,2,0.0,0.0,0.0
89,1,15,3,0.0,2.0,2.0
89,1,16,1,0.0,0.0,0.0
89,1,16,2,0.0,0.0,0.0
89,1,16,3,0.0,2.0,2.0
89,1,17,1,0.0,0.0,0.0
89,1,17,2,0.0,0.0,0.0
89,1,17,3,0.0,2.0,2.0
89,1,18,1,0.0,0.0,0.0
89,1,18,2,0.0,0.0,0.0
89,1,18,3,0.0,2.0,2.0
89,1,19,1,0.0,0.0,0.0
89,1,19,2,0.0,0.0,0.0
89,1,19,3,0.0,2.0,2.0
89,1,20,1,0.0,0.0,0.0
89,1,20,2,0.0,0.0,0.0
89,1,20,3,0.0,2.0,2.0
90,3,1,1,3.8761011266018324,3.8761011266018324,7.752202253203665
90,3,1,2,0.0,0.0,0.0
90,3,1,3,0.0,0.0,0.0
90,3,2,1,3.8761011266018324,3.8761011266018324,7.752202253203665
90,3,2,2,0.0,0.0,0.0
90,3,2,3,0.0,0.0,0.0
90,3,3,1,0.0,3.8761011266018324,3.8761011266018324
90,3,3,2,0.0,0.0,0.0
90,3,3,3,0.0,0.0,0.0
90,3,4,1,0.0,3.8761011266018324,3.8761011266018324
90,3,4,2,0.0,0.0,0.0
90,3,4,3,0.0,0.0,0.0
90,3,5,1,0.0,3.8761011266018324,3.8761011266018324
90,3,5,2,0.0,0.0,0.0
90,3,5,3,0.0,0.0,0.0
90,3,6,1,0.0,3.8761011266018324,3.8761011266018324
90,3,6,2,0.0,0.0,0.0
90,3,6,3,0.0,0.0,0.0
90,3,7,1,0.0,3.8761011266018324,3.8761011266018324
90,3,7,2,3.8761011266018324,3.8761011266018324,7.752202253203665
90,3,7,3,0.0,0.0,0.0
90,3,8,1,0.0,3.8761011266018324,3.8761011266018324
90,3,8,2,0.0,0.0,0.0
90,3,8,3,0.0,0.0,0.0
90,3,9,1,0.0,3.8761011266018324,3.8761011266018324
90,3,9,2,0.0,0.0,0.0
90,3,9,3,0.0,0.0,0.0
90,3,10,1,0.0,3.8761011266018324,3.8761011266018324
90,3,10,2,0.0,3.8761011266018324,3.8761011266018324
90,3,10,3,2.0,2.0,4.0
90,3,11,1,0.0,0.0,0.0
90,3,11,2,0.0,0.0,0.0
90,3,11,3,0.0,2.0,2.0
90,3,12,1,0.0,3.8761011266018324,3.8761011266018324
90,3,12,2,0.0,0.0,0.0
90,3,12,3,0.0,0.0,0.0
90,3,13,1,0.0,3.8761011266018324,3.8761011266018324
90,3,13,2,0.0,0.0,0.0
90,3,13,3,0.0,0.0,0.0
90,3,14,1,0.0,3.8761011266018324,3.8761011266018324
90,3,14,2,0.0,3.8761011266018324,3.8761011266018324
90,3,14,3,0.0,2.0,2.0
90,3,15,1,0.0,0.0,0.0
90,3,15,2,0.0,0.0,0.0
90,3,15,3,0.0,2.0,2.0
90,3,16,1,0.0,3.8761011266018324,3.8761011266018324
90,3,16,2,0.0,0.0,0.0
90,3,16,3,0.0,0.0,0.0
90,3,17,1,0.0,3.8761011266018324,3.8761011266018324
90,3,17,2,0.0,0.0,0.0
90,3,17,3,0.0,0.0,0.0
90,3,18,1,0.0,3.8761011266018324,3.8761011266018324
90,3,18,2,0.0,0.0,0.0
90,3,18,3,0.0,0.0,0.0
90,3,19,1,0.0,3.8761011266018324,3.8761011266018324
90,3,19,2,0.0,0.0,0.0
90,3,19,3,0.0,0.0,0.0
90,3,20,1,0.0,3.8761011266018324,3.8761011266018324
90,3,20,2,0.0,3.8761011266018324,3.8761011266018324
90,3,20,3,0.0,0.0,0.0
90,2,1,1,4.670201183380856,3.8761011266018324,8.54630230998269
90,2,1,2,0.0,0.0,0.0
90,2,1,3,0.0,0.0,0.0
90,2,2,1,0.7941000567790231,3.8761011266018324,4.670201183380856
90,2,2,2,3.8761011266018324,3.8761011266018324,7.752202253203665
90,2,2,3,0.0,0.0,0.0
90,2,3,1,0.0,0.0,0.0
90,2,3,2,0.0,3.8761011266018324,3.8761011266018324
90,2,3,3,0.0,0.0,0.0
90,2,4,1,0.0,0.0,0.0
90,2,4,2,0.0,3.8761011266018324,3.8761011266018324
90,2,4,3,2.0,2.0,4.0
90,2,5,1,0.0,0.0,0.0
90,2,5,2,0.0,0.0,0.0
90,2,5,3,0.0,2.0,2.0
90,2,6,1,0.7941000567790231,3.8761011266018324,4.670201183380856
90,2,6,2,0.0,0.0,0.0
90,2,6,3,0.0,0.0,0.0
90,2,7,1,0.7941000567790231,3.8761011266018324,4.670201183380856
90,2,7,2,0.0,3.8761011266018324,3.8761011266018324
90,2,7,3,0.0,0.0,0.0
90,2,8,1,0.0,0.0,0.0
90,2,8,2,0.0,3.8761011266018324,3.8761011266018324
90,2,8,3,0.0,0.0,0.0
90,2,9,1,0.0,0.0,0.0
90,2,9,2,0.0,3.8761011266018324,3.8761011266018324
90,2,9,3,0.0,0.0,0.0
90,2,10,1,0.0,0.0,0.0
90,2,10,2,0.0,3.8761011266018324,3.8761011266018324
90,2,10,3,0.0,2.0,2.0
90,2,11,1,0.0,3.8761011266018324,3.8761011266018324
90,2,11,2,0.0,3.8761011266018324,3.8761011266018324
90,2,11,3,0.0,2.0,2.0
90,2,12,1,0.0,0.0,0.0
90,2,12,2,0.0,0.0,0.0
90,2,12,3,0.0,2.0,2.0
90,2,13,1,0.0,3.8761011266018324,3.8761011266018324
90,2,13,2,0.0,3.8761011266018324,3.8761011266018324
90,2,13,3,0.0,0.0,0.0
90,2,14,1,0.0,0.0,0.0
90,2,14,2,0.0,3.8761011266018324,3.8761011266018324
90,2,14,3,0.0,0.0,0.0
90,2,15,1,0.0,0.0,0.0
90,2,15,2,0.0,3.8761011266018324,3.8761011266018324
90,2,15,3,0.0,0.0,0.0
90,2,16,1,0.0,0.0,0.0
90,2,16,2,0.0,3.8761011266018324,3.8761011266018324
90,2,16,3,0.0,0.0,0.0
90,2,17,1,0.0,0.0,0.0
90,2,17,2,0.0,3.8761011266018324,3.8761011266018324
90,2,17,3,0.0,0.0,0.0
90,2,18,1,0.0,0.0,0.0
90,2,18,2,0.0,3.8761011266018324,3.8761011266018324
90,2,18,3,0.0,0.0,0.0
90,2,19,1,0.0,0.0,0.0
90,2,19,2,0.0,3.8761011266018324,3.8761011266018324
90,2,19,3,0.0,0.0,0.0
90,2,20,1,0.0,0.0,0.0
90,2,20,2,0.0,3.8761011266018324,3.8761011266018324
90,2,20,3,0.0,0.0,0.0
90,1,1,1,4.670201183380856,3.8761011266018324,8.54630230998269
90,1,1,2,2.794100056779023,2.0,4.794100056779023
90,1,1,3,0.0,0.0,0.0
90,1,2,1,0.0,0.0,0.0
90,1,2,2,0.7941000567790231,2.0,2.794100056779023
90,1,2,3,2.0,2.0,4.0
90,1,3,1,0.0,0.0,0.0
90,1,3,2,0.0,0.0,0.0
90,1,3,3,0.0,2.0,2.0
90,1,4,1,0.7941000567790231,3.8761011266018324,4.670201183380856
90,1,4,2,0.0,2.0,2.0
90,1,4,3,0.0,2.0,2.0
90,1,5,1,0.0,0.0,0.0
90,1,5,2,0.0,0.0,0.0
90,1,5,3,0.0,2.0,2.0
90,1,6,1,0.0,0.0,0.0
90,1,6,2,0.0,0.0,0.0
90,1,6,3,0.0,2.0,2.0
90,1,7,1,0.0,0.0,0.0
90,1,7,2,0.0,0.0,0.0
90,1,7,3,0.0,2.0,2.0
90,1,8,1,0.0,0.0,0.0
90,1,8,2,0.0,0.0,0.0
90,1,8,3,0.0,2.0,2.0
90,1,9,1,0.0,0.0,0.0
90,1,9,2,0.0,0.0,0.0
90,1,9,3,0.0,2.0,2.0
90,1,10,1,0.0,0.0,0.0
90,1,10,2,0.0,0.0,0.0
90,1,10,3,0.0,2.0,2.0
90,1,11,1,0.0,0.0,0.0
90,1,11,2,0.0,0.0,0.0
90,1,11,3,0.0,2.0,2.0
90,1,12,1,0.0,0.0,0.0
90,1,12,2,0.0,0.0,0.0
90,1,12,3,0.0,2.0,2.0
90,1,13,1,0.0,0.0,0.0
90,1,13,2,0.0,0.0,0.0
90,1,13,3,0.0,2.0,2.0
90,1,14,1,0.0,0.0,0.0
90,1,14,2,0.0,0.0,0.0
90,1,14,3,0.0,2.0,2.0
90,1,15,1,0.0,0.0,0.0
90,1,15,2,0.0,0.0,0.0
90,1,15,3,0.0,2.0,2.0
90,1,16,1,0.0,0.0,0.0
90,1,16,2,0.0,0.0,0.0
90,1,16,3,0.0,2.0,2.0
90,1,17,1,0.0,0.0,0.0
90,1,17,2,0.0,0.0,0.0
90,1,17,3,0.0,2.0,2.0
90,1,18,1,0.0,0.0,0.0
90,1,18,2,0.0,0.0,0.0
90,1,18,3,0.0,2.0,2.0
90,1,19,1,0.0,0.0,0.0
90,1,19,2,0.0,0.0,0.0
90,1,19,3,0.0,2.0,2.0
90,1,20,1,0.0,0.0,0.0
90,1,20,2,0.0,0.0,0.0
90,1,20,3,0.0,2.0,2.0
91,3,1,1,3.8761011266018324,3.8761011266018324,7.752202253203665
91,3,1,2,3.8761011266018324,3.8761011266018324,7.752202253203665
91,3,1,3,0.0,0.0,0.0
91,3,2,1,0.0,0.0,0.0
91,3,2,2,0.0,3.8761011266018324,3.8761011266018324
91,3,2,3,0.0,0.0,0.0
91,3,3,1,3.8761011266018324,3.8761011266018324,7.752202253203665
91,3,3,2,0.0,0.0,0.0
91,3,3,3,0.0,0.0,0.0
91,3,4,1,0.0,3.8761011266018324,3.8761011266018324
91,3,4,2,0.0,0.0,0.0
91,3,4,3,0.0,0.0,0.0
91,3,5,1,0.0,3.8761011266018324,3.8761011266018324
91,3,5,2,0.0,0.0,0.0
91,3,5,3,0.0,0.0,0.0
91,3,6,1,0.0,3.8761011266018324,3.8761011266018324
91,3,6,2,0.0,3.8761011266018324,3.8761011266018324
91,3,6,3,2.0,2.0,4.0
91,3,7,1,0.0,3.8761011266018324,3.8761011266018324
91,3,7,2,0.0,0.0,0.0
91,3,7,3,0.0,0.0,0.0
91,3,8,1,0.0,3.8761011266018324,3.8761011266018324
91,3,8,2,0.0,0.0,0.0
91,3,8,3,0.0,0.0,0.0
91,3,9,1,0.0,3.8761011266018324,3.8761011266018324
91,3,9,2,0.0,0.0,0.0
91,3,9,3,0.0,0.0,0.0
91,3,10,1,0.0,3.8761011266018324,3.8761011266018324
91,3,10,2,0.0,0.0,0.0
91,3,10,3,0.0,0.0,0.0
91,3,11,1,0.0,3.8761011266018324,3.8761011266018324
91,3,11,2,0.0,0.0,0.0
91,3,11,3,0.0,0.0,0.0
91,3,12,1,0.0,3.8761011266018324,3.8761011266018324
91,3,12,2,0.0,0.0,0.0
91,3,12,3,0.0,0.0,0.0
91,3,13,1,0.0,3.8761011266018324,3.8761011266018324
91,3,13,2,0.0,0.0,0.0
91,3,13,3,0.0,0.0,0.0
91,3,14,1,0.0,3.8761011266018324,3.8761011266018324
91,3,14,2,0.0,3.8761011266018324,3.8761011266018324
91,3,14,3,0.0,0.0,0.0
91,3,15,1,0.0,0.0,0.0
91,3,15,2,0.0,3.8761011266018324,3.8761011266018324
91,3,15,3,0.0,2.0,2.0
91,3,16,1,0.0,0.0,0.0
91,3,16,2,0.0,0.0,0.0
91,3,16,3,0.0,2.0,2.0
91,3,17,1,0.0,3.8761011266018324,3.8761011266018324
91,3,17,2,0.0,3.8761011266018324,3.8761011266018324
91,3,17,3,0.0,0.0,0.0
91,3,18,1,0.0,3.8761011266018324,3.8761011266018324
91,3,18,2,0.0,0.0,0.0
91,3,18,3,0.0,0.0,0.0
91,3,19,1,0.0,3.8761011266018324,3.8761011266018324
91,3,19,2,0.0,3.8761011266018324,3.8761011266018324
91,3,19,3,0.0,0.0,0.0
91,3,20,1,0.0,3.8761011266018324,3.8761011266018324
91,3,20,2,0.0,0.0,0.0
91,3,20,3,0.0,0.0,0.0
91,2,1,1,4.670201183380856,3.8761011266018324,8.54630230998269
91,2,1,2,3.8761011266018324,3.8761011266018324,7.752202253203665
91,2,1,3,0.0,0.0,0.0
91,2,2,1,0.0,0.0,0.0
91,2,2,2,0.0,3.8761011266018324,3.8761011266018324
91,2,2,3,2.0,2.0,4.0
91,2,3,1,0.7941000567790231,3.8761011266018324,4.670201183380856
91,2,3,2,0.0,3.8761011266018324,3.8761011266018324
91,2,3,3,0.0,2.0,2.0
91,2,4,1,0.7941000567790231,3.8761011266018324,4.670201183380856
91,2,4,2,0.0,0.0,0.0
91,2,4,3,0.0,0.0,0.0
91,2,5,1,0.7941000567790231,3.8761011266018324,4.670201183380856
91,2,5,2,0.0,0.0,0.0
91,2,5,3,0.0,0.0,0.0
91,2,6,1,0.0,3.8761011266018324,3.8761011266018324
91,2,6,2,0.0,3.8761011266018324,3.8761011266018324
91,2,6,3,0.0,2.0,2.0
91,2,7,1,0.0,0.0,0.0
91,2,7,2,0.0,0.0,0.0
91,2,7,3,0.0,2.0,2.0
91,2,8,1,0.0,0.0,0.0
91,2,8,2,0.0,0.0,0.0
91,2,8,3,0.0,2.0,2.0
91,2,9,1,0.0,0.0,0.0
91,2,9,2,0.0,0.0,0.0
91,2,9,3,0.0,2.0,2.0
91,2,10,1,0.0,3.8761011266018324,3.8761011266018324
91,2,10,2,0.0,0.0,0.0
91,2,10,3,0.0,0.0,0.0
91,2,11,1,0.0,3.8761011266018324,3.8761011266018324
91,2,11,2,0.0,0.0,0.0
91,2,11,3,0.0,0.0,0.0
91,2,12,1,0.0,3.8761011266018324,3.8761011266018324
91,2,12,2,0.0,3.8761011266018324,3.8761011266018324
91,2,12,3,0.0,0.0,0.0
91,2,13,1,0.0,0.0,0.0
91,2,13,2,0.0,3.8761011266018324,3.8761011266018324
91,2,13,3,0.0,2.0,2.0
91,2,14,1,0.0,3.8761011266018324,3.8761011266018324
91,2,14,2,0.0,3.8761011266018324,3.8761011266018324
91,2,14,3,0.0,0.0,0.0
91,2,15,1,0.0,0.0,0.0
91,2,15,2,0.0,3.8761011266018324,3.8761011266018324
91,2,15,3,0.0,0.0,0.0
91,2,16,1,0.0,0.0,0.0
91,2,16,2,0.0,3.8761011266018324,3.8761011266018324
91,2,16,3,0.0,2.0,2.0
91,2,17,1,0.0,0.0,0.0
91,2,17,2,0.0,0.0,0.0
91,2,17,3,0.0,2.0,2.0
91,2,18,1,0.0,3.8761011266018324,3.8761011266018324
91,2,18,2,0.0,3.8761011266018324,3.8761011266018324
91,2,18,3,0.0,0.0,0.0
91,2,19,1,0.0,0.0,0.0
91,2,19,2,0.0,3.8761011266018324,3.8761011266018324
91,2,19,3,0.0,0.0,0.0
91,2,20,1,0.0,0.0,0.0
91,2,20,2,0.0,3.8761011266018324,3.8761011266018324
91,2,20,3,0.0,0.0,0.0
91,1,1,1,4.670201183380856,3.8761011266018324,8.54630230998269
91,1,1,2,0.0,0.0,0.0
91,1,1,3,0.0,0.0,0.0
91,1,2,1,0.7941000567790231,3.8761011266018324,4.670201183380856
91,1,2,2,0.0,0.0,0.0
91,1,2,3,0.0,0.0,0.0
91,1,3,1,0.7941000567790231,3.8761011266018324,4.670201183380856
91,1,3,2,2.794100056779023,2.0,4.794100056779023
91,1,3,3,0.0,0.0,0.0
91,1,4,1,0.0,0.0,0.0
91,1,4,2,0.7941000567790231,2.0,2.794100056779023
91,1,4,3,0.0,0.0,0.0
91,1,5,1,0.0,0.0,0.0
91,1,5,2,0.0,2.0,2.0
91,1,5,3,2.0,2.0,4.0
91,1,6,1,0.0,0.0,0.0
91,1,6,2,0.0,0.0,0.0
91,1,6,3,0.0,2.0,2.0
91,1,7,1,0.0,0.0,0.0
91,1,7,2,0.0,0.0,0.0
91,1,7,3,0.0,2.0,2.0
91,1,8,1,0.0,0.0,0.0
91,1,8,2,0.0,0.0,0.0
91,1,8,3,0.0,2.0,2.0
91,1,9,1,0.0,0.0,0.0
91,1,9,2,0.0,0.0,0.0
91,1,9,3,0.0,2.0,2.0
91,1,10,1,0.0,0.0,0.0
91,1,10,2,0.0,0.0,0.0
91,1,10,3,0.0,2.0,2.0
91,1,11,1,0.0,0.0,0.0
91,1,11,2,0.0,0.0,0.0
91,1,11,3,0.0,2.0,2.0
91,1,12,1,0.0,0.0,0.0
91,1,12,2,0.0,0.0,0.0
91,1,12,3,0.0,2.0,2.0
91,1,13,1,0.0,0.0,0.0
91,1,13,2,0.0,0.0,0.0
91,1,13,3,0.0,2.0,2.0
91,1,14,1,0.0,0.0,0.0
91,1,14,2,0.0,0.0,0.0
91,1,14,3,0.0,2.0,2.0
91,1,15,1,0.0,0.0,0.0
91,1,15,2,0.0,0.0,0.0
91,1,15,3,0.0,2.0,2.0
91,1,16,1,0.0,0.0,0.0
91,1,16,2,0.0,0.0,0.0
91,1,16,3,0.0,2.0,2.0
91,1,17,1,0.0,0.0,0.0
91,1,17,2,0.0,0.0,0.0
91,1,17,3,0.0,2.0,2.0
91,1,18,1,0.0,0.0,0.0
91,1,18,2,0.0,0.0,0.0
91,1,18,3,0.0,2.0,2.0
91,1,19,1,0.0,0.0,0.0
91,1,19,2,0.0,0.0,0.0
91,1,19,3,0.0,2.0,2.0
91,1,20,1,0.0,0.0,0.0
91,1,20,2,0.0,0.0,0.0
91,1,20,3,0.0,2.0,2.0
92,3,1,1,3.8761011266018324,3.8761011266018324,7.752202253203665
92,3,1,2,3.8761011266018324,3.8761011266018324,7.752202253203665
92,3,1,3,0.0,0.0,0.0
92,3,2,1,0.0,0.0,0.0
92,3,2,2,0.0,3.8761011266018324,3.8761011266018324
92,3,2,3,0.0,0.0,0.0
92,3,3,1,3.8761011266018324,3.8761011266018324,7.752202253203665
92,3,3,2,0.0,0.0,0.0
92,3,3,3,0.0,0.0,0.0
92,3,4,1,0.0,3.8761011266018324,3.8761011266018324
92,3,4,2,0.0,0.0,0.0
92,3,4,3,0.0,0.0,0.0
92,3,5,1,0.0,3.8761011266018324,3.8761011266018324
92,3,5,2,0.0,3.8761011266018324,3.8761011266018324
92,3,5,3,2.0,2.0,4.0
92,3,6,1,0.0,0.0,0.0
92,3,6,2,0.0,0.0,0.0
92,3,6,3,0.0,2.0,2.0
92,3,7,1,0.0,0.0,0.0
92,3,7,2,0.0,0.0,0.0
92,3,7,3,0.0,2.0,2.0
92,3,8,1,0.0,3.8761011266018324,3.8761011266018324
92,3,8,2,0.0,0.0,0.0
92,3,8,3,0.0,0.0,0.0
92,3,9,1,0.0,3.8761011266018324,3.8761011266018324
92,3,9,2,0.0,0.0,0.0
92,3,9,3,0.0,0.0,0.0
92,3,10,1,0.0,3.8761011266018324,3.8761011266018324
92,3,10,2,0.0,0.0,0.0
92,3,10,3,0.0,0.0,0.0
92,3,11,1,0.0,3.8761011266018324,3.8761011266018324
92,3,11,2,0.0,0.0,0.0
92,3,11,3,0.0,0.0,0.0
92,3,12,1,0.0,3.8761011266018324,3.8761011266018324
92,3,12,2,0.0,0.0,0.0
92,3,12,3,0.0,0.0,0.0
92,3,13,1,0.0,3.8761011266018324,3.8761011266018324
92,3,13,2,0.0,0.0,0.0
92,3,13,3,0.0,0.0,0.0
92,3,14,1,0.0,3.8761011266018324,3.8761011266018324
92,3,14,2,0.0,0.0,0.0
92,3,14,3,0.0,0.0,0.0
92,3,15,1,0.0,3.8761011266018324,3.8761011266018324
92,3,15,2,0.0,0.0,0.0
92,3,15,3,0.0,0.0,0.0
92,3,16,1,0.0,3.8761011266018324,3.8761011266018324
92,3,16,2,0.0,0.0,0.0
92,3,16,3,0.0,0.0,0.0
92,3,17,1,0.0,3.8761011266018324,3.8761011266018324
92,3,17,2,0.0,0.0,0.0
92,3,17,3,0.0,0.0,0.0
92,3,18,1,0.0,3.8761011266018324,3.8761011266018324
92,3,18,2,0.0,0.0,0.0
92,3,18,3,0.0,0.0,0.0
92,3,19,1,0.0,3.8761011266018324,3.8761011266018324
92,3,19,2,0.0,3.8761011266018324,3.8761011266018324
92,3,19,3,0.0,0.0,0.0
92,3,20,1,0.0,3.8761011266018324,3.8761011266018324
92,3,20,2,0.0,0.0,0.0
92,3,20,3,0.0,0.0,0.0
92,2,1,1,4.670201183380856,3.8761011266018324,8.54630230998269
92,2,1,2,3.8761011266018324,3.8761011266018324,7.752202253203665
92,2,1,3,0.0,0.0,0.0
92,2,2,1,0.0,0.0,0.0
92,2,2,2,0.0,3.8761011266018324,3.8761011266018324
92,2,2,3,0.0,0.0,0.0
92,2,3,1,0.0,0.0,0.0
92,2,3,2,0.0,3.8761011266018324,3.8761011266018324
92,2,3,3,0.0,0.0,0.0
92,2,4,1,0.0,0.0,0.0
92,2,4,2,0.0,3.8761011266018324,3.8761011266018324
92,2,4,3,0.0,0.0,0.0
92,2,5,1,0.0,0.0,0.0
92,2,5,2,0.0,3.8761011266018324,3.8761011266018324
92,2,5,3,0.0,0.0,0.0
92,2,6,1,0.0,0.0,0.0
92,2,6,2,0.0,3.8761011266018324,3.8761011266018324
92,2,6,3,0.0,0.0,0.0
92,2,7,1,0.0,0.0,0.0
92,2,7,2,0.0,3.8761011266018324,3.8761011266018324
92,2,7,3,0.0,0.0,0.0
92,2,8,1,0.0,0.0,0.0
92,2,8,2,0.0,3.8761011266018324,3.8761011266018324
92,2,8,3,0.0,0.0,0.0
92,2,9,1,0.0,0.0,0.0
92,2,9,2,0.0,3.8761011266018324,3.8761011266018324
92,2,9,3,0.0,0.0,0.0
92,2,10,1,0.0,0.0,0.0
92,2,10,2,0.0,3.8761011266018324,3.8761011266018324
92,2,10,3,0.0,0.0,0.0
92,2,11,1,0.0,0.0,0.0
92,2,11,2,0.0,3.8761011266018324,3.8761011266018324
92,2,11,3,0.0,0.0,0.0
92,2,12,1,0.0,0.0,0.0
92,2,12,2,0.0,3.8761011266018324,3.8761011266018324
92,2,12,3,0.0,0.0,0.0
92,2,13,1,0.0,0.0,0.0
92,2,13,2,0.0,3.8761011266018324,3.8761011266018324
92,2,13,3,0.0,0.0,0.0
92,2,14,1,0.0,0.0,0.0
92,2,14,2,0.0,3.8761011266018324,3.8761011266018324
92,2,14,3,0.0,0.0,0.0
92,2,15,1,0.0,0.0,0.0
92,2,15,2,0.0,3.8761011266018324,3.8761011266018324
92,2,15,3,2.0,2.0,4.0
92,2,16,1,0.0,0.0,0.0
92,2,16,2,0.0,0.0,0.0
92,2,16,3,0.0,2.0,2.0
92,2,17,1,0.7941000567790231,3.8761011266018324,4.670201183380856
92,2,17,2,0.0,3.8761011266018324,3.8761011266018324
92,2,17,3,0.0,0.0,0.0
92,2,18,1,0.0,0.0,0.0
92,2,18,2,0.0,3.8761011266018324,3.8761011266018324
92,2,18,3,0.0,0.0,0.0
92,2,19,1,0.0,0.0,0.0
92,2,19,2,0.0,3.8761011266018324,3.8761011266018324
92,2,19,3,0.0,2.0,2.0
92,2,20,1,0.7941000567790231,3.8761011266018324,4.670201183380856
92,2,20,2,0.0,3.8761011266018324,3.8761011266018324
92,2,20,3,0.0,0.0,0.0
92,1,1,1,4.670201183380856,3.8761011266018324,8.54630230998269
92,1,1,2,0.0,0.0,0.0
92,1,1,3,0.0,0.0,0.0
92,1,2,1,0.7941000567790231,3.8761011266018324,4.670201183380856
92,1,2,2,2.794100056779023,2.0,4.794100056779023
92,1,2,3,0.0,0.0,0.0
92,1,3,1,0.0,0.0,0.0
92,1,3,2,0.7941000567790231,2.0,2.794100056779023
92,1,3,3,0.0,0.0,0.0
92,1,4,1,0.0,0.0,0.0
92,1,4,2,0.0,2.0,2.0
92,1,4,3,2.0,2.0,4.0
92,1,5,1,0.0,0.0,0.0
92,1,5,2,0.0,0.0,0.0
92,1,5,3,0.0,2.0,2.0
92,1,6,1,0.0,0.0,0.0
92,1,6,2,0.0,0.0,0.0
92,1,6,3,0.0,2.0,2.0
92,1,7,1,0.0,0.0,0.0
92,1,7,2,0.0,0.0,0.0
92,1,7,3,0.0,2.0,2.0
92,1,8,1,0.0,0.0,0.0
92,1,8,2,0.0,0.0,0.0
92,1,8,3,0.0,2.0,2.0
92,1,9,1,0.0,0.0,0.0
92,1,9,2,0.0,0.0,0.0
92,1,9,3,0.0,2.0,2.0
92,1,10,1,0.0,0.0,0.0
92,1,10,2,0.0,0.0,0.0
92,1,10,3,0.0,2.0,2.0
92,1,11,1,0.0,0.0,0.0
92,1,11,2,0.0,0.0,0.0
92,1,11,3,0.0,2.0,2.0
92,1,12,1,0.0,0.0,0.0
92,1,12,2,0.0,0.0,0.0
92,1,12,3,0.0,2.0,2.0
92,1,13,1,0.0,0.0,0.0
92,1,13,2,0.0,0.0,0.0
92,1,13,3,0.0,2.0,2.0
92,1,14,1,0.0,0.0,0.0
92,1,14,2,0.0,0.0,0.0
92,1,14,3,0.0,2.0,2.0
92,1,15,1,0.0,0.0,0.0
92,1,15,2,0.0,0.0,0.0
92,1,15,3,0.0,2.0,2.0
92,1,16,1,0.0,0.0,0.0
92,1,16,2,0.0,0.0,0.0
92,1,16,3,0.0,2.0,2.0
92,1,17,1,0.0,0.0,0.0
92,1,17,2,0.0,0.0,0.0
92,1,17,3,0.0,2.0,2.0
92,1,18,1,0.0,0.0,0.0
92,1,18,2,0.0,0.0,0.0
92,1,18,3,0.0,2.0,2.0
92,1,19,1,0.0,0.0,0.0
92,1,19,2,0.0,0.0,0.0
92,1,19,3,0.0,2.0,2.0
92,1,20,1,0.0,0.0,0.0
92,1,20,2,0.0,0.0,0.0
92,1,20,3,0.0,2.0,2.0
93,3,1,1,3.8761011266018324,3.8761011266018324,7.752202253203665
93,3,1,2,0.0,0.0,0.0
93,3,1,3,0.0,0.0,0.0
93,3,2,1,3.8761011266018324,3.8761011266018324,7.752202253203665
93,3,2,2,0.0,0.0,0.0
93,3,2,3,0.0,0.0,0.0
93,3,3,1,0.0,3.8761011266018324,3.8761011266018324
93,3,3,2,0.0,0.0,0.0
93,3,3,3,0.0,0.0,0.0
93,3,4,1,0.0,3.8761011266018324,3.8761011266018324
93,3,4,2,0.0,0.0,0.0
93,3,4,3,0.0,0.0,0.0
93,3,5,1,0.0,3.8761011266018324,3.8761011266018324
93,3,5,2,0.0,0.0,0.0
93,3,5,3,0.0,0.0,0.0
93,3,6,1,0.0,3.8761011266018324,3.8761011266018324
93,3,6,2,0.0,0.0,0.0
93,3,6,3,0.0,0.0,0.0
93,3,7,1,0.0,3.8761011266018324,3.8761011266018324
93,3,7,2,3.8761011266018324,3.8761011266018324,7.752202253203665
93,3,7,3,2.0,2.0,4.0
93,3,8,1,0.0,0.0,0.0
93,3,8,2,0.0,0.0,0.0
93,3,8,3,0.0,2.0,2.0
93,3,9,1,0.0,3.8761011266018324,3.8761011266018324
93,3,9,2,0.0,3.8761011266018324,3.8761011266018324
93,3,9,3,0.0,0.0,0.0
93,3,10,1,0.0,3.8761011266018324,3.8761011266018324
93,3,10,2,0.0,0.0,0.0
93,3,10,3,0.0,0.0,0.0
93,3,11,1,0.0,3.8761011266018324,3.8761011266018324
93,3,11,2,0.0,0.0,0.0
93,3,11,3,0.0,0.0,0.0
93,3,12,1,0.0,3.8761011266018324,3.8761011266018324
93,3,12,2,0.0,3.8761011266018324,3.8761011266018324
93,3,12,3,0.0,0.0,0.0
93,3,13,1,0.0,0.0,0.0
93,3,13,2,0.0,3.8761011266018324,3.8761011266018324
93,3,13,3,0.0,0.0,0.0
93,3,14,1,0.0,3.8761011266018324,3.8761011266018324
93,3,14,2,0.0,0.0,0.0
93,3,14,3,0.0,0.0,0.0
93,3,15,1,0.0,3.8761011266018324,3.8761011266018324
93,3,15,2,0.0,3.8761011266018324,3.8761011266018324
93,3,15,3,0.0,0.0,0.0
93,3,16,1,0.0,0.0,0.0
93,3,16,2,0.0,3.8761011266018324,3.8761011266018324
93,3,16,3,0.0,0.0,0.0
93,3,17,1,0.0,0.0,0.0
93,3,17,2,0.0,3.8761011266018324,3.8761011266018324
93,3,17,3,0.0,0.0,0.0
93,3,18,1,0.0,3.8761011266018324,3.8761011266018324
93,3,18,2,0.0,0.0,0.0
93,3,18,3,0.0,0.0,0.0
93,3,19,1,0.0,3.8761011266018324,3.8761011266018324
93,3,19,2,0.0,0.0,0.0
93,3,19,3,0.0,0.0,0.0
93,3,20,1,0.0,3.8761011266018324,3.8761011266018324
93,3,20,2,0.0,0.0,0.0
93,3,20,3,0.0,0.0,0.0
93,2,1,1,4.670201183380856,3.8761011266018324,8.54630230998269
93,2,1,2,3.8761011266018324,3.8761011266018324,7.752202253203665
93,2,1,3,2.0,2.0,4.0
93,2,2,1,0.0,0.0,0.0
93,2,2,2,0.0,0.0,0.0
93,2,2,3,0.0,2.0,2.0
93,2,3,1,0.0,0.0,0.0
93,2,3,2,0.0,0.0,0.0
93,2,3,3,0.0,2.0,2.0
93,2,4,1,0.7941000567790231,3.8761011266018324,4.670201183380856
93,2,4,2,0.0,3.8761011266018324,3.8761011266018324
93,2,4,3,0.0,0.0,0.0
93,2,5,1,0.0,0.0,0.0
93,2,5,2,0.0,3.8761011266018324,3.8761011266018324
93,2,5,3,0.0,2.0,2.0
93,2,6,1,0.7941000567790231,3.8761011266018324,4.670201183380856
93,2,6,2,0.0,0.0,0.0
93,2,6,3,0.0,0.0,0.0
93,2,7,1,0.7941000567790231,3.8761011266018324,4.670201183380856
93,2,7,2,0.0,3.8761011266018324,3.8761011266018324
93,2,7,3,0.0,0.0,0.0
93,2,8,1,0.0,0.0,0.0
93,2,8,2,0.0,3.8761011266018324,3.8761011266018324
93,2,8,3,0.0,0.0,0.0
93,2,9,1,0.0,0.0,0.0
93,2,9,2,0.0,3.8761011266018324,3.8761011266018324
93,2,9,3,0.0,0.0,0.0
93,2,10,1,0.0,0.0,0.0
93,2,10,2,0.0,3.8761011266018324,3.8761011266018324
93,2,10,3,0.0,0.0,0.0
93,2,11,1,0.0,0.0,0.0
93,2,11,2,0.0,3.8761011266018324,3.8761011266018324
93,2,11,3,0.0,0.0,0.0
93,2,12,1,0.0,0.0,0.0
93,2,12,2,0.0,3.8761011266018324,3.8761011266018324
93,2,12,3,0.0,0.0,0.0
93,2,13,1,0.0,0.0,0.0
93,2,13,2,0.0,3.8761011266018324,3.8761011266018324
93,2,13,3,0.0,0.0,0.0
93,2,14,1,0.0,0.0,0.0
93,2,14,2,0.0,3.8761011266018324,3.8761011266018324
93,2,14,3,0.0,0.0,0.0
93,2,15,1,0.0,0.0,0.0
93,2,15,2,0.0,3.8761011266018324,3.8761011266018324
93,2,15,3,0.0,0.0,0.0
93,2,16,1,0.0,0.0,0.0
93,2,16,2,0.0,3.8761011266018324,3.8761011266018324
93,2,16,3,0.0,2.0,2.0
93,2,17,1,0.0,3.8761011266018324,3.8761011266018324
93,2,17,2,0.0,0.0,0.0
93,2,17,3,0.0,0.0,0.0
93,2,18,1,0.0,3.8761011266018324,3.8761011266018324
93,2,18,2,0.0,3.8761011266018324,3.8761011266018324
93,2,18,3,0.0,0.0,0.0
93,2,19,1,0.0,0.0,0.0
93,2,19,2,0.0,3.8761011266018324,3.8761011266018324
93,2,19,3,0.0,0.0,0.0
93,2,20,1,0.0,0.0,0.0
93,2,20,2,0.0,3.8761011266018324,3.8761011266018324
93,2,20,3,0.0,0.0,0.0
93,1,1,1,4.670201183380856,3.8761011266018324,8.54630230998269
93,1,1,2,0.0,0.0,0.0
93,1,1,3,0.0,0.0,0.0
93,1,2,1,0.7941000567790231,3.8761011266018324,4.670201183380856
93,1,2,2,0.0,0.0,0.0
93,1,2,3,0.0,0.0,0.0
93,1,3,1,0.7941000567790231,3.8761011266018324,4.670201183380856
93,1,3,2,0.0,0.0,0.0
93,1,3,3,0.0,0.0,0.0
93,1,4,1,0.0,3.8761011266018324,3.8761011266018324
93,1,4,2,2.794100056779023,2.0,4.794100056779023
93,1,4,3,2.0,2.0,4.0
93,1,5,1,0.0,0.0,0.0
93,1,5,2,0.0,0.0,0.0
93,1,5,3,0.0,2.0,2.0
93,1,6,1,0.0,3.8761011266018324,3.8761011266018324
93,1,6,2,0.7941000567790231,2.0,2.794100056779023
93,1,6,3,0.0,2.0,2.0
93,1,7,1,0.0,0.0,0.0
93,1,7,2,0.0,0.0,0.0
93,1,7,3,0.0,2.0,2.0
93,1,8,1,0.0,0.0,0.0
93,1,8,2,0.0,0.0,0.0
93,1,8,3,0.0,2.0,2.0
93,1,9,1,0.0,0.0,0.0
93,1,9,2,0.0,0.0,0.0
93,1,9,3,0.0,2.0,2.0
93,1,10,1,0.0,0.0,0.0
93,1,10,2,0.0,0.0,0.0
93,1,10,3,0.0,2.0,2.0
93,1,11,1,0.0,0.0,0.0
93,1,11,2,0.0,0.0,0.0
93,1,11,3,0.0,2.0,2.0
93,1,12,1,0.0,0.0,0.0
93,1,12,2,0.0,0.0,0.0
93,1,12,3,0.0,2.0,2.0
93,1,13,1,0.0,0.0,0.0
93,1,13,2,0.0,0.0,0.0
93,1,13,3,0.0,2.0,2.0
93,1,14,1,0.0,0.0,0.0
93,1,14,2,0.0,0.0,0.0
93,1,14,3,0.0,2.0,2.0
93,1,15,1,0.0,0.0,0.0
93,1,15,2,0.0,0.0,0.0
93,1,15,3,0.0,2.0,2.0
93,1,16,1,0.0,0.0,0.0
93,1,16,2,0.0,0.0,0.0
93,1,16,3,0.0,2.0,2.0
93,1,17,1,0.0,0.0,0.0
93,1,17,2,0.0,0.0,0.0
93,1,17,3,0.0,2.0,2.0
93,1,18,1,0.0,0.0,0.0
93,1,18,2,0.0,0.0,0.0
93,1,18,3,0.0,2.0,2.0
93,1,19,1,0.0,0.0,0.0
93,1,19,2,0.0,0.0,0.0
93,1,19,3,0.0,2.0,2.0
93,1,20,1,0.0,0.0,0.0
93,1,20,2,0.0,0.0,0.0
93,1,20,3,0.0,2.0,2.0
94,3,1,1,3.8761011266018324,3.8761011266018324,7.752202253203665
94,3,1,2,3.8761011266018324,3.8761011266018324,7.752202253203665
94,3,1,3,0.0,0.0,0.0
94,3,2,1,0.0,0.0,0.0
94,3,2,2,0.0,3.8761011266018324,3.8761011266018324
94,3,2,3,0.0,0.0,0.0
94,3,3,1,3.8761011266018324,3.8761011266018324,7.752202253203665
94,3,3,2,0.0,3.8761011266018324,3.8761011266018324
94,3,3,3,0.0,0.0,0.0
94,3,4,1,0.0,0.0,0.0
94,3,4,2,0.0,3.8761011266018324,3.8761011266018324
94,3,4,3,0.0,0.0,0.0
94,3,5,1,0.0,0.0,0.0
94,3,5,2,0.0,3.8761011266018324,3.8761011266018324
94,3,5,3,0.0,0.0,0.0
94,3,6,1,0.0,3.8761011266018324,3.8761011266018324
94,3,6,2,0.0,0.0,0.0
94,3,6,3,0.0,0.0,0.0
94,3,7,1,0.0,3.8761011266018324,3.8761011266018324
94,3,7,2,0.0,3.8761011266018324,3.8761011266018324
94,3,7,3,0.0,0.0,0.0
94,3,8,1,0.0,3.8761011266018324,3.8761011266018324
94,3,8,2,0.0,0.0,0.0
94,3,8,3,0.0,0.0,0.0
94,3,9,1,0.0,3.8761011266018324,3.8761011266018324
94,3,9,2,0.0,0.0,0.0
94,3,9,3,0.0,0.0,0.0
94,3,10,1,0.0,3.8761011266018324,3.8761011266018324
94,3,10,2,0.0,0.0,0.0
94,3,10,3,0.0,0.0,0.0
94,3,11,1,0.0,3.8761011266018324,3.8761011266018324
94,3,11,2,0.0,0.0,0.0
94,3,11,3,0.0,0.0,0.0
94,3,12,1,0.0,3.8761011266018324,3.8761011266018324
94,3,12,2,0.0,0.0,0.0
94,3,12,3,0.0,0.0,0.0
94,3,13,1,0.0,3.8761011266018324,3.8761011266018324
94,3,13,2,0.0,0.0,0.0
94,3,13,3,0.0,0.0,0.0
94,3,14,1,0.0,3.8761011266018324,3.8761011266018324
94,3,14,2,0.0,0.0,0.0
94,3,14,3,0.0,0.0,0.0
94,3,15,1,0.0,3.8761011266018324,3.8761011266018324
94,3,15,2,0.0,3.8761011266018324,3.8761011266018324
94,3,15,3,0.0,0.0,0.0
94,3,16,1,0.0,3.8761011266018324,3.8761011266018324
94,3,16,2,0.0,0.0,0.0
94,3,16,3,0.0,0.0,0.0
94,3,17,1,0.0,3.8761011266018324,3.8761011266018324
94,3,17,2,0.0,0.0,0.0
94,3,17,3,0.0,0.0,0.0
94,3,18,1,0.0,3.8761011266018324,3.8761011266018324
94,3,18,2,0.0,3.8761011266018324,3.8761011266018324
94,3,18,3,0.0,0.0,0.0
94,3,19,1,0.0,3.8761011266018324,3.8761011266018324
94,3,19,2,0.0,0.0,0.0
94,3,19,3,0.0,0.0,0.0
94,3,20,1,0.0,3.8761011266018324,3.8761011266018324
94,3,20,2,0.0,0.0,0.0
94,3,20,3,0.0,0.0,0.0
94,2,1,1,4.670201183380856,3.8761011266018324,8.54630230998269
94,2,1,2,3.8761011266018324,3.8761011266018324,7.752202253203665
94,2,1,3,0.0,0.0,0.0
94,2,2,1,0.0,0.0,0.0
94,2,2,2,0.0,3.8761011266018324,3.8761011266018324
94,2,2,3,0.0,0.0,0.0
94,2,3,1,0.0,0.0,0.0
94,2,3,2,0.0,3.8761011266018324,3.8761011266018324
94,2,3,3,0.0,0.0,0.0
94,2,4,1,0.0,0.0,0.0
94,2,4,2,0.0,3.8761011266018324,3.8761011266018324
94,2,4,3,0.0,0.0,0.0
94,2,5,1,0.0,0.0,0.0
94,2,5,2,0.0,3.8761011266018324,3.8761011266018324
94,2,5,3,0.0,0.0,0.0
94,2,6,1,0.0,0.0,0.0
94,2,6,2,0.0,3.8761011266018324,3.8761011266018324
94,2,6,3,0.0,0.0,0.0
94,2,7,1,0.0,0.0,0.0
94,2,7,2,0.0,3.8761011266018324,3.8761011266018324
94,2,7,3,0.0,0.0,0.0
94,2,8,1,0.0,0.0,0.0
94,2,8,2,0.0,3.8761011266018324,3.8761011266018324
94,2,8,3,0.0,0.0,0.0
94,2,9,1,0.0,0.0,0.0
94,2,9,2,0.0,3.8761011266018324,3.8761011266018324
94,2,9,3,0.0,0.0,0.0
94,2,10,1,0.0,0.0,0.0
94,2,10,2,0.0,3.8761011266018324,3.8761011266018324
94,2,10,3,2.0,2.0,4.0
94,2,11,1,0.0,0.0,0.0
94,2,11,2,0.0,0.0,0.0
94,2,11,3,0.0,2.0,2.0
94,2,12,1,0.0,0.0,0.0
94,2,12,2,0.0,0.0,0.0
94,2,12,3,0.0,2.0,2.0
94,2,13,1,0.0,0.0,0.0
94,2,13,2,0.0,0.0,0.0
94,2,13,3,0.0,2.0,2.0
94,2,14,1,0.0,0.0,0.0
94,2,14,2,0.0,0.0,0.0
94,2,14,3,0.0,2.0,2.0
94,2,15,1,0.7941000567790231,3.8761011266018324,4.670201183380856
94,2,15,2,0.0,0.0,0.0
94,2,15,3,0.0,0.0,0.0
94,2,16,1,0.7941000567790231,3.8761011266018324,4.670201183380856
94,2,16,2,0.0,3.8761011266018324,3.8761011266018324
94,2,16,3,0.0,0.0,0.0
94,2,17,1,0.0,0.0,0.0
94,2,17,2,0.0,3.8761011266018324,3.8761011266018324
94,2,17,3,0.0,0.0,0.0
94,2,18,1,0.0,0.0,0.0
94,2,18,2,0.0,3.8761011266018324,3.8761011266018324
94,2,18,3,0.0,2.0,2.0
94,2,19,1,0.0,0.0,0.0
94,2,19,2,0.0,0.0,0.0
94,2,19,3,0.0,2.0,2.0
94,2,20,1,0.7941000567790231,3.8761011266018324,4.670201183380856
94,2,20,2,0.0,3.8761011266018324,3.8761011266018324
94,2,20,3,0.0,0.0,0.0
94,1,1,1,4.670201183380856,3.8761011266018324,8.54630230998269
94,1,1,2,0.0,0.0,0.0
94,1,1,3,0.0,0.0,0.0
94,1,2,1,0.7941000567790231,3.8761011266018324,4.670201183380856
94,1,2,2,2.794100056779023,2.0,4.794100056779023
94,1,2,3,0.0,0.0,0.0
94,1,3,1,0.0,0.0,0.0
94,1,3,2,0.7941000567790231,2.0,2.794100056779023
94,1,3,3,2.0,2.0,4.0
94,1,4,1,0.0,0.0,0.0
94,1,4,2,0.0,0.0,0.0
94,1,4,3,0.0,2.0,2.0
94,1,5,1,0.0,0.0,0.0
94,1,5,2,0.0,0.0,0.0
94,1,5,3,0.0,2.0,2.0
94,1,6,1,0.0,0.0,0.0
94,1,6,2,0.0,0.0,0.0
94,1,6,3,0.0,2.0,2.0
94,1,7,1,0.0,0.0,0.0
94,1,7,2,0.0,0.0,0.0
94,1,7,3,0.0,2.0,2.0
94,1,8,1,0.0,0.0,0.0
94,1,8,2,0.0,0.0,0.0
94,1,8,3,0.0,2.0,2.0
94,1,9,1,0.0,0.0,0.0
94,1,9,2,0.0,0.0,0.0
94,1,9,3,0.0,2.0,2.0
94,1,10,1,0.7941000567790231,3.8761011266018324,4.670201183380856
94,1,10,2,0.0,2.0,2.0
94,1,10,3,0.0,2.0,2.0
94,1,11,1,0.0,0.0,0.0
94,1,11,2,0.0,0.0,0.0
94,1,11,3,0.0,2.0,2.0
94,1,12,1,0.0,0.0,0.0
94,1,12,2,0.0,0.0,0.0
94,1,12,3,0.0,2.0,2.0
94,1,13,1,0.0,0.0,0.0
94,1,13,2,0.0,0.0,0.0
94,1,13,3,0.0,2.0,2.0
94,1,14,1,0.0,0.0,0.0
94,1,14,2,0.0,0.0,0.0
94,1,14,3,0.0,2.0,2.0
94,1,15,1,0.0,0.0,0.0
94,1,15,2,0.0,0.0,0.0
94,1,15,3,0.0,2.0,2.0
94,1,16,1,0.0,0.0,0.0
94,1,16,2,0.0,0.0,0.0
94,1,16,3,0.0,2.0,2.0
94,1,17,1,0.0,0.0,0.0
94,1,17,2,0.0,0.0,0.0
94,1,17,3,0.0,2.0,2.0
94,1,18,1,0.0,0.0,0.0
94,1,18,2,0.0,0.0,0.0
94,1,18,3,0.0,2.0,2.0
94,1,19,1,0.0,3.8761011266018324,3.8761011266018324
94,1,19,2,0.0,2.0,2.0
94,1,19,3,0.0,0.0,0.0
94,1,20,1,0.0,0.0,0.0
94,1,20,2,0.0,2.0,2.0
94,1,20,3,0.0,2.0,2.0
95,3,1,1,3.8761011266018324,3.8761011266018324,7.752202253203665
95,3,1,2,0.0,0.0,0.0
95,3,1,3,0.0,0.0,0.0
95,3,2,1,3.8761011266018324,3.8761011266018324,7.752202253203665
95,3,2,2,0.0,0.0,0.0
95,3,2,3,0.0,0.0,0.0
95,3,3,1,0.0,3.8761011266018324,3.8761011266018324
95,3,3,2,3.8761011266018324,3.8761011266018324,7.752202253203665
95,3,3,3,0.0,0.0,0.0
95,3,4,1,0.0,3.8761011266018324,3.8761011266018324
95,3,4,2,0.0,0.0,0.0
95,3,4,3,0.0,0.0,0.0
95,3,5,1,0.0,3.8761011266018324,3.8761011266018324
95,3,5,2,0.0,0.0,0.0
95,3,5,3,0.0,0.0,0.0
95,3,6,1,0.0,3.8761011266018324,3.8761011266018324
95,3,6,2,0.0,0.0,0.0
95,3,6,3,0.0,0.0,0.0
95,3,7,1,0.0,3.8761011266018324,3.8761011266018324
95,3,7,2,0.0,3.8761011266018324,3.8761011266018324
95,3,7,3,0.0,0.0,0.0
95,3,8,1,0.0,0.0,0.0
95,3,8,2,0.0,3.8761011266018324,3.8761011266018324
95,3,8,3,0.0,0.0,0.0
95,3,9,1,0.0,3.8761011266018324,3.8761011266018324
95,3,9,2,0.0,0.0,0.0
95,3,9,3,0.0,0.0,0.0
95,3,10,1,0.0,3.8761011266018324,3.8761011266018324
95,3,10,2,0.0,0.0,0.0
95,3,10,3,0.0,0.0,0.0
95,3,11,1,0.0,3.8761011266018324,3.8761011266018324
95,3,11,2,0.0,0.0,0.0
95,3,11,3,0.0,0.0,0.0
95,3,12,1,0.0,3.8761011266018324,3.8761011266018324
95,3,12,2,0.0,0.0,0.0
95,3,12,3,0.0,0.0,0.0
95,3,13,1,0.0,3.8761011266018324,3.8761011266018324
95,3,13,2,0.0,0.0,0.0
95,3,13,3,0.0,0.0,0.0
95,3,14,1,0.0,3.8761011266018324,3.8761011266018324
95,3,14,2,0.0,0.0,0.0
95,3,14,3,0.0,0.0,0.0
95,3,15,1,0.0,3.8761011266018324,3.8761011266018324
95,3,15,2,0.0,0.0,0.0
95,3,15,3,0.0,0.0,0.0
95,3,16,1,0.0,3.8761011266018324,3.8761011266018324
95,3,16,2,0.0,0.0,0.0
95,3,16,3,0.0,0.0,0.0
95,3,17,1,0.0,3.8761011266018324,3.8761011266018324
95,3,17,2,0.0,0.0,0.0
95,3,17,3,0.0,0.0,0.0
95,3,18,1,0.0,3.8761011266018324,3.8761011266018324
95,3,18,2,0.0,3.8761011266018324,3.8761011266018324
95,3,18,3,0.0,0.0,0.0
95,3,19,1,0.0,3.8761011266018324,3.8761011266018324
95,3,19,2,0.0,3.8761011266018324,3.8761011266018324
95,3,19,3,2.0,2.0,4.0
95,3,20,1,0.0,0.0,0.0
95,3,20,2,0.0,0.0,0.0
95,3,20,3,0.0,2.0,2.0
95,2,1,1,4.670201183380856,3.8761011266018324,8.54630230998269
95,2,1,2,0.0,0.0,0.0
95,2,1,3,0.0,0.0,0.0
95,2,2,1,0.7941000567790231,3.8761011266018324,4.670201183380856
95,2,2,2,3.8761011266018324,3.8761011266018324,7.752202253203665
95,2,2,3,0.0,0.0,0.0
95,2,3,1,0.0,0.0,0.0
95,2,3,2,0.0,3.8761011266018324,3.8761011266018324
95,2,3,3,0.0,0.0,0.0
95,2,4,1,0.0,0.0,0.0
95,2,4,2,0.0,3.8761011266018324,3.8761011266018324
95,2,4,3,0.0,0.0,0.0
95,2,5,1,0.0,0.0,0.0
95,2,5,2,0.0,3.8761011266018324,3.8761011266018324
95,2,5,3,0.0,0.0,0.0
95,2,6,1,0.0,0.0,0.0
95,2,6,2,0.0,3.8761011266018324,3.8761011266018324
95,2,6,3,0.0,0.0,0.0
95,2,7,1,0.0,0.0,0.0
95,2,7,2,0.0,3.8761011266018324,3.8761011266018324
95,2,7,3,0.0,0.0,0.0
95,2,8,1,0.0,0.0,0.0
95,2,8,2,0.0,3.8761011266018324,3.8761011266018324
95,2,8,3,0.0,0.0,0.0
95,2,9,1,0.0,0.0,0.0
95,2,9,2,0.0,3.8761011266018324,3.8761011266018324
95,2,9,3,2.0,2.0,4.0
95,2,10,1,0.7941000567790231,3.8761011266018324,4.670201183380856
95,2,10,2,0.0,3.8761011266018324,3.8761011266018324
95,2,10,3,0.0,0.0,0.0
95,2,11,1,0.0,0.0,0.0
95,2,11,2,0.0,3.8761011266018324,3.8761011266018324
95,2,11,3,0.0,0.0,0.0
95,2,12,1,0.0,0.0,0.0
95,2,12,2,0.0,3.8761011266018324,3.8761011266018324
95,2,12,3,0.0,0.0,0.0
95,2,13,1,0.0,0.0,0.0
95,2,13,2,0.0,3.8761011266018324,3.8761011266018324
95,2,13,3,0.0,0.0,0.0
95,2,14,1,0.0,0.0,0.0
95,2,14,2,0.0,3.8761011266018324,3.8761011266018324
95,2,14,3,0.0,0.0,0.0
95,2,15,1,0.0,0.0,0.0
95,2,15,2,0.0,3.8761011266018324,3.8761011266018324
95,2,15,3,0.0,0.0,0.0
95,2,16,1,0.0,0.0,0.0
95,2,16,2,0.0,3.8761011266018324,3.8761011266018324
95,2,16,3,0.0,0.0,0.0
95,2,17,1,0.0,0.0,0.0
95,2,17,2,0.0,3.8761011266018324,3.8761011266018324
95,2,17,3,0.0,0.0,0.0
95,2,18,1,0.0,0.0,0.0
95,2,18,2,0.0,3.8761011266018324,3.8761011266018324
95,2,18,3,0.0,0.0,0.0
95,2,19,1,0.0,0.0,0.0
95,2,19,2,0.0,3.8761011266018324,3.8761011266018324
95,2,19,3,0.0,0.0,0.0
95,2,20,1,0.0,0.0,0.0
95,2,20,2,0.0,3.8761011266018324,3.8761011266018324
95,2,20,3,0.0,0.0,0.0
95,1,1,1,4.670201183380856,3.8761011266018324,8.54630230998269
95,1,1,2,0.0,0.0,0.0
95,1,1,3,0.0,0.0,0.0
95,1,2,1,0.7941000567790231,3.8761011266018324,4.670201183380856
95,1,2,2,0.0,0.0,0.0
95,1,2,3,0.0,0.0,0.0
95,1,3,1,0.7941000567790231,3.8761011266018324,4.670201183380856
95,1,3,2,2.794100056779023,2.0,4.794100056779023
95,1,3,3,2.0,2.0,4.0
95,1,4,1,0.0,0.0,0.0
95,1,4,2,0.0,0.0,0.0
95,1,4,3,0.0,2.0,2.0
95,1,5,1,0.0,0.0,0.0
95,1,5,2,0.0,0.0,0.0
95,1,5,3,0.0,2.0,2.0
95,1,6,1,0.0,0.0,0.0
95,1,6,2,0.0,0.0,0.0
95,1,6,3,0.0,2.0,2.0
95,1,7,1,0.0,0.0,0.0
95,1,7,2,0.0,0.0,0.0
95,1,7,3,0.0,2.0,2.0
95,1,8,1,0.0,0.0,0.0
95,1,8,2,0.0,0.0,0.0
95,1,8,3,0.0,2.0,2.0
95,1,9,1,0.0,0.0,0.0
95,1,9,2,0.0,0.0,0.0
95,1,9,3,0.0,2.0,2.0
95,1,10,1,0.0,0.0,0.0
95,1,10,2,0.0,0.0,0.0
95,1,10,3,0.0,2.0,2.0
95,1,11,1,0.0,0.0,0.0
95,1,11,2,0.0,0.0,0.0
95,1,11,3,0.0,2.0,2.0
95,1,12,1,0.0,0.0,0.0
95,1,12,2,0.0,0.0,0.0
95,1,12,3,0.0,2.0,2.0
95,1,13,1,0.0,3.8761011266018324,3.8761011266018324
95,1,13,2,0.7941000567790231,2.0,2.794100056779023
95,1,13,3,0.0,2.0,2.0
95,1,14,1,0.0,0.0,0.0
95,1,14,2,0.0,0.0,0.0
95,1,14,3,0.0,2.0,2.0
95,1,15,1,0.0,0.0,0.0
95,1,15,2,0.0,0.0,0.0
95,1,15,3,0.0,2.0,2.0
95,1,16,1,0.0,0.0,0.0
95,1,16,2,0.0,0.0,0.0
95,1,16,3,0.0,2.0,2.0
95,1,17,1,0.0,0.0,0.0
95,1,17,2,0.0,0.0,0.0
95,1,17,3,0.0,2.0,2.0
95,1,18,1,0.0,0.0,0.0
95,1,18,2,0.0,0.0,0.0
95,1,18,3,0.0,2.0,2.0
95,1,19,1,0.0,0.0,0.0
95,1,19,2,0.0,0.0,0.0
95,1,19,3,0.0,2.0,2.0
95,1,20,1,0.0,0.0,0.0
95,1,20,2,0.0,0.0,0.0
95,1,20,3,0.0,2.0,2.0
96,3,1,1,3.8761011266018324,3.8761011266018324,7.752202253203665
96,3,1,2,3.8761011266018324,3.8761011266018324,7.752202253203665
96,3,1,3,0.0,0.0,0.0
96,3,2,1,0.0,0.0,0.0
96,3,2,2,0.0,3.8761011266018324,3.8761011266018324
96,3,2,3,0.0,0.0,0.0
96,3,3,1,0.0,0.0,0.0
96,3,3,2,0.0,3.8761011266018324,3.8761011266018324
96,3,3,3,0.0,0.0,0.0
96,3,4,1,0.0,0.0,0.0
96,3,4,2,0.0,3.8761011266018324,3.8761011266018324
96,3,4,3,0.0,0.0,0.0
96,3,5,1,0.0,0.0,0.0
96,3,5,2,0.0,3.8761011266018324,3.8761011266018324
96,3,5,3,0.0,0.0,0.0
96,3,6,1,0.0,0.0,0.0
96,3,6,2,0.0,3.8761011266018324,3.8761011266018324
96,3,6,3,0.0,0.0,0.0
96,3,7,1,0.0,0.0,0.0
96,3,7,2,0.0,3.8761011266018324,3.8761011266018324
96,3,7,3,0.0,0.0,0.0
96,3,8,1,3.8761011266018324,3.8761011266018324,7.752202253203665
96,3,8,2,0.0,3.8761011266018324,3.8761011266018324
96,3,8,3,0.0,0.0,0.0
96,3,9,1,0.0,3.8761011266018324,3.8761011266018324
96,3,9,2,0.0,0.0,0.0
96,3,9,3,0.0,0.0,0.0
96,3,10,1,0.0,3.8761011266018324,3.8761011266018324
96,3,10,2,0.0,0.0,0.0
96,3,10,3,0.0,0.0,0.0
96,3,11,1,0.0,3.8761011266018324,3.8761011266018324
96,3,11,2,0.0,0.0,0.0
96,3,11,3,0.0,0.0,0.0
96,3,12,1,0.0,3.8761011266018324,3.8761011266018324
96,3,12,2,0.0,0.0,0.0
96,3,12,3,0.0,0.0,0.0
96,3,13,1,0.0,3.8761011266018324,3.8761011266018324
96,3,13,2,0.0,0.0,0.0
96,3,13,3,0.0,0.0,0.0
96,3,14,1,0.0,3.8761011266018324,3.8761011266018324
96,3,14,2,0.0,3.8761011266018324,3.8761011266018324
96,3,14,3,0.0,0.0,0.0
96,3,15,1,0.0,0.0,0.0
96,3,15,2,0.0,3.8761011266018324,3.8761011266018324
96,3,15,3,0.0,0.0,0.0
96,3,16,1,0.0,3.8761011266018324,3.8761011266018324
96,3,16,2,0.0,0.0,0.0
96,3,16,3,0.0,0.0,0.0
96,3,17,1,0.0,3.8761011266018324,3.8761011266018324
96,3,17,2,0.0,0.0,0.0
96,3,17,3,0.0,0.0,0.0
96,3,18,1,0.0,3.8761011266018324,3.8761011266018324
96,3,18,2,0.0,0.0,0.0
96,3,18,3,0.0,0.0,0.0
96,3,19,1,0.0,3.8761011266018324,3.8761011266018324
96,3,19,2,0.0,0.0,0.0
96,3,19,3,0.0,0.0,0.0
96,3,20,1,0.0,3.8761011266018324,3.8761011266018324
96,3,20,2,0.0,0.0,0.0
96,3,20,3,0.0,0.0,0.0
96,2,1,1,4.670201183380856,3.8761011266018324,8.54630230998269
96,2,1,2,0.0,0.0,0.0
96,2,1,3,0.0,0.0,0.0
96,2,2,1,0.7941000567790231,3.8761011266018324,4.670201183380856
96,2,2,2,0.0,0.0,0.0
96,2,2,3,0.0,0.0,0.0
96,2,3,1,0.7941000567790231,3.8761011266018324,4.670201183380856
96,2,3,2,3.8761011266018324,3.8761011266018324,7.752202253203665
96,2,3,3,0.0,0.0,0.0
96,2,4,1,0.0,0.0,0.0
96,2,4,2,0.0,3.8761011266018324,3.8761011266018324
96,2,4,3,0.0,0.0,0.0
96,2,5,1,0.0,0.0,0.0
96,2,5,2,0.0,3.8761011266018324,3.8761011266018324
96,2,5,3,0.0,0.0,0.0
96,2,6,1,0.0,0.0,0.0
96,2,6,2,0.0,3.8761011266018324,3.8761011266018324
96,2,6,3,0.0,0.0,0.0
96,2,7,1,0.0,0.0,0.0
96,2,7,2,0.0,3.8761011266018324,3.8761011266018324
96,2,7,3,0.0,0.0,0.0
96,2,8,1,0.0,0.0,0.0
96,2,8,2,0.0,3.8761011266018324,3.8761011266018324
96,2,8,3,0.0,0.0,0.0
96,2,9,1,0.0,0.0,0.0
96,2,9,2,0.0,3.8761011266018324,3.8761011266018324
96,2,9,3,0.0,0.0,0.0
96,2,10,1,0.0,0.0,0.0
96,2,10,2,0.0,3.8761011266018324,3.8761011266018324
96,2,10,3,0.0,0.0,0.0
96,2,11,1,0.0,0.0,0.0
96,2,11,2,0.0,3.8761011266018324,3.8761011266018324
96,2,11,3,0.0,0.0,0.0
96,2,12,1,0.0,0.0,0.0
96,2,12,2,0.0,3.8761011266018324,3.8761011266018324
96,2,12,3,0.0,0.0,0.0
96,2,13,1,0.0,0.0,0.0
96,2,13,2,0.0,3.8761011266018324,3.8761011266018324
96,2,13,3,0.0,0.0,0.0
96,2,14,1,0.0,0.0,0.0
96,2,14,2,0.0,3.8761011266018324,3.8761011266018324
96,2,14,3,0.0,0.0,0.0
96,2,15,1,0.0,0.0,0.0
96,2,15,2,0.0,3.8761011266018324,3.8761011266018324
96,2,15,3,0.0,0.0,0.0
96,2,16,1,0.0,0.0,0.0
96,2,16,2,0.0,3.8761011266018324,3.8761011266018324
96,2,16,3,0.0,0.0,0.0
96,2,17,1,0.0,0.0,0.0
96,2,17,2,0.0,3.8761011266018324,3.8761011266018324
96,2,17,3,0.0,0.0,0.0
96,2,18,1,0.0,0.0,0.0
96,2,18,2,0.0,3.8761011266018324,3.8761011266018324
96,2,18,3,0.0,0.0,0.0
96,2,19,1,0.0,0.0,0.0
96,2,19,2,0.0,3.8761011266018324,3.8761011266018324
96,2,19,3,0.0,0.0,0.0
96,2,20,1,0.0,0.0,0.0
96,2,20,2,0.0,3.8761011266018324,3.8761011266018324
96,2,20,3,0.0,0.0,0.0
96,1,1,1,4.670201183380856,3.8761011266018324,8.54630230998269
96,1,1,2,0.0,0.0,0.0
96,1,1,3,0.0,0.0,0.0
96,1,2,1,0.7941000567790231,3.8761011266018324,4.670201183380856
96,1,2,2,2.794100056779023,2.0,4.794100056779023
96,1,2,3,0.0,0.0,0.0
96,1,3,1,0.0,0.0,0.0
96,1,3,2,0.7941000567790231,2.0,2.794100056779023
96,1,3,3,2.0,2.0,4.0
96,1,4,1,0.0,0.0,0.0
96,1,4,2,0.0,0.0,0.0
96,1,4,3,0.0,2.0,2.0
96,1,5,1,0.0,0.0,0.0
96,1,5,2,0.0,0.0,0.0
96,1,5,3,0.0,2.0,2.0
96,1,6,1,0.0,0.0,0.0
96,1,6,2,0.0,0.0,0.0
96,1,6,3,0.0,2.0,2.0
96,1,7,1,0.0,0.0,0.0
96,1,7,2,0.0,0.0,0.0
96,1,7,3,0.0,2.0,2.0
96,1,8,1,0.0,0.0,0.0
96,1,8,2,0.0,0.0,0.0
96,1,8,3,0.0,2.0,2.0
96,1,9,1,0.0,0.0,0.0
96,1,9,2,0.0,0.0,0.0
96,1,9,3,0.0,2.0,2.0
96,1,10,1,0.0,0.0,0.0
96,1,10,2,0.0,0.0,0.0
96,1,10,3,0.0,2.0,2.0
96,1,11,1,0.0,0.0,0.0
96,1,11,2,0.0,0.0,0.0
96,1,11,3,0.0,2.0,2.0
96,1,12,1,0.0,0.0,0.0
96,1,12,2,0.0,0.0,0.0
96,1,12,3,0.0,2.0,2.0
96,1,13,1,0.0,0.0,0.0
96,1,13,2,0.0,0.0,0.0
96,1,13,3,0.0,2.0,2.0
96,1,14,1,0.0,0.0,0.0
96,1,14,2,0.0,0.0,0.0
96,1,14,3,0.0,2.0,2.0
96,1,15,1,0.0,0.0,0.0
96,1,15,2,0.0,0.0,0.0
96,1,15,3,0.0,2.0,2.0
96,1,16,1,0.0,0.0,0.0
96,1,16,2,0.0,0.0,0.0
96,1,16,3,0.0,2.0,2.0
96,1,17,1,0.0,0.0,0.0
96,1,17,2,0.0,0.0,0.0
96,1,17,3,0.0,2.0,2.0
96,1,18,1,0.0,0.0,0.0
96,1,18,2,0.0,0.0,0.0
96,1,18,3,0.0,2.0,2.0
96,1,19,1,0.0,0.0,0.0
96,1,19,2,0.0,0.0,0.0
96,1,19,3,0.0,2.0,2.0
96,1,20,1,0.0,0.0,0.0
96,1,20,2,0.0,0.0,0.0
96,1,20,3,0.0,2.0,2.0
97,3,1,1,3.8761011266018324,3.8761011266018324,7.752202253203665
97,3,1,2,3.8761011266018324,3.8761011266018324,7.752202253203665
97,3,1,3,0.0,0.0,0.0
97,3,2,1,3.8761011266018324,3.8761011266018324,7.752202253203665
97,3,2,2,0.0,0.0,0.0
97,3,2,3,0.0,0.0,0.0
97,3,3,1,0.0,3.8761011266018324,3.8761011266018324
97,3,3,2,0.0,0.0,0.0
97,3,3,3,0.0,0.0,0.0
97,3,4,1,0.0,3.8761011266018324,3.8761011266018324
97,3,4,2,0.0,0.0,0.0
97,3,4,3,0.0,0.0,0.0
97,3,5,1,0.0,3.8761011266018324,3.8761011266018324
97,3,5,2,0.0,0.0,0.0
97,3,5,3,0.0,0.0,0.0
97,3,6,1,0.0,3.8761011266018324,3.8761011266018324
97,3,6,2,0.0,0.0,0.0
97,3,6,3,0.0,0.0,0.0
97,3,7,1,0.0,3.8761011266018324,3.8761011266018324
97,3,7,2,0.0,0.0,0.0
97,3,7,3,0.0,0.0,0.0
97,3,8,1,0.0,3.8761011266018324,3.8761011266018324
97,3,8,2,0.0,0.0,0.0
97,3,8,3,0.0,0.0,0.0
97,3,9,1,0.0,3.8761011266018324,3.8761011266018324
97,3,9,2,0.0,0.0,0.0
97,3,9,3,0.0,0.0,0.0
97,3,10,1,0.0,3.8761011266018324,3.8761011266018324
97,3,10,2,0.0,0.0,0.0
97,3,10,3,0.0,0.0,0.0
97,3,11,1,0.0,3.8761011266018324,3.8761011266018324
97,3,11,2,0.0,3.8761011266018324,3.8761011266018324
97,3,11,3,0.0,0.0,0.0
97,3,12,1,0.0,3.8761011266018324,3.8761011266018324
97,3,12,2,0.0,0.0,0.0
97,3,12,3,0.0,0.0,0.0
97,3,13,1,0.0,3.8761011266018324,3.8761011266018324
97,3,13,2,0.0,0.0,0.0
97,3,13,3,0.0,0.0,0.0
97,3,14,1,0.0,3.8761011266018324,3.8761011266018324
97,3,14,2,0.0,3.8761011266018324,3.8761011266018324
97,3,14,3,0.0,0.0,0.0
97,3,15,1,0.0,0.0,0.0
97,3,15,2,0.0,3.8761011266018324,3.8761011266018324
97,3,15,3,0.0,0.0,0.0
97,3,16,1,0.0,3.8761011266018324,3.8761011266018324
97,3,16,2,0.0,0.0,0.0
97,3,16,3,0.0,0.0,0.0
97,3,17,1,0.0,3.8761011266018324,3.8761011266018324
97,3,17,2,0.0,0.0,0.0
97,3,17,3,0.0,0.0,0.0
97,3,18,1,0.0,3.8761011266018324,3.8761011266018324
97,3,18,2,0.0,0.0,0.0
97,3,18,3,0.0,0.0,0.0
97,3,19,1,0.0,3.8761011266018324,3.8761011266018324
97,3,19,2,0.0,0.0,0.0
97,3,19,3,0.0,0.0,0.0
97,3,20,1,0.0,3.8761011266018324,3.8761011266018324
97,3,20,2,0.0,0.0,0.0
97,3,20,3,0.0,0.0,0.0
97,2,1,1,4.670201183380856,3.8761011266018324,8.54630230998269
97,2,1,2,3.8761011266018324,3.8761011266018324,7.752202253203665
97,2,1,3,0.0,0.0,0.0
97,2,2,1,0.0,0.0,0.0
97,2,2,2,0.0,3.8761011266018324,3.8761011266018324
97,2,2,3,0.0,0.0,0.0
97,2,3,1,0.0,0.0,0.0
97,2,3,2,0.0,3.8761011266018324,3.8761011266018324
97,2,3,3,0.0,0.0,0.0
97,2,4,1,0.0,0.0,0.0
97,2,4,2,0.0,3.8761011266018324,3.8761011266018324
97,2,4,3,0.0,0.0,0.0
97,2,5,1,0.0,0.0,0.0
97,2,5,2,0.0,3.8761011266018324,3.8761011266018324
97,2,5,3,2.0,2.0,4.0
97,2,6,1,0.7941000567790231,3.8761011266018324,4.670201183380856
97,2,6,2,0.0,0.0,0.0
97,2,6,3,0.0,0.0,0.0
97,2,7,1,0.7941000567790231,3.8761011266018324,4.670201183380856
97,2,7,2,0.0,0.0,0.0
97,2,7,3,0.0,0.0,0.0
97,2,8,1,0.7941000567790231,3.8761011266018324,4.670201183380856
97,2,8,2,0.0,3.8761011266018324,3.8761011266018324
97,2,8,3,0.0,0.0,0.0
97,2,9,1,0.0,0.0,0.0
97,2,9,2,0.0,3.8761011266018324,3.8761011266018324
97,2,9,3,0.0,0.0,0.0
97,2,10,1,0.0,0.0,0.0
97,2,10,2,0.0,3.8761011266018324,3.8761011266018324
97,2,10,3,0.0,0.0,0.0
97,2,11,1,0.0,0.0,0.0
97,2,11,2,0.0,3.8761011266018324,3.8761011266018324
97,2,11,3,0.0,0.0,0.0
97,2,12,1,0.0,0.0,0.0
97,2,12,2,0.0,3.8761011266018324,3.8761011266018324
97,2,12,3,0.0,2.0,2.0
97,2,13,1,0.0,3.8761011266018324,3.8761011266018324
97,2,13,2,0.0,3.8761011266018324,3.8761011266018324
97,2,13,3,0.0,0.0,0.0
97,2,14,1,0.0,0.0,0.0
97,2,14,2,0.0,3.8761011266018324,3.8761011266018324
97,2,14,3,0.0,0.0,0.0
97,2,15,1,0.0,0.0,0.0
97,2,15,2,0.0,3.8761011266018324,3.8761011266018324
97,2,15,3,0.0,0.0,0.0
97,2,16,1,0.0,0.0,0.0
97,2,16,2,0.0,3.8761011266018324,3.8761011266018324
97,2,16,3,0.0,0.0,0.0
97,2,17,1,0.0,0.0,0.0
97,2,17,2,0.0,3.8761011266018324,3.8761011266018324
97,2,17,3,0.0,0.0,0.0
97,2,18,1,0.0,0.0,0.0
97,2,18,2,0.0,3.8761011266018324,3.8761011266018324
97,2,18,3,0.0,0.0,0.0
97,2,19,1,0.0,0.0,0.0
97,2,19,2,0.0,3.8761011266018324,3.8761011266018324
97,2,19,3,0.0,0.0,0.0
97,2,20,1,0.0,0.0,0.0
97,2,20,2,0.0,3.8761011266018324,3.8761011266018324
97,2,20,3,0.0,0.0,0.0
97,1,1,1,4.670201183380856,3.8761011266018324,8.54630230998269
97,1,1,2,0.0,0.0,0.0
97,1,1,3,0.0,0.0,0.0
97,1,2,1,0.7941000567790231,3.8761011266018324,4.670201183380856
97,1,2,2,2.794100056779023,2.0,4.794100056779023
97,1,2,3,0.0,0.0,0.0
97,1,3,1,0.0,0.0,0.0
97,1,3,2,0.7941000567790231,2.0,2.794100056779023
97,1,3,3,0.0,0.0,0.0
97,1,4,1,0.0,0.0,0.0
97,1,4,2,0.0,2.0,2.0
97,1,4,3,2.0,2.0,4.0
97,1,5,1,0.0,0.0,0.0
97,1,5,2,0.0,0.0,0.0
97,1,5,3,0.0,2.0,2.0
97,1,6,1,0.0,0.0,0.0
97,1,6,2,0.0,0.0,0.0
97,1,6,3,0.0,2.0,2.0
97,1,7,1,0.0,0.0,0.0
97,1,7,2,0.0,0.0,0.0
97,1,7,3,0.0,2.0,2.0
97,1,8,1,0.0,0.0,0.0
97,1,8,2,0.0,0.0,0.0
97,1,8,3,0.0,2.0,2.0
97,1,9,1,0.0,0.0,0.0
97,1,9,2,0.0,0.0,0.0
97,1,9,3,0.0,2.0,2.0
97,1,10,1,0.0,0.0,0.0
97,1,10,2,0.0,0.0,0.0
97,1,10,3,0.0,2.0,2.0
97,1,11,1,0.0,0.0,0.0
97,1,11,2,0.0,0.0,0.0
97,1,11,3,0.0,0.0,0.0
97,1,12,1,0.7941000567790231,3.8761011266018324,4.670201183380856
97,1,12,2,0.0,0.0,0.0
97,1,12,3,0.0,0.0,0.0
97,1,13,1,0.0,3.8761011266018324,3.8761011266018324
97,1,13,2,0.0,2.0,2.0
97,1,13,3,0.0,2.0,2.0
97,1,14,1,0.0,3.8761011266018324,3.8761011266018324
97,1,14,2,0.0,2.0,2.0
97,1,14,3,0.0,2.0,2.0
97,1,15,1,0.0,0.0,0.0
97,1,15,2,0.0,0.0,0.0
97,1,15,3,0.0,2.0,2.0
97,1,16,1,0.0,0.0,0.0
97,1,16,2,0.0,0.0,0.0
97,1,16,3,0.0,2.0,2.0
97,1,17,1,0.0,0.0,0.0
97,1,17,2,0.0,0.0,0.0
97,1,17,3,0.0,2.0,2.0
97,1,18,1,0.0,0.0,0.0
97,1,18,2,0.0,0.0,0.0
97,1,18,3,0.0,2.0,2.0
97,1,19,1,0.0,0.0,0.0
97,1,19,2,0.0,0.0,0.0
97,1,19,3,0.0,2.0,2.0
97,1,20,1,0.0,0.0,0.0
97,1,20,2,0.0,0.0,0.0
97,1,20,3,0.0,2.0,2.0
98,3,1,1,3.8761011266018324,3.8761011266018324,7.752202253203665
98,3,1,2,3.8761011266018324,3.8761011266018324,7.752202253203665
98,3,1,3,0.0,0.0,0.0
98,3,2,1,0.0,0.0,0.0
98,3,2,2,0.0,3.8761011266018324,3.8761011266018324
98,3,2,3,2.0,2.0,4.0
98,3,3,1,0.0,0.0,0.0
98,3,3,2,0.0,0.0,0.0
98,3,3,3,0.0,2.0,2.0
98,3,4,1,3.8761011266018324,3.8761011266018324,7.752202253203665
98,3,4,2,0.0,0.0,0.0
98,3,4,3,0.0,0.0,0.0
98,3,5,1,0.0,3.8761011266018324,3.8761011266018324
98,3,5,2,0.0,3.8761011266018324,3.8761011266018324
98,3,5,3,0.0,0.0,0.0
98,3,6,1,0.0,0.0,0.0
98,3,6,2,0.0,3.8761011266018324,3.8761011266018324
98,3,6,3,0.0,0.0,0.0
98,3,7,1,0.0,3.8761011266018324,3.8761011266018324
98,3,7,2,0.0,0.0,0.0
98,3,7,3,0.0,0.0,0.0
98,3,8,1,0.0,3.8761011266018324,3.8761011266018324
98,3,8,2,0.0,0.0,0.0
98,3,8,3,0.0,0.0,0.0
98,3,9,1,0.0,3.8761011266018324,3.8761011266018324
98,3,9,2,0.0,0.0,0.0
98,3,9,3,0.0,0.0,0.0
98,3,10,1,0.0,3.8761011266018324,3.8761011266018324
98,3,10,2,0.0,3.8761011266018324,3.8761011266018324
98,3,10,3,0.0,0.0,0.0
98,3,11,1,0.0,3.8761011266018324,3.8761011266018324
98,3,11,2,0.0,0.0,0.0
98,3,11,3,0.0,0.0,0.0
98,3,12,1,0.0,3.8761011266018324,3.8761011266018324
98,3,12,2,0.0,0.0,0.0
98,3,12,3,0.0,0.0,0.0
98,3,13,1,0.0,3.8761011266018324,3.8761011266018324
98,3,13,2,0.0,0.0,0.0
98,3,13,3,0.0,0.0,0.0
98,3,14,1,0.0,3.8761011266018324,3.8761011266018324
98,3,14,2,0.0,0.0,0.0
98,3,14,3,0.0,0.0,0.0
98,3,15,1,0.0,3.8761011266018324,3.8761011266018324
98,3,15,2,0.0,0.0,0.0
98,3,15,3,0.0,0.0,0.0
98,3,16,1,0.0,3.8761011266018324,3.8761011266018324
98,3,16,2,0.0,0.0,0.0
98,3,16,3,0.0,0.0,0.0
98,3,17,1,0.0,3.8761011266018324,3.8761011266018324
98,3,17,2,0.0,0.0,0.0
98,3,17,3,0.0,0.0,0.0
98,3,18,1,0.0,3.8761011266018324,3.8761011266018324
98,3,18,2,0.0,0.0,0.0
98,3,18,3,0.0,0.0,0.0
98,3,19,1,0.0,3.8761011266018324,3.8761011266018324
98,3,19,2,0.0,0.0,0.0
98,3,19,3,0.0,0.0,0.0
98,3,20,1,0.0,3.8761011266018324,3.8761011266018324
98,3,20,2,0.0,3.8761011266018324,3.8761011266018324
98,3,20,3,0.0,0.0,0.0
98,2,1,1,4.670201183380856,3.8761011266018324,8.54630230998269
98,2,1,2,0.0,0.0,0.0
98,2,1,3,0.0,0.0,0.0
98,2,2,1,0.7941000567790231,3.8761011266018324,4.670201183380856
98,2,2,2,3.8761011266018324,3.8761011266018324,7.752202253203665
98,2,2,3,0.0,0.0,0.0
98,2,3,1,0.0,0.0,0.0
98,2,3,2,0.0,3.8761011266018324,3.8761011266018324
98,2,3,3,0.0,0.0,0.0
98,2,4,1,0.0,0.0,0.0
98,2,4,2,0.0,3.8761011266018324,3.8761011266018324
98,2,4,3,0.0,0.0,0.0
98,2,5,1,0.0,0.0,0.0
98,2,5,2,0.0,3.8761011266018324,3.8761011266018324
98,2,5,3,0.0,0.0,0.0
98,2,6,1,0.0,0.0,0.0
98,2,6,2,0.0,3.8761011266018324,3.8761011266018324
98,2,6,3,0.0,0.0,0.0
98,2,7,1,0.0,0.0,0.0
98,2,7,2,0.0,3.8761011266018324,3.8761011266018324
98,2,7,3,0.0,0.0,0.0
98,2,8,1,0.0,0.0,0.0
98,2,8,2,0.0,3.8761011266018324,3.8761011266018324
98,2,8,3,0.0,0.0,0.0
98,2,9,1,0.0,0.0,0.0
98,2,9,2,0.0,3.8761011266018324,3.8761011266018324
98,2,9,3,0.0,0.0,0.0
98,2,10,1,0.0,0.0,0.0
98,2,10,2,0.0,3.8761011266018324,3.8761011266018324
98,2,10,3,0.0,0.0,0.0
98,2,11,1,0.0,0.0,0.0
98,2,11,2,0.0,3.8761011266018324,3.8761011266018324
98,2,11,3,0.0,0.0,0.0
98,2,12,1,0.0,0.0,0.0
98,2,12,2,0.0,3.8761011266018324,3.8761011266018324
98,2,12,3,0.0,0.0,0.0
98,2,13,1,0.0,0.0,0.0
98,2,13,2,0.0,3.8761011266018324,3.8761011266018324
98,2,13,3,0.0,0.0,0.0
98,2,14,1,0.0,0.0,0.0
98,2,14,2,0.0,3.8761011266018324,3.8761011266018324
98,2,14,3,0.0,0.0,0.0
98,2,15,1,0.0,0.0,0.0
98,2,15,2,0.0,3.8761011266018324,3.8761011266018324
98,2,15,3,0.0,0.0,0.0
98,2,16,1,0.0,0.0,0.0
98,2,16,2,0.0,3.8761011266018324,3.8761011266018324
98,2,16,3,0.0,0.0,0.0
98,2,17,1,0.0,0.0,0.0
98,2,17,2,0.0,3.8761011266018324,3.8761011266018324
98,2,17,3,0.0,0.0,0.0
98,2,18,1,0.0,0.0,0.0
98,2,18,2,0.0,3.8761011266018324,3.8761011266018324
98,2,18,3,0.0,0.0,0.0
98,2,19,1,0.0,0.0,0.0
98,2,19,2,0.0,3.8761011266018324,3.8761011266018324
98,2,19,3,0.0,0.0,0.0
98,2,20,1,0.0,0.0,0.0
98,2,20,2,0.0,3.8761011266018324,3.8761011266018324
98,2,20,3,0.0,0.0,0.0
98,1,1,1,4.670201183380856,3.8761011266018324,8.54630230998269
98,1,1,2,2.794100056779023,2.0,4.794100056779023
98,1,1,3,0.0,0.0,0.0
98,1,2,1,0.0,0.0,0.0
98,1,2,2,0.7941000567790231,2.0,2.794100056779023
98,1,2,3,2.0,2.0,4.0
98,1,3,1,0.0,0.0,0.0
98,1,3,2,0.0,0.0,0.0
98,1,3,3,0.0,2.0,2.0
98,1,4,1,0.0,0.0,0.0
98,1,4,2,0.0,0.0,0.0
98,1,4,3,0.0,2.0,2.0
98,1,5,1,0.0,0.0,0.0
98,1,5,2,0.0,0.0,0.0
98,1,5,3,0.0,2.0,2.0
98,1,6,1,0.0,0.0,0.0
98,1,6,2,0.0,0.0,0.0
98,1,6,3,0.0,2.0,2.0
98,1,7,1,0.0,0.0,0.0
98,1,7,2,0.0,0.0,0.0
98,1,7,3,0.0,2.0,2.0
98,1,8,1,0.0,0.0,0.0
98,1,8,2,0.0,0.0,0.0
98,1,8,3,0.0,2.0,2.0
98,1,9,1,0.0,0.0,0.0
98,1,9,2,0.0,0.0,0.0
98,1,9,3,0.0,2.0,2.0
98,1,10,1,0.0,0.0,0.0
98,1,10,2,0.0,0.0,0.0
98,1,10,3,0.0,2.0,2.0
98,1,11,1,0.0,0.0,0.0
98,1,11,2,0.0,0.0,0.0
98,1,11,3,0.0,2.0,2.0
98,1,12,1,0.0,0.0,0.0
98,1,12,2,0.0,0.0,0.0
98,1,12,3,0.0,2.0,2.0
98,1,13,1,0.0,0.0,0.0
98,1,13,2,0.0,0.0,0.0
98,1,13,3,0.0,2.0,2.0
98,1,14,1,0.0,0.0,0.0
98,1,14,2,0.0,0.0,0.0
98,1,14,3,0.0,2.0,2.0
98,1,15,1,0.0,0.0,0.0
98,1,15,2,0.0,0.0,0.0
98,1,15,3,0.0,2.0,2.0
98,1,16,1,0.0,0.0,0.0
98,1,16,2,0.0,0.0,0.0
98,1,16,3,0.0,2.0,2.0
98,1,17,1,0.0,0.0,0.0
98,1,17,2,0.0,0.0,0.0
98,1,17,3,0.0,2.0,2.0
98,1,18,1,0.0,0.0,0.0
98,1,18,2,0.0,0.0,0.0
98,1,18,3,0.0,2.0,2.0
98,1,19,1,0.0,0.0,0.0
98,1,19,2,0.0,0.0,0.0
98,1,19,3,0.0,2.0,2.0
98,1,20,1,0.0,0.0,0.0
98,1,20,2,0.0,0.0,0.0
98,1,20,3,0.0,2.0,2.0
99,3,1,1,3.8761011266018324,3.8761011266018324,7.752202253203665
99,3,1,2,3.8761011266018324,3.8761011266018324,7.752202253203665
99,3,1,3,0.0,0.0,0.0
99,3,2,1,3.8761011266018324,3.8761011266018324,7.752202253203665
99,3,2,2,0.0,3.8761011266018324,3.8761011266018324
99,3,2,3,0.0,0.0,0.0
99,3,3,1,0.0,0.0,0.0
99,3,3,2,0.0,3.8761011266018324,3.8761011266018324
99,3,3,3,0.0,0.0,0.0
99,3,4,1,0.0,0.0,0.0
99,3,4,2,0.0,3.8761011266018324,3.8761011266018324
99,3,4,3,0.0,0.0,0.0
99,3,5,1,0.0,3.8761011266018324,3.8761011266018324
99,3,5,2,0.0,0.0,0.0
99,3,5,3,0.0,0.0,0.0
99,3,6,1,0.0,3.8761011266018324,3.8761011266018324
99,3,6,2,0.0,0.0,0.0
99,3,6,3,0.0,0.0,0.0
99,3,7,1,0.0,3.8761011266018324,3.8761011266018324
99,3,7,2,0.0,3.8761011266018324,3.8761011266018324
99,3,7,3,0.0,0.0,0.0
99,3,8,1,0.0,3.8761011266018324,3.8761011266018324
99,3,8,2,0.0,0.0,0.0
99,3,8,3,0.0,0.0,0.0
99,3,9,1,0.0,3.8761011266018324,3.8761011266018324
99,3,9,2,0.0,3.8761011266018324,3.8761011266018324
99,3,9,3,0.0,0.0,0.0
99,3,10,1,0.0,0.0,0.0
99,3,10,2,0.0,3.8761011266018324,3.8761011266018324
99,3,10,3,0.0,0.0,0.0
99,3,11,1,0.0,0.0,0.0
99,3,11,2,0.0,3.8761011266018324,3.8761011266018324
99,3,11,3,0.0,0.0,0.0
99,3,12,1,0.0,3.8761011266018324,3.8761011266018324
99,3,12,2,0.0,0.0,0.0
99,3,12,3,0.0,0.0,0.0
99,3,13,1,0.0,3.8761011266018324,3.8761011266018324
99,3,13,2,0.0,3.8761011266018324,3.8761011266018324
99,3,13,3,2.0,2.0,4.0
99,3,14,1,0.0,0.0,0.0
99,3,14,2,0.0,0.0,0.0
99,3,14,3,0.0,2.0,2.0
99,3,15,1,0.0,0.0,0.0
99,3,15,2,0.0,0.0,0.0
99,3,15,3,0.0,2.0,2.0
99,3,16,1,0.0,3.8761011266018324,3.8761011266018324
99,3,16,2,0.0,0.0,0.0
99,3,16,3,0.0,0.0,0.0
99,3,17,1,0.0,3.8761011266018324,3.8761011266018324
99,3,17,2,0.0,0.0,0.0
99,3,17,3,0.0,0.0,0.0
99,3,18,1,0.0,3.8761011266018324,3.8761011266018324
99,3,18,2,0.0,3.8761011266018324,3.8761011266018324
99,3,18,3,0.0,0.0,0.0
99,3,19,1,0.0,0.0,0.0
99,3,19,2,0.0,3.8761011266018324,3.8761011266018324
99,3,19,3,0.0,0.0,0.0
99,3,20,1,0.0,0.0,0.0
99,3,20,2,0.0,3.8761011266018324,3.8761011266018324
99,3,20,3,0.0,0.0,0.0
99,2,1,1,4.670201183380856,3.8761011266018324,8.54630230998269
99,2,1,2,0.0,0.0,0.0
99,2,1,3,0.0,0.0,0.0
99,2,2,1,0.7941000567790231,3.8761011266018324,4.670201183380856
99,2,2,2,0.0,0.0,0.0
99,2,2,3,0.0,0.0,0.0
99,2,3,1,0.7941000567790231,3.8761011266018324,4.670201183380856
99,2,3,2,3.8761011266018324,3.8761011266018324,7.752202253203665
99,2,3,3,0.0,0.0,0.0
99,2,4,1,0.0,0.0,0.0
99,2,4,2,0.0,3.8761011266018324,3.8761011266018324
99,2,4,3,0.0,0.0,0.0
99,2,5,1,0.0,0.0,0.0
99,2,5,2,0.0,3.8761011266018324,3.8761011266018324
99,2,5,3,0.0,0.0,0.0
99,2,6,1,0.0,0.0,0.0
99,2,6,2,0.0,3.8761011266018324,3.8761011266018324
99,2,6,3,0.0,0.0,0.0
99,2,7,1,0.0,0.0,0.0
99,2,7,2,0.0,3.8761011266018324,3.8761011266018324
99,2,7,3,0.0,0.0,0.0
99,2,8,1,0.0,0.0,0.0
99,2,8,2,0.0,3.8761011266018324,3.8761011266018324
99,2,8,3,0.0,0.0,0.0
99,2,9,1,0.0,0.0,0.0
99,2,9,2,0.0,3.8761011266018324,3.8761011266018324
99,2,9,3,0.0,0.0,0.0
99,2,10,1,0.0,0.0,0.0
99,2,10,2,0.0,3.8761011266018324,3.8761011266018324
99,2,10,3,0.0,0.0,0.0
99,2,11,1,0.0,0.0,0.0
99,2,11,2,0.0,3.8761011266018324,3.8761011266018324
99,2,11,3,0.0,0.0,0.0
99,2,12,1,0.0,0.0,0.0
99,2,12,2,0.0,3.8761011266018324,3.8761011266018324
99,2,12,3,2.0,2.0,4.0
99,2,13,1,0.0,0.0,0.0
99,2,13,2,0.0,0.0,0.0
99,2,13,3,0.0,2.0,2.0
99,2,14,1,0.7941000567790231,3.8761011266018324,4.670201183380856
99,2,14,2,0.0,0.0,0.0
99,2,14,3,0.0,0.0,0.0
99,2,15,1,0.0,3.8761011266018324,3.8761011266018324
99,2,15,2,0.0,3.8761011266018324,3.8761011266018324
99,2,15,3,0.0,2.0,2.0
99,2,16,1,0.0,3.8761011266018324,3.8761011266018324
99,2,16,2,0.0,3.8761011266018324,3.8761011266018324
99,2,16,3,0.0,0.0,0.0
99,2,17,1,0.0,0.0,0.0
99,2,17,2,0.0,3.8761011266018324,3.8761011266018324
99,2,17,3,0.0,0.0,0.0
99,2,18,1,0.0,0.0,0.0
99,2,18,2,0.0,3.8761011266018324,3.8761011266018324
99,2,18,3,0.0,0.0,0.0
99,2,19,1,0.0,0.0,0.0
99,2,19,2,0.0,3.8761011266018324,3.8761011266018324
99,2,19,3,0.0,0.0,0.0
99,2,20,1,0.0,0.0,0.0
99,2,20,2,0.0,3.8761011266018324,3.8761011266018324
99,2,20,3,0.0,2.0,2.0
99,1,1,1,4.670201183380856,3.8761011266018324,8.54630230998269
99,1,1,2,2.794100056779023,2.0,4.794100056779023
99,1,1,3,2.0,2.0,4.0
99,1,2,1,0.0,0.0,0.0
99,1,2,2,0.0,0.0,0.0
99,1,2,3,0.0,2.0,2.0
99,1,3,1,0.0,0.0,0.0
99,1,3,2,0.0,0.0,0.0
99,1,3,3,0.0,2.0,2.0
99,1,4,1,0.0,0.0,0.0
99,1,4,2,0.0,0.0,0.0
99,1,4,3,0.0,2.0,2.0
99,1,5,1,0.0,0.0,0.0
99,1,5,2,0.0,0.0,0.0
99,1,5,3,0.0,2.0,2.0
99,1,6,1,0.0,0.0,0.0
99,1,6,2,0.0,0.0,0.0
99,1,6,3,0.0,2.0,2.0
99,1,7,1,0.0,0.0,0.0
99,1,7,2,0.0,0.0,0.0
99,1,7,3,0.0,2.0,2.0
99,1,8,1,0.0,0.0,0.0
99,1,8,2,0.0,0.0,0.0
99,1,8,3,0.0,2.0,2.0
99,1,9,1,0.0,0.0,0.0
99,1,9,2,0.0,0.0,0.0
99,1,9,3,0.0,2.0,2.0
99,1,10,1,0.0,0.0,0.0
99,1,10,2,0.0,0.0,0.0
99,1,10,3,0.0,2.0,2.0
99,1,11,1,0.0,0.0,0.0
99,1,11,2,0.0,0.0,0.0
99,1,11,3,0.0,2.0,2.0
99,1,12,1,0.0,0.0,0.0
99,1,12,2,0.0,0.0,0.0
99,1,12,3,0.0,2.0,2.0
99,1,13,1,0.0,0.0,0.0
99,1,13,2,0.0,0.0,0.0
99,1,13,3,0.0,2.0,2.0
99,1,14,1,0.0,0.0,0.0
99,1,14,2,0.0,0.0,0.0
99,1,14,3,0.0,2.0,2.0
99,1,15,1,0.0,0.0,0.0
99,1,15,2,0.0,0.0,0.0
99,1,15,3,0.0,2.0,2.0
99,1,16,1,0.0,0.0,0.0
99,1,16,2,0.0,0.0,0.0
99,1,16,3,0.0,2.0,2.0
99,1,17,1,0.0,0.0,0.0
99,1,17,2,0.0,0.0,0.0
99,1,17,3,0.0,2.0,2.0
99,1,18,1,0.0,0.0,0.0
99,1,18,2,0.0,0.0,0.0
99,1,18,3,0.0,2.0,2.0
99,1,19,1,0.0,0.0,0.0
99,1,19,2,0.0,0.0,0.0
99,1,19,3,0.0,2.0,2.0
99,1,20,1,0.0,0.0,0.0
99,1,20,2,0.0,0.0,0.0
99,1,20,3,0.0,2.0,2.0
100,3,1,1,3.8761011266018324,3.8761011266018324,7.752202253203665
100,3,1,2,3.8761011266018324,3.8761011266018324,7.752202253203665
100,3,1,3,0.0,0.0,0.0
100,3,2,1,3.8761011266018324,3.8761011266018324,7.752202253203665
100,3,2,2,0.0,0.0,0.0
100,3,2,3,0.0,0.0,0.0
100,3,3,1,0.0,3.8761011266018324,3.8761011266018324
100,3,3,2,0.0,0.0,0.0
100,3,3,3,0.0,0.0,0.0
100,3,4,1,0.0,3.8761011266018324,3.8761011266018324
100,3,4,2,0.0,0.0,0.0
100,3,4,3,0.0,0.0,0.0
100,3,5,1,0.0,3.8761011266018324,3.8761011266018324
100,3,5,2,0.0,0.0,0.0
100,3,5,3,0.0,0.0,0.0
100,3,6,1,0.0,3.8761011266018324,3.8761011266018324
100,3,6,2,0.0,3.8761011266018324,3.8761011266018324
100,3,6,3,0.0,0.0,0.0
100,3,7,1,0.0,0.0,0.0
100,3,7,2,0.0,3.8761011266018324,3.8761011266018324
100,3,7,3,0.0,0.0,0.0
100,3,8,1,0.0,0.0,0.0
100,3,8,2,0.0,3.8761011266018324,3.8761011266018324
100,3,8,3,0.0,0.0,0.0
100,3,9,1,0.0,0.0,0.0
100,3,9,2,0.0,3.8761011266018324,3.8761011266018324
100,3,9,3,0.0,0.0,0.0
100,3,10,1,0.0,0.0,0.0
100,3,10,2,0.0,3.8761011266018324,3.8761011266018324
100,3,10,3,0.0,0.0,0.0
100,3,11,1,0.0,0.0,0.0
100,3,11,2,0.0,3.8761011266018324,3.8761011266018324
100,3,11,3,0.0,0.0,0.0
100,3,12,1,0.0,3.8761011266018324,3.8761011266018324
100,3,12,2,0.0,0.0,0.0
100,3,12,3,0.0,0.0,0.0
100,3,13,1,0.0,3.8761011266018324,3.8761011266018324
100,3,13,2,0.0,0.0,0.0
100,3,13,3,0.0,0.0,0.0
100,3,14,1,0.0,3.8761011266018324,3.8761011266018324
100,3,14,2,0.0,0.0,0.0
100,3,14,3,0.0,0.0,0.0
100,3,15,1,0.0,3.8761011266018324,3.8761011266018324
100,3,15,2,0.0,0.0,0.0
100,3,15,3,0.0,0.0,0.0
100,3,16,1,0.0,3.8761011266018324,3.8761011266018324
100,3,16,2,0.0,0.0,0.0
100,3,16,3,0.0,0.0,0.0
100,3,17,1,0.0,3.8761011266018324,3.8761011266018324
100,3,17,2,0.0,3.8761011266018324,3.8761011266018324
100,3,17,3,0.0,0.0,0.0
100,3,18,1,0.0,0.0,0.0
100,3,18,2,0.0,3.8761011266018324,3.8761011266018324
100,3,18,3,2.0,2.0,4.0
100,3,19,1,0.0,0.0,0.0
100,3,19,2,0.0,0.0,0.0
100,3,19,3,0.0,2.0,2.0
100,3,20,1,0.0,0.0,0.0
100,3,20,2,0.0,0.0,0.0
100,3,20,3,0.0,2.0,2.0
100,2,1,1,4.670201183380856,3.8761011266018324,8.54630230998269
100,2,1,2,0.0,0.0,0.0
100,2,1,3,0.0,0.0,0.0
100,2,2,1,0.7941000567790231,3.8761011266018324,4.670201183380856
100,2,2,2,3.8761011266018324,3.8761011266018324,7.752202253203665
100,2,2,3,0.0,0.0,0.0
100,2,3,1,0.0,0.0,0.0
100,2,3,2,0.0,3.8761011266018324,3.8761011266018324
100,2,3,3,0.0,0.0,0.0
100,2,4,1,0.0,0.0,0.0
100,2,4,2,0.0,3.8761011266018324,3.8761011266018324
100,2,4,3,0.0,0.0,0.0
100,2,5,1,0.0,0.0,0.0
100,2,5,2,0.0,3.8761011266018324,3.8761011266018324
100,2,5,3,0.0,0.0,0.0
100,2,6,1,0.0,0.0,0.0
100,2,6,2,0.0,3.8761011266018324,3.8761011266018324
100,2,6,3,0.0,0.0,0.0
100,2,7,1,0.0,0.0,0.0
100,2,7,2,0.0,3.8761011266018324,3.8761011266018324
100,2,7,3,0.0,0.0,0.0
100,2,8,1,0.0,0.0,0.0
100,2,8,2,0.0,3.8761011266018324,3.8761011266018324
100,2,8,3,0.0,0.0,0.0
100,2,9,1,0.0,0.0,0.0
100,2,9,2,0.0,3.8761011266018324,3.8761011266018324
100,2,9,3,0.0,0.0,0.0
100,2,10,1,0.0,0.0,0.0
100,2,10,2,0.0,3.8761011266018324,3.8761011266018324
100,2,10,3,0.0,0.0,0.0
100,2,11,1,0.0,0.0,0.0
100,2,11,2,0.0,3.8761011266018324,3.8761011266018324
100,2,11,3,0.0,0.0,0.0
100,2,12,1,0.0,0.0,0.0
100,2,12,2,0.0,3.8761011266018324,3.8761011266018324
100,2,12,3,0.0,0.0,0.0
100,2,13,1,0.0,0.0,0.0
100,2,13,2,0.0,3.8761011266018324,3.8761011266018324
100,2,13,3,0.0,0.0,0.0
100,2,14,1,0.0,0.0,0.0
100,2,14,2,0.0,3.8761011266018324,3.8761011266018324
100,2,14,3,0.0,0.0,0.0
100,2,15,1,0.0,0.0,0.0
100,2,15,2,0.0,3.8761011266018324,3.8761011266018324
100,2,15,3,0.0,0.0,0.0
100,2,16,1,0.0,0.0,0.0
100,2,16,2,0.0,3.8761011266018324,3.8761011266018324
100,2,16,3,0.0,0.0,0.0
100,2,17,1,0.0,0.0,0.0
100,2,17,2,0.0,3.8761011266018324,3.8761011266018324
100,2,17,3,0.0,0.0,0.0
100,2,18,1,0.0,0.0,0.0
100,2,18,2,0.0,3.8761011266018324,3.8761011266018324
100,2,18,3,0.0,0.0,0.0
100,2,19,1,0.0,0.0,0.0
100,2,19,2,0.0,3.8761011266018324,3.8761011266018324
100,2,19,3,0.0,0.0,0.0
100,2,20,1,0.0,0.0,0.0
100,2,20,2,0.0,3.8761011266018324,3.8761011266018324
100,2,20,3,0.0,0.0,0.0
100,1,1,1,4.670201183380856,3.8761011266018324,8.54630230998269
100,1,1,2,0.0,0.0,0.0
100,1,1,3,0.0,0.0,0.0
100,1,2,1,0.7941000567790231,3.8761011266018324,4.670201183380856
100,1,2,2,2.794100056779023,2.0,4.794100056779023
100,1,2,3,0.0,0.0,0.0
100,1,3,1,0.0,0.0,0.0
100,1,3,2,0.7941000567790231,2.0,2.794100056779023
100,1,3,3,2.0,2.0,4.0
100,1,4,1,0.0,0.0,0.0
100,1,4,2,0.0,0.0,0.0
100,1,4,3,0.0,2.0,2.0
100,1,5,1,0.0,0.0,0.0
100,1,5,2,0.0,0.0,0.0
100,1,5,3,0.0,2.0,2.0
100,1,6,1,0.0,0.0,0.0
100,1,6,2,0.0,0.0,0.0
100,1,6,3,0.0,2.0,2.0
100,1,7,1,0.0,0.0,0.0
100,1,7,2,0.0,0.0,0.0
100,1,7,3,0.0,2.0,2.0
100,1,8,1,0.0,0.0,0.0
100,1,8,2,0.0,0.0,0.0
100,1,8,3,0.0,2.0,2.0
100,1,9,1,0.0,0.0,0.0
100,1,9,2,0.0,0.0,0.0
100,1,9,3,0.0,2.0,2.0
100,1,10,1,0.0,0.0,0.0
100,1,10,2,0.0,0.0,0.0
100,1,10,3,0.0,2.0,2.0
100,1,11,1,0.0,0.0,0.0
100,1,11,2,0.0,0.0,0.0
100,1,11,3,0.0,2.0,2.0
100,1,12,1,0.0,0.0,0.0
100,1,12,2,0.0,0.0,0.0
100,1,12,3,0.0,2.0,2.0
100,1,13,1,0.0,0.0,0.0
100,1,13,2,0.0,0.0,0.0
100,1,13,3,0.0,2.0,2.0
100,1,14,1,0.0,0.0,0.0
100,1,14,2,0.0,0.0,0.0
100,1,14,3,0.0,2.0,2.0
100,1,15,1,0.0,0.0,0.0
100,1,15,2,0.0,0.0,0.0
100,1,15,3,0.0,2.0,2.0
100,1,16,1,0.0,0.0,0.0
100,1,16,2,0.0,0.0,0.0
100,1,16,3,0.0,2.0,2.0
100,1,17,1,0.0,0.0,0.0
100,1,17,2,0.0,0.0,0.0
100,1,17,3,0.0,2.0,2.0
100,1,18,1,0.0,0.0,0.0
100,1,18,2,0.0,0.0,0.0
100,1,18,3,0.0,2.0,2.0
100,1,19,1,0.0,0.0,0.0
100,1,19,2,0.0,0.0,0.0
100,1,19,3,0.0,2.0,2.0
100,1,20,1,0.0,0.0,0.0
100,1,20,2,0.0,0.0,0.0
100,1,20,3,0.0,2.0,2.0
101,3,1,1,3.8761011266018324,3.8761011266018324,7.752202253203665
101,3,1,2,0.0,0.0,0.0
101,3,1,3,0.0,0.0,0.0
101,3,2,1,3.8761011266018324,3.8761011266018324,7.752202253203665
101,3,2,2,3.8761011266018324,3.8761011266018324,7.752202253203665
101,3,2,3,0.0,0.0,0.0
101,3,3,1,0.0,0.0,0.0
101,3,3,2,0.0,3.8761011266018324,3.8761011266018324
101,3,3,3,0.0,0.0,0.0
101,3,4,1,0.0,3.8761011266018324,3.8761011266018324
101,3,4,2,0.0,0.0,0.0
101,3,4,3,0.0,0.0,0.0
101,3,5,1,0.0,3.8761011266018324,3.8761011266018324
101,3,5,2,0.0,0.0,0.0
101,3,5,3,0.0,0.0,0.0
101,3,6,1,0.0,3.8761011266018324,3.8761011266018324
101,3,6,2,0.0,0.0,0.0
101,3,6,3,0.0,0.0,0.0
101,3,7,1,0.0,3.8761011266018324,3.8761011266018324
101,3,7,2,0.0,0.0,0.0
101,3,7,3,0.0,0.0,0.0
101,3,8,1,0.0,3.8761011266018324,3.8761011266018324
101,3,8,2,0.0,0.0,0.0
101,3,8,3,0.0,0.0,0.0
101,3,9,1,0.0,3.8761011266018324,3.8761011266018324
101,3,9,2,0.0,0.0,0.0
101,3,9,3,0.0,0.0,0.0
101,3,10,1,0.0,3.8761011266018324,3.8761011266018324
101,3,10,2,0.0,0.0,0.0
101,3,10,3,0.0,0.0,0.0
101,3,11,1,0.0,3.8761011266018324,3.8761011266018324
101,3,11,2,0.0,0.0,0.0
101,3,11,3,0.0,0.0,0.0
101,3,12,1,0.0,3.8761011266018324,3.8761011266018324
101,3,12,2,0.0,0.0,0.0
101,3,12,3,0.0,0.0,0.0
101,3,13,1,0.0,3.8761011266018324,3.8761011266018324
101,3,13,2,0.0,0.0,0.0
101,3,13,3,0.0,0.0,0.0
101,3,14,1,0.0,3.8761011266018324,3.8761011266018324
101,3,14,2,0.0,3.8761011266018324,3.8761011266018324
101,3,14,3,0.0,0.0,0.0
101,3,15,1,0.0,3.8761011266018324,3.8761011266018324
101,3,15,2,0.0,3.8761011266018324,3.8761011266018324
101,3,15,3,0.0,0.0,0.0
101,3,16,1,0.0,0.0,0.0
101,3,16,2,0.0,3.8761011266018324,3.8761011266018324
101,3,16,3,0.0,0.0,0.0
101,3,17,1,0.0,3.8761011266018324,3.8761011266018324
101,3,17,2,0.0,0.0,0.0
101,3,17,3,0.0,0.0,0.0
101,3,18,1,0.0,3.8761011266018324,3.8761011266018324
101,3,18,2,0.0,0.0,0.0
101,3,18,3,0.0,0.0,0.0
101,3,19,1,0.0,3.8761011266018324,3.8761011266018324
101,3,19,2,0.0,0.0,0.0
101,3,19,3,0.0,0.0,0.0
101,3,20,1,0.0,3.8761011266018324,3.8761011266018324
101,3,20,2,0.0,0.0,0.0
101,3,20,3,0.0,0.0,0.0
101,2,1,1,4.670201183380856,3.8761011266018324,8.54630230998269
101,2,1,2,0.0,0.0,0.0
101,2,1,3,0.0,0.0,0.0
101,2,2,1,0.7941000567790231,3.8761011266018324,4.670201183380856
101,2,2,2,3.8761011266018324,3.8761011266018324,7.752202253203665
101,2,2,3,0.0,0.0,0.0
101,2,3,1,0.0,0.0,0.0
101,2,3,2,0.0,3.8761011266018324,3.8761011266018324
101,2,3,3,0.0,0.0,0.0
101,2,4,1,0.0,0.0,0.0
101,2,4,2,0.0,3.8761011266018324,3.8761011266018324
101,2,4,3,0.0,0.0,0.0
101,2,5,1,0.0,0.0,0.0
101,2,5,2,0.0,3.8761011266018324,3.8761011266018324
101,2,5,3,0.0,0.0,0.0
101,2,6,1,0.0,0.0,0.0
101,2,6,2,0.0,3.8761011266018324,3.8761011266018324
101,2,6,3,0.0,0.0,0.0
101,2,7,1,0.0,0.0,0.0
101,2,7,2,0.0,3.8761011266018324,3.8761011266018324
101,2,7,3,2.0,2.0,4.0
101,2,8,1,0.0,0.0,0.0
101,2,8,2,0.0,0.0,0.0
101,2,8,3,0.0,2.0,2.0
101,2,9,1,0.7941000567790231,3.8761011266018324,4.670201183380856
101,2,9,2,0.0,0.0,0.0
101,2,9,3,0.0,0.0,0.0
101,2,10,1,0.7941000567790231,3.8761011266018324,4.670201183380856
101,2,10,2,0.0,3.8761011266018324,3.8761011266018324
101,2,10,3,0.0,0.0,0.0
101,2,11,1,0.0,0.0,0.0
101,2,11,2,0.0,3.8761011266018324,3.8761011266018324
101,2,11,3,0.0,0.0,0.0
101,2,12,1,0.0,0.0,0.0
101,2,12,2,0.0,3.8761011266018324,3.8761011266018324
101,2,12,3,0.0,0.0,0.0
101,2,13,1,0.0,0.0,0.0
101,2,13,2,0.0,3.8761011266018324,3.8761011266018324
101,2,13,3,0.0,0.0,0.0
101,2,14,1,0.0,0.0,0.0
101,2,14,2,0.0,3.8761011266018324,3.8761011266018324
101,2,14,3,0.0,0.0,0.0
101,2,15,1,0.0,0.0,0.0
101,2,15,2,0.0,3.8761011266018324,3.8761011266018324
101,2,15,3,0.0,0.0,0.0
101,2,16,1,0.0,0.0,0.0
101,2,16,2,0.0,3.8761011266018324,3.8761011266018324
101,2,16,3,0.0,0.0,0.0
101,2,17,1,0.0,0.0,0.0
101,2,17,2,0.0,3.8761011266018324,3.8761011266018324
101,2,17,3,0.0,0.0,0.0
101,2,18,1,0.0,0.0,0.0
101,2,18,2,0.0,3.8761011266018324,3.8761011266018324
101,2,18,3,0.0,0.0,0.0
101,2,19,1,0.0,0.0,0.0
101,2,19,2,0.0,3.8761011266018324,3.8761011266018324
101,2,19,3,0.0,0.0,0.0
101,2,20,1,0.0,0.0,0.0
101,2,20,2,0.0,3.8761011266018324,3.8761011266018324
101,2,20,3,0.0,0.0,0.0
101,1,1,1,4.670201183380856,3.8761011266018324,8.54630230998269
101,1,1,2,2.794100056779023,2.0,4.794100056779023
101,1,1,3,0.0,0.0,0.0
101,1,2,1,0.0,0.0,0.0
101,1,2,2,0.7941000567790231,2.0,2.794100056779023
101,1,2,3,2.0,2.0,4.0
101,1,3,1,0.0,0.0,0.0
101,1,3,2,0.0,0.0,0.0
101,1,3,3,0.0,2.0,2.0
101,1,4,1,0.0,0.0,0.0
101,1,4,2,0.0,0.0,0.0
101,1,4,3,0.0,2.0,2.0
101,1,5,1,0.0,0.0,0.0
101,1,5,2,0.0,0.0,0.0
101,1,5,3,0.0,2.0,2.0
101,1,6,1,0.0,0.0,0.0
101,1,6,2,0.0,0.0,0.0
101,1,6,3,0.0,2.0,2.0
101,1,7,1,0.0,0.0,0.0
101,1,7,2,0.0,0.0,0.0
101,1,7,3,0.0,2.0,2.0
101,1,8,1,0.0,0.0,0.0
101,1,8,2,0.0,0.0,0.0
101,1,8,3,0.0,2.0,2.0
101,1,9,1,0.0,0.0,0.0
101,1,9,2,0.0,0.0,0.0
101,1,9,3,0.0,2.0,2.0
101,1,10,1,0.0,0.0,0.0
101,1,10,2,0.0,0.0,0.0
101,1,10,3,0.0,2.0,2.0
101,1,11,1,0.0,0.0,0.0
101,1,11,2,0.0,0.0,0.0
101,1,11,3,0.0,2.0,2.0
101,1,12,1,0.0,0.0,0.0
101,1,12,2,0.0,0.0,0.0
101,1,12,3,0.0,2.0,2.0
101,1,13,1,0.0,0.0,0.0
101,1,13,2,0.0,0.0,0.0
101,1,13,3,0.0,2.0,2.0
101,1,14,1,0.0,0.0,0.0
101,1,14,2,0.0,0.0,0.0
101,1,14,3,0.0,2.0,2.0
101,1,15,1,0.0,0.0,0.0
101,1,15,2,0.0,0.0,0.0
101,1,15,3,0.0,2.0,2.0
101,1,16,1,0.0,0.0,0.0
101,1,16,2,0.0,0.0,0.0
101,1,16,3,0.0,2.0,2.0
101,1,17,1,0.0,0.0,0.0
101,1,17,2,0.0,0.0,0.0
101,1,17,3,0.0,2.0,2.0
101,1,18,1,0.0,0.0,0.0
101,1,18,2,0.0,0.0,0.0
101,1,18,3,0.0,2.0,2.0
101,1,19,1,0.0,0.0,0.0
101,1,19,2,0.0,0.0,0.0
101,1,19,3,0.0,2.0,2.0
101,1,20,1,0.0,0.0,0.0
101,1,20,2,0.0,0.0,0.0
101,1,20,3,0.0,2.0,2.0
102,3,1,1,3.8761011266018324,3.8761011266018324,7.752202253203665
102,3,1,2,0.0,0.0,0.0
102,3,1,3,0.0,0.0,0.0
102,3,2,1,3.8761011266018324,3.8761011266018324,7.752202253203665
102,3,2,2,0.0,0.0,0.0
102,3,2,3,0.0,0.0,0.0
102,3,3,1,0.0,3.8761011266018324,3.8761011266018324
102,3,3,2,0.0,0.0,0.0
102,3,3,3,0.0,0.0,0.0
102,3,4,1,0.0,3.8761011266018324,3.8761011266018324
102,3,4,2,0.0,0.0,0.0
102,3,4,3,0.0,0.0,0.0
102,3,5,1,0.0,3.8761011266018324,3.8761011266018324
102,3,5,2,0.0,0.0,0.0
102,3,5,3,0.0,0.0,0.0
102,3,6,1,0.0,3.8761011266018324,3.8761011266018324
102,3,6,2,0.0,0.0,0.0
102,3,6,3,0.0,0.0,0.0
102,3,7,1,0.0,3.8761011266018324,3.8761011266018324
102,3,7,2,0.0,0.0,0.0
102,3,7,3,0.0,0.0,0.0
102,3,8,1,0.0,3.8761011266018324,3.8761011266018324
102,3,8,2,0.0,0.0,0.0
102,3,8,3,0.0,0.0,0.0
102,3,9,1,0.0,3.8761011266018324,3.8761011266018324
102,3,9,2,0.0,0.0,0.0
102,3,9,3,0.0,0.0,0.0
102,3,10,1,0.0,3.8761011266018324,3.8761011266018324
102,3,10,2,3.8761011266018324,3.8761011266018324,7.752202253203665
102,3,10,3,0.0,0.0,0.0
102,3,11,1,0.0,0.0,0.0
102,3,11,2,0.0,3.8761011266018324,3.8761011266018324
102,3,11,3,0.0,0.0,0.0
102,3,12,1,0.0,0.0,0.0
102,3,12,2,0.0,3.8761011266018324,3.8761011266018324
102,3,12,3,0.0,0.0,0.0
102,3,13,1,0.0,3.8761011266018324,3.8761011266018324
102,3,13,2,0.0,0.0,0.0
102,3,13,3,0.0,0.0,0.0
102,3,14,1,0.0,3.8761011266018324,3.8761011266018324
102,3,14,2,0.0,0.0,0.0
102,3,14,3,0.0,0.0,0.0
102,3,15,1,0.0,3.8761011266018324,3.8761011266018324
102,3,15,2,0.0,3.8761011266018324,3.8761011266018324
102,3,15,3,0.0,0.0,0.0
102,3,16,1,0.0,3.8761011266018324,3.8761011266018324
102,3,16,2,0.0,0.0,0.0
102,3,16,3,0.0,0.0,0.0
102,3,17,1,0.0,3.8761011266018324,3.8761011266018324
102,3,17,2,0.0,0.0,0.0
102,3,17,3,0.0,0.0,0.0
102,3,18,1,0.0,3.8761011266018324,3.8761011266018324
102,3,18,2,0.0,3.8761011266018324,3.8761011266018324
102,3,18,3,2.0,2.0,4.0
102,3,19,1,0.0,3.8761011266018324,3.8761011266018324
102,3,19,2,0.0,0.0,0.0
102,3,19,3,0.0,0.0,0.0
102,3,20,1,0.0,3.8761011266018324,3.8761011266018324
102,3,20,2,0.0,3.8761011266018324,3.8761011266018324
102,3,20,3,0.0,0.0,0.0
102,2,1,1,4.670201183380856,3.8761011266018324,8.54630230998269
102,2,1,2,0.0,0.0,0.0
102,2,1,3,0.0,0.0,0.0
102,2,2,1,0.7941000567790231,3.8761011266018324,4.670201183380856
102,2,2,2,0.0,0.0,0.0
102,2,2,3,0.0,0.0,0.0
102,2,3,1,0.7941000567790231,3.8761011266018324,4.670201183380856
102,2,3,2,0.0,0.0,0.0
102,2,3,3,0.0,0.0,0.0
102,2,4,1,0.7941000567790231,3.8761011266018324,4.670201183380856
102,2,4,2,3.8761011266018324,3.8761011266018324,7.752202253203665
102,2,4,3,0.0,0.0,0.0
102,2,5,1,0.0,0.0,0.0
102,2,5,2,0.0,3.8761011266018324,3.8761011266018324
102,2,5,3,2.0,2.0,4.0
102,2,6,1,0.0,0.0,0.0
102,2,6,2,0.0,0.0,0.0
102,2,6,3,0.0,2.0,2.0
102,2,7,1,0.0,0.0,0.0
102,2,7,2,0.0,0.0,0.0
102,2,7,3,0.0,2.0,2.0
102,2,8,1,0.0,3.8761011266018324,3.8761011266018324
102,2,8,2,0.0,3.8761011266018324,3.8761011266018324
102,2,8,3,0.0,0.0,0.0
102,2,9,1,0.0,0.0,0.0
102,2,9,2,0.0,3.8761011266018324,3.8761011266018324
102,2,9,3,0.0,2.0,2.0
102,2,10,1,0.0,3.8761011266018324,3.8761011266018324
102,2,10,2,0.0,3.8761011266018324,3.8761011266018324
102,2,10,3,0.0,0.0,0.0
102,2,11,1,0.0,0.0,0.0
102,2,11,2,0.0,3.8761011266018324,3.8761011266018324
102,2,11,3,0.0,0.0,0.0
102,2,12,1,0.0,0.0,0.0
102,2,12,2,0.0,3.8761011266018324,3.8761011266018324
102,2,12,3,0.0,0.0,0.0
102,2,13,1,0.0,0.0,0.0
102,2,13,2,0.0,3.8761011266018324,3.8761011266018324
102,2,13,3,0.0,0.0,0.0
102,2,14,1,0.0,0.0,0.0
102,2,14,2,0.0,3.8761011266018324,3.8761011266018324
102,2,14,3,0.0,0.0,0.0
102,2,15,1,0.0,0.0,0.0
102,2,15,2,0.0,3.8761011266018324,3.8761011266018324
102,2,15,3,0.0,0.0,0.0
102,2,16,1,0.0,0.0,0.0
102,2,16,2,0.0,3.8761011266018324,3.8761011266018324
102,2,16,3,0.0,0.0,0.0
102,2,17,1,0.0,0.0,0.0
102,2,17,2,0.0,3.8761011266018324,3.8761011266018324
102,2,17,3,0.0,0.0,0.0
102,2,18,1,0.0,0.0,0.0
102,2,18,2,0.0,3.8761011266018324,3.8761011266018324
102,2,18,3,0.0,0.0,0.0
102,2,19,1,0.0,0.0,0.0
102,2,19,2,0.0,3.8761011266018324,3.8761011266018324
102,2,19,3,0.0,0.0,0.0
102,2,20,1,0.0,0.0,0.0
102,2,20,2,0.0,3.8761011266018324,3.8761011266018324
102,2,20,3,0.0,0.0,0.0
102,1,1,1,4.670201183380856,3.8761011266018324,8.54630230998269
102,1,1,2,0.0,0.0,0.0
102,1,1,3,0.0,0.0,0.0
102,1,2,1,0.7941000567790231,3.8761011266018324,4.670201183380856
102,1,2,2,2.794100056779023,2.0,4.794100056779023
102,1,2,3,2.0,2.0,4.0
102,1,3,1,0.0,0.0,0.0
102,1,3,2,0.0,0.0,0.0
102,1,3,3,0.0,2.0,2.0
102,1,4,1,0.0,0.0,0.0
102,1,4,2,0.0,0.0,0.0
102,1,4,3,0.0,2.0,2.0
102,1,5,1,0.0,0.0,0.0
102,1,5,2,0.0,0.0,0.0
102,1,5,3,0.0,2.0,2.0
102,1,6,1,0.0,0.0,0.0
102,1,6,2,0.0,0.0,0.0
102,1,6,3,0.0,2.0,2.0
102,1,7,1,0.0,0.0,0.0
102,1,7,2,0.0,0.0,0.0
102,1,7,3,0.0,2.0,2.0
102,1,8,1,0.0,0.0,0.0
102,1,8,2,0.0,0.0,0.0
102,1,8,3,0.0,2.0,2.0
102,1,9,1,0.0,0.0,0.0
102,1,9,2,0.0,0.0,0.0
102,1,9,3,0.0,2.0,2.0
102,1,10,1,0.0,0.0,0.0
102,1,10,2,0.0,0.0,0.0
102,1,10,3,0.0,2.0,2.0
102,1,11,1,0.0,0.0,0.0
102,1,11,2,0.0,0.0,0.0
102,1,11,3,0.0,2.0,2.0
102,1,12,1,0.0,0.0,0.0
102,1,12,2,0.0,0.0,0.0
102,1,12,3,0.0,2.0,2.0
102,1,13,1,0.0,0.0,0.0
102,1,13,2,0.0,0.0,0.0
102,1,13,3,0.0,2.0,2.0
102,1,14,1,0.0,0.0,0.0
102,1,14,2,0.0,0.0,0.0
102,1,14,3,0.0,2.0,2.0
102,1,15,1,0.0,0.0,0.0
102,1,15,2,0.0,0.0,0.0
102,1,15,3,0.0,2.0,2.0
102,1,16,1,0.0,0.0,0.0
102,1,16,2,0.0,0.0,0.0
102,1,16,3,0.0,2.0,2.0
102,1,17,1,0.0,0.0,0.0
102,1,17,2,0.0,0.0,0.0
102,1,17,3,0.0,2.0,2.0
102,1,18,1,0.0,0.0,0.0
102,1,18,2,0.0,0.0,0.0
102,1,18,3,0.0,2.0,2.0
102,1,19,1,0.0,0.0,0.0
102,1,19,2,0.0,0.0,0.0
102,1,19,3,0.0,2.0,2.0
102,1,20,1,0.0,0.0,0.0
102,1,20,2,0.0,0.0,0.0
102,1,20,3,0.0,2.0,2.0
103,3,1,1,3.8761011266018324,3.8761011266018324,7.752202253203665
103,3,1,2,3.8761011266018324,3.8761011266018324,7.752202253203665
103,3,1,3,0.0,0.0,0.0
103,3,2,1,3.8761011266018324,3.8761011266018324,7.752202253203665
103,3,2,2,0.0,0.0,0.0
103,3,2,3,0.0,0.0,0.0
103,3,3,1,0.0,3.8761011266018324,3.8761011266018324
103,3,3,2,0.0,0.0,0.0
103,3,3,3,0.0,0.0,0.0
103,3,4,1,0.0,3.8761011266018324,3.8761011266018324
103,3,4,2,0.0,0.0,0.0
103,3,4,3,0.0,0.0,0.0
103,3,5,1,0.0,3.8761011266018324,3.8761011266018324
103,3,5,2,0.0,0.0,0.0
103,3,5,3,0.0,0.0,0.0
103,3,6,1,0.0,3.8761011266018324,3.8761011266018324
103,3,6,2,0.0,0.0,0.0
103,3,6,3,0.0,0.0,0.0
103,3,7,1,0.0,3.8761011266018324,3.8761011266018324
103,3,7,2,0.0,0.0,0.0
103,3,7,3,0.0,0.0,0.0
103,3,8,1,0.0,3.8761011266018324,3.8761011266018324
103,3,8,2,0.0,0.0,0.0
103,3,8,3,0.0,0.0,0.0
103,3,9,1,0.0,3.8761011266018324,3.8761011266018324
103,3,9,2,0.0,0.0,0.0
103,3,9,3,0.0,0.0,0.0
103,3,10,1,0.0,3.8761011266018324,3.8761011266018324
103,3,10,2,0.0,0.0,0.0
103,3,10,3,0.0,0.0,0.0
103,3,11,1,0.0,3.8761011266018324,3.8761011266018324
103,3,11,2,0.0,0.0,0.0
103,3,11,3,0.0,0.0,0.0
103,3,12,1,0.0,3.8761011266018324,3.8761011266018324
103,3,12,2,0.0,0.0,0.0
103,3,12,3,0.0,0.0,0.0
103,3,13,1,0.0,3.8761011266018324,3.8761011266018324
103,3,13,2,0.0,0.0,0.0
103,3,13,3,0.0,0.0,0.0
103,3,14,1,0.0,3.8761011266018324,3.8761011266018324
103,3,14,2,0.0,0.0,0.0
103,3,14,3,0.0,0.0,0.0
103,3,15,1,0.0,3.8761011266018324,3.8761011266018324
103,3,15,2,0.0,3.8761011266018324,3.8761011266018324
103,3,15,3,0.0,0.0,0.0
103,3,16,1,0.0,0.0,0.0
103,3,16,2,0.0,3.8761011266018324,3.8761011266018324
103,3,16,3,0.0,0.0,0.0
103,3,17,1,0.0,3.8761011266018324,3.8761011266018324
103,3,17,2,0.0,0.0,0.0
103,3,17,3,0.0,0.0,0.0
103,3,18,1,0.0,3.8761011266018324,3.8761011266018324
103,3,18,2,0.0,0.0,0.0
103,3,18,3,0.0,0.0,0.0
103,3,19,1,0.0,3.8761011266018324,3.8761011266018324
103,3,19,2,0.0,3.8761011266018324,3.8761011266018324
103,3,19,3,0.0,0.0,0.0
103,3,20,1,0.0,3.8761011266018324,3.8761011266018324
103,3,20,2,0.0,0.0,0.0
103,3,20,3,0.0,0.0,0.0
103,2,1,1,4.670201183380856,3.8761011266018324,8.54630230998269
103,2,1,2,0.0,0.0,0.0
103,2,1,3,0.0,0.0,0.0
103,2,2,1,0.7941000567790231,3.8761011266018324,4.670201183380856
103,2,2,2,0.0,0.0,0.0
103,2,2,3,0.0,0.0,0.0
103,2,3,1,0.7941000567790231,3.8761011266018324,4.670201183380856
103,2,3,2,3.8761011266018324,3.8761011266018324,7.752202253203665
103,2,3,3,2.0,2.0,4.0
103,2,4,1,0.0,0.0,0.0
103,2,4,2,0.0,0.0,0.0
103,2,4,3,0.0,2.0,2.0
103,2,5,1,0.0,0.0,0.0
103,2,5,2,0.0,0.0,0.0
103,2,5,3,0.0,2.0,2.0
103,2,6,1,0.7941000567790231,3.8761011266018324,4.670201183380856
103,2,6,2,0.0,3.8761011266018324,3.8761011266018324
103,2,6,3,0.0,0.0,0.0
103,2,7,1,0.0,0.0,0.0
103,2,7,2,0.0,3.8761011266018324,3.8761011266018324
103,2,7,3,0.0,0.0,0.0
103,2,8,1,0.0,0.0,0.0
103,2,8,2,0.0,3.8761011266018324,3.8761011266018324
103,2,8,3,0.0,0.0,0.0
103,2,9,1,0.0,0.0,0.0
103,2,9,2,0.0,3.8761011266018324,3.8761011266018324
103,2,9,3,0.0,0.0,0.0
103,2,10,1,0.0,0.0,0.0
103,2,10,2,0.0,3.8761011266018324,3.8761011266018324
103,2,10,3,0.0,0.0,0.0
103,2,11,1,0.0,0.0,0.0
103,2,11,2,0.0,3.8761011266018324,3.8761011266018324
103,2,11,3,0.0,2.0,2.0
103,2,12,1,0.0,3.8761011266018324,3.8761011266018324
103,2,12,2,0.0,3.8761011266018324,3.8761011266018324
103,2,12,3,0.0,2.0,2.0
103,2,13,1,0.0,0.0,0.0
103,2,13,2,0.0,0.0,0.0
103,2,13,3,0.0,2.0,2.0
103,2,14,1,0.0,3.8761011266018324,3.8761011266018324
103,2,14,2,0.0,0.0,0.0
103,2,14,3,0.0,0.0,0.0
103,2,15,1,0.0,3.8761011266018324,3.8761011266018324
103,2,15,2,0.0,3.8761011266018324,3.8761011266018324
103,2,15,3,0.0,0.0,0.0
103,2,16,1,0.0,0.0,0.0
103,2,16,2,0.0,3.8761011266018324,3.8761011266018324
103,2,16,3,0.0,0.0,0.0
103,2,17,1,0.0,0.0,0.0
103,2,17,2,0.0,3.8761011266018324,3.8761011266018324
103,2,17,3,0.0,0.0,0.0
103,2,18,1,0.0,0.0,0.0
103,2,18,2,0.0,3.8761011266018324,3.8761011266018324
103,2,18,3,0.0,0.0,0.0
103,2,19,1,0.0,0.0,0.0
103,2,19,2,0.0,3.8761011266018324,3.8761011266018324
103,2,19,3,0.0,0.0,0.0
103,2,20,1,0.0,0.0,0.0
103,2,20,2,0.0,3.8761011266018324,3.8761011266018324
103,2,20,3,0.0,2.0,2.0
103,1,1,1,4.670201183380856,3.8761011266018324,8.54630230998269
103,1,1,2,0.0,0.0,0.0
103,1,1,3,0.0,0.0,0.0
103,1,2,1,0.7941000567790231,3.8761011266018324,4.670201183380856
103,1,2,2,0.0,0.0,0.0
103,1,2,3,0.0,0.0,0.0
103,1,3,1,0.7941000567790231,3.8761011266018324,4.670201183380856
103,1,3,2,2.794100056779023,2.0,4.794100056779023
103,1,3,3,2.0,2.0,4.0
103,1,4,1,0.0,0.0,0.0
103,1,4,2,0.0,0.0,0.0
103,1,4,3,0.0,2.0,2.0
103,1,5,1,0.0,0.0,0.0
103,1,5,2,0.0,0.0,0.0
103,1,5,3,0.0,2.0,2.0
103,1,6,1,0.0,0.0,0.0
103,1,6,2,0.0,0.0,0.0
103,1,6,3,0.0,2.0,2.0
103,1,7,1,0.0,0.0,0.0
103,1,7,2,0.0,0.0,0.0
103,1,7,3,0.0,2.0,2.0
103,1,8,1,0.0,0.0,0.0
103,1,8,2,0.0,0.0,0.0
103,1,8,3,0.0,2.0,2.0
103,1,9,1,0.0,0.0,0.0
103,1,9,2,0.0,0.0,0.0
103,1,9,3,0.0,2.0,2.0
103,1,10,1,0.0,0.0,0.0
103,1,10,2,0.0,0.0,0.0
103,1,10,3,0.0,2.0,2.0
103,1,11,1,0.0,0.0,0.0
103,1,11,2,0.0,0.0,0.0
103,1,11,3,0.0,2.0,2.0
103,1,12,1,0.0,0.0,0.0
103,1,12,2,0.0,0.0,0.0
103,1,12,3,0.0,2.0,2.0
103,1,13,1,0.0,0.0,0.0
103,1,13,2,0.0,0.0,0.0
103,1,13,3,0.0,2.0,2.0
103,1,14,1,0.0,0.0,0.0
103,1,14,2,0.0,0.0,0.0
103,1,14,3,0.0,2.0,2.0
103,1,15,1,0.0,0.0,0.0
103,1,15,2,0.0,0.0,0.0
103,1,15,3,0.0,2.0,2.0
103,1,16,1,0.0,0.0,0.0
103,1,16,2,0.0,0.0,0.0
103,1,16,3,0.0,2.0,2.0
103,1,17,1,0.0,0.0,0.0
103,1,17,2,0.0,0.0,0.0
103,1,17,3,0.0,2.0,2.0
103,1,18,1,0.0,0.0,0.0
103,1,18,2,0.0,0.0,0.0
103,1,18,3,0.0,2.0,2.0
103,1,19,1,0.0,0.0,0.0
103,1,19,2,0.0,0.0,0.0
103,1,19,3,0.0,2.0,2.0
103,1,20,1,0.0,0.0,0.0
103,1,20,2,0.0,0.0,0.0
103,1,20,3,0.0,2.0,2.0
104,3,1,1,3.8761011266018324,3.8761011266018324,7.752202253203665
104,3,1,2,0.0,0.0,0.0
104,3,1,3,0.0,0.0,0.0
104,3,2,1,3.8761011266018324,3.8761011266018324,7.752202253203665
104,3,2,2,3.8761011266018324,3.8761011266018324,7.752202253203665
104,3,2,3,2.0,2.0,4.0
104,3,3,1,0.0,0.0,0.0
104,3,3,2,0.0,0.0,0.0
104,3,3,3,0.0,2.0,2.0
104,3,4,1,0.0,0.0,0.0
104,3,4,2,0.0,0.0,0.0
104,3,4,3,0.0,2.0,2.0
104,3,5,1,0.0,0.0,0.0
104,3,5,2,0.0,0.0,0.0
104,3,5,3,0.0,2.0,2.0
104,3,6,1,0.0,3.8761011266018324,3.8761011266018324
104,3,6,2,0.0,0.0,0.0
104,3,6,3,0.0,0.0,0.0
104,3,7,1,0.0,3.8761011266018324,3.8761011266018324
104,3,7,2,0.0,0.0,0.0
104,3,7,3,0.0,0.0,0.0
104,3,8,1,0.0,3.8761011266018324,3.8761011266018324
104,3,8,2,0.0,0.0,0.0
104,3,8,3,0.0,0.0,0.0
104,3,9,1,0.0,3.8761011266018324,3.8761011266018324
104,3,9,2,0.0,0.0,0.0
104,3,9,3,0.0,0.0,0.0
104,3,10,1,0.0,3.8761011266018324,3.8761011266018324
104,3,10,2,0.0,0.0,0.0
104,3,10,3,0.0,0.0,0.0
104,3,11,1,0.0,3.8761011266018324,3.8761011266018324
104,3,11,2,0.0,0.0,0.0
104,3,11,3,0.0,0.0,0.0
104,3,12,1,0.0,3.8761011266018324,3.8761011266018324
104,3,12,2,0.0,0.0,0.0
104,3,12,3,0.0,0.0,0.0
104,3,13,1,0.0,3.8761011266018324,3.8761011266018324
104,3,13,2,0.0,3.8761011266018324,3.8761011266018324
104,3,13,3,0.0,0.0,0.0
104,3,14,1,0.0,0.0,0.0
104,3,14,2,0.0,3.8761011266018324,3.8761011266018324
104,3,14,3,0.0,0.0,0.0
104,3,15,1,0.0,3.8761011266018324,3.8761011266018324
104,3,15,2,0.0,0.0,0.0
104,3,15,3,0.0,0.0,0.0
104,3,16,1,0.0,3.8761011266018324,3.8761011266018324
104,3,16,2,0.0,0.0,0.0
104,3,16,3,0.0,0.0,0.0
104,3,17,1,0.0,3.8761011266018324,3.8761011266018324
104,3,17,2,0.0,0.0,0.0
104,3,17,3,0.0,0.0,0.0
104,3,18,1,0.0,3.8761011266018324,3.8761011266018324
104,3,18,2,0.0,3.8761011266018324,3.8761011266018324
104,3,18,3,0.0,0.0,0.0
104,3,19,1,0.0,0.0,0.0
104,3,19,2,0.0,3.8761011266018324,3.8761011266018324
104,3,19,3,0.0,0.0,0.0
104,3,20,1,0.0,0.0,0.0
104,3,20,2,0.0,3.8761011266018324,3.8761011266018324
104,3,20,3,0.0,0.0,0.0
104,2,1,1,4.670201183380856,3.8761011266018324,8.54630230998269
104,2,1,2,0.0,0.0,0.0
104,2,1,3,0.0,0.0,0.0
104,2,2,1,0.7941000567790231,3.8761011266018324,4.670201183380856
104,2,2,2,3.8761011266018324,3.8761011266018324,7.752202253203665
104,2,2,3,0.0,0.0,0.0
104,2,3,1,0.0,0.0,0.0
104,2,3,2,0.0,3.8761011266018324,3.8761011266018324
104,2,3,3,0.0,0.0,0.0
104,2,4,1,0.0,0.0,0.0
104,2,4,2,0.0,3.8761011266018324,3.8761011266018324
104,2,4,3,0.0,0.0,0.0
104,2,5,1,0.0,0.0,0.0
104,2,5,2,0.0,3.8761011266018324,3.8761011266018324
104,2,5,3,2.0,2.0,4.0
104,2,6,1,0.7941000567790231,3.8761011266018324,4.670201183380856
104,2,6,2,0.0,3.8761011266018324,3.8761011266018324
104,2,6,3,0.0,0.0,0.0
104,2,7,1,0.0,0.0,0.0
104,2,7,2,0.0,3.8761011266018324,3.8761011266018324
104,2,7,3,0.0,0.0,0.0
104,2,8,1,0.0,0.0,0.0
104,2,8,2,0.0,3.8761011266018324,3.8761011266018324
104,2,8,3,0.0,0.0,0.0
104,2,9,1,0.0,0.0,0.0
104,2,9,2,0.0,3.8761011266018324,3.8761011266018324
104,2,9,3,0.0,2.0,2.0
104,2,10,1,0.7941000567790231,3.8761011266018324,4.670201183380856
104,2,10,2,0.0,0.0,0.0
104,2,10,3,0.0,0.0,0.0
104,2,11,1,0.0,3.8761011266018324,3.8761011266018324
104,2,11,2,0.0,3.8761011266018324,3.8761011266018324
104,2,11,3,0.0,0.0,0.0
104,2,12,1,0.0,0.0,0.0
104,2,12,2,0.0,3.8761011266018324,3.8761011266018324
104,2,12,3,0.0,0.0,0.0
104,2,13,1,0.0,0.0,0.0
104,2,13,2,0.0,3.8761011266018324,3.8761011266018324
104,2,13,3,0.0,0.0,0.0
104,2,14,1,0.0,0.0,0.0
104,2,14,2,0.0,3.8761011266018324,3.8761011266018324
104,2,14,3,0.0,2.0,2.0
104,2,15,1,0.0,3.8761011266018324,3.8761011266018324
104,2,15,2,0.0,0.0,0.0
104,2,15,3,0.0,0.0,0.0
104,2,16,1,0.0,3.8761011266018324,3.8761011266018324
104,2,16,2,0.0,3.8761011266018324,3.8761011266018324
104,2,16,3,0.0,0.0,0.0
104,2,17,1,0.0,0.0,0.0
104,2,17,2,0.0,3.8761011266018324,3.8761011266018324
104,2,17,3,0.0,0.0,0.0
104,2,18,1,0.0,0.0,0.0
104,2,18,2,0.0,3.8761011266018324,3.8761011266018324
104,2,18,3,0.0,0.0,0.0
104,2,19,1,0.0,0.0,0.0
104,2,19,2,0.0,3.8761011266018324,3.8761011266018324
104,2,19,3,0.0,0.0,0.0
104,2,20,1,0.0,0.0,0.0
104,2,20,2,0.0,3.8761011266018324,3.8761011266018324
104,2,20,3,0.0,0.0,0.0
104,1,1,1,4.670201183380856,3.8761011266018324,8.54630230998269
104,1,1,2,2.794100056779023,2.0,4.794100056779023
104,1,1,3,2.0,2.0,4.0
104,1,2,1,0.0,0.0,0.0
104,1,2,2,0.0,0.0,0.0
104,1,2,3,0.0,0.0,0.0
104,1,3,1,0.0,0.0,0.0
104,1,3,2,0.0,0.0,0.0
104,1,3,3,0.0,0.0,0.0
104,1,4,1,0.7941000567790231,3.8761011266018324,4.670201183380856
104,1,4,2,0.7941000567790231,2.0,2.794100056779023
104,1,4,3,0.0,2.0,2.0
104,1,5,1,0.0,0.0,0.0
104,1,5,2,0.0,0.0,0.0
104,1,5,3,0.0,2.0,2.0
104,1,6,1,0.0,0.0,0.0
104,1,6,2,0.0,0.0,0.0
104,1,6,3,0.0,2.0,2.0
104,1,7,1,0.0,0.0,0.0
104,1,7,2,0.0,0.0,0.0
104,1,7,3,0.0,2.0,2.0
104,1,8,1,0.0,0.0,0.0
104,1,8,2,0.0,0.0,0.0
104,1,8,3,0.0,2.0,2.0
104,1,9,1,0.0,0.0,0.0
104,1,9,2,0.0,0.0,0.0
104,1,9,3,0.0,2.0,2.0
104,1,10,1,0.0,0.0,0.0
104,1,10,2,0.0,0.0,0.0
104,1,10,3,0.0,2.0,2.0
104,1,11,1,0.0,0.0,0.0
104,1,11,2,0.0,0.0,0.0
104,1,11,3,0.0,2.0,2.0
104,1,12,1,0.0,0.0,0.0
104,1,12,2,0.0,0.0,0.0
104,1,12,3,0.0,2.0,2.0
104,1,13,1,0.0,0.0,0.0
104,1,13,2,0.0,0.0,0.0
104,1,13,3,0.0,2.0,2.0
104,1,14,1,0.0,0.0,0.0
104,1,14,2,0.0,0.0,0.0
104,1,14,3,0.0,2.0,2.0
104,1,15,1,0.0,0.0,0.0
104,1,15,2,0.0,0.0,0.0
104,1,15,3,0.0,2.0,2.0
104,1,16,1,0.0,0.0,0.0
104,1,16,2,0.0,0.0,0.0
104,1,16,3,0.0,2.0,2.0
104,1,17,1,0.0,0.0,0.0
104,1,17,2,0.0,0.0,0.0
104,1,17,3,0.0,2.0,2.0
104,1,18,1,0.0,0.0,0.0
104,1,18,2,0.0,0.0,0.0
104,1,18,3,0.0,2.0,2.0
104,1,19,1,0.0,0.0,0.0
104,1,19,2,0.0,0.0,0.0
104,1,19,3,0.0,2.0,2.0
104,1,20,1,0.0,0.0,0.0
104,1,20,2,0.0,0.0,0.0
104,1,20,3,0.0,2.0,2.0
105,3,1,1,3.8761011266018324,3.8761011266018324,7.752202253203665
105,3,1,2,3.8761011266018324,3.8761011266018324,7.752202253203665
105,3,1,3,0.0,0.0,0.0
105,3,2,1,0.0,0.0,0.0
105,3,2,2,0.0,3.8761011266018324,3.8761011266018324
105,3,2,3,0.0,0.0,0.0
105,3,3,1,0.0,0.0,0.0
105,3,3,2,0.0,3.8761011266018324,3.8761011266018324
105,3,3,3,0.0,0.0,0.0
105,3,4,1,0.0,0.0,0.0
105,3,4,2,0.0,3.8761011266018324,3.8761011266018324
105,3,4,3,0.0,0.0,0.0
105,3,5,1,0.0,0.0,0.0
105,3,5,2,0.0,3.8761011266018324,3.8761011266018324
105,3,5,3,0.0,0.0,0.0
105,3,6,1,0.0,0.0,0.0
105,3,6,2,0.0,3.8761011266018324,3.8761011266018324
105,3,6,3,0.0,0.0,0.0
105,3,7,1,3.8761011266018324,3.8761011266018324,7.752202253203665
105,3,7,2,0.0,0.0,0.0
105,3,7,3,0.0,0.0,0.0
105,3,8,1,0.0,3.8761011266018324,3.8761011266018324
105,3,8,2,0.0,0.0,0.0
105,3,8,3,0.0,0.0,0.0
105,3,9,1,0.0,3.8761011266018324,3.8761011266018324
105,3,9,2,0.0,0.0,0.0
105,3,9,3,0.0,0.0,0.0
105,3,10,1,0.0,3.8761011266018324,3.8761011266018324
105,3,10,2,0.0,0.0,0.0
105,3,10,3,0.0,0.0,0.0
105,3,11,1,0.0,3.8761011266018324,3.8761011266018324
105,3,11,2,0.0,0.0,0.0
105,3,11,3,0.0,0.0,0.0
105,3,12,1,0.0,3.8761011266018324,3.8761011266018324
105,3,12,2,0.0,0.0,0.0
105,3,12,3,0.0,0.0,0.0
105,3,13,1,0.0,3.8761011266018324,3.8761011266018324
105,3,13,2,0.0,0.0,0.0
105,3,13,3,0.0,0.0,0.0
105,3,14,1,0.0,3.8761011266018324,3.8761011266018324
105,3,14,2,0.0,0.0,0.0
105,3,14,3,0.0,0.0,0.0
105,3,15,1,0.0,3.8761011266018324,3.8761011266018324
105,3,15,2,0.0,0.0,0.0
105,3,15,3,0.0,0.0,0.0
105,3,16,1,0.0,3.8761011266018324,3.8761011266018324
105,3,16,2,0.0,0.0,0.0
105,3,16,3,0.0,0.0,0.0
105,3,17,1,0.0,3.8761011266018324,3.8761011266018324
105,3,17,2,0.0,0.0,0.0
105,3,17,3,0.0,0.0,0.0
105,3,18,1,0.0,3.8761011266018324,3.8761011266018324
105,3,18,2,0.0,0.0,0.0
105,3,18,3,0.0,0.0,0.0
105,3,19,1,0.0,3.8761011266018324,3.8761011266018324
105,3,19,2,0.0,0.0,0.0
105,3,19,3,0.0,0.0,0.0
105,3,20,1,0.0,3.8761011266018324,3.8761011266018324
105,3,20,2,0.0,3.8761011266018324,3.8761011266018324
105,3,20,3,0.0,0.0,0.0
105,2,1,1,4.670201183380856,3.8761011266018324,8.54630230998269
105,2,1,2,3.8761011266018324,3.8761011266018324,7.752202253203665
105,2,1,3,0.0,0.0,0.0
105,2,2,1,0.0,0.0,0.0
105,2,2,2,0.0,3.8761011266018324,3.8761011266018324
105,2,2,3,0.0,0.0,0.0
105,2,3,1,0.0,0.0,0.0
105,2,3,2,0.0,3.8761011266018324,3.8761011266018324
105,2,3,3,0.0,0.0,0.0
105,2,4,1,0.0,0.0,0.0
105,2,4,2,0.0,3.8761011266018324,3.8761011266018324
105,2,4,3,0.0,0.0,0.0
105,2,5,1,0.0,0.0,0.0
105,2,5,2,0.0,3.8761011266018324,3.8761011266018324
105,2,5,3,0.0,0.0,0.0
105,2,6,1,0.0,0.0,0.0
105,2,6,2,0.0,3.8761011266018324,3.8761011266018324
105,2,6,3,0.0,0.0,0.0
105,2,7,1,0.0,0.0,0.0
105,2,7,2,0.0,3.8761011266018324,3.8761011266018324
105,2,7,3,0.0,0.0,0.0
105,2,8,1,0.0,0.0,0.0
105,2,8,2,0.0,3.8761011266018324,3.8761011266018324
105,2,8,3,0.0,0.0,0.0
105,2,9,1,0.0,0.0,0.0
105,2,9,2,0.0,3.8761011266018324,3.8761011266018324
105,2,9,3,0.0,0.0,0.0
105,2,10,1,0.0,0.0,0.0
105,2,10,2,0.0,3.8761011266018324,3.8761011266018324
105,2,10,3,0.0,0.0,0.0
105,2,11,1,0.0,0.0,0.0
105,2,11,2,0.0,3.8761011266018324,3.8761011266018324
105,2,11,3,0.0,0.0,0.0
105,2,12,1,0.0,0.0,0.0
105,2,12,2,0.0,3.8761011266018324,3.8761011266018324
105,2,12,3,0.0,0.0,0.0
105,2,13,1,0.0,0.0,0.0
105,2,13,2,0.0,3.8761011266018324,3.8761011266018324
105,2,13,3,0.0,0.0,0.0
105,2,14,1,0.0,0.0,0.0
105,2,14,2,0.0,3.8761011266018324,3.8761011266018324
105,2,14,3,0.0,0.0,0.0
105,2,15,1,0.0,0.0,0.0
105,2,15,2,0.0,3.8761011266018324,3.8761011266018324
105,2,15,3,0.0,0.0,0.0
105,2,16,1,0.0,0.0,0.0
105,2,16,2,0.0,3.8761011266018324,3.8761011266018324
105,2,16,3,0.0,0.0,0.0
105,2,17,1,0.0,0.0,0.0
105,2,17,2,0.0,3.8761011266018324,3.8761011266018324
105,2,17,3,0.0,0.0,0.0
105,2,18,1,0.0,0.0,0.0
105,2,18,2,0.0,3.8761011266018324,3.8761011266018324
105,2,18,3,2.0,2.0,4.0
105,2,19,1,0.0,0.0,0.0
105,2,19,2,0.0,0.0,0.0
105,2,19,3,0.0,2.0,2.0
105,2,20,1,0.7941000567790231,3.8761011266018324,4.670201183380856
105,2,20,2,0.0,0.0,0.0
105,2,20,3,0.0,0.0,0.0
105,1,1,1,4.670201183380856,3.8761011266018324,8.54630230998269
105,1,1,2,0.0,0.0,0.0
105,1,1,3,0.0,0.0,0.0
105,1,2,1,0.7941000567790231,3.8761011266018324,4.670201183380856
105,1,2,2,0.0,0.0,0.0
105,1,2,3,0.0,0.0,0.0
105,1,3,1,0.7941000567790231,3.8761011266018324,4.670201183380856
105,1,3,2,2.794100056779023,2.0,4.794100056779023
105,1,3,3,0.0,0.0,0.0
105,1,4,1,0.0,0.0,0.0
105,1,4,2,0.7941000567790231,2.0,2.794100056779023
105,1,4,3,2.0,2.0,4.0
105,1,5,1,0.0,0.0,0.0
105,1,5,2,0.0,0.0,0.0
105,1,5,3,0.0,2.0,2.0
105,1,6,1,0.0,0.0,0.0
105,1,6,2,0.0,0.0,0.0
105,1,6,3,0.0,2.0,2.0
105,1,7,1,0.0,0.0,0.0
105,1,7,2,0.0,0.0,0.0
105,1,7,3,0.0,2.0,2.0
105,1,8,1,0.0,0.0,0.0
105,1,8,2,0.0,0.0,0.0
105,1,8,3,0.0,2.0,2.0
105,1,9,1,0.0,0.0,0.0
105,1,9,2,0.0,0.0,0.0
105,1,9,3,0.0,2.0,2.0
105,1,10,1,0.0,0.0,0.0
105,1,10,2,0.0,0.0,0.0
105,1,10,3,0.0,2.0,2.0
105,1,11,1,0.0,0.0,0.0
105,1,11,2,0.0,0.0,0.0
105,1,11,3,0.0,2.0,2.0
105,1,12,1,0.0,0.0,0.0
105,1,12,2,0.0,0.0,0.0
105,1,12,3,0.0,2.0,2.0
105,1,13,1,0.0,0.0,0.0
105,1,13,2,0.0,0.0,0.0
105,1,13,3,0.0,2.0,2.0
105,1,14,1,0.0,0.0,0.0
105,1,14,2,0.0,0.0,0.0
105,1,14,3,0.0,2.0,2.0
105,1,15,1,0.0,0.0,0.0
105,1,15,2,0.0,0.0,0.0
105,1,15,3,0.0,2.0,2.0
105,1,16,1,0.0,0.0,0.0
105,1,16,2,0.0,0.0,0.0
105,1,16,3,0.0,2.0,2.0
105,1,17,1,0.0,0.0,0.0
105,1,17,2,0.0,0.0,0.0
105,1,17,3,0.0,2.0,2.0
105,1,18,1,0.0,0.0,0.0
105,1,18,2,0.0,0.0,0.0
105,1,18,3,0.0,2.0,2.0
105,1,19,1,0.0,0.0,0.0
105,1,19,2,0.0,0.0,0.0
105,1,19,3,0.0,2.0,2.0
105,1,20,1,0.0,0.0,0.0
105,1,20,2,0.0,0.0,0.0
105,1,20,3,0.0,2.0,2.0
106,3,1,1,3.8761011266018324,3.8761011266018324,7.752202253203665
106,3,1,2,3.8761011266018324,3.8761011266018324,7.752202253203665
106,3,1,3,0.0,0.0,0.0
106,3,2,1,0.0,0.0,0.0
106,3,2,2,0.0,3.8761011266018324,3.8761011266018324
106,3,2,3,0.0,0.0,0.0
106,3,3,1,3.8761011266018324,3.8761011266018324,7.752202253203665
106,3,3,2,0.0,0.0,0.0
106,3,3,3,0.0,0.0,0.0
106,3,4,1,0.0,3.8761011266018324,3.8761011266018324
106,3,4,2,0.0,3.8761011266018324,3.8761011266018324
106,3,4,3,0.0,0.0,0.0
106,3,5,1,0.0,3.8761011266018324,3.8761011266018324
106,3,5,2,0.0,0.0,0.0
106,3,5,3,0.0,0.0,0.0
106,3,6,1,0.0,3.8761011266018324,3.8761011266018324
106,3,6,2,0.0,3.8761011266018324,3.8761011266018324
106,3,6,3,0.0,0.0,0.0
106,3,7,1,0.0,3.8761011266018324,3.8761011266018324
106,3,7,2,0.0,0.0,0.0
106,3,7,3,0.0,0.0,0.0
106,3,8,1,0.0,3.8761011266018324,3.8761011266018324
106,3,8,2,0.0,0.0,0.0
106,3,8,3,0.0,0.0,0.0
106,3,9,1,0.0,3.8761011266018324,3.8761011266018324
106,3,9,2,0.0,0.0,0.0
106,3,9,3,0.0,0.0,0.0
106,3,10,1,0.0,3.8761011266018324,3.8761011266018324
106,3,10,2,0.0,3.8761011266018324,3.8761011266018324
106,3,10,3,0.0,0.0,0.0
106,3,11,1,0.0,3.8761011266018324,3.8761011266018324
106,3,11,2,0.0,0.0,0.0
106,3,11,3,0.0,0.0,0.0
106,3,12,1,0.0,3.8761011266018324,3.8761011266018324
106,3,12,2,0.0,3.8761011266018324,3.8761011266018324
106,3,12,3,0.0,0.0,0.0
106,3,13,1,0.0,0.0,0.0
106,3,13,2,0.0,3.8761011266018324,3.8761011266018324
106,3,13,3,0.0,0.0,0.0
106,3,14,1,0.0,0.0,0.0
106,3,14,2,0.0,3.8761011266018324,3.8761011266018324
106,3,14,3,0.0,0.0,0.0
106,3,15,1,0.0,0.0,0.0
106,3,15,2,0.0,3.8761011266018324,3.8761011266018324
106,3,15,3,0.0,0.0,0.0
106,3,16,1,0.0,0.0,0.0
106,3,16,2,0.0,3.8761011266018324,3.8761011266018324
106,3,16,3,0.0,0.0,0.0
106,3,17,1,0.0,3.8761011266018324,3.8761011266018324
106,3,17,2,0.0,0.0,0.0
106,3,17,3,0.0,0.0,0.0
106,3,18,1,0.0,3.8761011266018324,3.8761011266018324
106,3,18,2,0.0,3.8761011266018324,3.8761011266018324
106,3,18,3,0.0,0.0,0.0
106,3,19,1,0.0,0.0,0.0
106,3,19,2,0.0,3.8761011266018324,3.8761011266018324
106,3,19,3,2.0,2.0,4.0
106,3,20,1,0.0,3.8761011266018324,3.8761011266018324
106,3,20,2,0.0,0.0,0.0
106,3,20,3,0.0,0.0,0.0
106,2,1,1,4.670201183380856,3.8761011266018324,8.54630230998269
106,2,1,2,3.8761011266018324,3.8761011266018324,7.752202253203665
106,2,1,3,0.0,0.0,0.0
106,2,2,1,0.0,0.0,0.0
106,2,2,2,0.0,3.8761011266018324,3.8761011266018324
106,2,2,3,2.0,2.0,4.0
106,2,3,1,0.0,0.0,0.0
106,2,3,2,0.0,0.0,0.0
106,2,3,3,0.0,2.0,2.0
106,2,4,1,0.0,0.0,0.0
106,2,4,2,0.0,0.0,0.0
106,2,4,3,0.0,2.0,2.0
106,2,5,1,0.0,0.0,0.0
106,2,5,2,0.0,0.0,0.0
106,2,5,3,0.0,2.0,2.0
106,2,6,1,0.7941000567790231,3.8761011266018324,4.670201183380856
106,2,6,2,0.0,0.0,0.0
106,2,6,3,0.0,0.0,0.0
106,2,7,1,0.7941000567790231,3.8761011266018324,4.670201183380856
106,2,7,2,0.0,0.0,0.0
106,2,7,3,0.0,0.0,0.0
106,2,8,1,0.7941000567790231,3.8761011266018324,4.670201183380856
106,2,8,2,0.0,3.8761011266018324,3.8761011266018324
106,2,8,3,0.0,0.0,0.0
106,2,9,1,0.0,0.0,0.0
106,2,9,2,0.0,3.8761011266018324,3.8761011266018324
106,2,9,3,0.0,0.0,0.0
106,2,10,1,0.0,0.0,0.0
106,2,10,2,0.0,3.8761011266018324,3.8761011266018324
106,2,10,3,0.0,0.0,0.0
106,2,11,1,0.0,0.0,0.0
106,2,11,2,0.0,3.8761011266018324,3.8761011266018324
106,2,11,3,0.0,0.0,0.0
106,2,12,1,0.0,0.0,0.0
106,2,12,2,0.0,3.8761011266018324,3.8761011266018324
106,2,12,3,0.0,0.0,0.0
106,2,13,1,0.0,0.0,0.0
106,2,13,2,0.0,3.8761011266018324,3.8761011266018324
106,2,13,3,0.0,0.0,0.0
106,2,14,1,0.0,0.0,0.0
106,2,14,2,0.0,3.8761011266018324,3.8761011266018324
106,2,14,3,0.0,0.0,0.0
106,2,15,1,0.0,0.0,0.0
106,2,15,2,0.0,3.8761011266018324,3.8761011266018324
106,2,15,3,0.0,0.0,0.0
106,2,16,1,0.0,0.0,0.0
106,2,16,2,0.0,3.8761011266018324,3.8761011266018324
106,2,16,3,0.0,0.0,0.0
106,2,17,1,0.0,0.0,0.0
106,2,17,2,0.0,3.8761011266018324,3.8761011266018324
106,2,17,3,0.0,0.0,0.0
106,2,18,1,0.0,0.0,0.0
106,2,18,2,0.0,3.8761011266018324,3.8761011266018324
106,2,18,3,0.0,0.0,0.0
106,2,19,1,0.0,0.0,0.0
106,2,19,2,0.0,3.8761011266018324,3.8761011266018324
106,2,19,3,0.0,0.0,0.0
106,2,20,1,0.0,0.0,0.0
106,2,20,2,0.0,3.8761011266018324,3.8761011266018324
106,2,20,3,0.0,0.0,0.0
106,1,1,1,4.670201183380856,3.8761011266018324,8.54630230998269
106,1,1,2,2.794100056779023,2.0,4.794100056779023
106,1,1,3,0.0,0.0,0.0
106,1,2,1,0.0,0.0,0.0
106,1,2,2,0.7941000567790231,2.0,2.794100056779023
106,1,2,3,2.0,2.0,4.0
106,1,3,1,0.0,0.0,0.0
106,1,3,2,0.0,0.0,0.0
106,1,3,3,0.0,2.0,2.0
106,1,4,1,0.0,0.0,0.0
106,1,4,2,0.0,0.0,0.0
106,1,4,3,0.0,2.0,2.0
106,1,5,1,0.0,0.0,0.0
106,1,5,2,0.0,0.0,0.0
106,1,5,3,0.0,2.0,2.0
106,1,6,1,0.0,0.0,0.0
106,1,6,2,0.0,0.0,0.0
106,1,6,3,0.0,2.0,2.0
106,1,7,1,0.0,0.0,0.0
106,1,7,2,0.0,0.0,0.0
106,1,7,3,0.0,2.0,2.0
106,1,8,1,0.0,0.0,0.0
106,1,8,2,0.0,0.0,0.0
106,1,8,3,0.0,2.0,2.0
106,1,9,1,0.0,0.0,0.0
106,1,9,2,0.0,0.0,0.0
106,1,9,3,0.0,2.0,2.0
106,1,10,1,0.0,0.0,0.0
106,1,10,2,0.0,0.0,0.0
106,1,10,3,0.0,2.0,2.0
106,1,11,1,0.0,0.0,0.0
106,1,11,2,0.0,0.0,0.0
106,1,11,3,0.0,2.0,2.0
106,1,12,1,0.0,0.0,0.0
106,1,12,2,0.0,0.0,0.0
106,1,12,3,0.0,2.0,2.0
106,1,13,1,0.0,0.0,0.0
106,1,13,2,0.0,0.0,0.0
106,1,13,3,0.0,2.0,2.0
106,1,14,1,0.0,0.0,0.0
106,1,14,2,0.0,0.0,0.0
106,1,14,3,0.0,2.0,2.0
106,1,15,1,0.0,0.0,0.0
106,1,15,2,0.0,0.0,0.0
106,1,15,3,0.0,2.0,2.0
106,1,16,1,0.0,0.0,0.0
106,1,16,2,0.0,0.0,0.0
106,1,16,3,0.0,2.0,2.0
106,1,17,1,0.0,0.0,0.0
106,1,17,2,0.0,0.0,0.0
106,1,17,3,0.0,2.0,2.0
106,1,18,1,0.0,0.0,0.0
106,1,18,2,0.0,0.0,0.0
106,1,18,3,0.0,2.0,2.0
106,1,19,1,0.0,0.0,0.0
106,1,19,2,0.0,0.0,0.0
106,1,19,3,0.0,2.0,2.0
106,1,20,1,0.0,0.0,0.0
106,1,20,2,0.0,0.0,0.0
106,1,20,3,0.0,2.0,2.0
107,3,1,1,3.8761011266018324,3.8761011266018324,7.752202253203665
107,3,1,2,3.8761011266018324,3.8761011266018324,7.752202253203665
107,3,1,3,0.0,0.0,0.0
107,3,2,1,0.0,0.0,0.0
107,3,2,2,0.0,3.8761011266018324,3.8761011266018324
107,3,2,3,0.0,0.0,0.0
107,3,3,1,0.0,0.0,0.0
107,3,3,2,0.0,3.8761011266018324,3.8761011266018324
107,3,3,3,0.0,0.0,0.0
107,3,4,1,0.0,0.0,0.0
107,3,4,2,0.0,3.8761011266018324,3.8761011266018324
107,3,4,3,0.0,0.0,0.0
107,3,5,1,0.0,0.0,0.0
107,3,5,2,0.0,3.8761011266018324,3.8761011266018324
107,3,5,3,2.0,2.0,4.0
107,3,6,1,0.0,0.0,0.0
107,3,6,2,0.0,0.0,0.0
107,3,6,3,0.0,2.0,2.0
107,3,7,1,0.0,0.0,0.0
107,3,7,2,0.0,0.0,0.0
107,3,7,3,0.0,2.0,2.0
107,3,8,1,3.8761011266018324,3.8761011266018324,7.752202253203665
107,3,8,2,0.0,3.8761011266018324,3.8761011266018324
107,3,8,3,0.0,0.0,0.0
107,3,9,1,0.0,3.8761011266018324,3.8761011266018324
107,3,9,2,0.0,0.0,0.0
107,3,9,3,0.0,0.0,0.0
107,3,10,1,0.0,3.8761011266018324,3.8761011266018324
107,3,10,2,0.0,3.8761011266018324,3.8761011266018324
107,3,10,3,0.0,0.0,0.0
107,3,11,1,0.0,0.0,0.0
107,3,11,2,0.0,3.8761011266018324,3.8761011266018324
107,3,11,3,0.0,0.0,0.0
107,3,12,1,0.0,0.0,0.0
107,3,12,2,0.0,3.8761011266018324,3.8761011266018324
107,3,12,3,0.0,0.0,0.0
107,3,13,1,0.0,3.8761011266018324,3.8761011266018324
107,3,13,2,0.0,3.8761011266018324,3.8761011266018324
107,3,13,3,0.0,0.0,0.0
107,3,14,1,0.0,3.8761011266018324,3.8761011266018324
107,3,14,2,0.0,3.8761011266018324,3.8761011266018324
107,3,14,3,0.0,0.0,0.0
107,3,15,1,0.0,3.8761011266018324,3.8761011266018324
107,3,15,2,0.0,0.0,0.0
107,3,15,3,0.0,0.0,0.0
107,3,16,1,0.0,3.8761011266018324,3.8761011266018324
107,3,16,2,0.0,0.0,0.0
107,3,16,3,0.0,0.0,0.0
107,3,17,1,0.0,3.8761011266018324,3.8761011266018324
107,3,17,2,0.0,0.0,0.0
107,3,17,3,0.0,0.0,0.0
107,3,18,1,0.0,3.8761011266018324,3.8761011266018324
107,3,18,2,0.0,0.0,0.0
107,3,18,3,0.0,0.0,0.0
107,3,19,1,0.0,3.8761011266018324,3.8761011266018324
107,3,19,2,0.0,3.8761011266018324,3.8761011266018324
107,3,19,3,0.0,0.0,0.0
107,3,20,1,0.0,0.0,0.0
107,3,20,2,0.0,3.8761011266018324,3.8761011266018324
107,3,20,3,0.0,0.0,0.0
107,2,1,1,4.670201183380856,3.8761011266018324,8.54630230998269
107,2,1,2,0.0,0.0,0.0
107,2,1,3,0.0,0.0,0.0
107,2,2,1,0.7941000567790231,3.8761011266018324,4.670201183380856
107,2,2,2,3.8761011266018324,3.8761011266018324,7.752202253203665
107,2,2,3,0.0,0.0,0.0
107,2,3,1,0.0,0.0,0.0
107,2,3,2,0.0,3.8761011266018324,3.8761011266018324
107,2,3,3,0.0,0.0,0.0
107,2,4,1,0.0,0.0,0.0
107,2,4,2,0.0,3.8761011266018324,3.8761011266018324
107,2,4,3,0.0,0.0,0.0
107,2,5,1,0.0,0.0,0.0
107,2,5,2,0.0,3.8761011266018324,3.8761011266018324
107,2,5,3,0.0,0.0,0.0
107,2,6,1,0.0,0.0,0.0
107,2,6,2,0.0,3.8761011266018324,3.8761011266018324
107,2,6,3,0.0,0.0,0.0
107,2,7,1,0.0,0.0,0.0
107,2,7,2,0.0,3.8761011266018324,3.8761011266018324
107,2,7,3,0.0,0.0,0.0
107,2,8,1,0.0,0.0,0.0
107,2,8,2,0.0,3.8761011266018324,3.8761011266018324
107,2,8,3,0.0,0.0,0.0
107,2,9,1,0.0,0.0,0.0
107,2,9,2,0.0,3.8761011266018324,3.8761011266018324
107,2,9,3,0.0,0.0,0.0
107,2,10,1,0.0,0.0,0.0
107,2,10,2,0.0,3.8761011266018324,3.8761011266018324
107,2,10,3,0.0,0.0,0.0
107,2,11,1,0.0,0.0,0.0
107,2,11,2,0.0,3.8761011266018324,3.8761011266018324
107,2,11,3,0.0,0.0,0.0
107,2,12,1,0.0,0.0,0.0
107,2,12,2,0.0,3.8761011266018324,3.8761011266018324
107,2,12,3,0.0,0.0,0.0
107,2,13,1,0.0,0.0,0.0
107,2,13,2,0.0,3.8761011266018324,3.8761011266018324
107,2,13,3,0.0,0.0,0.0
107,2,14,1,0.0,0.0,0.0
107,2,14,2,0.0,3.8761011266018324,3.8761011266018324
107,2,14,3,0.0,0.0,0.0
107,2,15,1,0.0,0.0,0.0
107,2,15,2,0.0,3.8761011266018324,3.8761011266018324
107,2,15,3,0.0,0.0,0.0
107,2,16,1,0.0,0.0,0.0
107,2,16,2,0.0,3.8761011266018324,3.8761011266018324
107,2,16,3,0.0,0.0,0.0
107,2,17,1,0.0,0.0,0.0
107,2,17,2,0.0,3.8761011266018324,3.8761011266018324
107,2,17,3,0.0,0.0,0.0
107,2,18,1,0.0,0.0,0.0
107,2,18,2,0.0,3.8761011266018324,3.8761011266018324
107,2,18,3,0.0,0.0,0.0
107,2,19,1,0.0,0.0,0.0
107,2,19,2,0.0,3.8761011266018324,3.8761011266018324
107,2,19,3,0.0,0.0,0.0
107,2,20,1,0.0,0.0,0.0
107,2,20,2,0.0,3.8761011266018324,3.8761011266018324
107,2,20,3,0.0,0.0,0.0
107,1,1,1,4.670201183380856,3.8761011266018324,8.54630230998269
107,1,1,2,0.0,0.0,0.0
107,1,1,3,0.0,0.0,0.0
107,1,2,1,0.7941000567790231,3.8761011266018324,4.670201183380856
107,1,2,2,0.0,0.0,0.0
107,1,2,3,0.0,0.0,0.0
107,1,3,1,0.7941000567790231,3.8761011266018324,4.670201183380856
107,1,3,2,2.794100056779023,2.0,4.794100056779023
107,1,3,3,0.0,0.0,0.0
107,1,4,1,0.0,0.0,0.0
107,1,4,2,0.7941000567790231,2.0,2.794100056779023
107,1,4,3,2.0,2.0,4.0
107,1,5,1,0.0,0.0,0.0
107,1,5,2,0.0,0.0,0.0
107,1,5,3,0.0,2.0,2.0
107,1,6,1,0.0,0.0,0.0
107,1,6,2,0.0,0.0,0.0
107,1,6,3,0.0,2.0,2.0
107,1,7,1,0.0,0.0,0.0
107,1,7,2,0.0,0.0,0.0
107,1,7,3,0.0,2.0,2.0
107,1,8,1,0.0,0.0,0.0
107,1,8,2,0.0,0.0,0.0
107,1,8,3,0.0,2.0,2.0
107,1,9,1,0.0,0.0,0.0
107,1,9,2,0.0,0.0,0.0
107,1,9,3,0.0,2.0,2.0
107,1,10,1,0.0,0.0,0.0
107,1,10,2,0.0,0.0,0.0
107,1,10,3,0.0,2.0,2.0
107,1,11,1,0.0,0.0,0.0
107,1,11,2,0.0,0.0,0.0
107,1,11,3,0.0,2.0,2.0
107,1,12,1,0.0,0.0,0.0
107,1,12,2,0.0,0.0,0.0
107,1,12,3,0.0,2.0,2.0
107,1,13,1,0.0,0.0,0.0
107,1,13,2,0.0,0.0,0.0
107,1,13,3,0.0,2.0,2.0
107,1,14,1,0.0,0.0,0.0
107,1,14,2,0.0,0.0,0.0
107,1,14,3,0.0,2.0,2.0
107,1,15,1,0.0,0.0,0.0
107,1,15,2,0.0,0.0,0.0
107,1,15,3,0.0,2.0,2.0
107,1,16,1,0.0,0.0,0.0
107,1,16,2,0.0,0.0,0.0
107,1,16,3,0.0,2.0,2.0
107,1,17,1,0.0,0.0,0.0
107,1,17,2,0.0,0.0,0.0
107,1,17,3,0.0,2.0,2.0
107,1,18,1,0.0,0.0,0.0
107,1,18,2,0.0,0.0,0.0
107,1,18,3,0.0,2.0,2.0
107,1,19,1,0.0,0.0,0.0
107,1,19,2,0.0,0.0,0.0
107,1,19,3,0.0,2.0,2.0
107,1,20,1,0.0,0.0,0.0
107,1,20,2,0.0,0.0,0.0
107,1,20,3,0.0,2.0,2.0
108,3,1,1,3.8761011266018324,3.8761011266018324,7.752202253203665
108,3,1,2,0.0,0.0,0.0
108,3,1,3,0.0,0.0,0.0
108,3,2,1,3.8761011266018324,3.8761011266018324,7.752202253203665
108,3,2,2,0.0,0.0,0.0
108,3,2,3,0.0,0.0,0.0
108,3,3,1,0.0,3.8761011266018324,3.8761011266018324
108,3,3,2,3.8761011266018324,3.8761011266018324,7.752202253203665
108,3,3,3,0.0,0.0,0.0
108,3,4,1,0.0,3.8761011266018324,3.8761011266018324
108,3,4,2,0.0,0.0,0.0
108,3,4,3,0.0,0.0,0.0
108,3,5,1,0.0,3.8761011266018324,3.8761011266018324
108,3,5,2,0.0,0.0,0.0
108,3,5,3,0.0,0.0,0.0
108,3,6,1,0.0,3.8761011266018324,3.8761011266018324
108,3,6,2,0.0,0.0,0.0
108,3,6,3,0.0,0.0,0.0
108,3,7,1,0.0,3.8761011266018324,3.8761011266018324
108,3,7,2,0.0,0.0,0.0
108,3,7,3,0.0,0.0,0.0
108,3,8,1,0.0,3.8761011266018324,3.8761011266018324
108,3,8,2,0.0,3.8761011266018324,3.8761011266018324
108,3,8,3,0.0,0.0,0.0
108,3,9,1,0.0,3.8761011266018324,3.8761011266018324
108,3,9,2,0.0,3.8761011266018324,3.8761011266018324
108,3,9,3,0.0,0.0,0.0
108,3,10,1,0.0,0.0,0.0
108,3,10,2,0.0,3.8761011266018324,3.8761011266018324
108,3,10,3,0.0,0.0,0.0
108,3,11,1,0.0,3.8761011266018324,3.8761011266018324
108,3,11,2,0.0,0.0,0.0
108,3,11,3,0.0,0.0,0.0
108,3,12,1,0.0,3.8761011266018324,3.8761011266018324
108,3,12,2,0.0,0.0,0.0
108,3,12,3,0.0,0.0,0.0
108,3,13,1,0.0,3.8761011266018324,3.8761011266018324
108,3,13,2,0.0,0.0,0.0
108,3,13,3,0.0,0.0,0.0
108,3,14,1,0.0,3.8761011266018324,3.8761011266018324
108,3,14,2,0.0,0.0,0.0
108,3,14,3,0.0,0.0,0.0
108,3,15,1,0.0,3.8761011266018324,3.8761011266018324
108,3,15,2,0.0,0.0,0.0
108,3,15,3,0.0,0.0,0.0
108,3,16,1,0.0,3.8761011266018324,3.8761011266018324
108,3,16,2,0.0,3.8761011266018324,3.8761011266018324
108,3,16,3,0.0,0.0,0.0
108,3,17,1,0.0,3.8761011266018324,3.8761011266018324
108,3,17,2,0.0,0.0,0.0
108,3,17,3,0.0,0.0,0.0
108,3,18,1,0.0,3.8761011266018324,3.8761011266018324
108,3,18,2,0.0,0.0,0.0
108,3,18,3,0.0,0.0,0.0
108,3,19,1,0.0,3.8761011266018324,3.8761011266018324
108,3,19,2,0.0,0.0,0.0
108,3,19,3,0.0,0.0,0.0
108,3,20,1,0.0,3.8761011266018324,3.8761011266018324
108,3,20,2,0.0,0.0,0.0
108,3,20,3,0.0,0.0,0.0
108,2,1,1,4.670201183380856,3.8761011266018324,8.54630230998269
108,2,1,2,0.0,0.0,0.0
108,2,1,3,0.0,0.0,0.0
108,2,2,1,0.7941000567790231,3.8761011266018324,4.670201183380856
108,2,2,2,0.0,0.0,0.0
108,2,2,3,0.0,0.0,0.0
108,2,3,1,0.7941000567790231,3.8761011266018324,4.670201183380856
108,2,3,2,0.0,0.0,0.0
108,2,3,3,0.0,0.0,0.0
108,2,4,1,0.7941000567790231,3.8761011266018324,4.670201183380856
108,2,4,2,0.0,0.0,0.0
108,2,4,3,0.0,0.0,0.0
108,2,5,1,0.0,3.8761011266018324,3.8761011266018324
108,2,5,2,3.8761011266018324,3.8761011266018324,7.752202253203665
108,2,5,3,2.0,2.0,4.0
108,2,6,1,0.0,0.0,0.0
108,2,6,2,0.0,0.0,0.0
108,2,6,3,0.0,2.0,2.0
108,2,7,1,0.0,3.8761011266018324,3.8761011266018324
108,2,7,2,0.0,3.8761011266018324,3.8761011266018324
108,2,7,3,0.0,0.0,0.0
108,2,8,1,0.0,0.0,0.0
108,2,8,2,0.0,3.8761011266018324,3.8761011266018324
108,2,8,3,0.0,0.0,0.0
108,2,9,1,0.0,0.0,0.0
108,2,9,2,0.0,3.8761011266018324,3.8761011266018324
108,2,9,3,0.0,0.0,0.0
108,2,10,1,0.0,0.0,0.0
108,2,10,2,0.0,3.8761011266018324,3.8761011266018324
108,2,10,3,0.0,0.0,0.0
108,2,11,1,0.0,0.0,0.0
108,2,11,2,0.0,3.8761011266018324,3.8761011266018324
108,2,11,3,0.0,0.0,0.0
108,2,12,1,0.0,0.0,0.0
108,2,12,2,0.0,3.8761011266018324,3.8761011266018324
108,2,12,3,0.0,2.0,2.0
108,2,13,1,0.0,0.0,0.0
108,2,13,2,0.0,0.0,0.0
108,2,13,3,0.0,2.0,2.0
108,2,14,1,0.0,0.0,0.0
108,2,14,2,0.0,0.0,0.0
108,2,14,3,0.0,2.0,2.0
108,2,15,1,0.0,3.8761011266018324,3.8761011266018324
108,2,15,2,0.0,3.8761011266018324,3.8761011266018324
108,2,15,3,0.0,0.0,0.0
108,2,16,1,0.0,0.0,0.0
108,2,16,2,0.0,3.8761011266018324,3.8761011266018324
108,2,16,3,0.0,0.0,0.0
108,2,17,1,0.0,0.0,0.0
108,2,17,2,0.0,3.8761011266018324,3.8761011266018324
108,2,17,3,0.0,0.0,0.0
108,2,18,1,0.0,0.0,0.0
108,2,18,2,0.0,3.8761011266018324,3.8761011266018324
108,2,18,3,0.0,0.0,0.0
108,2,19,1,0.0,0.0,0.0
108,2,19,2,0.0,3.8761011266018324,3.8761011266018324
108,2,19,3,0.0,0.0,0.0
108,2,20,1,0.0,0.0,0.0
108,2,20,2,0.0,3.8761011266018324,3.8761011266018324
108,2,20,3,0.0,0.0,0.0
108,1,1,1,4.670201183380856,3.8761011266018324,8.54630230998269
108,1,1,2,2.794100056779023,2.0,4.794100056779023
108,1,1,3,0.0,0.0,0.0
108,1,2,1,0.0,0.0,0.0
108,1,2,2,0.7941000567790231,2.0,2.794100056779023
108,1,2,3,0.0,0.0,0.0
108,1,3,1,0.0,0.0,0.0
108,1,3,2,0.0,2.0,2.0
108,1,3,3,2.0,2.0,4.0
108,1,4,1,0.0,0.0,0.0
108,1,4,2,0.0,0.0,0.0
108,1,4,3,0.0,2.0,2.0
108,1,5,1,0.0,0.0,0.0
108,1,5,2,0.0,0.0,0.0
108,1,5,3,0.0,2.0,2.0
108,1,6,1,0.0,0.0,0.0
108,1,6,2,0.0,0.0,0.0
108,1,6,3,0.0,2.0,2.0
108,1,7,1,0.0,0.0,0.0
108,1,7,2,0.0,0.0,0.0
108,1,7,3,0.0,2.0,2.0
108,1,8,1,0.0,0.0,0.0
108,1,8,2,0.0,0.0,0.0
108,1,8,3,0.0,2.0,2.0
108,1,9,1,0.0,0.0,0.0
108,1,9,2,0.0,0.0,0.0
108,1,9,3,0.0,2.0,2.0
108,1,10,1,0.0,0.0,0.0
108,1,10,2,0.0,0.0,0.0
108,1,10,3,0.0,2.0,2.0
108,1,11,1,0.0,0.0,0.0
108,1,11,2,0.0,0.0,0.0
108,1,11,3,0.0,2.0,2.0
108,1,12,1,0.0,0.0,0.0
108,1,12,2,0.0,0.0,0.0
108,1,12,3,0.0,2.0,2.0
108,1,13,1,0.0,0.0,0.0
108,1,13,2,0.0,0.0,0.0
108,1,13,3,0.0,2.0,2.0
108,1,14,1,0.0,0.0,0.0
108,1,14,2,0.0,0.0,0.0
108,1,14,3,0.0,2.0,2.0
108,1,15,1,0.7941000567790231,3.8761011266018324,4.670201183380856
108,1,15,2,0.0,2.0,2.0
108,1,15,3,0.0,2.0,2.0
108,1,16,1,0.0,0.0,0.0
108,1,16,2,0.0,0.0,0.0
108,1,16,3,0.0,2.0,2.0
108,1,17,1,0.0,0.0,0.0
108,1,17,2,0.0,0.0,0.0
108,1,17,3,0.0,2.0,2.0
108,1,18,1,0.0,0.0,0.0
108,1,18,2,0.0,0.0,0.0
108,1,18,3,0.0,2.0,2.0
108,1,19,1,0.0,0.0,0.0
108,1,19,2,0.0,0.0,0.0
108,1,19,3,0.0,2.0,2.0
108,1,20,1,0.0,0.0,0.0
108,1,20,2,0.0,0.0,0.0
108,1,20,3,0.0,2.0,2.0
109,3,1,1,3.8761011266018324,3.8761011266018324,7.752202253203665
109,3,1,2,0.0,0.0,0.0
109,3,1,3,0.0,0.0,0.0
109,3,2,1,3.8761011266018324,3.8761011266018324,7.752202253203665
109,3,2,2,0.0,0.0,0.0
109,3,2,3,0.0,0.0,0.0
109,3,3,1,0.0,3.8761011266018324,3.8761011266018324
109,3,3,2,0.0,0.0,0.0
109,3,3,3,0.0,0.0,0.0
109,3,4,1,0.0,3.8761011266018324,3.8761011266018324
109,3,4,2,3.8761011266018324,3.8761011266018324,7.752202253203665
109,3,4,3,0.0,0.0,0.0
109,3,5,1,0.0,3.8761011266018324,3.8761011266018324
109,3,5,2,0.0,0.0,0.0
109,3,5,3,0.0,0.0,0.0
109,3,6,1,0.0,3.8761011266018324,3.8761011266018324
109,3,6,2,0.0,0.0,0.0
109,3,6,3,0.0,0.0,0.0
109,3,7,1,0.0,3.8761011266018324,3.8761011266018324
109,3,7,2,0.0,3.8761011266018324,3.8761011266018324
109,3,7,3,0.0,0.0,0.0
109,3,8,1,0.0,3.8761011266018324,3.8761011266018324
109,3,8,2,0.0,0.0,0.0
109,3,8,3,0.0,0.0,0.0
109,3,9,1,0.0,3.8761011266018324,3.8761011266018324
109,3,9,2,0.0,3.8761011266018324,3.8761011266018324
109,3,9,3,0.0,0.0,0.0
109,3,10,1,0.0,3.8761011266018324,3.8761011266018324
109,3,10,2,0.0,0.0,0.0
109,3,10,3,0.0,0.0,0.0
109,3,11,1,0.0,3.8761011266018324,3.8761011266018324
109,3,11,2,0.0,0.0,0.0
109,3,11,3,0.0,0.0,0.0
109,3,12,1,0.0,3.8761011266018324,3.8761011266018324
109,3,12,2,0.0,0.0,0.0
109,3,12,3,0.0,0.0,0.0
109,3,13,1,0.0,3.8761011266018324,3.8761011266018324
109,3,13,2,0.0,0.0,0.0
109,3,13,3,0.0,0.0,0.0
109,3,14,1,0.0,3.8761011266018324,3.8761011266018324
109,3,14,2,0.0,3.8761011266018324,3.8761011266018324
109,3,14,3,0.0,0.0,0.0
109,3,15,1,0.0,3.8761011266018324,3.8761011266018324
109,3,15,2,0.0,0.0,0.0
109,3,15,3,0.0,0.0,0.0
109,3,16,1,0.0,3.8761011266018324,3.8761011266018324
109,3,16,2,0.0,0.0,0.0
109,3,16,3,0.0,0.0,0.0
109,3,17,1,0.0,3.8761011266018324,3.8761011266018324
109,3,17,2,0.0,0.0,0.0
109,3,17,3,0.0,0.0,0.0
109,3,18,1,0.0,3.8761011266018324,3.8761011266018324
109,3,18,2,0.0,3.8761011266018324,3.8761011266018324
109,3,18,3,0.0,0.0,0.0
109,3,19,1,0.0,3.8761011266018324,3.8761011266018324
109,3,19,2,0.0,0.0,0.0
109,3,19,3,0.0,0.0,0.0
109,3,20,1,0.0,3.8761011266018324,3.8761011266018324
109,3,20,2,0.0,0.0,0.0
109,3,20,3,0.0,0.0,0.0
109,2,1,1,4.670201183380856,3.8761011266018324,8.54630230998269
109,2,1,2,0.0,0.0,0.0
109,2,1,3,0.0,0.0,0.0
109,2,2,1,0.7941000567790231,3.8761011266018324,4.670201183380856
109,2,2,2,0.0,0.0,0.0
109,2,2,3,0.0,0.0,0.0
109,2,3,1,0.7941000567790231,3.8761011266018324,4.670201183380856
109,2,3,2,3.8761011266018324,3.8761011266018324,7.752202253203665
109,2,3,3,0.0,0.0,0.0
109,2,4,1,0.0,0.0,0.0
109,2,4,2,0.0,3.8761011266018324,3.8761011266018324
109,2,4,3,0.0,0.0,0.0
109,2,5,1,0.0,0.0,0.0
109,2,5,2,0.0,3.8761011266018324,3.8761011266018324
109,2,5,3,0.0,0.0,0.0
109,2,6,1,0.0,0.0,0.0
109,2,6,2,0.0,3.8761011266018324,3.8761011266018324
109,2,6,3,0.0,0.0,0.0
109,2,7,1,0.0,0.0,0.0
109,2,7,2,0.0,3.8761011266018324,3.8761011266018324
109,2,7,3,0.0,0.0,0.0
109,2,8,1,0.0,0.0,0.0
109,2,8,2,0.0,3.8761011266018324,3.8761011266018324
109,2,8,3,0.0,0.0,0.0
109,2,9,1,0.0,0.0,0.0
109,2,9,2,0.0,3.8761011266018324,3.8761011266018324
109,2,9,3,0.0,0.0,0.0
109,2,10,1,0.0,0.0,0.0
109,2,10,2,0.0,3.8761011266018324,3.8761011266018324
109,2,10,3,0.0,0.0,0.0
109,2,11,1,0.0,0.0,0.0
109,2,11,2,0.0,3.8761011266018324,3.8761011266018324
109,2,11,3,0.0,0.0,0.0
109,2,12,1,0.0,0.0,0.0
109,2,12,2,0.0,3.8761011266018324,3.8761011266018324
109,2,12,3,0.0,0.0,0.0
109,2,13,1,0.0,0.0,0.0
109,2,13,2,0.0,3.8761011266018324,3.8761011266018324
109,2,13,3,0.0,0.0,0.0
109,2,14,1,0.0,0.0,0.0
109,2,14,2,0.0,3.8761011266018324,3.8761011266018324
109,2,14,3,2.0,2.0,4.0
109,2,15,1,0.7941000567790231,3.8761011266018324,4.670201183380856
109,2,15,2,0.0,3.8761011266018324,3.8761011266018324
109,2,15,3,0.0,0.0,0.0
109,2,16,1,0.0,0.0,0.0
109,2,16,2,0.0,3.8761011266018324,3.8761011266018324
109,2,16,3,0.0,0.0,0.0
109,2,17,1,0.0,0.0,0.0
109,2,17,2,0.0,3.8761011266018324,3.8761011266018324
109,2,17,3,0.0,0.0,0.0
109,2,18,1,0.0,0.0,0.0
109,2,18,2,0.0,3.8761011266018324,3.8761011266018324
109,2,18,3,0.0,0.0,0.0
109,2,19,1,0.0,0.0,0.0
109,2,19,2,0.0,3.8761011266018324,3.8761011266018324
109,2,19,3,0.0,0.0,0.0
109,2,20,1,0.0,0.0,0.0
109,2,20,2,0.0,3.8761011266018324,3.8761011266018324
109,2,20,3,0.0,0.0,0.0
109,1,1,1,4.670201183380856,3.8761011266018324,8.54630230998269
109,1,1,2,2.794100056779023,2.0,4.794100056779023
109,1,1,3,0.0,0.0,0.0
109,1,2,1,0.0,0.0,0.0
109,1,2,2,0.7941000567790231,2.0,2.794100056779023
109,1,2,3,2.0,2.0,4.0
109,1,3,1,0.0,0.0,0.0
109,1,3,2,0.0,0.0,0.0
109,1,3,3,0.0,2.0,2.0
109,1,4,1,0.0,0.0,0.0
109,1,4,2,0.0,0.0,0.0
109,1,4,3,0.0,2.0,2.0
109,1,5,1,0.0,0.0,0.0
109,1,5,2,0.0,0.0,0.0
109,1,5,3,0.0,2.0,2.0
109,1,6,1,0.0,0.0,0.0
109,1,6,2,0.0,0.0,0.0
109,1,6,3,0.0,2.0,2.0
109,1,7,1,0.0,0.0,0.0
109,1,7,2,0.0,0.0,0.0
109,1,7,3,0.0,2.0,2.0
109,1,8,1,0.0,0.0,0.0
109,1,8,2,0.0,0.0,0.0
109,1,8,3,0.0,2.0,2.0
109,1,9,1,0.0,0.0,0.0
109,1,9,2,0.0,0.0,0.0
109,1,9,3,0.0,2.0,2.0
109,1,10,1,0.0,0.0,0.0
109,1,10,2,0.0,0.0,0.0
109,1,10,3,0.0,2.0,2.0
109,1,11,1,0.0,0.0,0.0
109,1,11,2,0.0,0.0,0.0
109,1,11,3,0.0,2.0,2.0
109,1,12,1,0.0,0.0,0.0
109,1,12,2,0.0,0.0,0.0
109,1,12,3,0.0,2.0,2.0
109,1,13,1,0.0,0.0,0.0
109,1,13,2,0.0,0.0,0.0
109,1,13,3,0.0,2.0,2.0
109,1,14,1,0.0,0.0,0.0
109,1,14,2,0.0,0.0,0.0
109,1,14,3,0.0,2.0,2.0
109,1,15,1,0.0,0.0,0.0
109,1,15,2,0.0,0.0,0.0
109,1,15,3,0.0,2.0,2.0
109,1,16,1,0.0,0.0,0.0
109,1,16,2,0.0,0.0,0.0
109,1,16,3,0.0,2.0,2.0
109,1,17,1,0.0,0.0,0.0
109,1,17,2,0.0,0.0,0.0
109,1,17,3,0.0,2.0,2.0
109,1,18,1,0.0,0.0,0.0
109,1,18,2,0.0,0.0,0.0
109,1,18,3,0.0,2.0,2.0
109,1,19,1,0.0,0.0,0.0
109,1,19,2,0.0,0.0,0.0
109,1,19,3,0.0,2.0,2.0
109,1,20,1,0.0,0.0,0.0
109,1,20,2,0.0,0.0,0.0
109,1,20,3,0.0,2.0,2.0
110,3,1,1,3.8761011266018324,3.8761011266018324,7.752202253203665
110,3,1,2,0.0,0.0,0.0
110,3,1,3,0.0,0.0,0.0
110,3,2,1,3.8761011266018324,3.8761011266018324,7.752202253203665
110,3,2,2,0.0,0.0,0.0
110,3,2,3,0.0,0.0,0.0
110,3,3,1,0.0,3.8761011266018324,3.8761011266018324
110,3,3,2,0.0,0.0,0.0
110,3,3,3,0.0,0.0,0.0
110,3,4,1,0.0,3.8761011266018324,3.8761011266018324
110,3,4,2,0.0,0.0,0.0
110,3,4,3,0.0,0.0,0.0
110,3,5,1,0.0,3.8761011266018324,3.8761011266018324
110,3,5,2,3.8761011266018324,3.8761011266018324,7.752202253203665
110,3,5,3,0.0,0.0,0.0
110,3,6,1,0.0,3.8761011266018324,3.8761011266018324
110,3,6,2,0.0,0.0,0.0
110,3,6,3,0.0,0.0,0.0
110,3,7,1,0.0,3.8761011266018324,3.8761011266018324
110,3,7,2,0.0,0.0,0.0
110,3,7,3,0.0,0.0,0.0
110,3,8,1,0.0,3.8761011266018324,3.8761011266018324
110,3,8,2,0.0,0.0,0.0
110,3,8,3,0.0,0.0,0.0
110,3,9,1,0.0,3.8761011266018324,3.8761011266018324
110,3,9,2,0.0,3.8761011266018324,3.8761011266018324
110,3,9,3,0.0,0.0,0.0
110,3,10,1,0.0,3.8761011266018324,3.8761011266018324
110,3,10,2,0.0,0.0,0.0
110,3,10,3,0.0,0.0,0.0
110,3,11,1,0.0,3.8761011266018324,3.8761011266018324
110,3,11,2,0.0,0.0,0.0
110,3,11,3,0.0,0.0,0.0
110,3,12,1,0.0,3.8761011266018324,3.8761011266018324
110,3,12,2,0.0,0.0,0.0
110,3,12,3,0.0,0.0,0.0
110,3,13,1,0.0,3.8761011266018324,3.8761011266018324
110,3,13,2,0.0,0.0,0.0
110,3,13,3,0.0,0.0,0.0
110,3,14,1,0.0,3.8761011266018324,3.8761011266018324
110,3,14,2,0.0,0.0,0.0
110,3,14,3,0.0,0.0,0.0
110,3,15,1,0.0,3.8761011266018324,3.8761011266018324
110,3,15,2,0.0,0.0,0.0
110,3,15,3,0.0,0.0,0.0
110,3,16,1,0.0,3.8761011266018324,3.8761011266018324
110,3,16,2,0.0,0.0,0.0
110,3,16,3,0.0,0.0,0.0
110,3,17,1,0.0,3.8761011266018324,3.8761011266018324
110,3,17,2,0.0,0.0,0.0
110,3,17,3,0.0,0.0,0.0
110,3,18,1,0.0,3.8761011266018324,3.8761011266018324
110,3,18,2,0.0,0.0,0.0
110,3,18,3,0.0,0.0,0.0
110,3,19,1,0.0,3.8761011266018324,3.8761011266018324
110,3,19,2,0.0,0.0,0.0
110,3,19,3,0.0,0.0,0.0
110,3,20,1,0.0,3.8761011266018324,3.8761011266018324
110,3,20,2,0.0,0.0,0.0
110,3,20,3,0.0,0.0,0.0
110,2,1,1,4.670201183380856,3.8761011266018324,8.54630230998269
110,2,1,2,0.0,0.0,0.0
110,2,1,3,0.0,0.0,0.0
110,2,2,1,0.7941000567790231,3.8761011266018324,4.670201183380856
110,2,2,2,0.0,0.0,0.0
110,2,2,3,0.0,0.0,0.0
110,2,3,1,0.7941000567790231,3.8761011266018324,4.670201183380856
110,2,3,2,3.8761011266018324,3.8761011266018324,7.752202253203665
110,2,3,3,0.0,0.0,0.0
110,2,4,1,0.0,0.0,0.0
110,2,4,2,0.0,3.8761011266018324,3.8761011266018324
110,2,4,3,0.0,0.0,0.0
110,2,5,1,0.0,0.0,0.0
110,2,5,2,0.0,3.8761011266018324,3.8761011266018324
110,2,5,3,0.0,0.0,0.0
110,2,6,1,0.0,0.0,0.0
110,2,6,2,0.0,3.8761011266018324,3.8761011266018324
110,2,6,3,0.0,0.0,0.0
110,2,7,1,0.0,0.0,0.0
110,2,7,2,0.0,3.8761011266018324,3.8761011266018324
110,2,7,3,0.0,0.0,0.0
110,2,8,1,0.0,0.0,0.0
110,2,8,2,0.0,3.8761011266018324,3.8761011266018324
110,2,8,3,0.0,0.0,0.0
110,2,9,1,0.0,0.0,0.0
110,2,9,2,0.0,3.8761011266018324,3.8761011266018324
110,2,9,3,0.0,0.0,0.0
110,2,10,1,0.0,0.0,0.0
110,2,10,2,0.0,3.8761011266018324,3.8761011266018324
110,2,10,3,0.0,0.0,0.0
110,2,11,1,0.0,0.0,0.0
110,2,11,2,0.0,3.8761011266018324,3.8761011266018324
110,2,11,3,0.0,0.0,0.0
110,2,12,1,0.0,0.0,0.0
110,2,12,2,0.0,3.8761011266018324,3.8761011266018324
110,2,12,3,0.0,0.0,0.0
110,2,13,1,0.0,0.0,0.0
110,2,13,2,0.0,3.8761011266018324,3.8761011266018324
110,2,13,3,0.0,0.0,0.0
110,2,14,1,0.0,0.0,0.0
110,2,14,2,0.0,3.8761011266018324,3.8761011266018324
110,2,14,3,0.0,0.0,0.0
110,2,15,1,0.0,0.0,0.0
110,2,15,2,0.0,3.8761011266018324,3.8761011266018324
110,2,15,3,0.0,0.0,0.0
110,2,16,1,0.0,0.0,0.0
110,2,16,2,0.0,3.8761011266018324,3.8761011266018324
110,2,16,3,0.0,0.0,0.0
110,2,17,1,0.0,0.0,0.0
110,2,17,2,0.0,3.8761011266018324,3.8761011266018324
110,2,17,3,0.0,0.0,0.0
110,2,18,1,0.0,0.0,0.0
110,2,18,2,0.0,3.8761011266018324,3.8761011266018324
110,2,18,3,0.0,0.0,0.0
110,2,19,1,0.0,0.0,0.0
110,2,19,2,0.0,3.8761011266018324,3.8761011266018324
110,2,19,3,0.0,0.0,0.0
110,2,20,1,0.0,0.0,0.0
110,2,20,2,0.0,3.8761011266018324,3.8761011266018324
110,2,20,3,0.0,0.0,0.0
110,1,1,1,4.670201183380856,3.8761011266018324,8.54630230998269
110,1,1,2,0.0,0.0,0.0
110,1,1,3,0.0,0.0,0.0
110,1,2,1,0.7941000567790231,3.8761011266018324,4.670201183380856
110,1,2,2,2.794100056779023,2.0,4.794100056779023
110,1,2,3,0.0,0.0,0.0
110,1,3,1,0.0,0.0,0.0
110,1,3,2,0.7941000567790231,2.0,2.794100056779023
110,1,3,3,0.0,0.0,0.0
110,1,4,1,0.0,0.0,0.0
110,1,4,2,0.0,2.0,2.0
110,1,4,3,2.0,2.0,4.0
110,1,5,1,0.0,0.0,0.0
110,1,5,2,0.0,0.0,0.0
110,1,5,3,0.0,2.0,2.0
110,1,6,1,0.0,0.0,0.0
110,1,6,2,0.0,0.0,0.0
110,1,6,3,0.0,2.0,2.0
110,1,7,1,0.0,0.0,0.0
110,1,7,2,0.0,0.0,0.0
110,1,7,3,0.0,2.0,2.0
110,1,8,1,0.0,0.0,0.0
110,1,8,2,0.0,0.0,0.0
110,1,8,3,0.0,2.0,2.0
110,1,9,1,0.0,0.0,0.0
110,1,9,2,0.0,0.0,0.0
110,1,9,3,0.0,2.0,2.0
110,1,10,1,0.0,0.0,0.0
110,1,10,2,0.0,0.0,0.0
110,1,10,3,0.0,2.0,2.0
110,1,11,1,0.0,0.0,0.0
110,1,11,2,0.0,0.0,0.0
110,1,11,3,0.0,2.0,2.0
110,1,12,1,0.0,0.0,0.0
110,1,12,2,0.0,0.0,0.0
110,1,12,3,0.0,2.0,2.0
110,1,13,1,0.0,0.0,0.0
110,1,13,2,0.0,0.0,0.0
110,1,13,3,0.0,2.0,2.0
110,1,14,1,0.0,0.0,0.0
110,1,14,2,0.0,0.0,0.0
110,1,14,3,0.0,2.0,2.0
110,1,15,1,0.0,0.0,0.0
110,1,15,2,0.0,0.0,0.0
110,1,15,3,0.0,2.0,2.0
110,1,16,1,0.0,0.0,0.0
110,1,16,2,0.0,0.0,0.0
110,1,16,3,0.0,2.0,2.0
110,1,17,1,0.0,0.0,0.0
110,1,17,2,0.0,0.0,0.0
110,1,17,3,0.0,2.0,2.0
110,1,18,1,0.0,0.0,0.0
110,1,18,2,0.0,0.0,0.0
110,1,18,3,0.0,2.0,2.0
110,1,19,1,0.0,0.0,0.0
110,1,19,2,0.0,0.0,0.0
110,1,19,3,0.0,2.0,2.0
110,1,20,1,0.0,0.0,0.0
110,1,20,2,0.0,0.0,0.0
110,1,20,3,0.0,2.0,2.0
111,3,1,1,3.8761011266018324,3.8761011266018324,7.752202253203665
111,3,1,2,0.0,0.0,0.0
111,3,1,3,0.0,0.0,0.0
111,3,2,1,3.8761011266018324,3.8761011266018324,7.752202253203665
111,3,2,2,0.0,0.0,0.0
111,3,2,3,0.0,0.0,0.0
111,3,3,1,0.0,3.8761011266018324,3.8761011266018324
111,3,3,2,0.0,0.0,0.0
111,3,3,3,0.0,0.0,0.0
111,3,4,1,0.0,3.8761011266018324,3.8761011266018324
111,3,4,2,0.0,0.0,0.0
111,3,4,3,0.0,0.0,0.0
111,3,5,1,0.0,3.8761011266018324,3.8761011266018324
111,3,5,2,0.0,0.0,0.0
111,3,5,3,0.0,0.0,0.0
111,3,6,1,0.0,3.8761011266018324,3.8761011266018324
111,3,6,2,0.0,0.0,0.0
111,3,6,3,0.0,0.0,0.0
111,3,7,1,0.0,3.8761011266018324,3.8761011266018324
111,3,7,2,0.0,0.0,0.0
111,3,7,3,0.0,0.0,0.0
111,3,8,1,0.0,3.8761011266018324,3.8761011266018324
111,3,8,2,0.0,0.0,0.0
111,3,8,3,0.0,0.0,0.0
111,3,9,1,0.0,3.8761011266018324,3.8761011266018324
111,3,9,2,3.8761011266018324,3.8761011266018324,7.752202253203665
111,3,9,3,0.0,0.0,0.0
111,3,10,1,0.0,0.0,0.0
111,3,10,2,0.0,3.8761011266018324,3.8761011266018324
111,3,10,3,0.0,0.0,0.0
111,3,11,1,0.0,0.0,0.0
111,3,11,2,0.0,3.8761011266018324,3.8761011266018324
111,3,11,3,0.0,0.0,0.0
111,3,12,1,0.0,0.0,0.0
111,3,12,2,0.0,3.8761011266018324,3.8761011266018324
111,3,12,3,2.0,2.0,4.0
111,3,13,1,0.0,0.0,0.0
111,3,13,2,0.0,0.0,0.0
111,3,13,3,0.0,2.0,2.0
111,3,14,1,0.0,3.8761011266018324,3.8761011266018324
111,3,14,2,0.0,0.0,0.0
111,3,14,3,0.0,0.0,0.0
111,3,15,1,0.0,3.8761011266018324,3.8761011266018324
111,3,15,2,0.0,0.0,0.0
111,3,15,3,0.0,0.0,0.0
111,3,16,1,0.0,3.8761011266018324,3.8761011266018324
111,3,16,2,0.0,0.0,0.0
111,3,16,3,0.0,0.0,0.0
111,3,17,1,0.0,3.8761011266018324,3.8761011266018324
111,3,17,2,0.0,0.0,0.0
111,3,17,3,0.0,0.0,0.0
111,3,18,1,0.0,3.8761011266018324,3.8761011266018324
111,3,18,2,0.0,0.0,0.0
111,3,18,3,0.0,0.0,0.0
111,3,19,1,0.0,3.8761011266018324,3.8761011266018324
111,3,19,2,0.0,0.0,0.0
111,3,19,3,0.0,0.0,0.0
111,3,20,1,0.0,3.8761011266018324,3.8761011266018324
111,3,20,2,0.0,0.0,0.0
111,3,20,3,0.0,0.0,0.0
111,2,1,1,4.670201183380856,3.8761011266018324,8.54630230998269
111,2,1,2,3.8761011266018324,3.8761011266018324,7.752202253203665
111,2,1,3,0.0,0.0,0.0
111,2,2,1,0.0,0.0,0.0
111,2,2,2,0.0,3.8761011266018324,3.8761011266018324
111,2,2,3,0.0,0.0,0.0
111,2,3,1,0.0,0.0,0.0
111,2,3,2,0.0,3.8761011266018324,3.8761011266018324
111,2,3,3,0.0,0.0,0.0
111,2,4,1,0.0,0.0,0.0
111,2,4,2,0.0,3.8761011266018324,3.8761011266018324
111,2,4,3,0.0,0.0,0.0
111,2,5,1,0.0,0.0,0.0
111,2,5,2,0.0,3.8761011266018324,3.8761011266018324
111,2,5,3,0.0,0.0,0.0
111,2,6,1,0.0,0.0,0.0
111,2,6,2,0.0,3.8761011266018324,3.8761011266018324
111,2,6,3,0.0,0.0,0.0
111,2,7,1,0.0,0.0,0.0
111,2,7,2,0.0,3.8761011266018324,3.8761011266018324
111,2,7,3,2.0,2.0,4.0
111,2,8,1,0.0,0.0,0.0
111,2,8,2,0.0,0.0,0.0
111,2,8,3,0.0,2.0,2.0
111,2,9,1,0.7941000567790231,3.8761011266018324,4.670201183380856
111,2,9,2,0.0,0.0,0.0
111,2,9,3,0.0,0.0,0.0
111,2,10,1,0.7941000567790231,3.8761011266018324,4.670201183380856
111,2,10,2,0.0,3.8761011266018324,3.8761011266018324
111,2,10,3,0.0,0.0,0.0
111,2,11,1,0.0,0.0,0.0
111,2,11,2,0.0,3.8761011266018324,3.8761011266018324
111,2,11,3,0.0,0.0,0.0
111,2,12,1,0.0,0.0,0.0
111,2,12,2,0.0,3.8761011266018324,3.8761011266018324
111,2,12,3,0.0,0.0,0.0
111,2,13,1,0.0,0.0,0.0
111,2,13,2,0.0,3.8761011266018324,3.8761011266018324
111,2,13,3,0.0,0.0,0.0
111,2,14,1,0.0,0.0,0.0
111,2,14,2,0.0,3.8761011266018324,3.8761011266018324
111,2,14,3,0.0,0.0,0.0
111,2,15,1,0.0,0.0,0.0
111,2,15,2,0.0,3.8761011266018324,3.8761011266018324
111,2,15,3,0.0,0.0,0.0
111,2,16,1,0.0,0.0,0.0
111,2,16,2,0.0,3.8761011266018324,3.8761011266018324
111,2,16,3,0.0,0.0,0.0
111,2,17,1,0.0,0.0,0.0
111,2,17,2,0.0,3.8761011266018324,3.8761011266018324
111,2,17,3,0.0,0.0,0.0
111,2,18,1,0.0,0.0,0.0
111,2,18,2,0.0,3.8761011266018324,3.8761011266018324
111,2,18,3,0.0,0.0,0.0
111,2,19,1,0.0,0.0,0.0
111,2,19,2,0.0,3.8761011266018324,3.8761011266018324
111,2,19,3,0.0,0.0,0.0
111,2,20,1,0.0,0.0,0.0
111,2,20,2,0.0,3.8761011266018324,3.8761011266018324
111,2,20,3,0.0,0.0,0.0
111,1,1,1,4.670201183380856,3.8761011266018324,8.54630230998269
111,1,1,2,2.794100056779023,2.0,4.794100056779023
111,1,1,3,0.0,0.0,0.0
111,1,2,1,0.0,0.0,0.0
111,1,2,2,0.7941000567790231,2.0,2.794100056779023
111,1,2,3,0.0,0.0,0.0
111,1,3,1,0.0,0.0,0.0
111,1,3,2,0.0,2.0,2.0
111,1,3,3,2.0,2.0,4.0
111,1,4,1,0.0,0.0,0.0
111,1,4,2,0.0,0.0,0.0
111,1,4,3,0.0,2.0,2.0
111,1,5,1,0.0,0.0,0.0
111,1,5,2,0.0,0.0,0.0
111,1,5,3,0.0,2.0,2.0
111,1,6,1,0.0,0.0,0.0
111,1,6,2,0.0,0.0,0.0
111,1,6,3,0.0,2.0,2.0
111,1,7,1,0.0,0.0,0.0
111,1,7,2,0.0,0.0,0.0
111,1,7,3,0.0,2.0,2.0
111,1,8,1,0.0,0.0,0.0
111,1,8,2,0.0,0.0,0.0
111,1,8,3,0.0,2.0,2.0
111,1,9,1,0.0,0.0,0.0
111,1,9,2,0.0,0.0,0.0
111,1,9,3,0.0,2.0,2.0
111,1,10,1,0.0,0.0,0.0
111,1,10,2,0.0,0.0,0.0
111,1,10,3,0.0,2.0,2.0
111,1,11,1,0.0,0.0,0.0
111,1,11,2,0.0,0.0,0.0
111,1,11,3,0.0,2.0,2.0
111,1,12,1,0.0,0.0,0.0
111,1,12,2,0.0,0.0,0.0
111,1,12,3,0.0,2.0,2.0
111,1,13,1,0.0,0.0,0.0
111,1,13,2,0.0,0.0,0.0
111,1,13,3,0.0,2.0,2.0
111,1,14,1,0.0,0.0,0.0
111,1,14,2,0.0,0.0,0.0
111,1,14,3,0.0,2.0,2.0
111,1,15,1,0.0,0.0,0.0
111,1,15,2,0.0,0.0,0.0
111,1,15,3,0.0,2.0,2.0
111,1,16,1,0.0,0.0,0.0
111,1,16,2,0.0,0.0,0.0
111,1,16,3,0.0,2.0,2.0
111,1,17,1,0.0,0.0,0.0
111,1,17,2,0.0,0.0,0.0
111,1,17,3,0.0,2.0,2.0
111,1,18,1,0.0,0.0,0.0
111,1,18,2,0.0,0.0,0.0
111,1,18,3,0.0,2.0,2.0
111,1,19,1,0.0,0.0,0.0
111,1,19,2,0.0,0.0,0.0
111,1,19,3,0.0,0.0,0.0
111,1,20,1,0.0,0.0,0.0
111,1,20,2,0.0,0.0,0.0
111,1,20,3,0.0,0.0,0.0
112,3,1,1,3.8761011266018324,3.8761011266018324,7.752202253203665
112,3,1,2,3.8761011266018324,3.8761011266018324,7.752202253203665
112,3,1,3,0.0,0.0,0.0
112,3,2,1,0.0,0.0,0.0
112,3,2,2,0.0,3.8761011266018324,3.8761011266018324
112,3,2,3,0.0,0.0,0.0
112,3,3,1,0.0,0.0,0.0
112,3,3,2,0.0,3.8761011266018324,3.8761011266018324
112,3,3,3,0.0,0.0,0.0
112,3,4,1,3.8761011266018324,3.8761011266018324,7.752202253203665
112,3,4,2,0.0,0.0,0.0
112,3,4,3,0.0,0.0,0.0
112,3,5,1,0.0,3.8761011266018324,3.8761011266018324
112,3,5,2,0.0,0.0,0.0
112,3,5,3,0.0,0.0,0.0
112,3,6,1,0.0,3.8761011266018324,3.8761011266018324
112,3,6,2,0.0,3.8761011266018324,3.8761011266018324
112,3,6,3,0.0,0.0,0.0
112,3,7,1,0.0,0.0,0.0
112,3,7,2,0.0,3.8761011266018324,3.8761011266018324
112,3,7,3,0.0,0.0,0.0
112,3,8,1,0.0,3.8761011266018324,3.8761011266018324
112,3,8,2,0.0,0.0,0.0
112,3,8,3,0.0,0.0,0.0
112,3,9,1,0.0,3.8761011266018324,3.8761011266018324
112,3,9,2,0.0,3.8761011266018324,3.8761011266018324
112,3,9,3,0.0,0.0,0.0
112,3,10,1,0.0,3.8761011266018324,3.8761011266018324
112,3,10,2,0.0,0.0,0.0
112,3,10,3,0.0,0.0,0.0
112,3,11,1,0.0,3.8761011266018324,3.8761011266018324
112,3,11,2,0.0,0.0,0.0
112,3,11,3,0.0,0.0,0.0
112,3,12,1,0.0,3.8761011266018324,3.8761011266018324
112,3,12,2,0.0,3.8761011266018324,3.8761011266018324
112,3,12,3,0.0,0.0,0.0
112,3,13,1,0.0,0.0,0.0
112,3,13,2,0.0,3.8761011266018324,3.8761011266018324
112,3,13,3,0.0,0.0,0.0
112,3,14,1,0.0,3.8761011266018324,3.8761011266018324
112,3,14,2,0.0,0.0,0.0
112,3,14,3,0.0,0.0,0.0
112,3,15,1,0.0,3.8761011266018324,3.8761011266018324
112,3,15,2,0.0,3.8761011266018324,3.8761011266018324
112,3,15,3,0.0,0.0,0.0
112,3,16,1,0.0,3.8761011266018324,3.8761011266018324
112,3,16,2,0.0,0.0,0.0
112,3,16,3,0.0,0.0,0.0
112,3,17,1,0.0,3.8761011266018324,3.8761011266018324
112,3,17,2,0.0,0.0,0.0
112,3,17,3,0.0,0.0,0.0
112,3,18,1,0.0,3.8761011266018324,3.8761011266018324
112,3,18,2,0.0,0.0,0.0
112,3,18,3,0.0,0.0,0.0
112,3,19,1,0.0,3.8761011266018324,3.8761011266018324
112,3,19,2,0.0,3.8761011266018324,3.8761011266018324
112,3,19,3,0.0,0.0,0.0
112,3,20,1,0.0,3.8761011266018324,3.8761011266018324
112,3,20,2,0.0,0.0,0.0
112,3,20,3,0.0,0.0,0.0
112,2,1,1,4.670201183380856,3.8761011266018324,8.54630230998269
112,2,1,2,0.0,0.0,0.0
112,2,1,3,0.0,0.0,0.0
112,2,2,1,0.7941000567790231,3.8761011266018324,4.670201183380856
112,2,2,2,0.0,0.0,0.0
112,2,2,3,0.0,0.0,0.0
112,2,3,1,0.7941000567790231,3.8761011266018324,4.670201183380856
112,2,3,2,0.0,0.0,0.0
112,2,3,3,0.0,0.0,0.0
112,2,4,1,0.7941000567790231,3.8761011266018324,4.670201183380856
112,2,4,2,3.8761011266018324,3.8761011266018324,7.752202253203665
112,2,4,3,0.0,0.0,0.0
112,2,5,1,0.0,0.0,0.0
112,2,5,2,0.0,3.8761011266018324,3.8761011266018324
112,2,5,3,0.0,0.0,0.0
112,2,6,1,0.0,0.0,0.0
112,2,6,2,0.0,3.8761011266018324,3.8761011266018324
112,2,6,3,0.0,0.0,0.0
112,2,7,1,0.0,0.0,0.0
112,2,7,2,0.0,3.8761011266018324,3.8761011266018324
112,2,7,3,0.0,0.0,0.0
112,2,8,1,0.0,0.0,0.0
112,2,8,2,0.0,3.8761011266018324,3.8761011266018324
112,2,8,3,0.0,0.0,0.0
112,2,9,1,0.0,0.0,0.0
112,2,9,2,0.0,3.8761011266018324,3.8761011266018324
112,2,9,3,0.0,0.0,0.0
112,2,10,1,0.0,0.0,0.0
112,2,10,2,0.0,3.8761011266018324,3.8761011266018324
112,2,10,3,0.0,0.0,0.0
112,2,11,1,0.0,0.0,0.0
112,2,11,2,0.0,3.8761011266018324,3.8761011266018324
112,2,11,3,0.0,0.0,0.0
112,2,12,1,0.0,0.0,0.0
112,2,12,2,0.0,3.8761011266018324,3.8761011266018324
112,2,12,3,0.0,0.0,0.0
112,2,13,1,0.0,0.0,0.0
112,2,13,2,0.0,3.8761011266018324,3.8761011266018324
112,2,13,3,0.0,0.0,0.0
112,2,14,1,0.0,0.0,0.0
112,2,14,2,0.0,3.8761011266018324,3.8761011266018324
112,2,14,3,0.0,0.0,0.0
112,2,15,1,0.0,0.0,0.0
112,2,15,2,0.0,3.8761011266018324,3.8761011266018324
112,2,15,3,0.0,0.0,0.0
112,2,16,1,0.0,0.0,0.0
112,2,16,2,0.0,3.8761011266018324,3.8761011266018324
112,2,16,3,2.0,2.0,4.0
112,2,17,1,0.0,3.8761011266018324,3.8761011266018324
112,2,17,2,0.0,3.8761011266018324,3.8761011266018324
112,2,17,3,0.0,0.0,0.0
112,2,18,1,0.0,0.0,0.0
112,2,18,2,0.0,3.8761011266018324,3.8761011266018324
112,2,18,3,0.0,0.0,0.0
112,2,19,1,0.0,0.0,0.0
112,2,19,2,0.0,3.8761011266018324,3.8761011266018324
112,2,19,3,0.0,0.0,0.0
112,2,20,1,0.0,0.0,0.0
112,2,20,2,0.0,3.8761011266018324,3.8761011266018324
112,2,20,3,0.0,0.0,0.0
112,1,1,1,4.670201183380856,3.8761011266018324,8.54630230998269
112,1,1,2,0.0,0.0,0.0
112,1,1,3,0.0,0.0,0.0
112,1,2,1,0.7941000567790231,3.8761011266018324,4.670201183380856
112,1,2,2,2.794100056779023,2.0,4.794100056779023
112,1,2,3,0.0,0.0,0.0
112,1,3,1,0.0,0.0,0.0
112,1,3,2,0.7941000567790231,2.0,2.794100056779023
112,1,3,3,2.0,2.0,4.0
112,1,4,1,0.0,0.0,0.0
112,1,4,2,0.0,0.0,0.0
112,1,4,3,0.0,2.0,2.0
112,1,5,1,0.0,0.0,0.0
112,1,5,2,0.0,0.0,0.0
112,1,5,3,0.0,2.0,2.0
112,1,6,1,0.0,0.0,0.0
112,1,6,2,0.0,0.0,0.0
112,1,6,3,0.0,2.0,2.0
112,1,7,1,0.0,0.0,0.0
112,1,7,2,0.0,0.0,0.0
112,1,7,3,0.0,2.0,2.0
112,1,8,1,0.0,0.0,0.0
112,1,8,2,0.0,0.0,0.0
112,1,8,3,0.0,2.0,2.0
112,1,9,1,0.0,0.0,0.0
112,1,9,2,0.0,0.0,0.0
112,1,9,3,0.0,2.0,2.0
112,1,10,1,0.0,0.0,0.0
112,1,10,2,0.0,0.0,0.0
112,1,10,3,0.0,2.0,2.0
112,1,11,1,0.0,0.0,0.0
112,1,11,2,0.0,0.0,0.0
112,1,11,3,0.0,2.0,2.0
112,1,12,1,0.0,0.0,0.0
112,1,12,2,0.0,0.0,0.0
112,1,12,3,0.0,2.0,2.0
112,1,13,1,0.0,0.0,0.0
112,1,13,2,0.0,0.0,0.0
112,1,13,3,0.0,2.0,2.0
112,1,14,1,0.0,0.0,0.0
112,1,14,2,0.0,0.0,0.0
112,1,14,3,0.0,2.0,2.0
112,1,15,1,0.0,0.0,0.0
112,1,15,2,0.0,0.0,0.0
112,1,15,3,0.0,2.0,2.0
112,1,16,1,0.0,0.0,0.0
112,1,16,2,0.0,0.0,0.0
112,1,16,3,0.0,2.0,2.0
112,1,17,1,0.0,0.0,0.0
112,1,17,2,0.0,0.0,0.0
112,1,17,3,0.0,2.0,2.0
112,1,18,1,0.0,0.0,0.0
112,1,18,2,0.0,0.0,0.0
112,1,18,3,0.0,2.0,2.0
112,1,19,1,0.0,0.0,0.0
112,1,19,2,0.0,0.0,0.0
112,1,19,3,0.0,2.0,2.0
112,1,20,1,0.0,0.0,0.0
112,1,20,2,0.0,0.0,0.0
112,1,20,3,0.0,2.0,2.0
113,3,1,1,3.8761011266018324,3.8761011266018324,7.752202253203665
113,3,1,2,3.8761011266018324,3.8761011266018324,7.752202253203665
113,3,1,3,2.0,2.0,4.0
113,3,2,1,3.8761011266018324,3.8761011266018324,7.752202253203665
113,3,2,2,0.0,0.0,0.0
113,3,2,3,0.0,0.0,0.0
113,3,3,1,0.0,3.8761011266018324,3.8761011266018324
113,3,3,2,0.0,3.8761011266018324,3.8761011266018324
113,3,3,3,0.0,2.0,2.0
113,3,4,1,0.0,0.0,0.0
113,3,4,2,0.0,0.0,0.0
113,3,4,3,0.0,2.0,2.0
113,3,5,1,0.0,0.0,0.0
113,3,5,2,0.0,0.0,0.0
113,3,5,3,0.0,2.0,2.0
113,3,6,1,0.0,3.8761011266018324,3.8761011266018324
113,3,6,2,0.0,3.8761011266018324,3.8761011266018324
113,3,6,3,0.0,0.0,0.0
113,3,7,1,0.0,3.8761011266018324,3.8761011266018324
113,3,7,2,0.0,0.0,0.0
113,3,7,3,0.0,0.0,0.0
113,3,8,1,0.0,3.8761011266018324,3.8761011266018324
113,3,8,2,0.0,3.8761011266018324,3.8761011266018324
113,3,8,3,0.0,0.0,0.0
113,3,9,1,0.0,3.8761011266018324,3.8761011266018324
113,3,9,2,0.0,0.0,0.0
113,3,9,3,0.0,0.0,0.0
113,3,10,1,0.0,3.8761011266018324,3.8761011266018324
113,3,10,2,0.0,0.0,0.0
113,3,10,3,0.0,0.0,0.0
113,3,11,1,0.0,3.8761011266018324,3.8761011266018324
113,3,11,2,0.0,0.0,0.0
113,3,11,3,0.0,0.0,0.0
113,3,12,1,0.0,3.8761011266018324,3.8761011266018324
113,3,12,2,0.0,0.0,0.0
113,3,12,3,0.0,0.0,0.0
113,3,13,1,0.0,3.8761011266018324,3.8761011266018324
113,3,13,2,0.0,3.8761011266018324,3.8761011266018324
113,3,13,3,0.0,0.0,0.0
113,3,14,1,0.0,3.8761011266018324,3.8761011266018324
113,3,14,2,0.0,0.0,0.0
113,3,14,3,0.0,0.0,0.0
113,3,15,1,0.0,3.8761011266018324,3.8761011266018324
113,3,15,2,0.0,0.0,0.0
113,3,15,3,0.0,0.0,0.0
113,3,16,1,0.0,3.8761011266018324,3.8761011266018324
113,3,16,2,0.0,0.0,0.0
113,3,16,3,0.0,0.0,0.0
113,3,17,1,0.0,3.8761011266018324,3.8761011266018324
113,3,17,2,0.0,0.0,0.0
113,3,17,3,0.0,0.0,0.0
113,3,18,1,0.0,3.8761011266018324,3.8761011266018324
113,3,18,2,0.0,3.8761011266018324,3.8761011266018324
113,3,18,3,0.0,0.0,0.0
113,3,19,1,0.0,3.8761011266018324,3.8761011266018324
113,3,19,2,0.0,0.0,0.0
113,3,19,3,0.0,0.0,0.0
113,3,20,1,0.0,3.8761011266018324,3.8761011266018324
113,3,20,2,0.0,0.0,0.0
113,3,20,3,0.0,0.0,0.0
113,2,1,1,4.670201183380856,3.8761011266018324,8.54630230998269
113,2,1,2,0.0,0.0,0.0
113,2,1,3,0.0,0.0,0.0
113,2,2,1,0.7941000567790231,3.8761011266018324,4.670201183380856
113,2,2,2,3.8761011266018324,3.8761011266018324,7.752202253203665
113,2,2,3,0.0,0.0,0.0
113,2,3,1,0.0,0.0,0.0
113,2,3,2,0.0,3.8761011266018324,3.8761011266018324
113,2,3,3,0.0,0.0,0.0
113,2,4,1,0.0,0.0,0.0
113,2,4,2,0.0,3.8761011266018324,3.8761011266018324
113,2,4,3,2.0,2.0,4.0
113,2,5,1,0.0,0.0,0.0
113,2,5,2,0.0,0.0,0.0
113,2,5,3,0.0,2.0,2.0
113,2,6,1,0.0,0.0,0.0
113,2,6,2,0.0,0.0,0.0
113,2,6,3,0.0,2.0,2.0
113,2,7,1,0.7941000567790231,3.8761011266018324,4.670201183380856
113,2,7,2,0.0,3.8761011266018324,3.8761011266018324
113,2,7,3,0.0,0.0,0.0
113,2,8,1,0.0,0.0,0.0
113,2,8,2,0.0,3.8761011266018324,3.8761011266018324
113,2,8,3,0.0,0.0,0.0
113,2,9,1,0.0,0.0,0.0
113,2,9,2,0.0,3.8761011266018324,3.8761011266018324
113,2,9,3,0.0,0.0,0.0
113,2,10,1,0.0,0.0,0.0
113,2,10,2,0.0,3.8761011266018324,3.8761011266018324
113,2,10,3,0.0,0.0,0.0
113,2,11,1,0.0,0.0,0.0
113,2,11,2,0.0,3.8761011266018324,3.8761011266018324
113,2,11,3,0.0,2.0,2.0
113,2,12,1,0.7941000567790231,3.8761011266018324,4.670201183380856
113,2,12,2,0.0,0.0,0.0
113,2,12,3,0.0,0.0,0.0
113,2,13,1,0.0,3.8761011266018324,3.8761011266018324
113,2,13,2,0.0,3.8761011266018324,3.8761011266018324
113,2,13,3,0.0,0.0,0.0
113,2,14,1,0.0,0.0,0.0
113,2,14,2,0.0,3.8761011266018324,3.8761011266018324
113,2,14,3,0.0,0.0,0.0
113,2,15,1,0.0,0.0,0.0
113,2,15,2,0.0,3.8761011266018324,3.8761011266018324
113,2,15,3,0.0,0.0,0.0
113,2,16,1,0.0,0.0,0.0
113,2,16,2,0.0,3.8761011266018324,3.8761011266018324
113,2,16,3,0.0,0.0,0.0
113,2,17,1,0.0,0.0,0.0
113,2,17,2,0.0,3.8761011266018324,3.8761011266018324
113,2,17,3,0.0,0.0,0.0
113,2,18,1,0.0,0.0,0.0
113,2,18,2,0.0,3.8761011266018324,3.8761011266018324
113,2,18,3,0.0,0.0,0.0
113,2,19,1,0.0,0.0,0.0
113,2,19,2,0.0,3.8761011266018324,3.8761011266018324
113,2,19,3,0.0,0.0,0.0
113,2,20,1,0.0,0.0,0.0
113,2,20,2,0.0,3.8761011266018324,3.8761011266018324
113,2,20,3,0.0,0.0,0.0
113,1,1,1,4.670201183380856,3.8761011266018324,8.54630230998269
113,1,1,2,0.0,0.0,0.0
113,1,1,3,0.0,0.0,0.0
113,1,2,1,0.7941000567790231,3.8761011266018324,4.670201183380856
113,1,2,2,2.794100056779023,2.0,4.794100056779023
113,1,2,3,0.0,0.0,0.0
113,1,3,1,0.0,0.0,0.0
113,1,3,2,0.7941000567790231,2.0,2.794100056779023
113,1,3,3,0.0,0.0,0.0
113,1,4,1,0.0,0.0,0.0
113,1,4,2,0.0,2.0,2.0
113,1,4,3,2.0,2.0,4.0
113,1,5,1,0.0,0.0,0.0
113,1,5,2,0.0,0.0,0.0
113,1,5,3,0.0,2.0,2.0
113,1,6,1,0.0,0.0,0.0
113,1,6,2,0.0,0.0,0.0
113,1,6,3,0.0,2.0,2.0
113,1,7,1,0.0,0.0,0.0
113,1,7,2,0.0,0.0,0.0
113,1,7,3,0.0,0.0,0.0
113,1,8,1,0.0,0.0,0.0
113,1,8,2,0.0,0.0,0.0
113,1,8,3,0.0,0.0,0.0
113,1,9,1,0.7941000567790231,3.8761011266018324,4.670201183380856
113,1,9,2,0.0,2.0,2.0
113,1,9,3,0.0,2.0,2.0
113,1,10,1,0.0,0.0,0.0
113,1,10,2,0.0,0.0,0.0
113,1,10,3,0.0,2.0,2.0
113,1,11,1,0.0,0.0,0.0
113,1,11,2,0.0,0.0,0.0
113,1,11,3,0.0,2.0,2.0
113,1,12,1,0.0,0.0,0.0
113,1,12,2,0.0,0.0,0.0
113,1,12,3,0.0,2.0,2.0
113,1,13,1,0.0,0.0,0.0
113,1,13,2,0.0,0.0,0.0
113,1,13,3,0.0,2.0,2.0
113,1,14,1,0.0,0.0,0.0
113,1,14,2,0.0,0.0,0.0
113,1,14,3,0.0,2.0,2.0
113,1,15,1,0.0,0.0,0.0
113,1,15,2,0.0,0.0,0.0
113,1,15,3,0.0,2.0,2.0
113,1,16,1,0.0,0.0,0.0
113,1,16,2,0.0,0.0,0.0
113,1,16,3,0.0,2.0,2.0
113,1,17,1,0.0,0.0,0.0
113,1,17,2,0.0,0.0,0.0
113,1,17,3,0.0,2.0,2.0
113,1,18,1,0.0,0.0,0.0
113,1,18,2,0.0,0.0,0.0
113,1,18,3,0.0,2.0,2.0
113,1,19,1,0.0,0.0,0.0
113,1,19,2,0.0,0.0,0.0
113,1,19,3,0.0,2.0,2.0
113,1,20,1,0.0,0.0,0.0
113,1,20,2,0.0,0.0,0.0
113,1,20,3,0.0,2.0,2.0
114,3,1,1,3.8761011266018324,3.8761011266018324,7.752202253203665
114,3,1,2,3.8761011266018324,3.8761011266018324,7.752202253203665
114,3,1,3,0.0,0.0,0.0
114,3,2,1,3.8761011266018324,3.8761011266018324,7.752202253203665
114,3,2,2,0.0,0.0,0.0
114,3,2,3,0.0,0.0,0.0
114,3,3,1,0.0,3.8761011266018324,3.8761011266018324
114,3,3,2,0.0,0.0,0.0
114,3,3,3,0.0,0.0,0.0
114,3,4,1,0.0,3.8761011266018324,3.8761011266018324
114,3,4,2,0.0,3.8761011266018324,3.8761011266018324
114,3,4,3,0.0,0.0,0.0
114,3,5,1,0.0,0.0,0.0
114,3,5,2,0.0,3.8761011266018324,3.8761011266018324
114,3,5,3,0.0,0.0,0.0
114,3,6,1,0.0,0.0,0.0
114,3,6,2,0.0,3.8761011266018324,3.8761011266018324
114,3,6,3,0.0,0.0,0.0
114,3,7,1,0.0,3.8761011266018324,3.8761011266018324
114,3,7,2,0.0,0.0,0.0
114,3,7,3,0.0,0.0,0.0
114,3,8,1,0.0,3.8761011266018324,3.8761011266018324
114,3,8,2,0.0,0.0,0.0
114,3,8,3,0.0,0.0,0.0
114,3,9,1,0.0,3.8761011266018324,3.8761011266018324
114,3,9,2,0.0,0.0,0.0
114,3,9,3,0.0,0.0,0.0
114,3,10,1,0.0,3.8761011266018324,3.8761011266018324
114,3,10,2,0.0,0.0,0.0
114,3,10,3,0.0,0.0,0.0
114,3,11,1,0.0,3.8761011266018324,3.8761011266018324
114,3,11,2,0.0,0.0,0.0
114,3,11,3,0.0,0.0,0.0
114,3,12,1,0.0,3.8761011266018324,3.8761011266018324
114,3,12,2,0.0,0.0,0.0
114,3,12,3,0.0,0.0,0.0
114,3,13,1,0.0,3.8761011266018324,3.8761011266018324
114,3,13,2,0.0,0.0,0.0
114,3,13,3,0.0,0.0,0.0
114,3,14,1,0.0,3.8761011266018324,3.8761011266018324
114,3,14,2,0.0,0.0,0.0
114,3,14,3,0.0,0.0,0.0
114,3,15,1,0.0,3.8761011266018324,3.8761011266018324
114,3,15,2,0.0,3.8761011266018324,3.8761011266018324
114,3,15,3,0.0,0.0,0.0
114,3,16,1,0.0,3.8761011266018324,3.8761011266018324
114,3,16,2,0.0,0.0,0.0
114,3,16,3,0.0,0.0,0.0
114,3,17,1,0.0,3.8761011266018324,3.8761011266018324
114,3,17,2,0.0,0.0,0.0
114,3,17,3,0.0,0.0,0.0
114,3,18,1,0.0,3.8761011266018324,3.8761011266018324
114,3,18,2,0.0,0.0,0.0
114,3,18,3,0.0,0.0,0.0
114,3,19,1,0.0,3.8761011266018324,3.8761011266018324
114,3,19,2,0.0,0.0,0.0
114,3,19,3,0.0,0.0,0.0
114,3,20,1,0.0,3.8761011266018324,3.8761011266018324
114,3,20,2,0.0,0.0,0.0
114,3,20,3,0.0,0.0,0.0
114,2,1,1,4.670201183380856,3.8761011266018324,8.54630230998269
114,2,1,2,0.0,0.0,0.0
114,2,1,3,0.0,0.0,0.0
114,2,2,1,0.7941000567790231,3.8761011266018324,4.670201183380856
114,2,2,2,0.0,0.0,0.0
114,2,2,3,0.0,0.0,0.0
114,2,3,1,0.7941000567790231,3.8761011266018324,4.670201183380856
114,2,3,2,0.0,0.0,0.0
114,2,3,3,0.0,0.0,0.0
114,2,4,1,0.7941000567790231,3.8761011266018324,4.670201183380856
114,2,4,2,3.8761011266018324,3.8761011266018324,7.752202253203665
114,2,4,3,0.0,0.0,0.0
114,2,5,1,0.0,0.0,0.0
114,2,5,2,0.0,3.8761011266018324,3.8761011266018324
114,2,5,3,0.0,0.0,0.0
114,2,6,1,0.0,0.0,0.0
114,2,6,2,0.0,3.8761011266018324,3.8761011266018324
114,2,6,3,0.0,0.0,0.0
114,2,7,1,0.0,0.0,0.0
114,2,7,2,0.0,3.8761011266018324,3.8761011266018324
114,2,7,3,0.0,0.0,0.0
114,2,8,1,0.0,0.0,0.0
114,2,8,2,0.0,3.8761011266018324,3.8761011266018324
114,2,8,3,0.0,0.0,0.0
114,2,9,1,0.0,0.0,0.0
114,2,9,2,0.0,3.8761011266018324,3.8761011266018324
114,2,9,3,0.0,0.0,0.0
114,2,10,1,0.0,0.0,0.0
114,2,10,2,0.0,3.8761011266018324,3.8761011266018324
114,2,10,3,2.0,2.0,4.0
114,2,11,1,0.0,3.8761011266018324,3.8761011266018324
114,2,11,2,0.0,3.8761011266018324,3.8761011266018324
114,2,11,3,0.0,0.0,0.0
114,2,12,1,0.0,0.0,0.0
114,2,12,2,0.0,3.8761011266018324,3.8761011266018324
114,2,12,3,0.0,0.0,0.0
114,2,13,1,0.0,0.0,0.0
114,2,13,2,0.0,3.8761011266018324,3.8761011266018324
114,2,13,3,0.0,0.0,0.0
114,2,14,1,0.0,0.0,0.0
114,2,14,2,0.0,3.8761011266018324,3.8761011266018324
114,2,14,3,0.0,0.0,0.0
114,2,15,1,0.0,0.0,0.0
114,2,15,2,0.0,3.8761011266018324,3.8761011266018324
114,2,15,3,0.0,0.0,0.0
114,2,16,1,0.0,0.0,0.0
114,2,16,2,0.0,3.8761011266018324,3.8761011266018324
114,2,16,3,0.0,0.0,0.0
114,2,17,1,0.0,0.0,0.0
114,2,17,2,0.0,3.8761011266018324,3.8761011266018324
114,2,17,3,0.0,0.0,0.0
114,2,18,1,0.0,0.0,0.0
114,2,18,2,0.0,3.8761011266018324,3.8761011266018324
114,2,18,3,0.0,0.0,0.0
114,2,19,1,0.0,0.0,0.0
114,2,19,2,0.0,3.8761011266018324,3.8761011266018324
114,2,19,3,0.0,2.0,2.0
114,2,20,1,0.0,3.8761011266018324,3.8761011266018324
114,2,20,2,0.0,3.8761011266018324,3.8761011266018324
114,2,20,3,0.0,0.0,0.0
114,1,1,1,4.670201183380856,3.8761011266018324,8.54630230998269
114,1,1,2,0.0,0.0,0.0
114,1,1,3,0.0,0.0,0.0
114,1,2,1,0.7941000567790231,3.8761011266018324,4.670201183380856
114,1,2,2,0.0,0.0,0.0
114,1,2,3,0.0,0.0,0.0
114,1,3,1,0.7941000567790231,3.8761011266018324,4.670201183380856
114,1,3,2,2.794100056779023,2.0,4.794100056779023
114,1,3,3,0.0,0.0,0.0
114,1,4,1,0.0,0.0,0.0
114,1,4,2,0.7941000567790231,2.0,2.794100056779023
114,1,4,3,0.0,0.0,0.0
114,1,5,1,0.0,0.0,0.0
114,1,5,2,0.0,2.0,2.0
114,1,5,3,2.0,2.0,4.0
114,1,6,1,0.0,0.0,0.0
114,1,6,2,0.0,0.0,0.0
114,1,6,3,0.0,2.0,2.0
114,1,7,1,0.0,0.0,0.0
114,1,7,2,0.0,0.0,0.0
114,1,7,3,0.0,2.0,2.0
114,1,8,1,0.0,0.0,0.0
114,1,8,2,0.0,0.0,0.0
114,1,8,3,0.0,2.0,2.0
114,1,9,1,0.0,0.0,0.0
114,1,9,2,0.0,0.0,0.0
114,1,9,3,0.0,2.0,2.0
114,1,10,1,0.0,0.0,0.0
114,1,10,2,0.0,0.0,0.0
114,1,10,3,0.0,2.0,2.0
114,1,11,1,0.0,0.0,0.0
114,1,11,2,0.0,0.0,0.0
114,1,11,3,0.0,2.0,2.0
114,1,12,1,0.0,0.0,0.0
114,1,12,2,0.0,0.0,0.0
114,1,12,3,0.0,2.0,2.0
114,1,13,1,0.0,0.0,0.0
114,1,13,2,0.0,0.0,0.0
114,1,13,3,0.0,2.0,2.0
114,1,14,1,0.0,0.0,0.0
114,1,14,2,0.0,0.0,0.0
114,1,14,3,0.0,2.0,2.0
114,1,15,1,0.0,0.0,0.0
114,1,15,2,0.0,0.0,0.0
114,1,15,3,0.0,2.0,2.0
114,1,16,1,0.0,0.0,0.0
114,1,16,2,0.0,0.0,0.0
114,1,16,3,0.0,2.0,2.0
114,1,17,1,0.0,0.0,0.0
114,1,17,2,0.0,0.0,0.0
114,1,17,3,0.0,2.0,2.0
114,1,18,1,0.0,0.0,0.0
114,1,18,2,0.0,0.0,0.0
114,1,18,3,0.0,2.0,2.0
114,1,19,1,0.0,0.0,0.0
114,1,19,2,0.0,0.0,0.0
114,1,19,3,0.0,2.0,2.0
114,1,20,1,0.0,0.0,0.0
114,1,20,2,0.0,0.0,0.0
114,1,20,3,0.0,2.0,2.0
115,3,1,1,3.8761011266018324,3.8761011266018324,7.752202253203665
115,3,1,2,0.0,0.0,0.0
115,3,1,3,0.0,0.0,0.0
115,3,2,1,3.8761011266018324,3.8761011266018324,7.752202253203665
115,3,2,2,3.8761011266018324,3.8761011266018324,7.752202253203665
115,3,2,3,0.0,0.0,0.0
115,3,3,1,0.0,3.8761011266018324,3.8761011266018324
115,3,3,2,0.0,0.0,0.0
115,3,3,3,0.0,0.0,0.0
115,3,4,1,0.0,3.8761011266018324,3.8761011266018324
115,3,4,2,0.0,0.0,0.0
115,3,4,3,0.0,0.0,0.0
115,3,5,1,0.0,3.8761011266018324,3.8761011266018324
115,3,5,2,0.0,0.0,0.0
115,3,5,3,0.0,0.0,0.0
115,3,6,1,0.0,3.8761011266018324,3.8761011266018324
115,3,6,2,0.0,0.0,0.0
115,3,6,3,0.0,0.0,0.0
115,3,7,1,0.0,3.8761011266018324,3.8761011266018324
115,3,7,2,0.0,0.0,0.0
115,3,7,3,0.0,0.0,0.0
115,3,8,1,0.0,3.8761011266018324,3.8761011266018324
115,3,8,2,0.0,3.8761011266018324,3.8761011266018324
115,3,8,3,2.0,2.0,4.0
115,3,9,1,0.0,0.0,0.0
115,3,9,2,0.0,0.0,0.0
115,3,9,3,0.0,2.0,2.0
115,3,10,1,0.0,3.8761011266018324,3.8761011266018324
115,3,10,2,0.0,3.8761011266018324,3.8761011266018324
115,3,10,3,0.0,0.0,0.0
115,3,11,1,0.0,0.0,0.0
115,3,11,2,0.0,3.8761011266018324,3.8761011266018324
115,3,11,3,0.0,0.0,0.0
115,3,12,1,0.0,0.0,0.0
115,3,12,2,0.0,3.8761011266018324,3.8761011266018324
115,3,12,3,0.0,0.0,0.0
115,3,13,1,0.0,3.8761011266018324,3.8761011266018324
115,3,13,2,0.0,0.0,0.0
115,3,13,3,0.0,0.0,0.0
115,3,14,1,0.0,3.8761011266018324,3.8761011266018324
115,3,14,2,0.0,0.0,0.0
115,3,14,3,0.0,0.0,0.0
115,3,15,1,0.0,3.8761011266018324,3.8761011266018324
115,3,15,2,0.0,3.8761011266018324,3.8761011266018324
115,3,15,3,0.0,0.0,0.0
115,3,16,1,0.0,3.8761011266018324,3.8761011266018324
115,3,16,2,0.0,0.0,0.0
115,3,16,3,0.0,0.0,0.0
115,3,17,1,0.0,3.8761011266018324,3.8761011266018324
115,3,17,2,0.0,0.0,0.0
115,3,17,3,0.0,0.0,0.0
115,3,18,1,0.0,3.8761011266018324,3.8761011266018324
115,3,18,2,0.0,0.0,0.0
115,3,18,3,0.0,0.0,0.0
115,3,19,1,0.0,3.8761011266018324,3.8761011266018324
115,3,19,2,0.0,0.0,0.0
115,3,19,3,0.0,0.0,0.0
115,3,20,1,0.0,3.8761011266018324,3.8761011266018324
115,3,20,2,0.0,0.0,0.0
115,3,20,3,0.0,0.0,0.0
115,2,1,1,4.670201183380856,3.8761011266018324,8.54630230998269
115,2,1,2,3.8761011266018324,3.8761011266018324,7.752202253203665
115,2,1,3,0.0,0.0,0.0
115,2,2,1,0.0,0.0,0.0
115,2,2,2,0.0,3.8761011266018324,3.8761011266018324
115,2,2,3,0.0,0.0,0.0
115,2,3,1,0.0,0.0,0.0
115,2,3,2,0.0,3.8761011266018324,3.8761011266018324
115,2,3,3,0.0,0.0,0.0
115,2,4,1,0.0,0.0,0.0
115,2,4,2,0.0,3.8761011266018324,3.8761011266018324
115,2,4,3,0.0,0.0,0.0
115,2,5,1,0.0,0.0,0.0
115,2,5,2,0.0,3.8761011266018324,3.8761011266018324
115,2,5,3,0.0,0.0,0.0
115,2,6,1,0.0,0.0,0.0
115,2,6,2,0.0,3.8761011266018324,3.8761011266018324
115,2,6,3,0.0,0.0,0.0
115,2,7,1,0.0,0.0,0.0
115,2,7,2,0.0,3.8761011266018324,3.8761011266018324
115,2,7,3,0.0,0.0,0.0
115,2,8,1,0.0,0.0,0.0
115,2,8,2,0.0,3.8761011266018324,3.8761011266018324
115,2,8,3,0.0,0.0,0.0
115,2,9,1,0.0,0.0,0.0
115,2,9,2,0.0,3.8761011266018324,3.8761011266018324
115,2,9,3,0.0,0.0,0.0
115,2,10,1,0.0,0.0,0.0
115,2,10,2,0.0,3.8761011266018324,3.8761011266018324
115,2,10,3,0.0,0.0,0.0
115,2,11,1,0.0,0.0,0.0
115,2,11,2,0.0,3.8761011266018324,3.8761011266018324
115,2,11,3,0.0,0.0,0.0
115,2,12,1,0.0,0.0,0.0
115,2,12,2,0.0,3.8761011266018324,3.8761011266018324
115,2,12,3,0.0,0.0,0.0
115,2,13,1,0.0,0.0,0.0
115,2,13,2,0.0,3.8761011266018324,3.8761011266018324
115,2,13,3,0.0,0.0,0.0
115,2,14,1,0.0,0.0,0.0
115,2,14,2,0.0,3.8761011266018324,3.8761011266018324
115,2,14,3,0.0,0.0,0.0
115,2,15,1,0.0,0.0,0.0
115,2,15,2,0.0,3.8761011266018324,3.8761011266018324
115,2,15,3,0.0,0.0,0.0
115,2,16,1,0.0,0.0,0.0
115,2,16,2,0.0,3.8761011266018324,3.8761011266018324
115,2,16,3,0.0,0.0,0.0
115,2,17,1,0.0,0.0,0.0
115,2,17,2,0.0,3.8761011266018324,3.8761011266018324
115,2,17,3,0.0,0.0,0.0
115,2,18,1,0.0,0.0,0.0
115,2,18,2,0.0,3.8761011266018324,3.8761011266018324
115,2,18,3,0.0,0.0,0.0
115,2,19,1,0.0,0.0,0.0
115,2,19,2,0.0,3.8761011266018324,3.8761011266018324
115,2,19,3,0.0,0.0,0.0
115,2,20,1,0.0,0.0,0.0
115,2,20,2,0.0,3.8761011266018324,3.8761011266018324
115,2,20,3,2.0,2.0,4.0
115,1,1,1,4.670201183380856,3.8761011266018324,8.54630230998269
115,1,1,2,0.0,0.0,0.0
115,1,1,3,0.0,0.0,0.0
115,1,2,1,0.7941000567790231,3.8761011266018324,4.670201183380856
115,1,2,2,0.0,0.0,0.0
115,1,2,3,0.0,0.0,0.0
115,1,3,1,0.7941000567790231,3.8761011266018324,4.670201183380856
115,1,3,2,2.794100056779023,2.0,4.794100056779023
115,1,3,3,0.0,0.0,0.0
115,1,4,1,0.0,0.0,0.0
115,1,4,2,0.7941000567790231,2.0,2.794100056779023
115,1,4,3,2.0,2.0,4.0
115,1,5,1,0.0,0.0,0.0
115,1,5,2,0.0,0.0,0.0
115,1,5,3,0.0,2.0,2.0
115,1,6,1,0.0,0.0,0.0
115,1,6,2,0.0,0.0,0.0
115,1,6,3,0.0,2.0,2.0
115,1,7,1,0.0,0.0,0.0
115,1,7,2,0.0,0.0,0.0
115,1,7,3,0.0,2.0,2.0
115,1,8,1,0.0,0.0,0.0
115,1,8,2,0.0,0.0,0.0
115,1,8,3,0.0,2.0,2.0
115,1,9,1,0.0,0.0,0.0
115,1,9,2,0.0,0.0,0.0
115,1,9,3,0.0,2.0,2.0
115,1,10,1,0.0,0.0,0.0
115,1,10,2,0.0,0.0,0.0
115,1,10,3,0.0,2.0,2.0
115,1,11,1,0.0,0.0,0.0
115,1,11,2,0.0,0.0,0.0
115,1,11,3,0.0,2.0,2.0
115,1,12,1,0.0,0.0,0.0
115,1,12,2,0.0,0.0,0.0
115,1,12,3,0.0,2.0,2.0
115,1,13,1,0.0,0.0,0.0
115,1,13,2,0.0,0.0,0.0
115,1,13,3,0.0,2.0,2.0
115,1,14,1,0.0,0.0,0.0
115,1,14,2,0.0,0.0,0.0
115,1,14,3,0.0,2.0,2.0
115,1,15,1,0.0,0.0,0.0
115,1,15,2,0.0,0.0,0.0
115,1,15,3,0.0,2.0,2.0
115,1,16,1,0.0,0.0,0.0
115,1,16,2,0.0,0.0,0.0
115,1,16,3,0.0,2.0,2.0
115,1,17,1,0.0,0.0,0.0
115,1,17,2,0.0,0.0,0.0
115,1,17,3,0.0,2.0,2.0
115,1,18,1,0.0,0.0,0.0
115,1,18,2,0.0,0.0,0.0
115,1,18,3,0.0,2.0,2.0
115,1,19,1,0.0,0.0,0.0
115,1,19,2,0.0,0.0,0.0
115,1,19,3,0.0,2.0,2.0
115,1,20,1,0.0,0.0,0.0
115,1,20,2,0.0,0.0,0.0
115,1,20,3,0.0,2.0,2.0
116,3,1,1,3.8761011266018324,3.8761011266018324,7.752202253203665
116,3,1,2,3.8761011266018324,3.8761011266018324,7.752202253203665
116,3,1,3,0.0,0.0,0.0
116,3,2,1,3.8761011266018324,3.8761011266018324,7.752202253203665
116,3,2,2,0.0,0.0,0.0
116,3,2,3,0.0,0.0,0.0
116,3,3,1,0.0,3.8761011266018324,3.8761011266018324
116,3,3,2,0.0,0.0,0.0
116,3,3,3,0.0,0.0,0.0
116,3,4,1,0.0,3.8761011266018324,3.8761011266018324
116,3,4,2,0.0,0.0,0.0
116,3,4,3,0.0,0.0,0.0
116,3,5,1,0.0,3.8761011266018324,3.8761011266018324
116,3,5,2,0.0,0.0,0.0
116,3,5,3,0.0,0.0,0.0
116,3,6,1,0.0,3.8761011266018324,3.8761011266018324
116,3,6,2,0.0,0.0,0.0
116,3,6,3,0.0,0.0,0.0
116,3,7,1,0.0,3.8761011266018324,3.8761011266018324
116,3,7,2,0.0,0.0,0.0
116,3,7,3,0.0,0.0,0.0
116,3,8,1,0.0,3.8761011266018324,3.8761011266018324
116,3,8,2,0.0,0.0,0.0
116,3,8,3,0.0,0.0,0.0
116,3,9,1,0.0,3.8761011266018324,3.8761011266018324
116,3,9,2,0.0,0.0,0.0
116,3,9,3,0.0,0.0,0.0
116,3,10,1,0.0,3.8761011266018324,3.8761011266018324
116,3,10,2,0.0,0.0,0.0
116,3,10,3,0.0,0.0,0.0
116,3,11,1,0.0,3.8761011266018324,3.8761011266018324
116,3,11,2,0.0,0.0,0.0
116,3,11,3,0.0,0.0,0.0
116,3,12,1,0.0,3.8761011266018324,3.8761011266018324
116,3,12,2,0.0,0.0,0.0
116,3,12,3,0.0,0.0,0.0
116,3,13,1,0.0,3.8761011266018324,3.8761011266018324
116,3,13,2,0.0,3.8761011266018324,3.8761011266018324
116,3,13,3,0.0,0.0,0.0
116,3,14,1,0.0,0.0,0.0
116,3,14,2,0.0,3.8761011266018324,3.8761011266018324
116,3,14,3,0.0,0.0,0.0
116,3,15,1,0.0,0.0,0.0
116,3,15,2,0.0,3.8761011266018324,3.8761011266018324
116,3,15,3,0.0,0.0,0.0
116,3,16,1,0.0,3.8761011266018324,3.8761011266018324
116,3,16,2,0.0,0.0,0.0
116,3,16,3,0.0,0.0,0.0
116,3,17,1,0.0,3.8761011266018324,3.8761011266018324
116,3,17,2,0.0,0.0,0.0
116,3,17,3,0.0,0.0,0.0
116,3,18,1,0.0,3.8761011266018324,3.8761011266018324
116,3,18,2,0.0,0.0,0.0
116,3,18,3,0.0,0.0,0.0
116,3,19,1,0.0,3.8761011266018324,3.8761011266018324
116,3,19,2,0.0,0.0,0.0
116,3,19,3,0.0,0.0,0.0
116,3,20,1,0.0,3.8761011266018324,3.8761011266018324
116,3,20,2,0.0,3.8761011266018324,3.8761011266018324
116,3,20,3,2.0,2.0,4.0
116,2,1,1,4.670201183380856,3.8761011266018324,8.54630230998269
116,2,1,2,3.8761011266018324,3.8761011266018324,7.752202253203665
116,2,1,3,0.0,0.0,0.0
116,2,2,1,0.0,0.0,0.0
116,2,2,2,0.0,3.8761011266018324,3.8761011266018324
116,2,2,3,0.0,0.0,0.0
116,2,3,1,0.0,0.0,0.0
116,2,3,2,0.0,3.8761011266018324,3.8761011266018324
116,2,3,3,0.0,0.0,0.0
116,2,4,1,0.0,0.0,0.0
116,2,4,2,0.0,3.8761011266018324,3.8761011266018324
116,2,4,3,0.0,0.0,0.0
116,2,5,1,0.0,0.0,0.0
116,2,5,2,0.0,3.8761011266018324,3.8761011266018324
116,2,5,3,0.0,0.0,0.0
116,2,6,1,0.0,0.0,0.0
116,2,6,2,0.0,3.8761011266018324,3.8761011266018324
116,2,6,3,0.0,0.0,0.0
116,2,7,1,0.0,0.0,0.0
116,2,7,2,0.0,3.8761011266018324,3.8761011266018324
116,2,7,3,0.0,0.0,0.0
116,2,8,1,0.0,0.0,0.0
116,2,8,2,0.0,3.8761011266018324,3.8761011266018324
116,2,8,3,0.0,0.0,0.0
116,2,9,1,0.0,0.0,0.0
116,2,9,2,0.0,3.8761011266018324,3.8761011266018324
116,2,9,3,0.0,0.0,0.0
116,2,10,1,0.0,0.0,0.0
116,2,10,2,0.0,3.8761011266018324,3.8761011266018324
116,2,10,3,0.0,0.0,0.0
116,2,11,1,0.0,0.0,0.0
116,2,11,2,0.0,3.8761011266018324,3.8761011266018324
116,2,11,3,0.0,0.0,0.0
116,2,12,1,0.0,0.0,0.0
116,2,12,2,0.0,3.8761011266018324,3.8761011266018324
116,2,12,3,0.0,0.0,0.0
116,2,13,1,0.0,0.0,0.0
116,2,13,2,0.0,3.8761011266018324,3.8761011266018324
116,2,13,3,0.0,0.0,0.0
116,2,14,1,0.0,0.0,0.0
116,2,14,2,0.0,3.8761011266018324,3.8761011266018324
116,2,14,3,0.0,0.0,0.0
116,2,15,1,0.0,0.0,0.0
116,2,15,2,0.0,3.8761011266018324,3.8761011266018324
116,2,15,3,0.0,0.0,0.0
116,2,16,1,0.0,0.0,0.0
116,2,16,2,0.0,3.8761011266018324,3.8761011266018324
116,2,16,3,2.0,2.0,4.0
116,2,17,1,0.0,0.0,0.0
116,2,17,2,0.0,0.0,0.0
116,2,17,3,0.0,2.0,2.0
116,2,18,1,0.7941000567790231,3.8761011266018324,4.670201183380856
116,2,18,2,0.0,3.8761011266018324,3.8761011266018324
116,2,18,3,0.0,0.0,0.0
116,2,19,1,0.0,0.0,0.0
116,2,19,2,0.0,3.8761011266018324,3.8761011266018324
116,2,19,3,0.0,0.0,0.0
116,2,20,1,0.0,0.0,0.0
116,2,20,2,0.0,3.8761011266018324,3.8761011266018324
116,2,20,3,0.0,0.0,0.0
116,1,1,1,4.670201183380856,3.8761011266018324,8.54630230998269
116,1,1,2,2.794100056779023,2.0,4.794100056779023
116,1,1,3,2.0,2.0,4.0
116,1,2,1,0.0,0.0,0.0
116,1,2,2,0.0,0.0,0.0
116,1,2,3,0.0,2.0,2.0
116,1,3,1,0.7941000567790231,3.8761011266018324,4.670201183380856
116,1,3,2,0.7941000567790231,2.0,2.794100056779023
116,1,3,3,0.0,2.0,2.0
116,1,4,1,0.0,0.0,0.0
116,1,4,2,0.0,0.0,0.0
116,1,4,3,0.0,2.0,2.0
116,1,5,1,0.0,0.0,0.0
116,1,5,2,0.0,0.0,0.0
116,1,5,3,0.0,2.0,2.0
116,1,6,1,0.0,0.0,0.0
116,1,6,2,0.0,0.0,0.0
116,1,6,3,0.0,2.0,2.0
116,1,7,1,0.0,0.0,0.0
116,1,7,2,0.0,0.0,0.0
116,1,7,3,0.0,2.0,2.0
116,1,8,1,0.0,0.0,0.0
116,1,8,2,0.0,0.0,0.0
116,1,8,3,0.0,2.0,2.0
116,1,9,1,0.0,0.0,0.0
116,1,9,2,0.0,0.0,0.0
116,1,9,3,0.0,2.0,2.0
116,1,10,1,0.0,0.0,0.0
116,1,10,2,0.0,0.0,0.0
116,1,10,3,0.0,2.0,2.0
116,1,11,1,0.0,0.0,0.0
116,1,11,2,0.0,0.0,0.0
116,1,11,3,0.0,2.0,2.0
116,1,12,1,0.0,0.0,0.0
116,1,12,2,0.0,0.0,0.0
116,1,12,3,0.0,2.0,2.0
116,1,13,1,0.0,0.0,0.0
116,1,13,2,0.0,0.0,0.0
116,1,13,3,0.0,2.0,2.0
116,1,14,1,0.0,0.0,0.0
116,1,14,2,0.0,0.0,0.0
116,1,14,3,0.0,2.0,2.0
116,1,15,1,0.0,0.0,0.0
116,1,15,2,0.0,0.0,0.0
116,1,15,3,0.0,2.0,2.0
116,1,16,1,0.0,0.0,0.0
116,1,16,2,0.0,0.0,0.0
116,1,16,3,0.0,2.0,2.0
116,1,17,1,0.0,0.0,0.0
116,1,17,2,0.0,0.0,0.0
116,1,17,3,0.0,2.0,2.0
116,1,18,1,0.0,0.0,0.0
116,1,18,2,0.0,0.0,0.0
116,1,18,3,0.0,2.0,2.0
116,1,19,1,0.0,0.0,0.0
116,1,19,2,0.0,0.0,0.0
116,1,19,3,0.0,2.0,2.0
116,1,20,1,0.0,0.0,0.0
116,1,20,2,0.0,0.0,0.0
116,1,20,3,0.0,2.0,2.0
117,3,1,1,3.8761011266018324,3.8761011266018324,7.752202253203665
117,3,1,2,0.0,0.0,0.0
117,3,1,3,0.0,0.0,0.0
117,3,2,1,3.8761011266018324,3.8761011266018324,7.752202253203665
117,3,2,2,0.0,0.0,0.0
117,3,2,3,0.0,0.0,0.0
117,3,3,1,0.0,3.8761011266018324,3.8761011266018324
117,3,3,2,0.0,0.0,0.0
117,3,3,3,0.0,0.0,0.0
117,3,4,1,0.0,3.8761011266018324,3.8761011266018324
117,3,4,2,0.0,0.0,0.0
117,3,4,3,0.0,0.0,0.0
117,3,5,1,0.0,3.8761011266018324,3.8761011266018324
117,3,5,2,3.8761011266018324,3.8761011266018324,7.752202253203665
117,3,5,3,0.0,0.0,0.0
117,3,6,1,0.0,0.0,0.0
117,3,6,2,0.0,3.8761011266018324,3.8761011266018324
117,3,6,3,0.0,0.0,0.0
117,3,7,1,0.0,0.0,0.0
117,3,7,2,0.0,3.8761011266018324,3.8761011266018324
117,3,7,3,0.0,0.0,0.0
117,3,8,1,0.0,0.0,0.0
117,3,8,2,0.0,3.8761011266018324,3.8761011266018324
117,3,8,3,0.0,0.0,0.0
117,3,9,1,0.0,3.8761011266018324,3.8761011266018324
117,3,9,2,0.0,0.0,0.0
117,3,9,3,0.0,0.0,0.0
117,3,10,1,0.0,3.8761011266018324,3.8761011266018324
117,3,10,2,0.0,0.0,0.0
117,3,10,3,0.0,0.0,0.0
117,3,11,1,0.0,3.8761011266018324,3.8761011266018324
117,3,11,2,0.0,0.0,0.0
117,3,11,3,0.0,0.0,0.0
117,3,12,1,0.0,3.8761011266018324,3.8761011266018324
117,3,12,2,0.0,3.8761011266018324,3.8761011266018324
117,3,12,3,0.0,0.0,0.0
117,3,13,1,0.0,3.8761011266018324,3.8761011266018324
117,3,13,2,0.0,0.0,0.0
117,3,13,3,0.0,0.0,0.0
117,3,14,1,0.0,3.8761011266018324,3.8761011266018324
117,3,14,2,0.0,0.0,0.0
117,3,14,3,0.0,0.0,0.0
117,3,15,1,0.0,3.8761011266018324,3.8761011266018324
117,3,15,2,0.0,0.0,0.0
117,3,15,3,0.0,0.0,0.0
117,3,16,1,0.0,3.8761011266018324,3.8761011266018324
117,3,16,2,0.0,3.8761011266018324,3.8761011266018324
117,3,16,3,0.0,0.0,0.0
117,3,17,1,0.0,0.0,0.0
117,3,17,2,0.0,3.8761011266018324,3.8761011266018324
117,3,17,3,0.0,0.0,0.0
117,3,18,1,0.0,3.8761011266018324,3.8761011266018324
117,3,18,2,0.0,0.0,0.0
117,3,18,3,0.0,0.0,0.0
117,3,19,1,0.0,3.8761011266018324,3.8761011266018324
117,3,19,2,0.0,0.0,0.0
117,3,19,3,0.0,0.0,0.0
117,3,20,1,0.0,3.8761011266018324,3.8761011266018324
117,3,20,2,0.0,0.0,0.0
117,3,20,3,0.0,0.0,0.0
117,2,1,1,4.670201183380856,3.8761011266018324,8.54630230998269
117,2,1,2,3.8761011266018324,3.8761011266018324,7.752202253203665
117,2,1,3,0.0,0.0,0.0
117,2,2,1,0.0,0.0,0.0
117,2,2,2,0.0,3.8761011266018324,3.8761011266018324
117,2,2,3,2.0,2.0,4.0
117,2,3,1,0.0,0.0,0.0
117,2,3,2,0.0,0.0,0.0
117,2,3,3,0.0,2.0,2.0
117,2,4,1,0.0,0.0,0.0
117,2,4,2,0.0,0.0,0.0
117,2,4,3,0.0,2.0,2.0
117,2,5,1,0.0,0.0,0.0
117,2,5,2,0.0,0.0,0.0
117,2,5,3,0.0,2.0,2.0
117,2,6,1,0.0,0.0,0.0
117,2,6,2,0.0,0.0,0.0
117,2,6,3,0.0,2.0,2.0
117,2,7,1,0.0,0.0,0.0
117,2,7,2,0.0,0.0,0.0
117,2,7,3,0.0,2.0,2.0
117,2,8,1,0.7941000567790231,3.8761011266018324,4.670201183380856
117,2,8,2,0.0,0.0,0.0
117,2,8,3,0.0,0.0,0.0
117,2,9,1,0.7941000567790231,3.8761011266018324,4.670201183380856
117,2,9,2,0.0,0.0,0.0
117,2,9,3,0.0,0.0,0.0
117,2,10,1,0.7941000567790231,3.8761011266018324,4.670201183380856
117,2,10,2,0.0,0.0,0.0
117,2,10,3,0.0,0.0,0.0
117,2,11,1,0.0,3.8761011266018324,3.8761011266018324
117,2,11,2,0.0,3.8761011266018324,3.8761011266018324
117,2,11,3,0.0,0.0,0.0
117,2,12,1,0.0,0.0,0.0
117,2,12,2,0.0,3.8761011266018324,3.8761011266018324
117,2,12,3,0.0,0.0,0.0
117,2,13,1,0.0,0.0,0.0
117,2,13,2,0.0,3.8761011266018324,3.8761011266018324
117,2,13,3,0.0,0.0,0.0
117,2,14,1,0.0,0.0,0.0
117,2,14,2,0.0,3.8761011266018324,3.8761011266018324
117,2,14,3,0.0,0.0,0.0
117,2,15,1,0.0,0.0,0.0
117,2,15,2,0.0,3.8761011266018324,3.8761011266018324
117,2,15,3,0.0,2.0,2.0
117,2,16,1,0.0,3.8761011266018324,3.8761011266018324
117,2,16,2,0.0,3.8761011266018324,3.8761011266018324
117,2,16,3,0.0,0.0,0.0
117,2,17,1,0.0,0.0,0.0
117,2,17,2,0.0,3.8761011266018324,3.8761011266018324
117,2,17,3,0.0,0.0,0.0
117,2,18,1,0.0,0.0,0.0
117,2,18,2,0.0,3.8761011266018324,3.8761011266018324
117,2,18,3,0.0,2.0,2.0
117,2,19,1,0.0,0.0,0.0
117,2,19,2,0.0,0.0,0.0
117,2,19,3,0.0,2.0,2.0
117,2,20,1,0.0,0.0,0.0
117,2,20,2,0.0,0.0,0.0
117,2,20,3,0.0,2.0,2.0
117,1,1,1,4.670201183380856,3.8761011266018324,8.54630230998269
117,1,1,2,0.0,0.0,0.0
117,1,1,3,0.0,0.0,0.0
117,1,2,1,0.7941000567790231,3.8761011266018324,4.670201183380856
117,1,2,2,2.794100056779023,2.0,4.794100056779023
117,1,2,3,0.0,0.0,0.0
117,1,3,1,0.0,0.0,0.0
117,1,3,2,0.7941000567790231,2.0,2.794100056779023
117,1,3,3,2.0,2.0,4.0
117,1,4,1,0.0,0.0,0.0
117,1,4,2,0.0,0.0,0.0
117,1,4,3,0.0,2.0,2.0
117,1,5,1,0.0,0.0,0.0
117,1,5,2,0.0,0.0,0.0
117,1,5,3,0.0,2.0,2.0
117,1,6,1,0.0,0.0,0.0
117,1,6,2,0.0,0.0,0.0
117,1,6,3,0.0,2.0,2.0
117,1,7,1,0.0,0.0,0.0
117,1,7,2,0.0,0.0,0.0
117,1,7,3,0.0,2.0,2.0
117,1,8,1,0.0,0.0,0.0
117,1,8,2,0.0,0.0,0.0
117,1,8,3,0.0,2.0,2.0
117,1,9,1,0.0,0.0,0.0
117,1,9,2,0.0,0.0,0.0
117,1,9,3,0.0,2.0,2.0
117,1,10,1,0.0,0.0,0.0
117,1,10,2,0.0,0.0,0.0
117,1,10,3,0.0,2.0,2.0
117,1,11,1,0.0,0.0,0.0
117,1,11,2,0.0,0.0,0.0
117,1,11,3,0.0,2.0,2.0
117,1,12,1,0.0,0.0,0.0
117,1,12,2,0.0,0.0,0.0
117,1,12,3,0.0,2.0,2.0
117,1,13,1,0.0,0.0,0.0
117,1,13,2,0.0,0.0,0.0
117,1,13,3,0.0,2.0,2.0
117,1,14,1,0.0,0.0,0.0
117,1,14,2,0.0,0.0,0.0
117,1,14,3,0.0,2.0,2.0
117,1,15,1,0.0,0.0,0.0
117,1,15,2,0.0,0.0,0.0
117,1,15,3,0.0,2.0,2.0
117,1,16,1,0.0,0.0,0.0
117,1,16,2,0.0,0.0,0.0
117,1,16,3,0.0,2.0,2.0
117,1,17,1,0.0,0.0,0.0
117,1,17,2,0.0,0.0,0.0
117,1,17,3,0.0,2.0,2.0
117,1,18,1,0.0,0.0,0.0
117,1,18,2,0.0,0.0,0.0
117,1,18,3,0.0,2.0,2.0
117,1,19,1,0.0,0.0,0.0
117,1,19,2,0.0,0.0,0.0
117,1,19,3,0.0,2.0,2.0
117,1,20,1,0.0,0.0,0.0
117,1,20,2,0.0,0.0,0.0
117,1,20,3,0.0,2.0,2.0
118,3,1,1,3.8761011266018324,3.8761011266018324,7.752202253203665
118,3,1,2,3.8761011266018324,3.8761011266018324,7.752202253203665
118,3,1,3,0.0,0.0,0.0
118,3,2,1,0.0,0.0,0.0
118,3,2,2,0.0,3.8761011266018324,3.8761011266018324
118,3,2,3,0.0,0.0,0.0
118,3,3,1,3.8761011266018324,3.8761011266018324,7.752202253203665
118,3,3,2,0.0,0.0,0.0
118,3,3,3,0.0,0.0,0.0
118,3,4,1,0.0,3.8761011266018324,3.8761011266018324
118,3,4,2,0.0,0.0,0.0
118,3,4,3,0.0,0.0,0.0
118,3,5,1,0.0,3.8761011266018324,3.8761011266018324
118,3,5,2,0.0,0.0,0.0
118,3,5,3,0.0,0.0,0.0
118,3,6,1,0.0,3.8761011266018324,3.8761011266018324
118,3,6,2,0.0,0.0,0.0
118,3,6,3,0.0,0.0,0.0
118,3,7,1,0.0,3.8761011266018324,3.8761011266018324
118,3,7,2,0.0,0.0,0.0
118,3,7,3,0.0,0.0,0.0
118,3,8,1,0.0,3.8761011266018324,3.8761011266018324
118,3,8,2,0.0,0.0,0.0
118,3,8,3,0.0,0.0,0.0
118,3,9,1,0.0,3.8761011266018324,3.8761011266018324
118,3,9,2,0.0,3.8761011266018324,3.8761011266018324
118,3,9,3,0.0,0.0,0.0
118,3,10,1,0.0,3.8761011266018324,3.8761011266018324
118,3,10,2,0.0,0.0,0.0
118,3,10,3,0.0,0.0,0.0
118,3,11,1,0.0,3.8761011266018324,3.8761011266018324
118,3,11,2,0.0,0.0,0.0
118,3,11,3,0.0,0.0,0.0
118,3,12,1,0.0,3.8761011266018324,3.8761011266018324
118,3,12,2,0.0,0.0,0.0
118,3,12,3,0.0,0.0,0.0
118,3,13,1,0.0,3.8761011266018324,3.8761011266018324
118,3,13,2,0.0,3.8761011266018324,3.8761011266018324
118,3,13,3,0.0,0.0,0.0
118,3,14,1,0.0,0.0,0.0
118,3,14,2,0.0,3.8761011266018324,3.8761011266018324
118,3,14,3,0.0,0.0,0.0
118,3,15,1,0.0,0.0,0.0
118,3,15,2,0.0,3.8761011266018324,3.8761011266018324
118,3,15,3,0.0,0.0,0.0
118,3,16,1,0.0,3.8761011266018324,3.8761011266018324
118,3,16,2,0.0,0.0,0.0
118,3,16,3,0.0,0.0,0.0
118,3,17,1,0.0,3.8761011266018324,3.8761011266018324
118,3,17,2,0.0,0.0,0.0
118,3,17,3,0.0,0.0,0.0
118,3,18,1,0.0,3.8761011266018324,3.8761011266018324
118,3,18,2,0.0,0.0,0.0
118,3,18,3,0.0,0.0,0.0
118,3,19,1,0.0,3.8761011266018324,3.8761011266018324
118,3,19,2,0.0,3.8761011266018324,3.8761011266018324
118,3,19,3,0.0,0.0,0.0
118,3,20,1,0.0,3.8761011266018324,3.8761011266018324
118,3,20,2,0.0,0.0,0.0
118,3,20,3,0.0,0.0,0.0
118,2,1,1,4.670201183380856,3.8761011266018324,8.54630230998269
118,2,1,2,0.0,0.0,0.0
118,2,1,3,0.0,0.0,0.0
118,2,2,1,0.7941000567790231,3.8761011266018324,4.670201183380856
118,2,2,2,0.0,0.0,0.0
118,2,2,3,0.0,0.0,0.0
118,2,3,1,0.7941000567790231,3.8761011266018324,4.670201183380856
118,2,3,2,0.0,0.0,0.0
118,2,3,3,0.0,0.0,0.0
118,2,4,1,0.7941000567790231,3.8761011266018324,4.670201183380856
118,2,4,2,3.8761011266018324,3.8761011266018324,7.752202253203665
118,2,4,3,2.0,2.0,4.0
118,2,5,1,0.0,0.0,0.0
118,2,5,2,0.0,0.0,0.0
118,2,5,3,0.0,2.0,2.0
118,2,6,1,0.0,3.8761011266018324,3.8761011266018324
118,2,6,2,0.0,3.8761011266018324,3.8761011266018324
118,2,6,3,0.0,0.0,0.0
118,2,7,1,0.0,0.0,0.0
118,2,7,2,0.0,3.8761011266018324,3.8761011266018324
118,2,7,3,0.0,0.0,0.0
118,2,8,1,0.0,0.0,0.0
118,2,8,2,0.0,3.8761011266018324,3.8761011266018324
118,2,8,3,0.0,0.0,0.0
118,2,9,1,0.0,0.0,0.0
118,2,9,2,0.0,3.8761011266018324,3.8761011266018324
118,2,9,3,0.0,0.0,0.0
118,2,10,1,0.0,0.0,0.0
118,2,10,2,0.0,3.8761011266018324,3.8761011266018324
118,2,10,3,0.0,0.0,0.0
118,2,11,1,0.0,0.0,0.0
118,2,11,2,0.0,3.8761011266018324,3.8761011266018324
118,2,11,3,0.0,0.0,0.0
118,2,12,1,0.0,0.0,0.0
118,2,12,2,0.0,3.8761011266018324,3.8761011266018324
118,2,12,3,0.0,0.0,0.0
118,2,13,1,0.0,0.0,0.0
118,2,13,2,0.0,3.8761011266018324,3.8761011266018324
118,2,13,3,0.0,0.0,0.0
118,2,14,1,0.0,0.0,0.0
118,2,14,2,0.0,3.8761011266018324,3.8761011266018324
118,2,14,3,0.0,0.0,0.0
118,2,15,1,0.0,0.0,0.0
118,2,15,2,0.0,3.8761011266018324,3.8761011266018324
118,2,15,3,0.0,0.0,0.0
118,2,16,1,0.0,0.0,0.0
118,2,16,2,0.0,3.8761011266018324,3.8761011266018324
118,2,16,3,0.0,0.0,0.0
118,2,17,1,0.0,0.0,0.0
118,2,17,2,0.0,3.8761011266018324,3.8761011266018324
118,2,17,3,0.0,0.0,0.0
118,2,18,1,0.0,0.0,0.0
118,2,18,2,0.0,3.8761011266018324,3.8761011266018324
118,2,18,3,0.0,0.0,0.0
118,2,19,1,0.0,0.0,0.0
118,2,19,2,0.0,3.8761011266018324,3.8761011266018324
118,2,19,3,0.0,0.0,0.0
118,2,20,1,0.0,0.0,0.0
118,2,20,2,0.0,3.8761011266018324,3.8761011266018324
118,2,20,3,0.0,0.0,0.0
118,1,1,1,4.670201183380856,3.8761011266018324,8.54630230998269
118,1,1,2,2.794100056779023,2.0,4.794100056779023
118,1,1,3,2.0,2.0,4.0
118,1,2,1,0.0,0.0,0.0
118,1,2,2,0.0,0.0,0.0
118,1,2,3,0.0,2.0,2.0
118,1,3,1,0.0,0.0,0.0
118,1,3,2,0.0,0.0,0.0
118,1,3,3,0.0,2.0,2.0
118,1,4,1,0.0,0.0,0.0
118,1,4,2,0.0,0.0,0.0
118,1,4,3,0.0,2.0,2.0
118,1,5,1,0.0,0.0,0.0
118,1,5,2,0.0,0.0,0.0
118,1,5,3,0.0,2.0,2.0
118,1,6,1,0.0,0.0,0.0
118,1,6,2,0.0,0.0,0.0
118,1,6,3,0.0,2.0,2.0
118,1,7,1,0.0,0.0,0.0
118,1,7,2,0.0,0.0,0.0
118,1,7,3,0.0,2.0,2.0
118,1,8,1,0.0,0.0,0.0
118,1,8,2,0.0,0.0,0.0
118,1,8,3,0.0,2.0,2.0
118,1,9,1,0.0,0.0,0.0
118,1,9,2,0.0,0.0,0.0
118,1,9,3,0.0,2.0,2.0
118,1,10,1,0.0,0.0,0.0
118,1,10,2,0.0,0.0,0.0
118,1,10,3,0.0,2.0,2.0
118,1,11,1,0.0,0.0,0.0
118,1,11,2,0.0,0.0,0.0
118,1,11,3,0.0,2.0,2.0
118,1,12,1,0.0,0.0,0.0
118,1,12,2,0.0,0.0,0.0
118,1,12,3,0.0,2.0,2.0
118,1,13,1,0.0,0.0,0.0
118,1,13,2,0.0,0.0,0.0
118,1,13,3,0.0,2.0,2.0
118,1,14,1,0.0,0.0,0.0
118,1,14,2,0.0,0.0,0.0
118,1,14,3,0.0,2.0,2.0
118,1,15,1,0.0,0.0,0.0
118,1,15,2,0.0,0.0,0.0
118,1,15,3,0.0,2.0,2.0
118,1,16,1,0.0,0.0,0.0
118,1,16,2,0.0,0.0,0.0
118,1,16,3,0.0,2.0,2.0
118,1,17,1,0.0,0.0,0.0
118,1,17,2,0.0,0.0,0.0
118,1,17,3,0.0,2.0,2.0
118,1,18,1,0.0,0.0,0.0
118,1,18,2,0.0,0.0,0.0
118,1,18,3,0.0,2.0,2.0
118,1,19,1,0.0,0.0,0.0
118,1,19,2,0.0,0.0,0.0
118,1,19,3,0.0,2.0,2.0
118,1,20,1,0.0,0.0,0.0
118,1,20,2,0.0,0.0,0.0
118,1,20,3,0.0,2.0,2.0
119,3,1,1,3.8761011266018324,3.8761011266018324,7.752202253203665
119,3,1,2,0.0,0.0,0.0
119,3,1,3,0.0,0.0,0.0
119,3,2,1,3.8761011266018324,3.8761011266018324,7.752202253203665
119,3,2,2,0.0,0.0,0.0
119,3,2,3,0.0,0.0,0.0
119,3,3,1,0.0,3.8761011266018324,3.8761011266018324
119,3,3,2,0.0,0.0,0.0
119,3,3,3,0.0,0.0,0.0
119,3,4,1,0.0,3.8761011266018324,3.8761011266018324
119,3,4,2,0.0,0.0,0.0
119,3,4,3,0.0,0.0,0.0
119,3,5,1,0.0,3.8761011266018324,3.8761011266018324
119,3,5,2,0.0,0.0,0.0
119,3,5,3,0.0,0.0,0.0
119,3,6,1,0.0,3.8761011266018324,3.8761011266018324
119,3,6,2,3.8761011266018324,3.8761011266018324,7.752202253203665
119,3,6,3,0.0,0.0,0.0
119,3,7,1,0.0,0.0,0.0
119,3,7,2,0.0,3.8761011266018324,3.8761011266018324
119,3,7,3,0.0,0.0,0.0
119,3,8,1,0.0,3.8761011266018324,3.8761011266018324
119,3,8,2,0.0,0.0,0.0
119,3,8,3,0.0,0.0,0.0
119,3,9,1,0.0,3.8761011266018324,3.8761011266018324
119,3,9,2,0.0,0.0,0.0
119,3,9,3,0.0,0.0,0.0
119,3,10,1,0.0,3.8761011266018324,3.8761011266018324
119,3,10,2,0.0,0.0,0.0
119,3,10,3,0.0,0.0,0.0
119,3,11,1,0.0,3.8761011266018324,3.8761011266018324
119,3,11,2,0.0,0.0,0.0
119,3,11,3,0.0,0.0,0.0
119,3,12,1,0.0,3.8761011266018324,3.8761011266018324
119,3,12,2,0.0,0.0,0.0
119,3,12,3,0.0,0.0,0.0
119,3,13,1,0.0,3.8761011266018324,3.8761011266018324
119,3,13,2,0.0,0.0,0.0
119,3,13,3,0.0,0.0,0.0
119,3,14,1,0.0,3.8761011266018324,3.8761011266018324
119,3,14,2,0.0,0.0,0.0
119,3,14,3,0.0,0.0,0.0
119,3,15,1,0.0,3.8761011266018324,3.8761011266018324
119,3,15,2,0.0,0.0,0.0
119,3,15,3,0.0,0.0,0.0
119,3,16,1,0.0,3.8761011266018324,3.8761011266018324
119,3,16,2,0.0,0.0,0.0
119,3,16,3,0.0,0.0,0.0
119,3,17,1,0.0,3.8761011266018324,3.8761011266018324
119,3,17,2,0.0,0.0,0.0
119,3,17,3,0.0,0.0,0.0
119,3,18,1,0.0,3.8761011266018324,3.8761011266018324
119,3,18,2,0.0,0.0,0.0
119,3,18,3,0.0,0.0,0.0
119,3,19,1,0.0,3.8761011266018324,3.8761011266018324
119,3,19,2,0.0,0.0,0.0
119,3,19,3,0.0,0.0,0.0
119,3,20,1,0.0,3.8761011266018324,3.8761011266018324
119,3,20,2,0.0,0.0,0.0
119,3,20,3,0.0,0.0,0.0
119,2,1,1,4.670201183380856,3.8761011266018324,8.54630230998269
119,2,1,2,0.0,0.0,0.0
119,2,1,3,0.0,0.0,0.0
119,2,2,1,0.7941000567790231,3.8761011266018324,4.670201183380856
119,2,2,2,0.0,0.0,0.0
119,2,2,3,0.0,0.0,0.0
119,2,3,1,0.7941000567790231,3.8761011266018324,4.670201183380856
119,2,3,2,0.0,0.0,0.0
119,2,3,3,0.0,0.0,0.0
119,2,4,1,0.7941000567790231,3.8761011266018324,4.670201183380856
119,2,4,2,3.8761011266018324,3.8761011266018324,7.752202253203665
119,2,4,3,0.0,0.0,0.0
119,2,5,1,0.0,0.0,0.0
119,2,5,2,0.0,3.8761011266018324,3.8761011266018324
119,2,5,3,2.0,2.0,4.0
119,2,6,1,0.0,0.0,0.0
119,2,6,2,0.0,0.0,0.0
119,2,6,3,0.0,2.0,2.0
119,2,7,1,0.0,3.8761011266018324,3.8761011266018324
119,2,7,2,0.0,3.8761011266018324,3.8761011266018324
119,2,7,3,0.0,0.0,0.0
119,2,8,1,0.0,0.0,0.0
119,2,8,2,0.0,3.8761011266018324,3.8761011266018324
119,2,8,3,0.0,0.0,0.0
119,2,9,1,0.0,0.0,0.0
119,2,9,2,0.0,3.8761011266018324,3.8761011266018324
119,2,9,3,0.0,0.0,0.0
119,2,10,1,0.0,0.0,0.0
119,2,10,2,0.0,3.8761011266018324,3.8761011266018324
119,2,10,3,0.0,2.0,2.0
119,2,11,1,0.0,0.0,0.0
119,2,11,2,0.0,0.0,0.0
119,2,11,3,0.0,2.0,2.0
119,2,12,1,0.0,3.8761011266018324,3.8761011266018324
119,2,12,2,0.0,3.8761011266018324,3.8761011266018324
119,2,12,3,0.0,0.0,0.0
119,2,13,1,0.0,0.0,0.0
119,2,13,2,0.0,3.8761011266018324,3.8761011266018324
119,2,13,3,0.0,0.0,0.0
119,2,14,1,0.0,0.0,0.0
119,2,14,2,0.0,3.8761011266018324,3.8761011266018324
119,2,14,3,0.0,0.0,0.0
119,2,15,1,0.0,0.0,0.0
119,2,15,2,0.0,3.8761011266018324,3.8761011266018324
119,2,15,3,0.0,0.0,0.0
119,2,16,1,0.0,0.0,0.0
119,2,16,2,0.0,3.8761011266018324,3.8761011266018324
119,2,16,3,0.0,0.0,0.0
119,2,17,1,0.0,0.0,0.0
119,2,17,2,0.0,3.8761011266018324,3.8761011266018324
119,2,17,3,0.0,0.0,0.0
119,2,18,1,0.0,0.0,0.0
119,2,18,2,0.0,3.8761011266018324,3.8761011266018324
119,2,18,3,0.0,0.0,0.0
119,2,19,1,0.0,0.0,0.0
119,2,19,2,0.0,3.8761011266018324,3.8761011266018324
119,2,19,3,0.0,0.0,0.0
119,2,20,1,0.0,0.0,0.0
119,2,20,2,0.0,3.8761011266018324,3.8761011266018324
119,2,20,3,0.0,0.0,0.0
119,1,1,1,4.670201183380856,3.8761011266018324,8.54630230998269
119,1,1,2,2.794100056779023,2.0,4.794100056779023
119,1,1,3,0.0,0.0,0.0
119,1,2,1,0.0,0.0,0.0
119,1,2,2,0.7941000567790231,2.0,2.794100056779023
119,1,2,3,2.0,2.0,4.0
119,1,3,1,0.0,0.0,0.0
119,1,3,2,0.0,0.0,0.0
119,1,3,3,0.0,2.0,2.0
119,1,4,1,0.0,0.0,0.0
119,1,4,2,0.0,0.0,0.0
119,1,4,3,0.0,2.0,2.0
119,1,5,1,0.0,0.0,0.0
119,1,5,2,0.0,0.0,0.0
119,1,5,3,0.0,2.0,2.0
119,1,6,1,0.0,0.0,0.0
119,1,6,2,0.0,0.0,0.0
119,1,6,3,0.0,2.0,2.0
119,1,7,1,0.0,0.0,0.0
119,1,7,2,0.0,0.0,0.0
119,1,7,3,0.0,2.0,2.0
119,1,8,1,0.0,0.0,0.0
119,1,8,2,0.0,0.0,0.0
119,1,8,3,0.0,2.0,2.0
119,1,9,1,0.0,0.0,0.0
119,1,9,2,0.0,0.0,0.0
119,1,9,3,0.0,2.0,2.0
119,1,10,1,0.0,0.0,0.0
119,1,10,2,0.0,0.0,0.0
119,1,10,3,0.0,2.0,2.0
119,1,11,1,0.0,0.0,0.0
119,1,11,2,0.0,0.0,0.0
119,1,11,3,0.0,2.0,2.0
119,1,12,1,0.0,0.0,0.0
119,1,12,2,0.0,0.0,0.0
119,1,12,3,0.0,2.0,2.0
119,1,13,1,0.0,0.0,0.0
119,1,13,2,0.0,0.0,0.0
119,1,13,3,0.0,2.0,2.0
119,1,14,1,0.0,0.0,0.0
119,1,14,2,0.0,0.0,0.0
119,1,14,3,0.0,2.0,2.0
119,1,15,1,0.0,0.0,0.0
119,1,15,2,0.0,0.0,0.0
119,1,15,3,0.0,2.0,2.0
119,1,16,1,0.0,0.0,0.0
119,1,16,2,0.0,0.0,0.0
119,1,16,3,0.0,2.0,2.0
119,1,17,1,0.0,0.0,0.0
119,1,17,2,0.0,0.0,0.0
119,1,17,3,0.0,2.0,2.0
119,1,18,1,0.0,0.0,0.0
119,1,18,2,0.0,0.0,0.0
119,1,18,3,0.0,2.0,2.0
119,1,19,1,0.0,0.0,0.0
119,1,19,2,0.0,0.0,0.0
119,1,19,3,0.0,2.0,2.0
119,1,20,1,0.0,0.0,0.0
119,1,20,2,0.0,0.0,0.0
119,1,20,3,0.0,0.0,0.0
120,3,1,1,3.8761011266018324,3.8761011266018324,7.752202253203665
120,3,1,2,3.8761011266018324,3.8761011266018324,7.752202253203665
120,3,1,3,0.0,0.0,0.0
120,3,2,1,0.0,0.0,0.0
120,3,2,2,0.0,3.8761011266018324,3.8761011266018324
120,3,2,3,0.0,0.0,0.0
120,3,3,1,0.0,0.0,0.0
120,3,3,2,0.0,3.8761011266018324,3.8761011266018324
120,3,3,3,2.0,2.0,4.0
120,3,4,1,3.8761011266018324,3.8761011266018324,7.752202253203665
120,3,4,2,0.0,3.8761011266018324,3.8761011266018324
120,3,4,3,0.0,0.0,0.0
120,3,5,1,0.0,0.0,0.0
120,3,5,2,0.0,3.8761011266018324,3.8761011266018324
120,3,5,3,0.0,0.0,0.0
120,3,6,1,0.0,3.8761011266018324,3.8761011266018324
120,3,6,2,0.0,0.0,0.0
120,3,6,3,0.0,0.0,0.0
120,3,7,1,0.0,3.8761011266018324,3.8761011266018324
120,3,7,2,0.0,3.8761011266018324,3.8761011266018324
120,3,7,3,0.0,0.0,0.0
120,3,8,1,0.0,0.0,0.0
120,3,8,2,0.0,3.8761011266018324,3.8761011266018324
120,3,8,3,0.0,0.0,0.0
120,3,9,1,0.0,0.0,0.0
120,3,9,2,0.0,3.8761011266018324,3.8761011266018324
120,3,9,3,0.0,0.0,0.0
120,3,10,1,0.0,3.8761011266018324,3.8761011266018324
120,3,10,2,0.0,0.0,0.0
120,3,10,3,0.0,0.0,0.0
120,3,11,1,0.0,3.8761011266018324,3.8761011266018324
120,3,11,2,0.0,0.0,0.0
120,3,11,3,0.0,0.0,0.0
120,3,12,1,0.0,3.8761011266018324,3.8761011266018324
120,3,12,2,0.0,0.0,0.0
120,3,12,3,0.0,0.0,0.0
120,3,13,1,0.0,3.8761011266018324,3.8761011266018324
120,3,13,2,0.0,3.8761011266018324,3.8761011266018324
120,3,13,3,0.0,2.0,2.0
120,3,14,1,0.0,3.8761011266018324,3.8761011266018324
120,3,14,2,0.0,0.0,0.0
120,3,14,3,0.0,0.0,0.0
120,3,15,1,0.0,3.8761011266018324,3.8761011266018324
120,3,15,2,0.0,0.0,0.0
120,3,15,3,0.0,0.0,0.0
120,3,16,1,0.0,3.8761011266018324,3.8761011266018324
120,3,16,2,0.0,0.0,0.0
120,3,16,3,0.0,0.0,0.0
120,3,17,1,0.0,3.8761011266018324,3.8761011266018324
120,3,17,2,0.0,0.0,0.0
120,3,17,3,0.0,0.0,0.0
120,3,18,1,0.0,3.8761011266018324,3.8761011266018324
120,3,18,2,0.0,0.0,0.0
120,3,18,3,0.0,0.0,0.0
120,3,19,1,0.0,3.8761011266018324,3.8761011266018324
120,3,19,2,0.0,0.0,0.0
120,3,19,3,0.0,0.0,0.0
120,3,20,1,0.0,3.8761011266018324,3.8761011266018324
120,3,20,2,0.0,0.0,0.0
120,3,20,3,0.0,0.0,0.0
120,2,1,1,4.670201183380856,3.8761011266018324,8.54630230998269
120,2,1,2,0.0,0.0,0.0
120,2,1,3,0.0,0.0,0.0
120,2,2,1,0.7941000567790231,3.8761011266018324,4.670201183380856
120,2,2,2,0.0,0.0,0.0
120,2,2,3,0.0,0.0,0.0
120,2,3,1,0.7941000567790231,3.8761011266018324,4.670201183380856
120,2,3,2,3.8761011266018324,3.8761011266018324,7.752202253203665
120,2,3,3,2.0,2.0,4.0
120,2,4,1,0.7941000567790231,3.8761011266018324,4.670201183380856
120,2,4,2,0.0,0.0,0.0
120,2,4,3,0.0,0.0,0.0
120,2,5,1,0.0,3.8761011266018324,3.8761011266018324
120,2,5,2,0.0,0.0,0.0
120,2,5,3,0.0,0.0,0.0
120,2,6,1,0.0,3.8761011266018324,3.8761011266018324
120,2,6,2,0.0,3.8761011266018324,3.8761011266018324
120,2,6,3,0.0,0.0,0.0
120,2,7,1,0.0,0.0,0.0
120,2,7,2,0.0,3.8761011266018324,3.8761011266018324
120,2,7,3,0.0,0.0,0.0
120,2,8,1,0.0,0.0,0.0
120,2,8,2,0.0,3.8761011266018324,3.8761011266018324
120,2,8,3,0.0,0.0,0.0
120,2,9,1,0.0,0.0,0.0
120,2,9,2,0.0,3.8761011266018324,3.8761011266018324
120,2,9,3,0.0,0.0,0.0
120,2,10,1,0.0,0.0,0.0
120,2,10,2,0.0,3.8761011266018324,3.8761011266018324
120,2,10,3,0.0,0.0,0.0
120,2,11,1,0.0,0.0,0.0
120,2,11,2,0.0,3.8761011266018324,3.8761011266018324
120,2,11,3,0.0,0.0,0.0
120,2,12,1,0.0,0.0,0.0
120,2,12,2,0.0,3.8761011266018324,3.8761011266018324
120,2,12,3,0.0,0.0,0.0
120,2,13,1,0.0,0.0,0.0
120,2,13,2,0.0,3.8761011266018324,3.8761011266018324
120,2,13,3,0.0,0.0,0.0
120,2,14,1,0.0,0.0,0.0
120,2,14,2,0.0,3.8761011266018324,3.8761011266018324
120,2,14,3,0.0,0.0,0.0
120,2,15,1,0.0,0.0,0.0
120,2,15,2,0.0,3.8761011266018324,3.8761011266018324
120,2,15,3,0.0,0.0,0.0
120,2,16,1,0.0,0.0,0.0
120,2,16,2,0.0,3.8761011266018324,3.8761011266018324
120,2,16,3,0.0,0.0,0.0
120,2,17,1,0.0,0.0,0.0
120,2,17,2,0.0,3.8761011266018324,3.8761011266018324
120,2,17,3,0.0,0.0,0.0
120,2,18,1,0.0,0.0,0.0
120,2,18,2,0.0,3.8761011266018324,3.8761011266018324
120,2,18,3,0.0,0.0,0.0
120,2,19,1,0.0,0.0,0.0
120,2,19,2,0.0,3.8761011266018324,3.8761011266018324
120,2,19,3,0.0,0.0,0.0
120,2,20,1,0.0,0.0,0.0
120,2,20,2,0.0,3.8761011266018324,3.8761011266018324
120,2,20,3,0.0,0.0,0.0
120,1,1,1,4.670201183380856,3.8761011266018324,8.54630230998269
120,1,1,2,0.0,0.0,0.0
120,1,1,3,0.0,0.0,0.0
120,1,2,1,0.7941000567790231,3.8761011266018324,4.670201183380856
120,1,2,2,0.0,0.0,0.0
120,1,2,3,0.0,0.0,0.0
120,1,3,1,0.7941000567790231,3.8761011266018324,4.670201183380856
120,1,3,2,2.794100056779023,2.0,4.794100056779023
120,1,3,3,2.0,2.0,4.0
120,1,4,1,0.0,3.8761011266018324,3.8761011266018324
120,1,4,2,0.7941000567790231,2.0,2.794100056779023
120,1,4,3,0.0,2.0,2.0
120,1,5,1,0.0,0.0,0.0
120,1,5,2,0.0,0.0,0.0
120,1,5,3,0.0,2.0,2.0
120,1,6,1,0.0,0.0,0.0
120,1,6,2,0.0,0.0,0.0
120,1,6,3,0.0,2.0,2.0
120,1,7,1,0.0,0.0,0.0
120,1,7,2,0.0,0.0,0.0
120,1,7,3,0.0,2.0,2.0
120,1,8,1,0.0,0.0,0.0
120,1,8,2,0.0,0.0,0.0
120,1,8,3,0.0,2.0,2.0
120,1,9,1,0.0,0.0,0.0
120,1,9,2,0.0,0.0,0.0
120,1,9,3,0.0,2.0,2.0
120,1,10,1,0.0,0.0,0.0
120,1,10,2,0.0,0.0,0.0
120,1,10,3,0.0,2.0,2.0
120,1,11,1,0.0,0.0,0.0
120,1,11,2,0.0,0.0,0.0
120,1,11,3,0.0,2.0,2.0
120,1,12,1,0.0,0.0,0.0
120,1,12,2,0.0,0.0,0.0
120,1,12,3,0.0,2.0,2.0
120,1,13,1,0.0,0.0,0.0
120,1,13,2,0.0,0.0,0.0
120,1,13,3,0.0,2.0,2.0
120,1,14,1,0.0,0.0,0.0
120,1,14,2,0.0,0.0,0.0
120,1,14,3,0.0,2.0,2.0
120,1,15,1,0.0,0.0,0.0
120,1,15,2,0.0,0.0,0.0
120,1,15,3,0.0,2.0,2.0
120,1,16,1,0.0,0.0,0.0
120,1,16,2,0.0,0.0,0.0
120,1,16,3,0.0,2.0,2.0
120,1,17,1,0.0,0.0,0.0
120,1,17,2,0.0,0.0,0.0
120,1,17,3,0.0,2.0,2.0
120,1,18,1,0.0,0.0,0.0
120,1,18,2,0.0,0.0,0.0
120,1,18,3,0.0,2.0,2.0
120,1,19,1,0.0,0.0,0.0
120,1,19,2,0.0,0.0,0.0
120,1,19,3,0.0,2.0,2.0
120,1,20,1,0.0,0.0,0.0
120,1,20,2,0.0,0.0,0.0
120,1,20,3,0.0,2.0,2.0
121,3,1,1,3.8761011266018324,3.8761011266018324,7.752202253203665
121,3,1,2,0.0,0.0,0.0
121,3,1,3,0.0,0.0,0.0
121,3,2,1,3.8761011266018324,3.8761011266018324,7.752202253203665
121,3,2,2,0.0,0.0,0.0
121,3,2,3,0.0,0.0,0.0
121,3,3,1,0.0,3.8761011266018324,3.8761011266018324
121,3,3,2,0.0,0.0,0.0
121,3,3,3,0.0,0.0,0.0
121,3,4,1,0.0,3.8761011266018324,3.8761011266018324
121,3,4,2,0.0,0.0,0.0
121,3,4,3,0.0,0.0,0.0
121,3,5,1,0.0,3.8761011266018324,3.8761011266018324
121,3,5,2,0.0,0.0,0.0
121,3,5,3,0.0,0.0,0.0
121,3,6,1,0.0,3.8761011266018324,3.8761011266018324
121,3,6,2,0.0,0.0,0.0
121,3,6,3,0.0,0.0,0.0
121,3,7,1,0.0,3.8761011266018324,3.8761011266018324
121,3,7,2,0.0,0.0,0.0
121,3,7,3,0.0,0.0,0.0
121,3,8,1,0.0,3.8761011266018324,3.8761011266018324
121,3,8,2,0.0,0.0,0.0
121,3,8,3,0.0,0.0,0.0
121,3,9,1,0.0,3.8761011266018324,3.8761011266018324
121,3,9,2,3.8761011266018324,3.8761011266018324,7.752202253203665
121,3,9,3,0.0,0.0,0.0
121,3,10,1,0.0,3.8761011266018324,3.8761011266018324
121,3,10,2,0.0,3.8761011266018324,3.8761011266018324
121,3,10,3,0.0,0.0,0.0
121,3,11,1,0.0,3.8761011266018324,3.8761011266018324
121,3,11,2,0.0,0.0,0.0
121,3,11,3,0.0,0.0,0.0
121,3,12,1,0.0,3.8761011266018324,3.8761011266018324
121,3,12,2,0.0,0.0,0.0
121,3,12,3,0.0,0.0,0.0
121,3,13,1,0.0,3.8761011266018324,3.8761011266018324
121,3,13,2,0.0,0.0,0.0
121,3,13,3,0.0,0.0,0.0
121,3,14,1,0.0,3.8761011266018324,3.8761011266018324
121,3,14,2,0.0,0.0,0.0
121,3,14,3,0.0,0.0,0.0
121,3,15,1,0.0,3.8761011266018324,3.8761011266018324
121,3,15,2,0.0,0.0,0.0
121,3,15,3,0.0,0.0,0.0
121,3,16,1,0.0,3.8761011266018324,3.8761011266018324
121,3,16,2,0.0,3.8761011266018324,3.8761011266018324
121,3,16,3,0.0,0.0,0.0
121,3,17,1,0.0,0.0,0.0
121,3,17,2,0.0,3.8761011266018324,3.8761011266018324
121,3,17,3,0.0,0.0,0.0
121,3,18,1,0.0,0.0,0.0
121,3,18,2,0.0,3.8761011266018324,3.8761011266018324
121,3,18,3,0.0,0.0,0.0
121,3,19,1,0.0,0.0,0.0
121,3,19,2,0.0,3.8761011266018324,3.8761011266018324
121,3,19,3,0.0,0.0,0.0
121,3,20,1,0.0,0.0,0.0
121,3,20,2,0.0,3.8761011266018324,3.8761011266018324
121,3,20,3,0.0,0.0,0.0
121,2,1,1,4.670201183380856,3.8761011266018324,8.54630230998269
121,2,1,2,0.0,0.0,0.0
121,2,1,3,0.0,0.0,0.0
121,2,2,1,0.7941000567790231,3.8761011266018324,4.670201183380856
121,2,2,2,0.0,0.0,0.0
121,2,2,3,0.0,0.0,0.0
121,2,3,1,0.7941000567790231,3.8761011266018324,4.670201183380856
121,2,3,2,3.8761011266018324,3.8761011266018324,7.752202253203665
121,2,3,3,0.0,0.0,0.0
121,2,4,1,0.0,0.0,0.0
121,2,4,2,0.0,3.8761011266018324,3.8761011266018324
121,2,4,3,0.0,0.0,0.0
121,2,5,1,0.0,0.0,0.0
121,2,5,2,0.0,3.8761011266018324,3.8761011266018324
121,2,5,3,0.0,0.0,0.0
121,2,6,1,0.0,0.0,0.0
121,2,6,2,0.0,3.8761011266018324,3.8761011266018324
121,2,6,3,0.0,0.0,0.0
121,2,7,1,0.0,0.0,0.0
121,2,7,2,0.0,3.8761011266018324,3.8761011266018324
121,2,7,3,0.0,0.0,0.0
121,2,8,1,0.0,0.0,0.0
121,2,8,2,0.0,3.8761011266018324,3.8761011266018324
121,2,8,3,0.0,0.0,0.0
121,2,9,1,0.0,0.0,0.0
121,2,9,2,0.0,3.8761011266018324,3.8761011266018324
121,2,9,3,0.0,0.0,0.0
121,2,10,1,0.0,0.0,0.0
121,2,10,2,0.0,3.8761011266018324,3.8761011266018324
121,2,10,3,0.0,0.0,0.0
121,2,11,1,0.0,0.0,0.0
121,2,11,2,0.0,3.8761011266018324,3.8761011266018324
121,2,11,3,0.0,0.0,0.0
121,2,12,1,0.0,0.0,0.0
121,2,12,2,0.0,3.8761011266018324,3.8761011266018324
121,2,12,3,0.0,0.0,0.0
121,2,13,1,0.0,0.0,0.0
121,2,13,2,0.0,3.8761011266018324,3.8761011266018324
121,2,13,3,0.0,0.0,0.0
121,2,14,1,0.0,0.0,0.0
121,2,14,2,0.0,3.8761011266018324,3.8761011266018324
121,2,14,3,0.0,0.0,0.0
121,2,15,1,0.0,0.0,0.0
121,2,15,2,0.0,3.8761011266018324,3.8761011266018324
121,2,15,3,0.0,0.0,0.0
121,2,16,1,0.0,0.0,0.0
121,2,16,2,0.0,3.8761011266018324,3.8761011266018324
121,2,16,3,0.0,0.0,0.0
121,2,17,1,0.0,0.0,0.0
121,2,17,2,0.0,3.8761011266018324,3.8761011266018324
121,2,17,3,2.0,2.0,4.0
121,2,18,1,0.7941000567790231,3.8761011266018324,4.670201183380856
121,2,18,2,0.0,3.8761011266018324,3.8761011266018324
121,2,18,3,0.0,0.0,0.0
121,2,19,1,0.0,0.0,0.0
121,2,19,2,0.0,3.8761011266018324,3.8761011266018324
121,2,19,3,0.0,0.0,0.0
121,2,20,1,0.0,0.0,0.0
121,2,20,2,0.0,3.8761011266018324,3.8761011266018324
121,2,20,3,0.0,0.0,0.0
121,1,1,1,4.670201183380856,3.8761011266018324,8.54630230998269
121,1,1,2,2.794100056779023,2.0,4.794100056779023
121,1,1,3,2.0,2.0,4.0
121,1,2,1,0.0,0.0,0.0
121,1,2,2,0.0,0.0,0.0
121,1,2,3,0.0,2.0,2.0
121,1,3,1,0.0,0.0,0.0
121,1,3,2,0.0,0.0,0.0
121,1,3,3,0.0,2.0,2.0
121,1,4,1,0.0,0.0,0.0
121,1,4,2,0.0,0.0,0.0
121,1,4,3,0.0,2.0,2.0
121,1,5,1,0.0,0.0,0.0
121,1,5,2,0.0,0.0,0.0
121,1,5,3,0.0,2.0,2.0
121,1,6,1,0.0,0.0,0.0
121,1,6,2,0.0,0.0,0.0
121,1,6,3,0.0,2.0,2.0
121,1,7,1,0.0,0.0,0.0
121,1,7,2,0.0,0.0,0.0
121,1,7,3,0.0,2.0,2.0
121,1,8,1,0.0,0.0,0.0
121,1,8,2,0.0,0.0,0.0
121,1,8,3,0.0,2.0,2.0
121,1,9,1,0.0,0.0,0.0
121,1,9,2,0.0,0.0,0.0
121,1,9,3,0.0,2.0,2.0
121,1,10,1,0.0,0.0,0.0
121,1,10,2,0.0,0.0,0.0
121,1,10,3,0.0,2.0,2.0
121,1,11,1,0.0,0.0,0.0
121,1,11,2,0.0,0.0,0.0
121,1,11,3,0.0,2.0,2.0
121,1,12,1,0.0,0.0,0.0
121,1,12,2,0.0,0.0,0.0
121,1,12,3,0.0,2.0,2.0
121,1,13,1,0.0,0.0,0.0
121,1,13,2,0.0,0.0,0.0
121,1,13,3,0.0,2.0,2.0
121,1,14,1,0.0,0.0,0.0
121,1,14,2,0.0,0.0,0.0
121,1,14,3,0.0,2.0,2.0
121,1,15,1,0.0,0.0,0.0
121,1,15,2,0.0,0.0,0.0
121,1,15,3,0.0,2.0,2.0
121,1,16,1,0.0,0.0,0.0
121,1,16,2,0.0,0.0,0.0
121,1,16,3,0.0,2.0,2.0
121,1,17,1,0.0,0.0,0.0
121,1,17,2,0.0,0.0,0.0
121,1,17,3,0.0,2.0,2.0
121,1,18,1,0.0,0.0,0.0
121,1,18,2,0.0,0.0,0.0
121,1,18,3,0.0,2.0,2.0
121,1,19,1,0.0,0.0,0.0
121,1,19,2,0.0,0.0,0.0
121,1,19,3,0.0,2.0,2.0
121,1,20,1,0.0,0.0,0.0
121,1,20,2,0.0,0.0,0.0
121,1,20,3,0.0,2.0,2.0
122,3,1,1,3.8761011266018324,3.8761011266018324,7.752202253203665
122,3,1,2,0.0,0.0,0.0
122,3,1,3,0.0,0.0,0.0
122,3,2,1,3.8761011266018324,3.8761011266018324,7.752202253203665
122,3,2,2,3.8761011266018324,3.8761011266018324,7.752202253203665
122,3,2,3,0.0,0.0,0.0
122,3,3,1,0.0,0.0,0.0
122,3,3,2,0.0,3.8761011266018324,3.8761011266018324
122,3,3,3,0.0,0.0,0.0
122,3,4,1,0.0,3.8761011266018324,3.8761011266018324
122,3,4,2,0.0,0.0,0.0
122,3,4,3,0.0,0.0,0.0
122,3,5,1,0.0,3.8761011266018324,3.8761011266018324
122,3,5,2,0.0,0.0,0.0
122,3,5,3,0.0,0.0,0.0
122,3,6,1,0.0,3.8761011266018324,3.8761011266018324
122,3,6,2,0.0,0.0,0.0
122,3,6,3,0.0,0.0,0.0
122,3,7,1,0.0,3.8761011266018324,3.8761011266018324
122,3,7,2,0.0,0.0,0.0
122,3,7,3,0.0,0.0,0.0
122,3,8,1,0.0,3.8761011266018324,3.8761011266018324
122,3,8,2,0.0,3.8761011266018324,3.8761011266018324
122,3,8,3,0.0,0.0,0.0
122,3,9,1,0.0,3.8761011266018324,3.8761011266018324
122,3,9,2,0.0,0.0,0.0
122,3,9,3,0.0,0.0,0.0
122,3,10,1,0.0,3.8761011266018324,3.8761011266018324
122,3,10,2,0.0,0.0,0.0
122,3,10,3,0.0,0.0,0.0
122,3,11,1,0.0,3.8761011266018324,3.8761011266018324
122,3,11,2,0.0,3.8761011266018324,3.8761011266018324
122,3,11,3,0.0,0.0,0.0
122,3,12,1,0.0,0.0,0.0
122,3,12,2,0.0,3.8761011266018324,3.8761011266018324
122,3,12,3,0.0,0.0,0.0
122,3,13,1,0.0,0.0,0.0
122,3,13,2,0.0,3.8761011266018324,3.8761011266018324
122,3,13,3,0.0,0.0,0.0
122,3,14,1,0.0,0.0,0.0
122,3,14,2,0.0,3.8761011266018324,3.8761011266018324
122,3,14,3,0.0,0.0,0.0
122,3,15,1,0.0,3.8761011266018324,3.8761011266018324
122,3,15,2,0.0,0.0,0.0
122,3,15,3,0.0,0.0,0.0
122,3,16,1,0.0,3.8761011266018324,3.8761011266018324
122,3,16,2,0.0,0.0,0.0
122,3,16,3,0.0,0.0,0.0
122,3,17,1,0.0,3.8761011266018324,3.8761011266018324
122,3,17,2,0.0,3.8761011266018324,3.8761011266018324
122,3,17,3,0.0,0.0,0.0
122,3,18,1,0.0,3.8761011266018324,3.8761011266018324
122,3,18,2,0.0,3.8761011266018324,3.8761011266018324
122,3,18,3,0.0,0.0,0.0
122,3,19,1,0.0,0.0,0.0
122,3,19,2,0.0,3.8761011266018324,3.8761011266018324
122,3,19,3,2.0,2.0,4.0
122,3,20,1,0.0,0.0,0.0
122,3,20,2,0.0,0.0,0.0
122,3,20,3,0.0,2.0,2.0
122,2,1,1,4.670201183380856,3.8761011266018324,8.54630230998269
122,2,1,2,0.0,0.0,0.0
122,2,1,3,0.0,0.0,0.0
122,2,2,1,0.7941000567790231,3.8761011266018324,4.670201183380856
122,2,2,2,0.0,0.0,0.0
122,2,2,3,0.0,0.0,0.0
122,2,3,1,0.7941000567790231,3.8761011266018324,4.670201183380856
122,2,3,2,0.0,0.0,0.0
122,2,3,3,0.0,0.0,0.0
122,2,4,1,0.7941000567790231,3.8761011266018324,4.670201183380856
122,2,4,2,0.0,0.0,0.0
122,2,4,3,0.0,0.0,0.0
122,2,5,1,0.0,3.8761011266018324,3.8761011266018324
122,2,5,2,0.0,0.0,0.0
122,2,5,3,0.0,0.0,0.0
122,2,6,1,0.0,3.8761011266018324,3.8761011266018324
122,2,6,2,3.8761011266018324,3.8761011266018324,7.752202253203665
122,2,6,3,0.0,0.0,0.0
122,2,7,1,0.0,0.0,0.0
122,2,7,2,0.0,3.8761011266018324,3.8761011266018324
122,2,7,3,0.0,0.0,0.0
122,2,8,1,0.0,0.0,0.0
122,2,8,2,0.0,3.8761011266018324,3.8761011266018324
122,2,8,3,0.0,0.0,0.0
122,2,9,1,0.0,0.0,0.0
122,2,9,2,0.0,3.8761011266018324,3.8761011266018324
122,2,9,3,0.0,0.0,0.0
122,2,10,1,0.0,0.0,0.0
122,2,10,2,0.0,3.8761011266018324,3.8761011266018324
122,2,10,3,0.0,0.0,0.0
122,2,11,1,0.0,0.0,0.0
122,2,11,2,0.0,3.8761011266018324,3.8761011266018324
122,2,11,3,0.0,0.0,0.0
122,2,12,1,0.0,0.0,0.0
122,2,12,2,0.0,3.8761011266018324,3.8761011266018324
122,2,12,3,0.0,0.0,0.0
122,2,13,1,0.0,0.0,0.0
122,2,13,2,0.0,3.8761011266018324,3.8761011266018324
122,2,13,3,0.0,0.0,0.0
122,2,14,1,0.0,0.0,0.0
122,2,14,2,0.0,3.8761011266018324,3.8761011266018324
122,2,14,3,0.0,0.0,0.0
122,2,15,1,0.0,0.0,0.0
122,2,15,2,0.0,3.8761011266018324,3.8761011266018324
122,2,15,3,0.0,0.0,0.0
122,2,16,1,0.0,0.0,0.0
122,2,16,2,0.0,3.8761011266018324,3.8761011266018324
122,2,16,3,0.0,0.0,0.0
122,2,17,1,0.0,0.0,0.0
122,2,17,2,0.0,3.8761011266018324,3.8761011266018324
122,2,17,3,0.0,0.0,0.0
122,2,18,1,0.0,0.0,0.0
122,2,18,2,0.0,3.8761011266018324,3.8761011266018324
122,2,18,3,0.0,0.0,0.0
122,2,19,1,0.0,0.0,0.0
122,2,19,2,0.0,3.8761011266018324,3.8761011266018324
122,2,19,3,2.0,2.0,4.0
122,2,20,1,0.0,3.8761011266018324,3.8761011266018324
122,2,20,2,0.0,3.8761011266018324,3.8761011266018324
122,2,20,3,0.0,0.0,0.0
122,1,1,1,4.670201183380856,3.8761011266018324,8.54630230998269
122,1,1,2,0.0,0.0,0.0
122,1,1,3,0.0,0.0,0.0
122,1,2,1,0.7941000567790231,3.8761011266018324,4.670201183380856
122,1,2,2,2.794100056779023,2.0,4.794100056779023
122,1,2,3,0.0,0.0,0.0
122,1,3,1,0.0,0.0,0.0
122,1,3,2,0.7941000567790231,2.0,2.794100056779023
122,1,3,3,2.0,2.0,4.0
122,1,4,1,0.0,0.0,0.0
122,1,4,2,0.0,0.0,0.0
122,1,4,3,0.0,2.0,2.0
122,1,5,1,0.0,0.0,0.0
122,1,5,2,0.0,0.0,0.0
122,1,5,3,0.0,2.0,2.0
122,1,6,1,0.0,0.0,0.0
122,1,6,2,0.0,0.0,0.0
122,1,6,3,0.0,2.0,2.0
122,1,7,1,0.0,0.0,0.0
122,1,7,2,0.0,0.0,0.0
122,1,7,3,0.0,2.0,2.0
122,1,8,1,0.0,0.0,0.0
122,1,8,2,0.0,0.0,0.0
122,1,8,3,0.0,2.0,2.0
122,1,9,1,0.0,0.0,0.0
122,1,9,2,0.0,0.0,0.0
122,1,9,3,0.0,2.0,2.0
122,1,10,1,0.0,0.0,0.0
122,1,10,2,0.0,0.0,0.0
122,1,10,3,0.0,2.0,2.0
122,1,11,1,0.0,0.0,0.0
122,1,11,2,0.0,0.0,0.0
122,1,11,3,0.0,2.0,2.0
122,1,12,1,0.0,0.0,0.0
122,1,12,2,0.0,0.0,0.0
122,1,12,3,0.0,2.0,2.0
122,1,13,1,0.0,0.0,0.0
122,1,13,2,0.0,0.0,0.0
122,1,13,3,0.0,2.0,2.0
122,1,14,1,0.0,0.0,0.0
122,1,14,2,0.0,0.0,0.0
122,1,14,3,0.0,2.0,2.0
122,1,15,1,0.0,0.0,0.0
122,1,15,2,0.0,0.0,0.0
122,1,15,3,0.0,2.0,2.0
122,1,16,1,0.0,0.0,0.0
122,1,16,2,0.0,0.0,0.0
122,1,16,3,0.0,2.0,2.0
122,1,17,1,0.0,0.0,0.0
122,1,17,2,0.0,0.0,0.0
122,1,17,3,0.0,2.0,2.0
122,1,18,1,0.0,0.0,0.0
122,1,18,2,0.0,0.0,0.0
122,1,18,3,0.0,2.0,2.0
122,1,19,1,0.0,0.0,0.0
122,1,19,2,0.0,0.0,0.0
122,1,19,3,0.0,2.0,2.0
122,1,20,1,0.0,0.0,0.0
122,1,20,2,0.0,0.0,0.0
122,1,20,3,0.0,2.0,2.0
123,3,1,1,3.8761011266018324,3.8761011266018324,7.752202253203665
123,3,1,2,0.0,0.0,0.0
123,3,1,3,0.0,0.0,0.0
123,3,2,1,3.8761011266018324,3.8761011266018324,7.752202253203665
123,3,2,2,0.0,0.0,0.0
123,3,2,3,0.0,0.0,0.0
123,3,3,1,0.0,3.8761011266018324,3.8761011266018324
123,3,3,2,0.0,0.0,0.0
123,3,3,3,0.0,0.0,0.0
123,3,4,1,0.0,3.8761011266018324,3.8761011266018324
123,3,4,2,0.0,0.0,0.0
123,3,4,3,0.0,0.0,0.0
123,3,5,1,0.0,3.8761011266018324,3.8761011266018324
123,3,5,2,0.0,0.0,0.0
123,3,5,3,0.0,0.0,0.0
123,3,6,1,0.0,3.8761011266018324,3.8761011266018324
123,3,6,2,0.0,0.0,0.0
123,3,6,3,0.0,0.0,0.0
123,3,7,1,0.0,3.8761011266018324,3.8761011266018324
123,3,7,2,3.8761011266018324,3.8761011266018324,7.752202253203665
123,3,7,3,0.0,0.0,0.0
123,3,8,1,0.0,0.0,0.0
123,3,8,2,0.0,3.8761011266018324,3.8761011266018324
123,3,8,3,0.0,0.0,0.0
123,3,9,1,0.0,3.8761011266018324,3.8761011266018324
123,3,9,2,0.0,0.0,0.0
123,3,9,3,0.0,0.0,0.0
123,3,10,1,0.0,3.8761011266018324,3.8761011266018324
123,3,10,2,0.0,0.0,0.0
123,3,10,3,0.0,0.0,0.0
123,3,11,1,0.0,3.8761011266018324,3.8761011266018324
123,3,11,2,0.0,0.0,0.0
123,3,11,3,0.0,0.0,0.0
123,3,12,1,0.0,3.8761011266018324,3.8761011266018324
123,3,12,2,0.0,0.0,0.0
123,3,12,3,0.0,0.0,0.0
123,3,13,1,0.0,3.8761011266018324,3.8761011266018324
123,3,13,2,0.0,3.8761011266018324,3.8761011266018324
123,3,13,3,0.0,0.0,0.0
123,3,14,1,0.0,3.8761011266018324,3.8761011266018324
123,3,14,2,0.0,0.0,0.0
123,3,14,3,0.0,0.0,0.0
123,3,15,1,0.0,3.8761011266018324,3.8761011266018324
123,3,15,2,0.0,0.0,0.0
123,3,15,3,0.0,0.0,0.0
123,3,16,1,0.0,3.8761011266018324,3.8761011266018324
123,3,16,2,0.0,3.8761011266018324,3.8761011266018324
123,3,16,3,0.0,0.0,0.0
123,3,17,1,0.0,0.0,0.0
123,3,17,2,0.0,3.8761011266018324,3.8761011266018324
123,3,17,3,0.0,0.0,0.0
123,3,18,1,0.0,3.8761011266018324,3.8761011266018324
123,3,18,2,0.0,0.0,0.0
123,3,18,3,0.0,0.0,0.0
123,3,19,1,0.0,3.8761011266018324,3.8761011266018324
123,3,19,2,0.0,0.0,0.0
123,3,19,3,0.0,0.0,0.0
123,3,20,1,0.0,3.8761011266018324,3.8761011266018324
123,3,20,2,0.0,3.8761011266018324,3.8761011266018324
123,3,20,3,2.0,2.0,4.0
123,2,1,1,4.670201183380856,3.8761011266018324,8.54630230998269
123,2,1,2,0.0,0.0,0.0
123,2,1,3,0.0,0.0,0.0
123,2,2,1,0.7941000567790231,3.8761011266018324,4.670201183380856
123,2,2,2,3.8761011266018324,3.8761011266018324,7.752202253203665
123,2,2,3,0.0,0.0,0.0
123,2,3,1,0.0,0.0,0.0
123,2,3,2,0.0,3.8761011266018324,3.8761011266018324
123,2,3,3,0.0,0.0,0.0
123,2,4,1,0.0,0.0,0.0
123,2,4,2,0.0,3.8761011266018324,3.8761011266018324
123,2,4,3,0.0,0.0,0.0
123,2,5,1,0.0,0.0,0.0
123,2,5,2,0.0,3.8761011266018324,3.8761011266018324
123,2,5,3,0.0,0.0,0.0
123,2,6,1,0.0,0.0,0.0
123,2,6,2,0.0,3.8761011266018324,3.8761011266018324
123,2,6,3,0.0,0.0,0.0
123,2,7,1,0.0,0.0,0.0
123,2,7,2,0.0,3.8761011266018324,3.8761011266018324
123,2,7,3,0.0,0.0,0.0
123,2,8,1,0.0,0.0,0.0
123,2,8,2,0.0,3.8761011266018324,3.8761011266018324
123,2,8,3,0.0,0.0,0.0
123,2,9,1,0.0,0.0,0.0
123,2,9,2,0.0,3.8761011266018324,3.8761011266018324
123,2,9,3,0.0,0.0,0.0
123,2,10,1,0.0,0.0,0.0
123,2,10,2,0.0,3.8761011266018324,3.8761011266018324
123,2,10,3,0.0,0.0,0.0
123,2,11,1,0.0,0.0,0.0
123,2,11,2,0.0,3.8761011266018324,3.8761011266018324
123,2,11,3,0.0,0.0,0.0
123,2,12,1,0.0,0.0,0.0
123,2,12,2,0.0,3.8761011266018324,3.8761011266018324
123,2,12,3,0.0,0.0,0.0
123,2,13,1,0.0,0.0,0.0
123,2,13,2,0.0,3.8761011266018324,3.8761011266018324
123,2,13,3,0.0,0.0,0.0
123,2,14,1,0.0,0.0,0.0
123,2,14,2,0.0,3.8761011266018324,3.8761011266018324
123,2,14,3,0.0,0.0,0.0
123,2,15,1,0.0,0.0,0.0
123,2,15,2,0.0,3.8761011266018324,3.8761011266018324
123,2,15,3,0.0,0.0,0.0
123,2,16,1,0.0,0.0,0.0
123,2,16,2,0.0,3.8761011266018324,3.8761011266018324
123,2,16,3,0.0,0.0,0.0
123,2,17,1,0.0,0.0,0.0
123,2,17,2,0.0,3.8761011266018324,3.8761011266018324
123,2,17,3,0.0,0.0,0.0
123,2,18,1,0.0,0.0,0.0
123,2,18,2,0.0,3.8761011266018324,3.8761011266018324
123,2,18,3,0.0,0.0,0.0
123,2,19,1,0.0,0.0,0.0
123,2,19,2,0.0,3.8761011266018324,3.8761011266018324
123,2,19,3,2.0,2.0,4.0
123,2,20,1,0.7941000567790231,3.8761011266018324,4.670201183380856
123,2,20,2,0.0,3.8761011266018324,3.8761011266018324
123,2,20,3,0.0,0.0,0.0
123,1,1,1,4.670201183380856,3.8761011266018324,8.54630230998269
123,1,1,2,2.794100056779023,2.0,4.794100056779023
123,1,1,3,0.0,0.0,0.0
123,1,2,1,0.0,0.0,0.0
123,1,2,2,0.7941000567790231,2.0,2.794100056779023
123,1,2,3,2.0,2.0,4.0
123,1,3,1,0.0,0.0,0.0
123,1,3,2,0.0,0.0,0.0
123,1,3,3,0.0,2.0,2.0
123,1,4,1,0.0,0.0,0.0
123,1,4,2,0.0,0.0,0.0
123,1,4,3,0.0,2.0,2.0
123,1,5,1,0.0,0.0,0.0
123,1,5,2,0.0,0.0,0.0
123,1,5,3,0.0,2.0,2.0
123,1,6,1,0.0,0.0,0.0
123,1,6,2,0.0,0.0,0.0
123,1,6,3,0.0,0.0,0.0
123,1,7,1,0.0,0.0,0.0
123,1,7,2,0.0,0.0,0.0
123,1,7,3,0.0,0.0,0.0
123,1,8,1,0.0,0.0,0.0
123,1,8,2,0.0,0.0,0.0
123,1,8,3,0.0,0.0,0.0
123,1,9,1,0.0,0.0,0.0
123,1,9,2,0.0,0.0,0.0
123,1,9,3,0.0,0.0,0.0
123,1,10,1,0.0,0.0,0.0
123,1,10,2,0.0,0.0,0.0
123,1,10,3,0.0,0.0,0.0
123,1,11,1,0.0,0.0,0.0
123,1,11,2,0.0,0.0,0.0
123,1,11,3,0.0,0.0,0.0
123,1,12,1,0.0,0.0,0.0
123,1,12,2,0.0,0.0,0.0
123,1,12,3,0.0,0.0,0.0
123,1,13,1,0.7941000567790231,3.8761011266018324,4.670201183380856
123,1,13,2,0.0,2.0,2.0
123,1,13,3,0.0,2.0,2.0
123,1,14,1,0.0,0.0,0.0
123,1,14,2,0.0,0.0,0.0
123,1,14,3,0.0,2.0,2.0
123,1,15,1,0.0,0.0,0.0
123,1,15,2,0.0,0.0,0.0
123,1,15,3,0.0,2.0,2.0
123,1,16,1,0.0,0.0,0.0
123,1,16,2,0.0,0.0,0.0
123,1,16,3,0.0,2.0,2.0
123,1,17,1,0.0,0.0,0.0
123,1,17,2,0.0,0.0,0.0
123,1,17,3,0.0,2.0,2.0
123,1,18,1,0.0,0.0,0.0
123,1,18,2,0.0,0.0,0.0
123,1,18,3,0.0,2.0,2.0
123,1,19,1,0.0,0.0,0.0
123,1,19,2,0.0,0.0,0.0
123,1,19,3,0.0,2.0,2.0
123,1,20,1,0.0,0.0,0.0
123,1,20,2,0.0,0.0,0.0
123,1,20,3,0.0,2.0,2.0
124,3,1,1,3.8761011266018324,3.8761011266018324,7.752202253203665
124,3,1,2,0.0,0.0,0.0
124,3,1,3,0.0,0.0,0.0
124,3,2,1,3.8761011266018324,3.8761011266018324,7.752202253203665
124,3,2,2,3.8761011266018324,3.8761011266018324,7.752202253203665
124,3,2,3,0.0,0.0,0.0
124,3,3,1,0.0,0.0,0.0
124,3,3,2,0.0,3.8761011266018324,3.8761011266018324
124,3,3,3,0.0,0.0,0.0
124,3,4,1,0.0,0.0,0.0
124,3,4,2,0.0,3.8761011266018324,3.8761011266018324
124,3,4,3,0.0,0.0,0.0
124,3,5,1,0.0,0.0,0.0
124,3,5,2,0.0,3.8761011266018324,3.8761011266018324
124,3,5,3,0.0,0.0,0.0
124,3,6,1,0.0,0.0,0.0
124,3,6,2,0.0,3.8761011266018324,3.8761011266018324
124,3,6,3,0.0,0.0,0.0
124,3,7,1,0.0,3.8761011266018324,3.8761011266018324
124,3,7,2,0.0,0.0,0.0
124,3,7,3,0.0,0.0,0.0
124,3,8,1,0.0,3.8761011266018324,3.8761011266018324
124,3,8,2,0.0,0.0,0.0
124,3,8,3,0.0,0.0,0.0
124,3,9,1,0.0,3.8761011266018324,3.8761011266018324
124,3,9,2,0.0,3.8761011266018324,3.8761011266018324
124,3,9,3,0.0,0.0,0.0
124,3,10,1,0.0,3.8761011266018324,3.8761011266018324
124,3,10,2,0.0,0.0,0.0
124,3,10,3,0.0,0.0,0.0
124,3,11,1,0.0,3.8761011266018324,3.8761011266018324
124,3,11,2,0.0,0.0,0.0
124,3,11,3,0.0,0.0,0.0
124,3,12,1,0.0,3.8761011266018324,3.8761011266018324
124,3,12,2,0.0,3.8761011266018324,3.8761011266018324
124,3,12,3,0.0,0.0,0.0
124,3,13,1,0.0,0.0,0.0
124,3,13,2,0.0,3.8761011266018324,3.8761011266018324
124,3,13,3,0.0,0.0,0.0
124,3,14,1,0.0,0.0,0.0
124,3,14,2,0.0,3.8761011266018324,3.8761011266018324
124,3,14,3,0.0,0.0,0.0
124,3,15,1,0.0,0.0,0.0
124,3,15,2,0.0,3.8761011266018324,3.8761011266018324
124,3,15,3,0.0,0.0,0.0
124,3,16,1,0.0,0.0,0.0
124,3,16,2,0.0,3.8761011266018324,3.8761011266018324
124,3,16,3,0.0,0.0,0.0
124,3,17,1,0.0,3.8761011266018324,3.8761011266018324
124,3,17,2,0.0,0.0,0.0
124,3,17,3,0.0,0.0,0.0
124,3,18,1,0.0,3.8761011266018324,3.8761011266018324
124,3,18,2,0.0,0.0,0.0
124,3,18,3,0.0,0.0,0.0
124,3,19,1,0.0,3.8761011266018324,3.8761011266018324
124,3,19,2,0.0,0.0,0.0
124,3,19,3,0.0,0.0,0.0
124,3,20,1,0.0,3.8761011266018324,3.8761011266018324
124,3,20,2,0.0,0.0,0.0
124,3,20,3,0.0,0.0,0.0
124,2,1,1,4.670201183380856,3.8761011266018324,8.54630230998269
124,2,1,2,0.0,0.0,0.0
124,2,1,3,0.0,0.0,0.0
124,2,2,1,0.7941000567790231,3.8761011266018324,4.670201183380856
124,2,2,2,3.8761011266018324,3.8761011266018324,7.752202253203665
124,2,2,3,0.0,0.0,0.0
124,2,3,1,0.0,0.0,0.0
124,2,3,2,0.0,3.8761011266018324,3.8761011266018324
124,2,3,3,0.0,0.0,0.0
124,2,4,1,0.0,0.0,0.0
124,2,4,2,0.0,3.8761011266018324,3.8761011266018324
124,2,4,3,0.0,0.0,0.0
124,2,5,1,0.0,0.0,0.0
124,2,5,2,0.0,3.8761011266018324,3.8761011266018324
124,2,5,3,0.0,0.0,0.0
124,2,6,1,0.0,0.0,0.0
124,2,6,2,0.0,3.8761011266018324,3.8761011266018324
124,2,6,3,0.0,0.0,0.0
124,2,7,1,0.0,0.0,0.0
124,2,7,2,0.0,3.8761011266018324,3.8761011266018324
124,2,7,3,0.0,0.0,0.0
124,2,8,1,0.0,0.0,0.0
124,2,8,2,0.0,3.8761011266018324,3.8761011266018324
124,2,8,3,0.0,0.0,0.0
124,2,9,1,0.0,0.0,0.0
124,2,9,2,0.0,3.8761011266018324,3.8761011266018324
124,2,9,3,0.0,0.0,0.0
124,2,10,1,0.0,0.0,0.0
124,2,10,2,0.0,3.8761011266018324,3.8761011266018324
124,2,10,3,0.0,0.0,0.0
124,2,11,1,0.0,0.0,0.0
124,2,11,2,0.0,3.8761011266018324,3.8761011266018324
124,2,11,3,0.0,0.0,0.0
124,2,12,1,0.0,0.0,0.0
124,2,12,2,0.0,3.8761011266018324,3.8761011266018324
124,2,12,3,0.0,0.0,0.0
124,2,13,1,0.0,0.0,0.0
124,2,13,2,0.0,3.8761011266018324,3.8761011266018324
124,2,13,3,0.0,0.0,0.0
124,2,14,1,0.0,0.0,0.0
124,2,14,2,0.0,3.8761011266018324,3.8761011266018324
124,2,14,3,0.0,0.0,0.0
124,2,15,1,0.0,0.0,0.0
124,2,15,2,0.0,3.8761011266018324,3.8761011266018324
124,2,15,3,0.0,0.0,0.0
124,2,16,1,0.0,0.0,0.0
124,2,16,2,0.0,3.8761011266018324,3.8761011266018324
124,2,16,3,0.0,0.0,0.0
124,2,17,1,0.0,0.0,0.0
124,2,17,2,0.0,3.8761011266018324,3.8761011266018324
124,2,17,3,0.0,0.0,0.0
124,2,18,1,0.0,0.0,0.0
124,2,18,2,0.0,3.8761011266018324,3.8761011266018324
124,2,18,3,0.0,0.0,0.0
124,2,19,1,0.0,0.0,0.0
124,2,19,2,0.0,3.8761011266018324,3.8761011266018324
124,2,19,3,2.0,2.0,4.0
124,2,20,1,0.0,0.0,0.0
124,2,20,2,0.0,0.0,0.0
124,2,20,3,0.0,2.0,2.0
124,1,1,1,4.670201183380856,3.8761011266018324,8.54630230998269
124,1,1,2,2.794100056779023,2.0,4.794100056779023
124,1,1,3,0.0,0.0,0.0
124,1,2,1,0.0,0.0,0.0
124,1,2,2,0.7941000567790231,2.0,2.794100056779023
124,1,2,3,2.0,2.0,4.0
124,1,3,1,0.0,0.0,0.0
124,1,3,2,0.0,0.0,0.0
124,1,3,3,0.0,2.0,2.0
124,1,4,1,0.0,0.0,0.0
124,1,4,2,0.0,0.0,0.0
124,1,4,3,0.0,2.0,2.0
124,1,5,1,0.0,0.0,0.0
124,1,5,2,0.0,0.0,0.0
124,1,5,3,0.0,2.0,2.0
124,1,6,1,0.0,0.0,0.0
124,1,6,2,0.0,0.0,0.0
124,1,6,3,0.0,2.0,2.0
124,1,7,1,0.0,0.0,0.0
124,1,7,2,0.0,0.0,0.0
124,1,7,3,0.0,2.0,2.0
124,1,8,1,0.0,0.0,0.0
124,1,8,2,0.0,0.0,0.0
124,1,8,3,0.0,2.0,2.0
124,1,9,1,0.0,0.0,0.0
124,1,9,2,0.0,0.0,0.0
124,1,9,3,0.0,2.0,2.0
124,1,10,1,0.0,0.0,0.0
124,1,10,2,0.0,0.0,0.0
124,1,10,3,0.0,2.0,2.0
124,1,11,1,0.0,0.0,0.0
124,1,11,2,0.0,0.0,0.0
124,1,11,3,0.0,2.0,2.0
124,1,12,1,0.0,0.0,0.0
124,1,12,2,0.0,0.0,0.0
124,1,12,3,0.0,2.0,2.0
124,1,13,1,0.0,0.0,0.0
124,1,13,2,0.0,0.0,0.0
124,1,13,3,0.0,2.0,2.0
124,1,14,1,0.0,0.0,0.0
124,1,14,2,0.0,0.0,0.0
124,1,14,3,0.0,2.0,2.0
124,1,15,1,0.0,0.0,0.0
124,1,15,2,0.0,0.0,0.0
124,1,15,3,0.0,2.0,2.0
124,1,16,1,0.0,0.0,0.0
124,1,16,2,0.0,0.0,0.0
124,1,16,3,0.0,2.0,2.0
124,1,17,1,0.0,0.0,0.0
124,1,17,2,0.0,0.0,0.0
124,1,17,3,0.0,2.0,2.0
124,1,18,1,0.0,0.0,0.0
124,1,18,2,0.0,0.0,0.0
124,1,18,3,0.0,2.0,2.0
124,1,19,1,0.0,0.0,0.0
124,1,19,2,0.0,0.0,0.0
124,1,19,3,0.0,2.0,2.0
124,1,20,1,0.0,0.0,0.0
124,1,20,2,0.0,0.0,0.0
124,1,20,3,0.0,2.0,2.0
125,3,1,1,3.8761011266018324,3.8761011266018324,7.752202253203665
125,3,1,2,3.8761011266018324,3.8761011266018324,7.752202253203665
125,3,1,3,0.0,0.0,0.0
125,3,2,1,3.8761011266018324,3.8761011266018324,7.752202253203665
125,3,2,2,0.0,0.0,0.0
125,3,2,3,0.0,0.0,0.0
125,3,3,1,0.0,3.8761011266018324,3.8761011266018324
125,3,3,2,0.0,0.0,0.0
125,3,3,3,0.0,0.0,0.0
125,3,4,1,0.0,3.8761011266018324,3.8761011266018324
125,3,4,2,0.0,0.0,0.0
125,3,4,3,0.0,0.0,0.0
125,3,5,1,0.0,3.8761011266018324,3.8761011266018324
125,3,5,2,0.0,0.0,0.0
125,3,5,3,0.0,0.0,0.0
125,3,6,1,0.0,3.8761011266018324,3.8761011266018324
125,3,6,2,0.0,0.0,0.0
125,3,6,3,0.0,0.0,0.0
125,3,7,1,0.0,3.8761011266018324,3.8761011266018324
125,3,7,2,0.0,0.0,0.0
125,3,7,3,0.0,0.0,0.0
125,3,8,1,0.0,3.8761011266018324,3.8761011266018324
125,3,8,2,0.0,0.0,0.0
125,3,8,3,0.0,0.0,0.0
125,3,9,1,0.0,3.8761011266018324,3.8761011266018324
125,3,9,2,0.0,0.0,0.0
125,3,9,3,0.0,0.0,0.0
125,3,10,1,0.0,3.8761011266018324,3.8761011266018324
125,3,10,2,0.0,0.0,0.0
125,3,10,3,0.0,0.0,0.0
125,3,11,1,0.0,3.8761011266018324,3.8761011266018324
125,3,11,2,0.0,0.0,0.0
125,3,11,3,0.0,0.0,0.0
125,3,12,1,0.0,3.8761011266018324,3.8761011266018324
125,3,12,2,0.0,0.0,0.0
125,3,12,3,0.0,0.0,0.0
125,3,13,1,0.0,3.8761011266018324,3.8761011266018324
125,3,13,2,0.0,0.0,0.0
125,3,13,3,0.0,0.0,0.0
125,3,14,1,0.0,3.8761011266018324,3.8761011266018324
125,3,14,2,0.0,3.8761011266018324,3.8761011266018324
125,3,14,3,0.0,0.0,0.0
125,3,15,1,0.0,0.0,0.0
125,3,15,2,0.0,3.8761011266018324,3.8761011266018324
125,3,15,3,0.0,0.0,0.0
125,3,16,1,0.0,0.0,0.0
125,3,16,2,0.0,3.8761011266018324,3.8761011266018324
125,3,16,3,0.0,0.0,0.0
125,3,17,1,0.0,0.0,0.0
125,3,17,2,0.0,3.8761011266018324,3.8761011266018324
125,3,17,3,0.0,0.0,0.0
125,3,18,1,0.0,3.8761011266018324,3.8761011266018324
125,3,18,2,0.0,0.0,0.0
125,3,18,3,0.0,0.0,0.0
125,3,19,1,0.0,3.8761011266018324,3.8761011266018324
125,3,19,2,0.0,3.8761011266018324,3.8761011266018324
125,3,19,3,0.0,0.0,0.0
125,3,20,1,0.0,3.8761011266018324,3.8761011266018324
125,3,20,2,0.0,0.0,0.0
125,3,20,3,0.0,0.0,0.0
125,2,1,1,4.670201183380856,3.8761011266018324,8.54630230998269
125,2,1,2,0.0,0.0,0.0
125,2,1,3,0.0,0.0,0.0
125,2,2,1,0.7941000567790231,3.8761011266018324,4.670201183380856
125,2,2,2,0.0,0.0,0.0
125,2,2,3,0.0,0.0,0.0
125,2,3,1,0.7941000567790231,3.8761011266018324,4.670201183380856
125,2,3,2,0.0,0.0,0.0
125,2,3,3,0.0,0.0,0.0
125,2,4,1,0.7941000567790231,3.8761011266018324,4.670201183380856
125,2,4,2,3.8761011266018324,3.8761011266018324,7.752202253203665
125,2,4,3,0.0,0.0,0.0
125,2,5,1,0.0,0.0,0.0
125,2,5,2,0.0,3.8761011266018324,3.8761011266018324
125,2,5,3,2.0,2.0,4.0
125,2,6,1,0.0,3.8761011266018324,3.8761011266018324
125,2,6,2,0.0,3.8761011266018324,3.8761011266018324
125,2,6,3,0.0,0.0,0.0
125,2,7,1,0.0,0.0,0.0
125,2,7,2,0.0,3.8761011266018324,3.8761011266018324
125,2,7,3,0.0,0.0,0.0
125,2,8,1,0.0,0.0,0.0
125,2,8,2,0.0,3.8761011266018324,3.8761011266018324
125,2,8,3,0.0,0.0,0.0
125,2,9,1,0.0,0.0,0.0
125,2,9,2,0.0,3.8761011266018324,3.8761011266018324
125,2,9,3,0.0,0.0,0.0
125,2,10,1,0.0,0.0,0.0
125,2,10,2,0.0,3.8761011266018324,3.8761011266018324
125,2,10,3,0.0,0.0,0.0
125,2,11,1,0.0,0.0,0.0
125,2,11,2,0.0,3.8761011266018324,3.8761011266018324
125,2,11,3,0.0,0.0,0.0
125,2,12,1,0.0,0.0,0.0
125,2,12,2,0.0,3.8761011266018324,3.8761011266018324
125,2,12,3,0.0,2.0,2.0
125,2,13,1,0.0,0.0,0.0
125,2,13,2,0.0,0.0,0.0
125,2,13,3,0.0,2.0,2.0
125,2,14,1,0.0,0.0,0.0
125,2,14,2,0.0,0.0,0.0
125,2,14,3,0.0,2.0,2.0
125,2,15,1,0.0,0.0,0.0
125,2,15,2,0.0,0.0,0.0
125,2,15,3,0.0,2.0,2.0
125,2,16,1,0.0,3.8761011266018324,3.8761011266018324
125,2,16,2,0.0,0.0,0.0
125,2,16,3,0.0,0.0,0.0
125,2,17,1,0.0,3.8761011266018324,3.8761011266018324
125,2,17,2,0.0,3.8761011266018324,3.8761011266018324
125,2,17,3,0.0,2.0,2.0
125,2,18,1,0.0,3.8761011266018324,3.8761011266018324
125,2,18,2,0.0,3.8761011266018324,3.8761011266018324
125,2,18,3,0.0,0.0,0.0
125,2,19,1,0.0,0.0,0.0
125,2,19,2,0.0,3.8761011266018324,3.8761011266018324
125,2,19,3,0.0,0.0,0.0
125,2,20,1,0.0,0.0,0.0
125,2,20,2,0.0,3.8761011266018324,3.8761011266018324
125,2,20,3,0.0,2.0,2.0
125,1,1,1,4.670201183380856,3.8761011266018324,8.54630230998269
125,1,1,2,0.0,0.0,0.0
125,1,1,3,0.0,0.0,0.0
125,1,2,1,0.7941000567790231,3.8761011266018324,4.670201183380856
125,1,2,2,0.0,0.0,0.0
125,1,2,3,0.0,0.0,0.0
125,1,3,1,0.7941000567790231,3.8761011266018324,4.670201183380856
125,1,3,2,2.794100056779023,2.0,4.794100056779023
125,1,3,3,2.0,2.0,4.0
125,1,4,1,0.0,0.0,0.0
125,1,4,2,0.0,0.0,0.0
125,1,4,3,0.0,2.0,2.0
125,1,5,1,0.0,0.0,0.0
125,1,5,2,0.0,0.0,0.0
125,1,5,3,0.0,2.0,2.0
125,1,6,1,0.0,0.0,0.0
125,1,6,2,0.0,0.0,0.0
125,1,6,3,0.0,2.0,2.0
125,1,7,1,0.0,0.0,0.0
125,1,7,2,0.0,0.0,0.0
125,1,7,3,0.0,2.0,2.0
125,1,8,1,0.0,0.0,0.0
125,1,8,2,0.0,0.0,0.0
125,1,8,3,0.0,2.0,2.0
125,1,9,1,0.0,0.0,0.0
125,1,9,2,0.0,0.0,0.0
125,1,9,3,0.0,2.0,2.0
125,1,10,1,0.0,0.0,0.0
125,1,10,2,0.0,0.0,0.0
125,1,10,3,0.0,2.0,2.0
125,1,11,1,0.0,0.0,0.0
125,1,11,2,0.0,0.0,0.0
125,1,11,3,0.0,2.0,2.0
125,1,12,1,0.0,0.0,0.0
125,1,12,2,0.0,0.0,0.0
125,1,12,3,0.0,2.0,2.0
125,1,13,1,0.0,0.0,0.0
125,1,13,2,0.0,0.0,0.0
125,1,13,3,0.0,2.0,2.0
125,1,14,1,0.0,0.0,0.0
125,1,14,2,0.0,0.0,0.0
125,1,14,3,0.0,2.0,2.0
125,1,15,1,0.0,0.0,0.0
125,1,15,2,0.0,0.0,0.0
125,1,15,3,0.0,2.0,2.0
125,1,16,1,0.0,0.0,0.0
125,1,16,2,0.0,0.0,0.0
125,1,16,3,0.0,2.0,2.0
125,1,17,1,0.0,0.0,0.0
125,1,17,2,0.0,0.0,0.0
125,1,17,3,0.0,2.0,2.0
125,1,18,1,0.0,0.0,0.0
125,1,18,2,0.0,0.0,0.0
125,1,18,3,0.0,2.0,2.0
125,1,19,1,0.0,0.0,0.0
125,1,19,2,0.0,0.0,0.0
125,1,19,3,0.0,2.0,2.0
125,1,20,1,0.0,0.0,0.0
125,1,20,2,0.0,0.0,0.0
125,1,20,3,0.0,2.0,2.0
126,3,1,1,3.8761011266018324,3.8761011266018324,7.752202253203665
126,3,1,2,0.0,0.0,0.0
126,3,1,3,0.0,0.0,0.0
126,3,2,1,3.8761011266018324,3.8761011266018324,7.752202253203665
126,3,2,2,0.0,0.0,0.0
126,3,2,3,0.0,0.0,0.0
126,3,3,1,0.0,3.8761011266018324,3.8761011266018324
126,3,3,2,0.0,0.0,0.0
126,3,3,3,0.0,0.0,0.0
126,3,4,1,0.0,3.8761011266018324,3.8761011266018324
126,3,4,2,0.0,0.0,0.0
126,3,4,3,0.0,0.0,0.0
126,3,5,1,0.0,3.8761011266018324,3.8761011266018324
126,3,5,2,3.8761011266018324,3.8761011266018324,7.752202253203665
126,3,5,3,0.0,0.0,0.0
126,3,6,1,0.0,3.8761011266018324,3.8761011266018324
126,3,6,2,0.0,0.0,0.0
126,3,6,3,0.0,0.0,0.0
126,3,7,1,0.0,3.8761011266018324,3.8761011266018324
126,3,7,2,0.0,0.0,0.0
126,3,7,3,0.0,0.0,0.0
126,3,8,1,0.0,3.8761011266018324,3.8761011266018324
126,3,8,2,0.0,0.0,0.0
126,3,8,3,0.0,0.0,0.0
126,3,9,1,0.0,3.8761011266018324,3.8761011266018324
126,3,9,2,0.0,0.0,0.0
126,3,9,3,0.0,0.0,0.0
126,3,10,1,0.0,3.8761011266018324,3.8761011266018324
126,3,10,2,0.0,0.0,0.0
126,3,10,3,0.0,0.0,0.0
126,3,11,1,0.0,3.8761011266018324,3.8761011266018324
126,3,11,2,0.0,3.8761011266018324,3.8761011266018324
126,3,11,3,0.0,0.0,0.0
126,3,12,1,0.0,0.0,0.0
126,3,12,2,0.0,3.8761011266018324,3.8761011266018324
126,3,12,3,0.0,0.0,0.0
126,3,13,1,0.0,3.8761011266018324,3.8761011266018324
126,3,13,2,0.0,3.8761011266018324,3.8761011266018324
126,3,13,3,0.0,0.0,0.0
126,3,14,1,0.0,3.8761011266018324,3.8761011266018324
126,3,14,2,0.0,0.0,0.0
126,3,14,3,0.0,0.0,0.0
126,3,15,1,0.0,3.8761011266018324,3.8761011266018324
126,3,15,2,0.0,0.0,0.0
126,3,15,3,0.0,0.0,0.0
126,3,16,1,0.0,3.8761011266018324,3.8761011266018324
126,3,16,2,0.0,0.0,0.0
126,3,16,3,0.0,0.0,0.0
126,3,17,1,0.0,3.8761011266018324,3.8761011266018324
126,3,17,2,0.0,0.0,0.0
126,3,17,3,0.0,0.0,0.0
126,3,18,1,0.0,3.8761011266018324,3.8761011266018324
126,3,18,2,0.0,0.0,0.0
126,3,18,3,0.0,0.0,0.0
126,3,19,1,0.0,3.8761011266018324,3.8761011266018324
126,3,19,2,0.0,3.8761011266018324,3.8761011266018324
126,3,19,3,0.0,0.0,0.0
126,3,20,1,0.0,3.8761011266018324,3.8761011266018324
126,3,20,2,0.0,0.0,0.0
126,3,20,3,0.0,0.0,0.0
126,2,1,1,4.670201183380856,3.8761011266018324,8.54630230998269
126,2,1,2,0.0,0.0,0.0
126,2,1,3,0.0,0.0,0.0
126,2,2,1,0.7941000567790231,3.8761011266018324,4.670201183380856
126,2,2,2,3.8761011266018324,3.8761011266018324,7.752202253203665
126,2,2,3,0.0,0.0,0.0
126,2,3,1,0.0,0.0,0.0
126,2,3,2,0.0,3.8761011266018324,3.8761011266018324
126,2,3,3,0.0,0.0,0.0
126,2,4,1,0.0,0.0,0.0
126,2,4,2,0.0,3.8761011266018324,3.8761011266018324
126,2,4,3,0.0,0.0,0.0
126,2,5,1,0.0,0.0,0.0
126,2,5,2,0.0,3.8761011266018324,3.8761011266018324
126,2,5,3,0.0,0.0,0.0
126,2,6,1,0.0,0.0,0.0
126,2,6,2,0.0,3.8761011266018324,3.8761011266018324
126,2,6,3,0.0,0.0,0.0
126,2,7,1,0.0,0.0,0.0
126,2,7,2,0.0,3.8761011266018324,3.8761011266018324
126,2,7,3,0.0,0.0,0.0
126,2,8,1,0.0,0.0,0.0
126,2,8,2,0.0,3.8761011266018324,3.8761011266018324
126,2,8,3,0.0,0.0,0.0
126,2,9,1,0.0,0.0,0.0
126,2,9,2,0.0,3.8761011266018324,3.8761011266018324
126,2,9,3,0.0,0.0,0.0
126,2,10,1,0.0,0.0,0.0
126,2,10,2,0.0,3.8761011266018324,3.8761011266018324
126,2,10,3,0.0,0.0,0.0
126,2,11,1,0.0,0.0,0.0
126,2,11,2,0.0,3.8761011266018324,3.8761011266018324
126,2,11,3,0.0,0.0,0.0
126,2,12,1,0.0,0.0,0.0
126,2,12,2,0.0,3.8761011266018324,3.8761011266018324
126,2,12,3,0.0,0.0,0.0
126,2,13,1,0.0,0.0,0.0
126,2,13,2,0.0,3.8761011266018324,3.8761011266018324
126,2,13,3,0.0,0.0,0.0
126,2,14,1,0.0,0.0,0.0
126,2,14,2,0.0,3.8761011266018324,3.8761011266018324
126,2,14,3,2.0,2.0,4.0
126,2,15,1,0.7941000567790231,3.8761011266018324,4.670201183380856
126,2,15,2,0.0,3.8761011266018324,3.8761011266018324
126,2,15,3,0.0,0.0,0.0
126,2,16,1,0.0,0.0,0.0
126,2,16,2,0.0,3.8761011266018324,3.8761011266018324
126,2,16,3,0.0,0.0,0.0
126,2,17,1,0.0,0.0,0.0
126,2,17,2,0.0,3.8761011266018324,3.8761011266018324
126,2,17,3,0.0,0.0,0.0
126,2,18,1,0.0,0.0,0.0
126,2,18,2,0.0,3.8761011266018324,3.8761011266018324
126,2,18,3,0.0,0.0,0.0
126,2,19,1,0.0,0.0,0.0
126,2,19,2,0.0,3.8761011266018324,3.8761011266018324
126,2,19,3,0.0,2.0,2.0
126,2,20,1,0.0,0.0,0.0
126,2,20,2,0.0,0.0,0.0
126,2,20,3,0.0,2.0,2.0
126,1,1,1,4.670201183380856,3.8761011266018324,8.54630230998269
126,1,1,2,0.0,0.0,0.0
126,1,1,3,0.0,0.0,0.0
126,1,2,1,0.7941000567790231,3.8761011266018324,4.670201183380856
126,1,2,2,2.794100056779023,2.0,4.794100056779023
126,1,2,3,0.0,0.0,0.0
126,1,3,1,0.0,0.0,0.0
126,1,3,2,0.7941000567790231,2.0,2.794100056779023
126,1,3,3,0.0,0.0,0.0
126,1,4,1,0.0,0.0,0.0
126,1,4,2,0.0,2.0,2.0
126,1,4,3,2.0,2.0,4.0
126,1,5,1,0.0,0.0,0.0
126,1,5,2,0.0,0.0,0.0
126,1,5,3,0.0,2.0,2.0
126,1,6,1,0.0,0.0,0.0
126,1,6,2,0.0,0.0,0.0
126,1,6,3,0.0,2.0,2.0
126,1,7,1,0.7941000567790231,3.8761011266018324,4.670201183380856
126,1,7,2,0.0,2.0,2.0
126,1,7,3,0.0,0.0,0.0
126,1,8,1,0.0,0.0,0.0
126,1,8,2,0.0,2.0,2.0
126,1,8,3,0.0,2.0,2.0
126,1,9,1,0.0,0.0,0.0
126,1,9,2,0.0,0.0,0.0
126,1,9,3,0.0,2.0,2.0
126,1,10,1,0.0,0.0,0.0
126,1,10,2,0.0,0.0,0.0
126,1,10,3,0.0,2.0,2.0
126,1,11,1,0.0,0.0,0.0
126,1,11,2,0.0,0.0,0.0
126,1,11,3,0.0,2.0,2.0
126,1,12,1,0.0,0.0,0.0
126,1,12,2,0.0,0.0,0.0
126,1,12,3,0.0,2.0,2.0
126,1,13,1,0.0,0.0,0.0
126,1,13,2,0.0,0.0,0.0
126,1,13,3,0.0,2.0,2.0
126,1,14,1,0.0,0.0,0.0
126,1,14,2,0.0,0.0,0.0
126,1,14,3,0.0,2.0,2.0
126,1,15,1,0.0,0.0,0.0
126,1,15,2,0.0,0.0,0.0
126,1,15,3,0.0,2.0,2.0
126,1,16,1,0.0,0.0,0.0
126,1,16,2,0.0,0.0,0.0
126,1,16,3,0.0,2.0,2.0
126,1,17,1,0.0,0.0,0.0
126,1,17,2,0.0,0.0,0.0
126,1,17,3,0.0,2.0,2.0
126,1,18,1,0.0,0.0,0.0
126,1,18,2,0.0,0.0,0.0
126,1,18,3,0.0,2.0,2.0
126,1,19,1,0.0,0.0,0.0
126,1,19,2,0.0,0.0,0.0
126,1,19,3,0.0,2.0,2.0
126,1,20,1,0.0,0.0,0.0
126,1,20,2,0.0,0.0,0.0
126,1,20,3,0.0,2.0,2.0
127,3,1,1,3.8761011266018324,3.8761011266018324,7.752202253203665
127,3,1,2,0.0,0.0,0.0
127,3,1,3,0.0,0.0,0.0
127,3,2,1,3.8761011266018324,3.8761011266018324,7.752202253203665
127,3,2,2,0.0,0.0,0.0
127,3,2,3,0.0,0.0,0.0
127,3,3,1,0.0,3.8761011266018324,3.8761011266018324
127,3,3,2,0.0,0.0,0.0
127,3,3,3,0.0,0.0,0.0
127,3,4,1,0.0,3.8761011266018324,3.8761011266018324
127,3,4,2,3.8761011266018324,3.8761011266018324,7.752202253203665
127,3,4,3,0.0,0.0,0.0
127,3,5,1,0.0,0.0,0.0
127,3,5,2,0.0,3.8761011266018324,3.8761011266018324
127,3,5,3,0.0,0.0,0.0
127,3,6,1,0.0,0.0,0.0
127,3,6,2,0.0,3.8761011266018324,3.8761011266018324
127,3,6,3,0.0,0.0,0.0
127,3,7,1,0.0,3.8761011266018324,3.8761011266018324
127,3,7,2,0.0,0.0,0.0
127,3,7,3,0.0,0.0,0.0
127,3,8,1,0.0,3.8761011266018324,3.8761011266018324
127,3,8,2,0.0,0.0,0.0
127,3,8,3,0.0,0.0,0.0
127,3,9,1,0.0,3.8761011266018324,3.8761011266018324
127,3,9,2,0.0,0.0,0.0
127,3,9,3,0.0,0.0,0.0
127,3,10,1,0.0,3.8761011266018324,3.8761011266018324
127,3,10,2,0.0,0.0,0.0
127,3,10,3,0.0,0.0,0.0
127,3,11,1,0.0,3.8761011266018324,3.8761011266018324
127,3,11,2,0.0,3.8761011266018324,3.8761011266018324
127,3,11,3,0.0,0.0,0.0
127,3,12,1,0.0,3.8761011266018324,3.8761011266018324
127,3,12,2,0.0,0.0,0.0
127,3,12,3,0.0,0.0,0.0
127,3,13,1,0.0,3.8761011266018324,3.8761011266018324
127,3,13,2,0.0,0.0,0.0
127,3,13,3,0.0,0.0,0.0
127,3,14,1,0.0,3.8761011266018324,3.8761011266018324
127,3,14,2,0.0,0.0,0.0
127,3,14,3,0.0,0.0,0.0
127,3,15,1,0.0,3.8761011266018324,3.8761011266018324
127,3,15,2,0.0,0.0,0.0
127,3,15,3,0.0,0.0,0.0
127,3,16,1,0.0,3.8761011266018324,3.8761011266018324
127,3,16,2,0.0,0.0,0.0
127,3,16,3,0.0,0.0,0.0
127,3,17,1,0.0,3.8761011266018324,3.8761011266018324
127,3,17,2,0.0,0.0,0.0
127,3,17,3,0.0,0.0,0.0
127,3,18,1,0.0,3.8761011266018324,3.8761011266018324
127,3,18,2,0.0,0.0,0.0
127,3,18,3,0.0,0.0,0.0
127,3,19,1,0.0,3.8761011266018324,3.8761011266018324
127,3,19,2,0.0,0.0,0.0
127,3,19,3,0.0,0.0,0.0
127,3,20,1,0.0,3.8761011266018324,3.8761011266018324
127,3,20,2,0.0,0.0,0.0
127,3,20,3,0.0,0.0,0.0
127,2,1,1,4.670201183380856,3.8761011266018324,8.54630230998269
127,2,1,2,0.0,0.0,0.0
127,2,1,3,0.0,0.0,0.0
127,2,2,1,0.7941000567790231,3.8761011266018324,4.670201183380856
127,2,2,2,0.0,0.0,0.0
127,2,2,3,0.0,0.0,0.0
127,2,3,1,0.7941000567790231,3.8761011266018324,4.670201183380856
127,2,3,2,0.0,0.0,0.0
127,2,3,3,0.0,0.0,0.0
127,2,4,1,0.7941000567790231,3.8761011266018324,4.670201183380856
127,2,4,2,3.8761011266018324,3.8761011266018324,7.752202253203665
127,2,4,3,2.0,2.0,4.0
127,2,5,1,0.0,0.0,0.0
127,2,5,2,0.0,0.0,0.0
127,2,5,3,0.0,2.0,2.0
127,2,6,1,0.0,0.0,0.0
127,2,6,2,0.0,0.0,0.0
127,2,6,3,0.0,2.0,2.0
127,2,7,1,0.0,0.0,0.0
127,2,7,2,0.0,0.0,0.0
127,2,7,3,0.0,2.0,2.0
127,2,8,1,0.0,0.0,0.0
127,2,8,2,0.0,0.0,0.0
127,2,8,3,0.0,2.0,2.0
127,2,9,1,0.0,0.0,0.0
127,2,9,2,0.0,0.0,0.0
127,2,9,3,0.0,2.0,2.0
127,2,10,1,0.0,0.0,0.0
127,2,10,2,0.0,0.0,0.0
127,2,10,3,0.0,2.0,2.0
127,2,11,1,0.0,3.8761011266018324,3.8761011266018324
127,2,11,2,0.0,0.0,0.0
127,2,11,3,0.0,0.0,0.0
127,2,12,1,0.0,3.8761011266018324,3.8761011266018324
127,2,12,2,0.0,0.0,0.0
127,2,12,3,0.0,0.0,0.0
127,2,13,1,0.0,3.8761011266018324,3.8761011266018324
127,2,13,2,0.0,0.0,0.0
127,2,13,3,0.0,0.0,0.0
127,2,14,1,0.0,3.8761011266018324,3.8761011266018324
127,2,14,2,0.0,3.8761011266018324,3.8761011266018324
127,2,14,3,0.0,0.0,0.0
127,2,15,1,0.0,0.0,0.0
127,2,15,2,0.0,3.8761011266018324,3.8761011266018324
127,2,15,3,0.0,0.0,0.0
127,2,16,1,0.0,0.0,0.0
127,2,16,2,0.0,3.8761011266018324,3.8761011266018324
127,2,16,3,0.0,0.0,0.0
127,2,17,1,0.0,0.0,0.0
127,2,17,2,0.0,3.8761011266018324,3.8761011266018324
127,2,17,3,0.0,0.0,0.0
127,2,18,1,0.0,0.0,0.0
127,2,18,2,0.0,3.8761011266018324,3.8761011266018324
127,2,18,3,0.0,0.0,0.0
127,2,19,1,0.0,0.0,0.0
127,2,19,2,0.0,3.8761011266018324,3.8761011266018324
127,2,19,3,0.0,0.0,0.0
127,2,20,1,0.0,0.0,0.0
127,2,20,2,0.0,3.8761011266018324,3.8761011266018324
127,2,20,3,0.0,0.0,0.0
127,1,1,1,4.670201183380856,3.8761011266018324,8.54630230998269
127,1,1,2,0.0,0.0,0.0
127,1,1,3,0.0,0.0,0.0
127,1,2,1,0.7941000567790231,3.8761011266018324,4.670201183380856
127,1,2,2,2.794100056779023,2.0,4.794100056779023
127,1,2,3,0.0,0.0,0.0
127,1,3,1,0.0,0.0,0.0
127,1,3,2,0.7941000567790231,2.0,2.794100056779023
127,1,3,3,2.0,2.0,4.0
127,1,4,1,0.0,0.0,0.0
127,1,4,2,0.0,0.0,0.0
127,1,4,3,0.0,2.0,2.0
127,1,5,1,0.0,0.0,0.0
127,1,5,2,0.0,0.0,0.0
127,1,5,3,0.0,2.0,2.0
127,1,6,1,0.0,0.0,0.0
127,1,6,2,0.0,0.0,0.0
127,1,6,3,0.0,2.0,2.0
127,1,7,1,0.0,0.0,0.0
127,1,7,2,0.0,0.0,0.0
127,1,7,3,0.0,2.0,2.0
127,1,8,1,0.0,0.0,0.0
127,1,8,2,0.0,0.0,0.0
127,1,8,3,0.0,2.0,2.0
127,1,9,1,0.0,0.0,0.0
127,1,9,2,0.0,0.0,0.0
127,1,9,3,0.0,2.0,2.0
127,1,10,1,0.0,0.0,0.0
127,1,10,2,0.0,0.0,0.0
127,1,10,3,0.0,2.0,2.0
127,1,11,1,0.0,0.0,0.0
127,1,11,2,0.0,0.0,0.0
127,1,11,3,0.0,2.0,2.0
127,1,12,1,0.0,0.0,0.0
127,1,12,2,0.0,0.0,0.0
127,1,12,3,0.0,2.0,2.0
127,1,13,1,0.0,0.0,0.0
127,1,13,2,0.0,0.0,0.0
127,1,13,3,0.0,2.0,2.0
127,1,14,1,0.0,0.0,0.0
127,1,14,2,0.0,0.0,0.0
127,1,14,3,0.0,2.0,2.0
127,1,15,1,0.0,0.0,0.0
127,1,15,2,0.0,0.0,0.0
127,1,15,3,0.0,2.0,2.0
127,1,16,1,0.0,0.0,0.0
127,1,16,2,0.0,0.0,0.0
127,1,16,3,0.0,2.0,2.0
127,1,17,1,0.0,0.0,0.0
127,1,17,2,0.0,0.0,0.0
127,1,17,3,0.0,2.0,2.0
127,1,18,1,0.0,0.0,0.0
127,1,18,2,0.0,0.0,0.0
127,1,18,3,0.0,2.0,2.0
127,1,19,1,0.0,0.0,0.0
127,1,19,2,0.0,0.0,0.0
127,1,19,3,0.0,2.0,2.0
127,1,20,1,0.0,0.0,0.0
127,1,20,2,0.0,0.0,0.0
127,1,20,3,0.0,2.0,2.0
128,3,1,1,3.8761011266018324,3.8761011266018324,7.752202253203665
128,3,1,2,0.0,0.0,0.0
128,3,1,3,0.0,0.0,0.0
128,3,2,1,3.8761011266018324,3.8761011266018324,7.752202253203665
128,3,2,2,0.0,0.0,0.0
128,3,2,3,0.0,0.0,0.0
128,3,3,1,0.0,3.8761011266018324,3.8761011266018324
128,3,3,2,0.0,0.0,0.0
128,3,3,3,0.0,0.0,0.0
128,3,4,1,0.0,3.8761011266018324,3.8761011266018324
128,3,4,2,0.0,0.0,0.0
128,3,4,3,0.0,0.0,0.0
128,3,5,1,0.0,3.8761011266018324,3.8761011266018324
128,3,5,2,0.0,0.0,0.0
128,3,5,3,0.0,0.0,0.0
128,3,6,1,0.0,3.8761011266018324,3.8761011266018324
128,3,6,2,0.0,0.0,0.0
128,3,6,3,0.0,0.0,0.0
128,3,7,1,0.0,3.8761011266018324,3.8761011266018324
128,3,7,2,0.0,0.0,0.0
128,3,7,3,0.0,0.0,0.0
128,3,8,1,0.0,3.8761011266018324,3.8761011266018324
128,3,8,2,0.0,0.0,0.0
128,3,8,3,0.0,0.0,0.0
128,3,9,1,0.0,3.8761011266018324,3.8761011266018324
128,3,9,2,0.0,0.0,0.0
128,3,9,3,0.0,0.0,0.0
128,3,10,1,0.0,3.8761011266018324,3.8761011266018324
128,3,10,2,0.0,0.0,0.0
128,3,10,3,0.0,0.0,0.0
128,3,11,1,0.0,3.8761011266018324,3.8761011266018324
128,3,11,2,0.0,0.0,0.0
128,3,11,3,0.0,0.0,0.0
128,3,12,1,0.0,3.8761011266018324,3.8761011266018324
128,3,12,2,0.0,0.0,0.0
128,3,12,3,0.0,0.0,0.0
128,3,13,1,0.0,3.8761011266018324,3.8761011266018324
128,3,13,2,0.0,0.0,0.0
128,3,13,3,0.0,0.0,0.0
128,3,14,1,0.0,3.8761011266018324,3.8761011266018324
128,3,14,2,0.0,0.0,0.0
128,3,14,3,0.0,0.0,0.0
128,3,15,1,0.0,3.8761011266018324,3.8761011266018324
128,3,15,2,0.0,0.0,0.0
128,3,15,3,0.0,0.0,0.0
128,3,16,1,0.0,3.8761011266018324,3.8761011266018324
128,3,16,2,0.0,0.0,0.0
128,3,16,3,0.0,0.0,0.0
128,3,17,1,0.0,3.8761011266018324,3.8761011266018324
128,3,17,2,0.0,0.0,0.0
128,3,17,3,0.0,0.0,0.0
128,3,18,1,0.0,3.8761011266018324,3.8761011266018324
128,3,18,2,0.0,0.0,0.0
128,3,18,3,0.0,0.0,0.0
128,3,19,1,0.0,3.8761011266018324,3.8761011266018324
128,3,19,2,0.0,0.0,0.0
128,3,19,3,0.0,0.0,0.0
128,3,20,1,0.0,3.8761011266018324,3.8761011266018324
128,3,20,2,3.8761011266018324,3.8761011266018324,7.752202253203665
128,3,20,3,0.0,0.0,0.0
128,2,1,1,4.670201183380856,3.8761011266018324,8.54630230998269
128,2,1,2,3.8761011266018324,3.8761011266018324,7.752202253203665
128,2,1,3,0.0,0.0,0.0
128,2,2,1,0.0,0.0,0.0
128,2,2,2,0.0,3.8761011266018324,3.8761011266018324
128,2,2,3,0.0,0.0,0.0
128,2,3,1,0.0,0.0,0.0
128,2,3,2,0.0,3.8761011266018324,3.8761011266018324
128,2,3,3,0.0,0.0,0.0
128,2,4,1,0.0,0.0,0.0
128,2,4,2,0.0,3.8761011266018324,3.8761011266018324
128,2,4,3,0.0,0.0,0.0
128,2,5,1,0.0,0.0,0.0
128,2,5,2,0.0,3.8761011266018324,3.8761011266018324
128,2,5,3,0.0,0.0,0.0
128,2,6,1,0.0,0.0,0.0
128,2,6,2,0.0,3.8761011266018324,3.8761011266018324
128,2,6,3,0.0,0.0,0.0
128,2,7,1,0.0,0.0,0.0
128,2,7,2,0.0,3.8761011266018324,3.8761011266018324
128,2,7,3,0.0,0.0,0.0
128,2,8,1,0.0,0.0,0.0
128,2,8,2,0.0,3.8761011266018324,3.8761011266018324
128,2,8,3,0.0,0.0,0.0
128,2,9,1,0.0,0.0,0.0
128,2,9,2,0.0,3.8761011266018324,3.8761011266018324
128,2,9,3,0.0,0.0,0.0
128,2,10,1,0.0,0.0,0.0
128,2,10,2,0.0,3.8761011266018324,3.8761011266018324
128,2,10,3,0.0,0.0,0.0
128,2,11,1,0.0,0.0,0.0
128,2,11,2,0.0,3.8761011266018324,3.8761011266018324
128,2,11,3,0.0,0.0,0.0
128,2,12,1,0.0,0.0,0.0
128,2,12,2,0.0,3.8761011266018324,3.8761011266018324
128,2,12,3,0.0,0.0,0.0
128,2,13,1,0.0,0.0,0.0
128,2,13,2,0.0,3.8761011266018324,3.8761011266018324
128,2,13,3,0.0,0.0,0.0
128,2,14,1,0.0,0.0,0.0
128,2,14,2,0.0,3.8761011266018324,3.8761011266018324
128,2,14,3,0.0,0.0,0.0
128,2,15,1,0.0,0.0,0.0
128,2,15,2,0.0,3.8761011266018324,3.8761011266018324
128,2,15,3,0.0,0.0,0.0
128,2,16,1,0.0,0.0,0.0
128,2,16,2,0.0,3.8761011266018324,3.8761011266018324
128,2,16,3,0.0,0.0,0.0
128,2,17,1,0.0,0.0,0.0
128,2,17,2,0.0,3.8761011266018324,3.8761011266018324
128,2,17,3,2.0,2.0,4.0
128,2,18,1,0.0,0.0,0.0
128,2,18,2,0.0,0.0,0.0
128,2,18,3,0.0,2.0,2.0
128,2,19,1,0.0,0.0,0.0
128,2,19,2,0.0,0.0,0.0
128,2,19,3,0.0,2.0,2.0
128,2,20,1,0.7941000567790231,3.8761011266018324,4.670201183380856
128,2,20,2,0.0,3.8761011266018324,3.8761011266018324
128,2,20,3,0.0,0.0,0.0
128,1,1,1,4.670201183380856,3.8761011266018324,8.54630230998269
128,1,1,2,0.0,0.0,0.0
128,1,1,3,0.0,0.0,0.0
128,1,2,1,0.7941000567790231,3.8761011266018324,4.670201183380856
128,1,2,2,2.794100056779023,2.0,4.794100056779023
128,1,2,3,0.0,0.0,0.0
128,1,3,1,0.0,0.0,0.0
128,1,3,2,0.7941000567790231,2.0,2.794100056779023
128,1,3,3,2.0,2.0,4.0
128,1,4,1,0.0,0.0,0.0
128,1,4,2,0.0,0.0,0.0
128,1,4,3,0.0,2.0,2.0
128,1,5,1,0.0,0.0,0.0
128,1,5,2,0.0,0.0,0.0
128,1,5,3,0.0,2.0,2.0
128,1,6,1,0.0,0.0,0.0
128,1,6,2,0.0,0.0,0.0
128,1,6,3,0.0,2.0,2.0
128,1,7,1,0.0,0.0,0.0
128,1,7,2,0.0,0.0,0.0
128,1,7,3,0.0,2.0,2.0
128,1,8,1,0.0,0.0,0.0
128,1,8,2,0.0,0.0,0.0
128,1,8,3,0.0,2.0,2.0
128,1,9,1,0.0,0.0,0.0
128,1,9,2,0.0,0.0,0.0
128,1,9,3,0.0,2.0,2.0
128,1,10,1,0.0,0.0,0.0
128,1,10,2,0.0,0.0,0.0
128,1,10,3,0.0,2.0,2.0
128,1,11,1,0.0,0.0,0.0
128,1,11,2,0.0,0.0,0.0
128,1,11,3,0.0,2.0,2.0
128,1,12,1,0.0,0.0,0.0
128,1,12,2,0.0,0.0,0.0
128,1,12,3,0.0,2.0,2.0
128,1,13,1,0.0,0.0,0.0
128,1,13,2,0.0,0.0,0.0
128,1,13,3,0.0,2.0,2.0
128,1,14,1,0.0,0.0,0.0
128,1,14,2,0.0,0.0,0.0
128,1,14,3,0.0,2.0,2.0
128,1,15,1,0.0,0.0,0.0
128,1,15,2,0.0,0.0,0.0
128,1,15,3,0.0,2.0,2.0
128,1,16,1,0.0,0.0,0.0
128,1,16,2,0.0,0.0,0.0
128,1,16,3,0.0,2.0,2.0
128,1,17,1,0.0,0.0,0.0
128,1,17,2,0.0,0.0,0.0
128,1,17,3,0.0,2.0,2.0
128,1,18,1,0.0,0.0,0.0
128,1,18,2,0.0,0.0,0.0
128,1,18,3,0.0,2.0,2.0
128,1,19,1,0.0,0.0,0.0
128,1,19,2,0.0,0.0,0.0
128,1,19,3,0.0,2.0,2.0
128,1,20,1,0.0,0.0,0.0
128,1,20,2,0.0,0.0,0.0
128,1,20,3,0.0,2.0,2.0
129,3,1,1,3.8761011266018324,3.8761011266018324,7.752202253203665
129,3,1,2,0.0,0.0,0.0
129,3,1,3,0.0,0.0,0.0
129,3,2,1,3.8761011266018324,3.8761011266018324,7.752202253203665
129,3,2,2,0.0,0.0,0.0
129,3,2,3,0.0,0.0,0.0
129,3,3,1,0.0,3.8761011266018324,3.8761011266018324
129,3,3,2,0.0,0.0,0.0
129,3,3,3,0.0,0.0,0.0
129,3,4,1,0.0,3.8761011266018324,3.8761011266018324
129,3,4,2,0.0,0.0,0.0
129,3,4,3,0.0,0.0,0.0
129,3,5,1,0.0,3.8761011266018324,3.8761011266018324
129,3,5,2,0.0,0.0,0.0
129,3,5,3,0.0,0.0,0.0
129,3,6,1,0.0,3.8761011266018324,3.8761011266018324
129,3,6,2,0.0,0.0,0.0
129,3,6,3,0.0,0.0,0.0
129,3,7,1,0.0,3.8761011266018324,3.8761011266018324
129,3,7,2,0.0,0.0,0.0
129,3,7,3,0.0,0.0,0.0
129,3,8,1,0.0,3.8761011266018324,3.8761011266018324
129,3,8,2,0.0,0.0,0.0
129,3,8,3,0.0,0.0,0.0
129,3,9,1,0.0,3.8761011266018324,3.8761011266018324
129,3,9,2,0.0,0.0,0.0
129,3,9,3,0.0,0.0,0.0
129,3,10,1,0.0,3.8761011266018324,3.8761011266018324
129,3,10,2,0.0,0.0,0.0
129,3,10,3,0.0,0.0,0.0
129,3,11,1,0.0,3.8761011266018324,3.8761011266018324
129,3,11,2,0.0,0.0,0.0
129,3,11,3,0.0,0.0,0.0
129,3,12,1,0.0,3.8761011266018324,3.8761011266018324
129,3,12,2,0.0,0.0,0.0
129,3,12,3,0.0,0.0,0.0
129,3,13,1,0.0,3.8761011266018324,3.8761011266018324
129,3,13,2,0.0,0.0,0.0
129,3,13,3,0.0,0.0,0.0
129,3,14,1,0.0,3.8761011266018324,3.8761011266018324
129,3,14,2,3.8761011266018324,3.8761011266018324,7.752202253203665
129,3,14,3,2.0,2.0,4.0
129,3,15,1,0.0,3.8761011266018324,3.8761011266018324
129,3,15,2,0.0,3.8761011266018324,3.8761011266018324
129,3,15,3,0.0,0.0,0.0
129,3,16,1,0.0,0.0,0.0
129,3,16,2,0.0,3.8761011266018324,3.8761011266018324
129,3,16,3,0.0,0.0,0.0
129,3,17,1,0.0,3.8761011266018324,3.8761011266018324
129,3,17,2,0.0,0.0,0.0
129,3,17,3,0.0,0.0,0.0
129,3,18,1,0.0,3.8761011266018324,3.8761011266018324
129,3,18,2,0.0,3.8761011266018324,3.8761011266018324
129,3,18,3,0.0,0.0,0.0
129,3,19,1,0.0,3.8761011266018324,3.8761011266018324
129,3,19,2,0.0,0.0,0.0
129,3,19,3,0.0,0.0,0.0
129,3,20,1,0.0,3.8761011266018324,3.8761011266018324
129,3,20,2,0.0,0.0,0.0
129,3,20,3,0.0,0.0,0.0
129,2,1,1,4.670201183380856,3.8761011266018324,8.54630230998269
129,2,1,2,0.0,0.0,0.0
129,2,1,3,0.0,0.0,0.0
129,2,2,1,0.7941000567790231,3.8761011266018324,4.670201183380856
129,2,2,2,3.8761011266018324,3.8761011266018324,7.752202253203665
129,2,2,3,0.0,0.0,0.0
129,2,3,1,0.0,0.0,0.0
129,2,3,2,0.0,3.8761011266018324,3.8761011266018324
129,2,3,3,0.0,0.0,0.0
129,2,4,1,0.0,0.0,0.0
129,2,4,2,0.0,3.8761011266018324,3.8761011266018324
129,2,4,3,0.0,0.0,0.0
129,2,5,1,0.0,0.0,0.0
129,2,5,2,0.0,3.8761011266018324,3.8761011266018324
129,2,5,3,0.0,0.0,0.0
129,2,6,1,0.0,0.0,0.0
129,2,6,2,0.0,3.8761011266018324,3.8761011266018324
129,2,6,3,0.0,0.0,0.0
129,2,7,1,0.0,0.0,0.0
129,2,7,2,0.0,3.8761011266018324,3.8761011266018324
129,2,7,3,2.0,2.0,4.0
129,2,8,1,0.0,0.0,0.0
129,2,8,2,0.0,0.0,0.0
129,2,8,3,0.0,2.0,2.0
129,2,9,1,0.0,0.0,0.0
129,2,9,2,0.0,0.0,0.0
129,2,9,3,0.0,2.0,2.0
129,2,10,1,0.7941000567790231,3.8761011266018324,4.670201183380856
129,2,10,2,0.0,0.0,0.0
129,2,10,3,0.0,0.0,0.0
129,2,11,1,0.7941000567790231,3.8761011266018324,4.670201183380856
129,2,11,2,0.0,0.0,0.0
129,2,11,3,0.0,0.0,0.0
129,2,12,1,0.0,3.8761011266018324,3.8761011266018324
129,2,12,2,0.0,3.8761011266018324,3.8761011266018324
129,2,12,3,0.0,0.0,0.0
129,2,13,1,0.0,0.0,0.0
129,2,13,2,0.0,3.8761011266018324,3.8761011266018324
129,2,13,3,0.0,0.0,0.0
129,2,14,1,0.0,0.0,0.0
129,2,14,2,0.0,3.8761011266018324,3.8761011266018324
129,2,14,3,0.0,0.0,0.0
129,2,15,1,0.0,0.0,0.0
129,2,15,2,0.0,3.8761011266018324,3.8761011266018324
129,2,15,3,0.0,0.0,0.0
129,2,16,1,0.0,0.0,0.0
129,2,16,2,0.0,3.8761011266018324,3.8761011266018324
129,2,16,3,0.0,0.0,0.0
129,2,17,1,0.0,0.0,0.0
129,2,17,2,0.0,3.8761011266018324,3.8761011266018324
129,2,17,3,0.0,0.0,0.0
129,2,18,1,0.0,0.0,0.0
129,2,18,2,0.0,3.8761011266018324,3.8761011266018324
129,2,18,3,0.0,0.0,0.0
129,2,19,1,0.0,0.0,0.0
129,2,19,2,0.0,3.8761011266018324,3.8761011266018324
129,2,19,3,0.0,0.0,0.0
129,2,20,1,0.0,0.0,0.0
129,2,20,2,0.0,3.8761011266018324,3.8761011266018324
129,2,20,3,0.0,0.0,0.0
129,1,1,1,4.670201183380856,3.8761011266018324,8.54630230998269
129,1,1,2,2.794100056779023,2.0,4.794100056779023
129,1,1,3,2.0,2.0,4.0
129,1,2,1,0.0,0.0,0.0
129,1,2,2,0.0,0.0,0.0
129,1,2,3,0.0,2.0,2.0
129,1,3,1,0.0,0.0,0.0
129,1,3,2,0.0,0.0,0.0
129,1,3,3,0.0,2.0,2.0
129,1,4,1,0.0,0.0,0.0
129,1,4,2,0.0,0.0,0.0
129,1,4,3,0.0,2.0,2.0
129,1,5,1,0.0,0.0,0.0
129,1,5,2,0.0,0.0,0.0
129,1,5,3,0.0,2.0,2.0
129,1,6,1,0.0,0.0,0.0
129,1,6,2,0.0,0.0,0.0
129,1,6,3,0.0,2.0,2.0
129,1,7,1,0.0,0.0,0.0
129,1,7,2,0.0,0.0,0.0
129,1,7,3,0.0,2.0,2.0
129,1,8,1,0.0,0.0,0.0
129,1,8,2,0.0,0.0,0.0
129,1,8,3,0.0,2.0,2.0
129,1,9,1,0.0,0.0,0.0
129,1,9,2,0.0,0.0,0.0
129,1,9,3,0.0,2.0,2.0
129,1,10,1,0.0,0.0,0.0
129,1,10,2,0.0,0.0,0.0
129,1,10,3,0.0,2.0,2.0
129,1,11,1,0.0,0.0,0.0
129,1,11,2,0.0,0.0,0.0
129,1,11,3,0.0,2.0,2.0
129,1,12,1,0.0,0.0,0.0
129,1,12,2,0.0,0.0,0.0
129,1,12,3,0.0,2.0,2.0
129,1,13,1,0.0,0.0,0.0
129,1,13,2,0.0,0.0,0.0
129,1,13,3,0.0,2.0,2.0
129,1,14,1,0.0,0.0,0.0
129,1,14,2,0.0,0.0,0.0
129,1,14,3,0.0,2.0,2.0
129,1,15,1,0.0,0.0,0.0
129,1,15,2,0.0,0.0,0.0
129,1,15,3,0.0,2.0,2.0
129,1,16,1,0.0,0.0,0.0
129,1,16,2,0.0,0.0,0.0
129,1,16,3,0.0,2.0,2.0
129,1,17,1,0.0,0.0,0.0
129,1,17,2,0.0,0.0,0.0
129,1,17,3,0.0,2.0,2.0
129,1,18,1,0.0,0.0,0.0
129,1,18,2,0.0,0.0,0.0
129,1,18,3,0.0,2.0,2.0
129,1,19,1,0.0,0.0,0.0
129,1,19,2,0.0,0.0,0.0
129,1,19,3,0.0,2.0,2.0
129,1,20,1,0.0,0.0,0.0
129,1,20,2,0.0,0.0,0.0
129,1,20,3,0.0,2.0,2.0
130,3,1,1,3.8761011266018324,3.8761011266018324,7.752202253203665
130,3,1,2,3.8761011266018324,3.8761011266018324,7.752202253203665
130,3,1,3,0.0,0.0,0.0
130,3,2,1,0.0,0.0,0.0
130,3,2,2,0.0,3.8761011266018324,3.8761011266018324
130,3,2,3,0.0,0.0,0.0
130,3,3,1,0.0,0.0,0.0
130,3,3,2,0.0,3.8761011266018324,3.8761011266018324
130,3,3,3,2.0,2.0,4.0
130,3,4,1,3.8761011266018324,3.8761011266018324,7.752202253203665
130,3,4,2,0.0,0.0,0.0
130,3,4,3,0.0,0.0,0.0
130,3,5,1,0.0,3.8761011266018324,3.8761011266018324
130,3,5,2,0.0,0.0,0.0
130,3,5,3,0.0,0.0,0.0
130,3,6,1,0.0,3.8761011266018324,3.8761011266018324
130,3,6,2,0.0,0.0,0.0
130,3,6,3,0.0,0.0,0.0
130,3,7,1,0.0,3.8761011266018324,3.8761011266018324
130,3,7,2,0.0,0.0,0.0
130,3,7,3,0.0,0.0,0.0
130,3,8,1,0.0,3.8761011266018324,3.8761011266018324
130,3,8,2,0.0,0.0,0.0
130,3,8,3,0.0,0.0,0.0
130,3,9,1,0.0,3.8761011266018324,3.8761011266018324
130,3,9,2,0.0,3.8761011266018324,3.8761011266018324
130,3,9,3,0.0,0.0,0.0
130,3,10,1,0.0,3.8761011266018324,3.8761011266018324
130,3,10,2,0.0,3.8761011266018324,3.8761011266018324
130,3,10,3,0.0,0.0,0.0
130,3,11,1,0.0,3.8761011266018324,3.8761011266018324
130,3,11,2,0.0,0.0,0.0
130,3,11,3,0.0,0.0,0.0
130,3,12,1,0.0,3.8761011266018324,3.8761011266018324
130,3,12,2,0.0,0.0,0.0
130,3,12,3,0.0,0.0,0.0
130,3,13,1,0.0,3.8761011266018324,3.8761011266018324
130,3,13,2,0.0,0.0,0.0
130,3,13,3,0.0,0.0,0.0
130,3,14,1,0.0,3.8761011266018324,3.8761011266018324
130,3,14,2,0.0,0.0,0.0
130,3,14,3,0.0,0.0,0.0
130,3,15,1,0.0,3.8761011266018324,3.8761011266018324
130,3,15,2,0.0,3.8761011266018324,3.8761011266018324
130,3,15,3,0.0,0.0,0.0
130,3,16,1,0.0,0.0,0.0
130,3,16,2,0.0,3.8761011266018324,3.8761011266018324
130,3,16,3,0.0,0.0,0.0
130,3,17,1,0.0,0.0,0.0
130,3,17,2,0.0,3.8761011266018324,3.8761011266018324
130,3,17,3,0.0,0.0,0.0
130,3,18,1,0.0,3.8761011266018324,3.8761011266018324
130,3,18,2,0.0,0.0,0.0
130,3,18,3,0.0,0.0,0.0
130,3,19,1,0.0,3.8761011266018324,3.8761011266018324
130,3,19,2,0.0,0.0,0.0
130,3,19,3,0.0,0.0,0.0
130,3,20,1,0.0,3.8761011266018324,3.8761011266018324
130,3,20,2,0.0,0.0,0.0
130,3,20,3,0.0,0.0,0.0
130,2,1,1,4.670201183380856,3.8761011266018324,8.54630230998269
130,2,1,2,3.8761011266018324,3.8761011266018324,7.752202253203665
130,2,1,3,0.0,0.0,0.0
130,2,2,1,0.0,0.0,0.0
130,2,2,2,0.0,3.8761011266018324,3.8761011266018324
130,2,2,3,0.0,0.0,0.0
130,2,3,1,0.0,0.0,0.0
130,2,3,2,0.0,3.8761011266018324,3.8761011266018324
130,2,3,3,0.0,0.0,0.0
130,2,4,1,0.0,0.0,0.0
130,2,4,2,0.0,3.8761011266018324,3.8761011266018324
130,2,4,3,0.0,0.0,0.0
130,2,5,1,0.0,0.0,0.0
130,2,5,2,0.0,3.8761011266018324,3.8761011266018324
130,2,5,3,0.0,0.0,0.0
130,2,6,1,0.0,0.0,0.0
130,2,6,2,0.0,3.8761011266018324,3.8761011266018324
130,2,6,3,0.0,0.0,0.0
130,2,7,1,0.0,0.0,0.0
130,2,7,2,0.0,3.8761011266018324,3.8761011266018324
130,2,7,3,0.0,0.0,0.0
130,2,8,1,0.0,0.0,0.0
130,2,8,2,0.0,3.8761011266018324,3.8761011266018324
130,2,8,3,0.0,0.0,0.0
130,2,9,1,0.0,0.0,0.0
130,2,9,2,0.0,3.8761011266018324,3.8761011266018324
130,2,9,3,0.0,0.0,0.0
130,2,10,1,0.0,0.0,0.0
130,2,10,2,0.0,3.8761011266018324,3.8761011266018324
130,2,10,3,0.0,0.0,0.0
130,2,11,1,0.0,0.0,0.0
130,2,11,2,0.0,3.8761011266018324,3.8761011266018324
130,2,11,3,0.0,0.0,0.0
130,2,12,1,0.0,0.0,0.0
130,2,12,2,0.0,3.8761011266018324,3.8761011266018324
130,2,12,3,2.0,2.0,4.0
130,2,13,1,0.7941000567790231,3.8761011266018324,4.670201183380856
130,2,13,2,0.0,3.8761011266018324,3.8761011266018324
130,2,13,3,0.0,0.0,0.0
130,2,14,1,0.0,0.0,0.0
130,2,14,2,0.0,3.8761011266018324,3.8761011266018324
130,2,14,3,0.0,0.0,0.0
130,2,15,1,0.0,0.0,0.0
130,2,15,2,0.0,3.8761011266018324,3.8761011266018324
130,2,15,3,0.0,0.0,0.0
130,2,16,1,0.0,0.0,0.0
130,2,16,2,0.0,3.8761011266018324,3.8761011266018324
130,2,16,3,0.0,0.0,0.0
130,2,17,1,0.0,0.0,0.0
130,2,17,2,0.0,3.8761011266018324,3.8761011266018324
130,2,17,3,0.0,0.0,0.0
130,2,18,1,0.0,0.0,0.0
130,2,18,2,0.0,3.8761011266018324,3.8761011266018324
130,2,18,3,0.0,0.0,0.0
130,2,19,1,0.0,0.0,0.0
130,2,19,2,0.0,3.8761011266018324,3.8761011266018324
130,2,19,3,0.0,0.0,0.0
130,2,20,1,0.0,0.0,0.0
130,2,20,2,0.0,3.8761011266018324,3.8761011266018324
130,2,20,3,0.0,0.0,0.0
130,1,1,1,4.670201183380856,3.8761011266018324,8.54630230998269
130,1,1,2,0.0,0.0,0.0
130,1,1,3,0.0,0.0,0.0
130,1,2,1,0.7941000567790231,3.8761011266018324,4.670201183380856
130,1,2,2,2.794100056779023,2.0,4.794100056779023
130,1,2,3,0.0,0.0,0.0
130,1,3,1,0.0,0.0,0.0
130,1,3,2,0.7941000567790231,2.0,2.794100056779023
130,1,3,3,2.0,2.0,4.0
130,1,4,1,0.0,0.0,0.0
130,1,4,2,0.0,0.0,0.0
130,1,4,3,0.0,2.0,2.0
130,1,5,1,0.0,0.0,0.0
130,1,5,2,0.0,0.0,0.0
130,1,5,3,0.0,2.0,2.0
130,1,6,1,0.0,0.0,0.0
130,1,6,2,0.0,0.0,0.0
130,1,6,3,0.0,2.0,2.0
130,1,7,1,0.0,0.0,0.0
130,1,7,2,0.0,0.0,0.0
130,1,7,3,0.0,2.0,2.0
130,1,8,1,0.0,0.0,0.0
130,1,8,2,0.0,0.0,0.0
130,1,8,3,0.0,2.0,2.0
130,1,9,1,0.0,0.0,0.0
130,1,9,2,0.0,0.0,0.0
130,1,9,3,0.0,2.0,2.0
130,1,10,1,0.0,0.0,0.0
130,1,10,2,0.0,0.0,0.0
130,1,10,3,0.0,2.0,2.0
130,1,11,1,0.0,0.0,0.0
130,1,11,2,0.0,0.0,0.0
130,1,11,3,0.0,2.0,2.0
130,1,12,1,0.0,0.0,0.0
130,1,12,2,0.0,0.0,0.0
130,1,12,3,0.0,2.0,2.0
130,1,13,1,0.0,0.0,0.0
130,1,13,2,0.0,0.0,0.0
130,1,13,3,0.0,2.0,2.0
130,1,14,1,0.0,0.0,0.0
130,1,14,2,0.0,0.0,0.0
130,1,14,3,0.0,2.0,2.0
130,1,15,1,0.0,0.0,0.0
130,1,15,2,0.0,0.0,0.0
130,1,15,3,0.0,2.0,2.0
130,1,16,1,0.0,0.0,0.0
130,1,16,2,0.0,0.0,0.0
130,1,16,3,0.0,2.0,2.0
130,1,17,1,0.0,0.0,0.0
130,1,17,2,0.0,0.0,0.0
130,1,17,3,0.0,2.0,2.0
130,1,18,1,0.0,0.0,0.0
130,1,18,2,0.0,0.0,0.0
130,1,18,3,0.0,2.0,2.0
130,1,19,1,0.0,0.0,0.0
130,1,19,2,0.0,0.0,0.0
130,1,19,3,0.0,2.0,2.0
130,1,20,1,0.0,0.0,0.0
130,1,20,2,0.0,0.0,0.0
130,1,20,3,0.0,2.0,2.0
131,3,1,1,3.8761011266018324,3.8761011266018324,7.752202253203665
131,3,1,2,0.0,0.0,0.0
131,3,1,3,0.0,0.0,0.0
131,3,2,1,3.8761011266018324,3.8761011266018324,7.752202253203665
131,3,2,2,3.8761011266018324,3.8761011266018324,7.752202253203665
131,3,2,3,0.0,0.0,0.0
131,3,3,1,0.0,0.0,0.0
131,3,3,2,0.0,3.8761011266018324,3.8761011266018324
131,3,3,3,0.0,0.0,0.0
131,3,4,1,0.0,0.0,0.0
131,3,4,2,0.0,3.8761011266018324,3.8761011266018324
131,3,4,3,0.0,0.0,0.0
131,3,5,1,0.0,3.8761011266018324,3.8761011266018324
131,3,5,2,0.0,0.0,0.0
131,3,5,3,0.0,0.0,0.0
131,3,6,1,0.0,3.8761011266018324,3.8761011266018324
131,3,6,2,0.0,0.0,0.0
131,3,6,3,0.0,0.0,0.0
131,3,7,1,0.0,3.8761011266018324,3.8761011266018324
131,3,7,2,0.0,3.8761011266018324,3.8761011266018324
131,3,7,3,0.0,0.0,0.0
131,3,8,1,0.0,0.0,0.0
131,3,8,2,0.0,3.8761011266018324,3.8761011266018324
131,3,8,3,0.0,0.0,0.0
131,3,9,1,0.0,3.8761011266018324,3.8761011266018324
131,3,9,2,0.0,0.0,0.0
131,3,9,3,0.0,0.0,0.0
131,3,10,1,0.0,3.8761011266018324,3.8761011266018324
131,3,10,2,0.0,3.8761011266018324,3.8761011266018324
131,3,10,3,0.0,0.0,0.0
131,3,11,1,0.0,3.8761011266018324,3.8761011266018324
131,3,11,2,0.0,0.0,0.0
131,3,11,3,0.0,0.0,0.0
131,3,12,1,0.0,3.8761011266018324,3.8761011266018324
131,3,12,2,0.0,0.0,0.0
131,3,12,3,0.0,0.0,0.0
131,3,13,1,0.0,3.8761011266018324,3.8761011266018324
131,3,13,2,0.0,0.0,0.0
131,3,13,3,0.0,0.0,0.0
131,3,14,1,0.0,3.8761011266018324,3.8761011266018324
131,3,14,2,0.0,0.0,0.0
131,3,14,3,0.0,0.0,0.0
131,3,15,1,0.0,3.8761011266018324,3.8761011266018324
131,3,15,2,0.0,0.0,0.0
131,3,15,3,0.0,0.0,0.0
131,3,16,1,0.0,3.8761011266018324,3.8761011266018324
131,3,16,2,0.0,0.0,0.0
131,3,16,3,0.0,0.0,0.0
131,3,17,1,0.0,3.8761011266018324,3.8761011266018324
131,3,17,2,0.0,0.0,0.0
131,3,17,3,0.0,0.0,0.0
131,3,18,1,0.0,3.8761011266018324,3.8761011266018324
131,3,18,2,0.0,0.0,0.0
131,3,18,3,0.0,0.0,0.0
131,3,19,1,0.0,3.8761011266018324,3.8761011266018324
131,3,19,2,0.0,0.0,0.0
131,3,19,3,0.0,0.0,0.0
131,3,20,1,0.0,3.8761011266018324,3.8761011266018324
131,3,20,2,0.0,0.0,0.0
131,3,20,3,0.0,0.0,0.0
131,2,1,1,4.670201183380856,3.8761011266018324,8.54630230998269
131,2,1,2,0.0,0.0,0.0
131,2,1,3,0.0,0.0,0.0
131,2,2,1,0.7941000567790231,3.8761011266018324,4.670201183380856
131,2,2,2,0.0,0.0,0.0
131,2,2,3,0.0,0.0,0.0
131,2,3,1,0.7941000567790231,3.8761011266018324,4.670201183380856
131,2,3,2,0.0,0.0,0.0
131,2,3,3,0.0,0.0,0.0
131,2,4,1,0.7941000567790231,3.8761011266018324,4.670201183380856
131,2,4,2,3.8761011266018324,3.8761011266018324,7.752202253203665
131,2,4,3,0.0,0.0,0.0
131,2,5,1,0.0,0.0,0.0
131,2,5,2,0.0,3.8761011266018324,3.8761011266018324
131,2,5,3,0.0,0.0,0.0
131,2,6,1,0.0,0.0,0.0
131,2,6,2,0.0,3.8761011266018324,3.8761011266018324
131,2,6,3,0.0,0.0,0.0
131,2,7,1,0.0,0.0,0.0
131,2,7,2,0.0,3.8761011266018324,3.8761011266018324
131,2,7,3,0.0,0.0,0.0
131,2,8,1,0.0,0.0,0.0
131,2,8,2,0.0,3.8761011266018324,3.8761011266018324
131,2,8,3,0.0,0.0,0.0
131,2,9,1,0.0,0.0,0.0
131,2,9,2,0.0,3.8761011266018324,3.8761011266018324
131,2,9,3,0.0,0.0,0.0
131,2,10,1,0.0,0.0,0.0
131,2,10,2,0.0,3.8761011266018324,3.8761011266018324
131,2,10,3,0.0,0.0,0.0
131,2,11,1,0.0,0.0,0.0
131,2,11,2,0.0,3.8761011266018324,3.8761011266018324
131,2,11,3,0.0,0.0,0.0
131,2,12,1,0.0,0.0,0.0
131,2,12,2,0.0,3.8761011266018324,3.8761011266018324
131,2,12,3,0.0,0.0,0.0
131,2,13,1,0.0,0.0,0.0
131,2,13,2,0.0,3.8761011266018324,3.8761011266018324
131,2,13,3,0.0,0.0,0.0
131,2,14,1,0.0,0.0,0.0
131,2,14,2,0.0,3.8761011266018324,3.8761011266018324
131,2,14,3,0.0,0.0,0.0
131,2,15,1,0.0,0.0,0.0
131,2,15,2,0.0,3.8761011266018324,3.8761011266018324
131,2,15,3,0.0,0.0,0.0
131,2,16,1,0.0,0.0,0.0
131,2,16,2,0.0,3.8761011266018324,3.8761011266018324
131,2,16,3,0.0,0.0,0.0
131,2,17,1,0.0,0.0,0.0
131,2,17,2,0.0,3.8761011266018324,3.8761011266018324
131,2,17,3,0.0,0.0,0.0
131,2,18,1,0.0,0.0,0.0
131,2,18,2,0.0,3.8761011266018324,3.8761011266018324
131,2,18,3,0.0,0.0,0.0
131,2,19,1,0.0,0.0,0.0
131,2,19,2,0.0,3.8761011266018324,3.8761011266018324
131,2,19,3,0.0,0.0,0.0
131,2,20,1,0.0,0.0,0.0
131,2,20,2,0.0,3.8761011266018324,3.8761011266018324
131,2,20,3,0.0,0.0,0.0
131,1,1,1,4.670201183380856,3.8761011266018324,8.54630230998269
131,1,1,2,0.0,0.0,0.0
131,1,1,3,0.0,0.0,0.0
131,1,2,1,0.7941000567790231,3.8761011266018324,4.670201183380856
131,1,2,2,2.794100056779023,2.0,4.794100056779023
131,1,2,3,2.0,2.0,4.0
131,1,3,1,0.0,0.0,0.0
131,1,3,2,0.0,0.0,0.0
131,1,3,3,0.0,2.0,2.0
131,1,4,1,0.0,0.0,0.0
131,1,4,2,0.0,0.0,0.0
131,1,4,3,0.0,2.0,2.0
131,1,5,1,0.0,0.0,0.0
131,1,5,2,0.0,0.0,0.0
131,1,5,3,0.0,2.0,2.0
131,1,6,1,0.0,0.0,0.0
131,1,6,2,0.0,0.0,0.0
131,1,6,3,0.0,2.0,2.0
131,1,7,1,0.0,0.0,0.0
131,1,7,2,0.0,0.0,0.0
131,1,7,3,0.0,2.0,2.0
131,1,8,1,0.0,0.0,0.0
131,1,8,2,0.0,0.0,0.0
131,1,8,3,0.0,2.0,2.0
131,1,9,1,0.0,0.0,0.0
131,1,9,2,0.0,0.0,0.0
131,1,9,3,0.0,2.0,2.0
131,1,10,1,0.0,0.0,0.0
131,1,10,2,0.0,0.0,0.0
131,1,10,3,0.0,2.0,2.0
131,1,11,1,0.0,0.0,0.0
131,1,11,2,0.0,0.0,0.0
131,1,11,3,0.0,2.0,2.0
131,1,12,1,0.0,0.0,0.0
131,1,12,2,0.0,0.0,0.0
131,1,12,3,0.0,0.0,0.0
131,1,13,1,0.0,0.0,0.0
131,1,13,2,0.0,0.0,0.0
131,1,13,3,0.0,0.0,0.0
131,1,14,1,0.0,0.0,0.0
131,1,14,2,0.0,0.0,0.0
131,1,14,3,0.0,0.0,0.0
131,1,15,1,0.0,0.0,0.0
131,1,15,2,0.0,0.0,0.0
131,1,15,3,0.0,0.0,0.0
131,1,16,1,0.0,0.0,0.0
131,1,16,2,0.0,0.0,0.0
131,1,16,3,0.0,0.0,0.0
131,1,17,1,0.7941000567790231,3.8761011266018324,4.670201183380856
131,1,17,2,0.7941000567790231,2.0,2.794100056779023
131,1,17,3,0.0,0.0,0.0
131,1,18,1,0.0,0.0,0.0
131,1,18,2,0.0,2.0,2.0
131,1,18,3,0.0,2.0,2.0
131,1,19,1,0.0,0.0,0.0
131,1,19,2,0.0,0.0,0.0
131,1,19,3,0.0,2.0,2.0
131,1,20,1,0.0,0.0,0.0
131,1,20,2,0.0,0.0,0.0
131,1,20,3,0.0,2.0,2.0
132,3,1,1,3.8761011266018324,3.8761011266018324,7.752202253203665
132,3,1,2,0.0,0.0,0.0
132,3,1,3,0.0,0.0,0.0
132,3,2,1,3.8761011266018324,3.8761011266018324,7.752202253203665
132,3,2,2,0.0,0.0,0.0
132,3,2,3,0.0,0.0,0.0
132,3,3,1,0.0,3.8761011266018324,3.8761011266018324
132,3,3,2,0.0,0.0,0.0
132,3,3,3,0.0,0.0,0.0
132,3,4,1,0.0,3.8761011266018324,3.8761011266018324
132,3,4,2,0.0,0.0,0.0
132,3,4,3,0.0,0.0,0.0
132,3,5,1,0.0,3.8761011266018324,3.8761011266018324
132,3,5,2,3.8761011266018324,3.8761011266018324,7.752202253203665
132,3,5,3,0.0,0.0,0.0
132,3,6,1,0.0,3.8761011266018324,3.8761011266018324
132,3,6,2,0.0,0.0,0.0
132,3,6,3,0.0,0.0,0.0
132,3,7,1,0.0,3.8761011266018324,3.8761011266018324
132,3,7,2,0.0,0.0,0.0
132,3,7,3,0.0,0.0,0.0
132,3,8,1,0.0,3.8761011266018324,3.8761011266018324
132,3,8,2,0.0,3.8761011266018324,3.8761011266018324
132,3,8,3,0.0,0.0,0.0
132,3,9,1,0.0,0.0,0.0
132,3,9,2,0.0,3.8761011266018324,3.8761011266018324
132,3,9,3,0.0,0.0,0.0
132,3,10,1,0.0,0.0,0.0
132,3,10,2,0.0,3.8761011266018324,3.8761011266018324
132,3,10,3,0.0,0.0,0.0
132,3,11,1,0.0,0.0,0.0
132,3,11,2,0.0,3.8761011266018324,3.8761011266018324
132,3,11,3,0.0,0.0,0.0
132,3,12,1,0.0,3.8761011266018324,3.8761011266018324
132,3,12,2,0.0,0.0,0.0
132,3,12,3,0.0,0.0,0.0
132,3,13,1,0.0,3.8761011266018324,3.8761011266018324
132,3,13,2,0.0,3.8761011266018324,3.8761011266018324
132,3,13,3,0.0,0.0,0.0
132,3,14,1,0.0,0.0,0.0
132,3,14,2,0.0,3.8761011266018324,3.8761011266018324
132,3,14,3,0.0,0.0,0.0
132,3,15,1,0.0,3.8761011266018324,3.8761011266018324
132,3,15,2,0.0,0.0,0.0
132,3,15,3,0.0,0.0,0.0
132,3,16,1,0.0,3.8761011266018324,3.8761011266018324
132,3,16,2,0.0,0.0,0.0
132,3,16,3,0.0,0.0,0.0
132,3,17,1,0.0,3.8761011266018324,3.8761011266018324
132,3,17,2,0.0,3.8761011266018324,3.8761011266018324
132,3,17,3,0.0,0.0,0.0
132,3,18,1,0.0,3.8761011266018324,3.8761011266018324
132,3,18,2,0.0,0.0,0.0
132,3,18,3,0.0,0.0,0.0
132,3,19,1,0.0,3.8761011266018324,3.8761011266018324
132,3,19,2,0.0,0.0,0.0
132,3,19,3,0.0,0.0,0.0
132,3,20,1,0.0,3.8761011266018324,3.8761011266018324
132,3,20,2,0.0,0.0,0.0
132,3,20,3,0.0,0.0,0.0
132,2,1,1,4.670201183380856,3.8761011266018324,8.54630230998269
132,2,1,2,3.8761011266018324,3.8761011266018324,7.752202253203665
132,2,1,3,0.0,0.0,0.0
132,2,2,1,0.0,0.0,0.0
132,2,2,2,0.0,3.8761011266018324,3.8761011266018324
132,2,2,3,0.0,0.0,0.0
132,2,3,1,0.0,0.0,0.0
132,2,3,2,0.0,3.8761011266018324,3.8761011266018324
132,2,3,3,0.0,0.0,0.0
132,2,4,1,0.0,0.0,0.0
132,2,4,2,0.0,3.8761011266018324,3.8761011266018324
132,2,4,3,0.0,0.0,0.0
132,2,5,1,0.0,0.0,0.0
132,2,5,2,0.0,3.8761011266018324,3.8761011266018324
132,2,5,3,0.0,0.0,0.0
132,2,6,1,0.0,0.0,0.0
132,2,6,2,0.0,3.8761011266018324,3.8761011266018324
132,2,6,3,0.0,0.0,0.0
132,2,7,1,0.0,0.0,0.0
132,2,7,2,0.0,3.8761011266018324,3.8761011266018324
132,2,7,3,0.0,0.0,0.0
132,2,8,1,0.0,0.0,0.0
132,2,8,2,0.0,3.8761011266018324,3.8761011266018324
132,2,8,3,0.0,0.0,0.0
132,2,9,1,0.0,0.0,0.0
132,2,9,2,0.0,3.8761011266018324,3.8761011266018324
132,2,9,3,0.0,0.0,0.0
132,2,10,1,0.0,0.0,0.0
132,2,10,2,0.0,3.8761011266018324,3.8761011266018324
132,2,10,3,0.0,0.0,0.0
132,2,11,1,0.0,0.0,0.0
132,2,11,2,0.0,3.8761011266018324,3.8761011266018324
132,2,11,3,0.0,0.0,0.0
132,2,12,1,0.0,0.0,0.0
132,2,12,2,0.0,3.8761011266018324,3.8761011266018324
132,2,12,3,0.0,0.0,0.0
132,2,13,1,0.0,0.0,0.0
132,2,13,2,0.0,3.8761011266018324,3.8761011266018324
132,2,13,3,2.0,2.0,4.0
132,2,14,1,0.0,0.0,0.0
132,2,14,2,0.0,0.0,0.0
132,2,14,3,0.0,2.0,2.0
132,2,15,1,0.7941000567790231,3.8761011266018324,4.670201183380856
132,2,15,2,0.0,0.0,0.0
132,2,15,3,0.0,0.0,0.0
132,2,16,1,0.7941000567790231,3.8761011266018324,4.670201183380856
132,2,16,2,0.0,3.8761011266018324,3.8761011266018324
132,2,16,3,0.0,2.0,2.0
132,2,17,1,0.7941000567790231,3.8761011266018324,4.670201183380856
132,2,17,2,0.0,3.8761011266018324,3.8761011266018324
132,2,17,3,0.0,0.0,0.0
132,2,18,1,0.0,0.0,0.0
132,2,18,2,0.0,3.8761011266018324,3.8761011266018324
132,2,18,3,0.0,0.0,0.0
132,2,19,1,0.0,0.0,0.0
132,2,19,2,0.0,3.8761011266018324,3.8761011266018324
132,2,19,3,0.0,0.0,0.0
132,2,20,1,0.0,0.0,0.0
132,2,20,2,0.0,3.8761011266018324,3.8761011266018324
132,2,20,3,0.0,0.0,0.0
132,1,1,1,4.670201183380856,3.8761011266018324,8.54630230998269
132,1,1,2,0.0,0.0,0.0
132,1,1,3,0.0,0.0,0.0
132,1,2,1,0.7941000567790231,3.8761011266018324,4.670201183380856
132,1,2,2,2.794100056779023,2.0,4.794100056779023
132,1,2,3,0.0,0.0,0.0
132,1,3,1,0.0,0.0,0.0
132,1,3,2,0.7941000567790231,2.0,2.794100056779023
132,1,3,3,0.0,0.0,0.0
132,1,4,1,0.0,0.0,0.0
132,1,4,2,0.0,2.0,2.0
132,1,4,3,2.0,2.0,4.0
132,1,5,1,0.0,0.0,0.0
132,1,5,2,0.0,0.0,0.0
132,1,5,3,0.0,2.0,2.0
132,1,6,1,0.0,0.0,0.0
132,1,6,2,0.0,0.0,0.0
132,1,6,3,0.0,2.0,2.0
132,1,7,1,0.0,0.0,0.0
132,1,7,2,0.0,0.0,0.0
132,1,7,3,0.0,2.0,2.0
132,1,8,1,0.0,0.0,0.0
132,1,8,2,0.0,0.0,0.0
132,1,8,3,0.0,2.0,2.0
132,1,9,1,0.0,0.0,0.0
132,1,9,2,0.0,0.0,0.0
132,1,9,3,0.0,2.0,2.0
132,1,10,1,0.0,0.0,0.0
132,1,10,2,0.0,0.0,0.0
132,1,10,3,0.0,2.0,2.0
132,1,11,1,0.0,0.0,0.0
132,1,11,2,0.0,0.0,0.0
132,1,11,3,0.0,2.0,2.0
132,1,12,1,0.0,0.0,0.0
132,1,12,2,0.0,0.0,0.0
132,1,12,3,0.0,2.0,2.0
132,1,13,1,0.0,0.0,0.0
132,1,13,2,0.0,0.0,0.0
132,1,13,3,0.0,2.0,2.0
132,1,14,1,0.0,0.0,0.0
132,1,14,2,0.0,0.0,0.0
132,1,14,3,0.0,2.0,2.0
132,1,15,1,0.0,0.0,0.0
132,1,15,2,0.0,0.0,0.0
132,1,15,3,0.0,2.0,2.0
132,1,16,1,0.0,0.0,0.0
132,1,16,2,0.0,0.0,0.0
132,1,16,3,0.0,2.0,2.0
132,1,17,1,0.0,0.0,0.0
132,1,17,2,0.0,0.0,0.0
132,1,17,3,0.0,2.0,2.0
132,1,18,1,0.0,0.0,0.0
132,1,18,2,0.0,0.0,0.0
132,1,18,3,0.0,2.0,2.0
132,1,19,1,0.0,0.0,0.0
132,1,19,2,0.0,0.0,0.0
132,1,19,3,0.0,2.0,2.0
132,1,20,1,0.0,0.0,0.0
132,1,20,2,0.0,0.0,0.0
132,1,20,3,0.0,2.0,2.0
133,3,1,1,3.8761011266018324,3.8761011266018324,7.752202253203665
133,3,1,2,3.8761011266018324,3.8761011266018324,7.752202253203665
133,3,1,3,0.0,0.0,0.0
133,3,2,1,3.8761011266018324,3.8761011266018324,7.752202253203665
133,3,2,2,0.0,0.0,0.0
133,3,2,3,0.0,0.0,0.0
133,3,3,1,0.0,3.8761011266018324,3.8761011266018324
133,3,3,2,0.0,0.0,0.0
133,3,3,3,0.0,0.0,0.0
133,3,4,1,0.0,3.8761011266018324,3.8761011266018324
133,3,4,2,0.0,3.8761011266018324,3.8761011266018324
133,3,4,3,0.0,0.0,0.0
133,3,5,1,0.0,3.8761011266018324,3.8761011266018324
133,3,5,2,0.0,3.8761011266018324,3.8761011266018324
133,3,5,3,0.0,0.0,0.0
133,3,6,1,0.0,3.8761011266018324,3.8761011266018324
133,3,6,2,0.0,3.8761011266018324,3.8761011266018324
133,3,6,3,0.0,0.0,0.0
133,3,7,1,0.0,3.8761011266018324,3.8761011266018324
133,3,7,2,0.0,0.0,0.0
133,3,7,3,0.0,0.0,0.0
133,3,8,1,0.0,3.8761011266018324,3.8761011266018324
133,3,8,2,0.0,0.0,0.0
133,3,8,3,0.0,0.0,0.0
133,3,9,1,0.0,3.8761011266018324,3.8761011266018324
133,3,9,2,0.0,0.0,0.0
133,3,9,3,0.0,0.0,0.0
133,3,10,1,0.0,3.8761011266018324,3.8761011266018324
133,3,10,2,0.0,3.8761011266018324,3.8761011266018324
133,3,10,3,0.0,0.0,0.0
133,3,11,1,0.0,3.8761011266018324,3.8761011266018324
133,3,11,2,0.0,0.0,0.0
133,3,11,3,0.0,0.0,0.0
133,3,12,1,0.0,3.8761011266018324,3.8761011266018324
133,3,12,2,0.0,0.0,0.0
133,3,12,3,0.0,0.0,0.0
133,3,13,1,0.0,3.8761011266018324,3.8761011266018324
133,3,13,2,0.0,3.8761011266018324,3.8761011266018324
133,3,13,3,0.0,0.0,0.0
133,3,14,1,0.0,0.0,0.0
133,3,14,2,0.0,3.8761011266018324,3.8761011266018324
133,3,14,3,2.0,2.0,4.0
133,3,15,1,0.0,0.0,0.0
133,3,15,2,0.0,0.0,0.0
133,3,15,3,0.0,2.0,2.0
133,3,16,1,0.0,3.8761011266018324,3.8761011266018324
133,3,16,2,0.0,0.0,0.0
133,3,16,3,0.0,0.0,0.0
133,3,17,1,0.0,3.8761011266018324,3.8761011266018324
133,3,17,2,0.0,0.0,0.0
133,3,17,3,0.0,0.0,0.0
133,3,18,1,0.0,3.8761011266018324,3.8761011266018324
133,3,18,2,0.0,0.0,0.0
133,3,18,3,0.0,0.0,0.0
133,3,19,1,0.0,3.8761011266018324,3.8761011266018324
133,3,19,2,0.0,0.0,0.0
133,3,19,3,0.0,0.0,0.0
133,3,20,1,0.0,3.8761011266018324,3.8761011266018324
133,3,20,2,0.0,3.8761011266018324,3.8761011266018324
133,3,20,3,0.0,0.0,0.0
133,2,1,1,4.670201183380856,3.8761011266018324,8.54630230998269
133,2,1,2,0.0,0.0,0.0
133,2,1,3,0.0,0.0,0.0
133,2,2,1,0.7941000567790231,3.8761011266018324,4.670201183380856
133,2,2,2,3.8761011266018324,3.8761011266018324,7.752202253203665
133,2,2,3,0.0,0.0,0.0
133,2,3,1,0.0,0.0,0.0
133,2,3,2,0.0,3.8761011266018324,3.8761011266018324
133,2,3,3,0.0,0.0,0.0
133,2,4,1,0.0,0.0,0.0
133,2,4,2,0.0,3.8761011266018324,3.8761011266018324
133,2,4,3,0.0,0.0,0.0
133,2,5,1,0.0,0.0,0.0
133,2,5,2,0.0,3.8761011266018324,3.8761011266018324
133,2,5,3,0.0,0.0,0.0
133,2,6,1,0.0,0.0,0.0
133,2,6,2,0.0,3.8761011266018324,3.8761011266018324
133,2,6,3,0.0,0.0,0.0
133,2,7,1,0.0,0.0,0.0
133,2,7,2,0.0,3.8761011266018324,3.8761011266018324
133,2,7,3,0.0,0.0,0.0
133,2,8,1,0.0,0.0,0.0
133,2,8,2,0.0,3.8761011266018324,3.8761011266018324
133,2,8,3,0.0,0.0,0.0
133,2,9,1,0.0,0.0,0.0
133,2,9,2,0.0,3.8761011266018324,3.8761011266018324
133,2,9,3,0.0,0.0,0.0
133,2,10,1,0.0,0.0,0.0
133,2,10,2,0.0,3.8761011266018324,3.8761011266018324
133,2,10,3,0.0,0.0,0.0
133,2,11,1,0.0,0.0,0.0
133,2,11,2,0.0,3.8761011266018324,3.8761011266018324
133,2,11,3,0.0,0.0,0.0
133,2,12,1,0.0,0.0,0.0
133,2,12,2,0.0,3.8761011266018324,3.8761011266018324
133,2,12,3,0.0,0.0,0.0
133,2,13,1,0.0,0.0,0.0
133,2,13,2,0.0,3.8761011266018324,3.8761011266018324
133,2,13,3,0.0,0.0,0.0
133,2,14,1,0.0,0.0,0.0
133,2,14,2,0.0,3.8761011266018324,3.8761011266018324
133,2,14,3,0.0,0.0,0.0
133,2,15,1,0.0,0.0,0.0
133,2,15,2,0.0,3.8761011266018324,3.8761011266018324
133,2,15,3,0.0,0.0,0.0
133,2,16,1,0.0,0.0,0.0
133,2,16,2,0.0,3.8761011266018324,3.8761011266018324
133,2,16,3,0.0,0.0,0.0
133,2,17,1,0.0,0.0,0.0
133,2,17,2,0.0,3.8761011266018324,3.8761011266018324
133,2,17,3,0.0,0.0,0.0
133,2,18,1,0.0,0.0,0.0
133,2,18,2,0.0,3.8761011266018324,3.8761011266018324
133,2,18,3,0.0,0.0,0.0
133,2,19,1,0.0,0.0,0.0
133,2,19,2,0.0,3.8761011266018324,3.8761011266018324
133,2,19,3,0.0,0.0,0.0
133,2,20,1,0.0,0.0,0.0
133,2,20,2,0.0,3.8761011266018324,3.8761011266018324
133,2,20,3,0.0,0.0,0.0
133,1,1,1,4.670201183380856,3.8761011266018324,8.54630230998269
133,1,1,2,0.0,0.0,0.0
133,1,1,3,0.0,0.0,0.0
133,1,2,1,0.7941000567790231,3.8761011266018324,4.670201183380856
133,1,2,2,2.794100056779023,2.0,4.794100056779023
133,1,2,3,0.0,0.0,0.0
133,1,3,1,0.0,0.0,0.0
133,1,3,2,0.7941000567790231,2.0,2.794100056779023
133,1,3,3,0.0,0.0,0.0
133,1,4,1,0.0,0.0,0.0
133,1,4,2,0.0,2.0,2.0
133,1,4,3,2.0,2.0,4.0
133,1,5,1,0.0,0.0,0.0
133,1,5,2,0.0,0.0,0.0
133,1,5,3,0.0,2.0,2.0
133,1,6,1,0.0,0.0,0.0
133,1,6,2,0.0,0.0,0.0
133,1,6,3,0.0,2.0,2.0
133,1,7,1,0.0,0.0,0.0
133,1,7,2,0.0,0.0,0.0
133,1,7,3,0.0,2.0,2.0
133,1,8,1,0.0,0.0,0.0
133,1,8,2,0.0,0.0,0.0
133,1,8,3,0.0,2.0,2.0
133,1,9,1,0.0,0.0,0.0
133,1,9,2,0.0,0.0,0.0
133,1,9,3,0.0,2.0,2.0
133,1,10,1,0.0,0.0,0.0
133,1,10,2,0.0,0.0,0.0
133,1,10,3,0.0,2.0,2.0
133,1,11,1,0.0,0.0,0.0
133,1,11,2,0.0,0.0,0.0
133,1,11,3,0.0,2.0,2.0
133,1,12,1,0.0,0.0,0.0
133,1,12,2,0.0,0.0,0.0
133,1,12,3,0.0,2.0,2.0
133,1,13,1,0.0,0.0,0.0
133,1,13,2,0.0,0.0,0.0
133,1,13,3,0.0,2.0,2.0
133,1,14,1,0.0,0.0,0.0
133,1,14,2,0.0,0.0,0.0
133,1,14,3,0.0,2.0,2.0
133,1,15,1,0.0,0.0,0.0
133,1,15,2,0.0,0.0,0.0
133,1,15,3,0.0,2.0,2.0
133,1,16,1,0.0,0.0,0.0
133,1,16,2,0.0,0.0,0.0
133,1,16,3,0.0,2.0,2.0
133,1,17,1,0.0,0.0,0.0
133,1,17,2,0.0,0.0,0.0
133,1,17,3,0.0,2.0,2.0
133,1,18,1,0.0,0.0,0.0
133,1,18,2,0.0,0.0,0.0
133,1,18,3,0.0,2.0,2.0
133,1,19,1,0.0,0.0,0.0
133,1,19,2,0.0,0.0,0.0
133,1,19,3,0.0,2.0,2.0
133,1,20,1,0.0,0.0,0.0
133,1,20,2,0.0,0.0,0.0
133,1,20,3,0.0,2.0,2.0
134,3,1,1,3.8761011266018324,3.8761011266018324,7.752202253203665
134,3,1,2,0.0,0.0,0.0
134,3,1,3,0.0,0.0,0.0
134,3,2,1,3.8761011266018324,3.8761011266018324,7.752202253203665
134,3,2,2,0.0,0.0,0.0
134,3,2,3,0.0,0.0,0.0
134,3,3,1,0.0,3.8761011266018324,3.8761011266018324
134,3,3,2,0.0,0.0,0.0
134,3,3,3,0.0,0.0,0.0
134,3,4,1,0.0,3.8761011266018324,3.8761011266018324
134,3,4,2,3.8761011266018324,3.8761011266018324,7.752202253203665
134,3,4,3,0.0,0.0,0.0
134,3,5,1,0.0,0.0,0.0
134,3,5,2,0.0,3.8761011266018324,3.8761011266018324
134,3,5,3,0.0,0.0,0.0
134,3,6,1,0.0,0.0,0.0
134,3,6,2,0.0,3.8761011266018324,3.8761011266018324
134,3,6,3,0.0,0.0,0.0
134,3,7,1,0.0,3.8761011266018324,3.8761011266018324
134,3,7,2,0.0,0.0,0.0
134,3,7,3,0.0,0.0,0.0
134,3,8,1,0.0,3.8761011266018324,3.8761011266018324
134,3,8,2,0.0,0.0,0.0
134,3,8,3,0.0,0.0,0.0
134,3,9,1,0.0,3.8761011266018324,3.8761011266018324
134,3,9,2,0.0,0.0,0.0
134,3,9,3,0.0,0.0,0.0
134,3,10,1,0.0,3.8761011266018324,3.8761011266018324
134,3,10,2,0.0,0.0,0.0
134,3,10,3,0.0,0.0,0.0
134,3,11,1,0.0,3.8761011266018324,3.8761011266018324
134,3,11,2,0.0,0.0,0.0
134,3,11,3,0.0,0.0,0.0
134,3,12,1,0.0,3.8761011266018324,3.8761011266018324
134,3,12,2,0.0,0.0,0.0
134,3,12,3,0.0,0.0,0.0
134,3,13,1,0.0,3.8761011266018324,3.8761011266018324
134,3,13,2,0.0,0.0,0.0
134,3,13,3,0.0,0.0,0.0
134,3,14,1,0.0,3.8761011266018324,3.8761011266018324
134,3,14,2,0.0,0.0,0.0
134,3,14,3,0.0,0.0,0.0
134,3,15,1,0.0,3.8761011266018324,3.8761011266018324
134,3,15,2,0.0,0.0,0.0
134,3,15,3,0.0,0.0,0.0
134,3,16,1,0.0,3.8761011266018324,3.8761011266018324
134,3,16,2,0.0,3.8761011266018324,3.8761011266018324
134,3,16,3,0.0,0.0,0.0
134,3,17,1,0.0,3.8761011266018324,3.8761011266018324
134,3,17,2,0.0,0.0,0.0
134,3,17,3,0.0,0.0,0.0
134,3,18,1,0.0,3.8761011266018324,3.8761011266018324
134,3,18,2,0.0,3.8761011266018324,3.8761011266018324
134,3,18,3,0.0,0.0,0.0
134,3,19,1,0.0,0.0,0.0
134,3,19,2,0.0,3.8761011266018324,3.8761011266018324
134,3,19,3,0.0,0.0,0.0
134,3,20,1,0.0,3.8761011266018324,3.8761011266018324
134,3,20,2,0.0,0.0,0.0
134,3,20,3,0.0,0.0,0.0
134,2,1,1,4.670201183380856,3.8761011266018324,8.54630230998269
134,2,1,2,3.8761011266018324,3.8761011266018324,7.752202253203665
134,2,1,3,0.0,0.0,0.0
134,2,2,1,0.0,0.0,0.0
134,2,2,2,0.0,3.8761011266018324,3.8761011266018324
134,2,2,3,0.0,0.0,0.0
134,2,3,1,0.0,0.0,0.0
134,2,3,2,0.0,3.8761011266018324,3.8761011266018324
134,2,3,3,2.0,2.0,4.0
134,2,4,1,0.0,0.0,0.0
134,2,4,2,0.0,0.0,0.0
134,2,4,3,0.0,2.0,2.0
134,2,5,1,0.0,0.0,0.0
134,2,5,2,0.0,0.0,0.0
134,2,5,3,0.0,2.0,2.0
134,2,6,1,0.0,0.0,0.0
134,2,6,2,0.0,0.0,0.0
134,2,6,3,0.0,2.0,2.0
134,2,7,1,0.0,0.0,0.0
134,2,7,2,0.0,0.0,0.0
134,2,7,3,0.0,2.0,2.0
134,2,8,1,0.7941000567790231,3.8761011266018324,4.670201183380856
134,2,8,2,0.0,3.8761011266018324,3.8761011266018324
134,2,8,3,0.0,0.0,0.0
134,2,9,1,0.0,0.0,0.0
134,2,9,2,0.0,3.8761011266018324,3.8761011266018324
134,2,9,3,0.0,0.0,0.0
134,2,10,1,0.0,0.0,0.0
134,2,10,2,0.0,3.8761011266018324,3.8761011266018324
134,2,10,3,0.0,0.0,0.0
134,2,11,1,0.0,0.0,0.0
134,2,11,2,0.0,3.8761011266018324,3.8761011266018324
134,2,11,3,0.0,0.0,0.0
134,2,12,1,0.0,0.0,0.0
134,2,12,2,0.0,3.8761011266018324,3.8761011266018324
134,2,12,3,0.0,0.0,0.0
134,2,13,1,0.0,0.0,0.0
134,2,13,2,0.0,3.8761011266018324,3.8761011266018324
134,2,13,3,0.0,0.0,0.0
134,2,14,1,0.0,0.0,0.0
134,2,14,2,0.0,3.8761011266018324,3.8761011266018324
134,2,14,3,0.0,0.0,0.0
134,2,15,1,0.0,0.0,0.0
134,2,15,2,0.0,3.8761011266018324,3.8761011266018324
134,2,15,3,0.0,0.0,0.0
134,2,16,1,0.0,0.0,0.0
134,2,16,2,0.0,3.8761011266018324,3.8761011266018324
134,2,16,3,0.0,0.0,0.0
134,2,17,1,0.0,0.0,0.0
134,2,17,2,0.0,3.8761011266018324,3.8761011266018324
134,2,17,3,0.0,0.0,0.0
134,2,18,1,0.0,0.0,0.0
134,2,18,2,0.0,3.8761011266018324,3.8761011266018324
134,2,18,3,0.0,2.0,2.0
134,2,19,1,0.0,0.0,0.0
134,2,19,2,0.0,0.0,0.0
134,2,19,3,0.0,2.0,2.0
134,2,20,1,0.0,0.0,0.0
134,2,20,2,0.0,0.0,0.0
134,2,20,3,0.0,2.0,2.0
134,1,1,1,4.670201183380856,3.8761011266018324,8.54630230998269
134,1,1,2,2.794100056779023,2.0,4.794100056779023
134,1,1,3,0.0,0.0,0.0
134,1,2,1,0.0,0.0,0.0
134,1,2,2,0.7941000567790231,2.0,2.794100056779023
134,1,2,3,2.0,2.0,4.0
134,1,3,1,0.0,0.0,0.0
134,1,3,2,0.0,0.0,0.0
134,1,3,3,0.0,2.0,2.0
134,1,4,1,0.0,0.0,0.0
134,1,4,2,0.0,0.0,0.0
134,1,4,3,0.0,2.0,2.0
134,1,5,1,0.0,0.0,0.0
134,1,5,2,0.0,0.0,0.0
134,1,5,3,0.0,2.0,2.0
134,1,6,1,0.0,0.0,0.0
134,1,6,2,0.0,0.0,0.0
134,1,6,3,0.0,2.0,2.0
134,1,7,1,0.0,0.0,0.0
134,1,7,2,0.0,0.0,0.0
134,1,7,3,0.0,2.0,2.0
134,1,8,1,0.0,0.0,0.0
134,1,8,2,0.0,0.0,0.0
134,1,8,3,0.0,2.0,2.0
134,1,9,1,0.0,0.0,0.0
134,1,9,2,0.0,0.0,0.0
134,1,9,3,0.0,2.0,2.0
134,1,10,1,0.0,0.0,0.0
134,1,10,2,0.0,0.0,0.0
134,1,10,3,0.0,2.0,2.0
134,1,11,1,0.0,0.0,0.0
134,1,11,2,0.0,0.0,0.0
134,1,11,3,0.0,2.0,2.0
134,1,12,1,0.0,0.0,0.0
134,1,12,2,0.0,0.0,0.0
134,1,12,3,0.0,2.0,2.0
134,1,13,1,0.0,0.0,0.0
134,1,13,2,0.0,0.0,0.0
134,1,13,3,0.0,2.0,2.0
134,1,14,1,0.0,0.0,0.0
134,1,14,2,0.0,0.0,0.0
134,1,14,3,0.0,2.0,2.0
134,1,15,1,0.0,0.0,0.0
134,1,15,2,0.0,0.0,0.0
134,1,15,3,0.0,2.0,2.0
134,1,16,1,0.0,0.0,0.0
134,1,16,2,0.0,0.0,0.0
134,1,16,3,0.0,2.0,2.0
134,1,17,1,0.0,0.0,0.0
134,1,17,2,0.0,0.0,0.0
134,1,17,3,0.0,2.0,2.0
134,1,18,1,0.0,0.0,0.0
134,1,18,2,0.0,0.0,0.0
134,1,18,3,0.0,2.0,2.0
134,1,19,1,0.0,0.0,0.0
134,1,19,2,0.0,0.0,0.0
134,1,19,3,0.0,2.0,2.0
134,1,20,1,0.0,0.0,0.0
134,1,20,2,0.0,0.0,0.0
134,1,20,3,0.0,2.0,2.0
135,3,1,1,3.8761011266018324,3.8761011266018324,7.752202253203665
135,3,1,2,3.8761011266018324,3.8761011266018324,7.752202253203665
135,3,1,3,0.0,0.0,0.0
135,3,2,1,3.8761011266018324,3.8761011266018324,7.752202253203665
135,3,2,2,0.0,0.0,0.0
135,3,2,3,0.0,0.0,0.0
135,3,3,1,0.0,3.8761011266018324,3.8761011266018324
135,3,3,2,0.0,0.0,0.0
135,3,3,3,0.0,0.0,0.0
135,3,4,1,0.0,3.8761011266018324,3.8761011266018324
135,3,4,2,0.0,3.8761011266018324,3.8761011266018324
135,3,4,3,0.0,0.0,0.0
135,3,5,1,0.0,0.0,0.0
135,3,5,2,0.0,3.8761011266018324,3.8761011266018324
135,3,5,3,2.0,2.0,4.0
135,3,6,1,0.0,0.0,0.0
135,3,6,2,0.0,0.0,0.0
135,3,6,3,0.0,2.0,2.0
135,3,7,1,0.0,0.0,0.0
135,3,7,2,0.0,0.0,0.0
135,3,7,3,0.0,2.0,2.0
135,3,8,1,0.0,0.0,0.0
135,3,8,2,0.0,0.0,0.0
135,3,8,3,0.0,2.0,2.0
135,3,9,1,0.0,3.8761011266018324,3.8761011266018324
135,3,9,2,0.0,0.0,0.0
135,3,9,3,0.0,0.0,0.0
135,3,10,1,0.0,3.8761011266018324,3.8761011266018324
135,3,10,2,0.0,0.0,0.0
135,3,10,3,0.0,0.0,0.0
135,3,11,1,0.0,3.8761011266018324,3.8761011266018324
135,3,11,2,0.0,0.0,0.0
135,3,11,3,0.0,0.0,0.0
135,3,12,1,0.0,3.8761011266018324,3.8761011266018324
135,3,12,2,0.0,0.0,0.0
135,3,12,3,0.0,0.0,0.0
135,3,13,1,0.0,3.8761011266018324,3.8761011266018324
135,3,13,2,0.0,0.0,0.0
135,3,13,3,0.0,0.0,0.0
135,3,14,1,0.0,3.8761011266018324,3.8761011266018324
135,3,14,2,0.0,0.0,0.0
135,3,14,3,0.0,0.0,0.0
135,3,15,1,0.0,3.8761011266018324,3.8761011266018324
135,3,15,2,0.0,0.0,0.0
135,3,15,3,0.0,0.0,0.0
135,3,16,1,0.0,3.8761011266018324,3.8761011266018324
135,3,16,2,0.0,0.0,0.0
135,3,16,3,0.0,0.0,0.0
135,3,17,1,0.0,3.8761011266018324,3.8761011266018324
135,3,17,2,0.0,0.0,0.0
135,3,17,3,0.0,0.0,0.0
135,3,18,1,0.0,3.8761011266018324,3.8761011266018324
135,3,18,2,0.0,3.8761011266018324,3.8761011266018324
135,3,18,3,0.0,0.0,0.0
135,3,19,1,0.0,0.0,0.0
135,3,19,2,0.0,3.8761011266018324,3.8761011266018324
135,3,19,3,0.0,0.0,0.0
135,3,20,1,0.0,3.8761011266018324,3.8761011266018324
135,3,20,2,0.0,3.8761011266018324,3.8761011266018324
135,3,20,3,0.0,0.0,0.0
135,2,1,1,4.670201183380856,3.8761011266018324,8.54630230998269
135,2,1,2,0.0,0.0,0.0
135,2,1,3,0.0,0.0,0.0
135,2,2,1,0.7941000567790231,3.8761011266018324,4.670201183380856
135,2,2,2,3.8761011266018324,3.8761011266018324,7.752202253203665
135,2,2,3,0.0,0.0,0.0
135,2,3,1,0.0,0.0,0.0
135,2,3,2,0.0,3.8761011266018324,3.8761011266018324
135,2,3,3,0.0,0.0,0.0
135,2,4,1,0.0,0.0,0.0
135,2,4,2,0.0,3.8761011266018324,3.8761011266018324
135,2,4,3,0.0,0.0,0.0
135,2,5,1,0.0,0.0,0.0
135,2,5,2,0.0,3.8761011266018324,3.8761011266018324
135,2,5,3,0.0,0.0,0.0
135,2,6,1,0.0,0.0,0.0
135,2,6,2,0.0,3.8761011266018324,3.8761011266018324
135,2,6,3,0.0,0.0,0.0
135,2,7,1,0.0,0.0,0.0
135,2,7,2,0.0,3.8761011266018324,3.8761011266018324
135,2,7,3,0.0,0.0,0.0
135,2,8,1,0.0,0.0,0.0
135,2,8,2,0.0,3.8761011266018324,3.8761011266018324
135,2,8,3,0.0,0.0,0.0
135,2,9,1,0.0,0.0,0.0
135,2,9,2,0.0,3.8761011266018324,3.8761011266018324
135,2,9,3,0.0,0.0,0.0
135,2,10,1,0.0,0.0,0.0
135,2,10,2,0.0,3.8761011266018324,3.8761011266018324
135,2,10,3,2.0,2.0,4.0
135,2,11,1,0.7941000567790231,3.8761011266018324,4.670201183380856
135,2,11,2,0.0,3.8761011266018324,3.8761011266018324
135,2,11,3,0.0,0.0,0.0
135,2,12,1,0.0,0.0,0.0
135,2,12,2,0.0,3.8761011266018324,3.8761011266018324
135,2,12,3,0.0,0.0,0.0
135,2,13,1,0.0,0.0,0.0
135,2,13,2,0.0,3.8761011266018324,3.8761011266018324
135,2,13,3,0.0,0.0,0.0
135,2,14,1,0.0,0.0,0.0
135,2,14,2,0.0,3.8761011266018324,3.8761011266018324
135,2,14,3,0.0,0.0,0.0
135,2,15,1,0.0,0.0,0.0
135,2,15,2,0.0,3.8761011266018324,3.8761011266018324
135,2,15,3,0.0,0.0,0.0
135,2,16,1,0.0,0.0,0.0
135,2,16,2,0.0,3.8761011266018324,3.8761011266018324
135,2,16,3,0.0,0.0,0.0
135,2,17,1,0.0,0.0,0.0
135,2,17,2,0.0,3.8761011266018324,3.8761011266018324
135,2,17,3,0.0,0.0,0.0
135,2,18,1,0.0,0.0,0.0
135,2,18,2,0.0,3.8761011266018324,3.8761011266018324
135,2,18,3,0.0,0.0,0.0
135,2,19,1,0.0,0.0,0.0
135,2,19,2,0.0,3.8761011266018324,3.8761011266018324
135,2,19,3,0.0,0.0,0.0
135,2,20,1,0.0,0.0,0.0
135,2,20,2,0.0,3.8761011266018324,3.8761011266018324
135,2,20,3,0.0,0.0,0.0
135,1,1,1,4.670201183380856,3.8761011266018324,8.54630230998269
135,1,1,2,2.794100056779023,2.0,4.794100056779023
135,1,1,3,2.0,2.0,4.0
135,1,2,1,0.0,0.0,0.0
135,1,2,2,0.0,0.0,0.0
135,1,2,3,0.0,2.0,2.0
135,1,3,1,0.0,0.0,0.0
135,1,3,2,0.0,0.0,0.0
135,1,3,3,0.0,2.0,2.0
135,1,4,1,0.0,0.0,0.0
135,1,4,2,0.0,0.0,0.0
135,1,4,3,0.0,2.0,2.0
135,1,5,1,0.0,0.0,0.0
135,1,5,2,0.0,0.0,0.0
135,1,5,3,0.0,2.0,2.0
135,1,6,1,0.0,0.0,0.0
135,1,6,2,0.0,0.0,0.0
135,1,6,3,0.0,2.0,2.0
135,1,7,1,0.0,0.0,0.0
135,1,7,2,0.0,0.0,0.0
135,1,7,3,0.0,2.0,2.0
135,1,8,1,0.0,0.0,0.0
135,1,8,2,0.0,0.0,0.0
135,1,8,3,0.0,2.0,2.0
135,1,9,1,0.0,0.0,0.0
135,1,9,2,0.0,0.0,0.0
135,1,9,3,0.0,2.0,2.0
135,1,10,1,0.0,0.0,0.0
135,1,10,2,0.0,0.0,0.0
135,1,10,3,0.0,2.0,2.0
135,1,11,1,0.0,0.0,0.0
135,1,11,2,0.0,0.0,0.0
135,1,11,3,0.0,2.0,2.0
135,1,12,1,0.0,0.0,0.0
135,1,12,2,0.0,0.0,0.0
135,1,12,3,0.0,2.0,2.0
135,1,13,1,0.0,0.0,0.0
135,1,13,2,0.0,0.0,0.0
135,1,13,3,0.0,2.0,2.0
135,1,14,1,0.0,0.0,0.0
135,1,14,2,0.0,0.0,0.0
135,1,14,3,0.0,2.0,2.0
135,1,15,1,0.0,0.0,0.0
135,1,15,2,0.0,0.0,0.0
135,1,15,3,0.0,2.0,2.0
135,1,16,1,0.0,0.0,0.0
135,1,16,2,0.0,0.0,0.0
135,1,16,3,0.0,2.0,2.0
135,1,17,1,0.0,0.0,0.0
135,1,17,2,0.0,0.0,0.0
135,1,17,3,0.0,2.0,2.0
135,1,18,1,0.0,0.0,0.0
135,1,18,2,0.0,0.0,0.0
135,1,18,3,0.0,2.0,2.0
135,1,19,1,0.0,0.0,0.0
135,1,19,2,0.0,0.0,0.0
135,1,19,3,0.0,2.0,2.0
135,1,20,1,0.0,0.0,0.0
135,1,20,2,0.0,0.0,0.0
135,1,20,3,0.0,2.0,2.0
136,3,1,1,3.8761011266018324,3.8761011266018324,7.752202253203665
136,3,1,2,3.8761011266018324,3.8761011266018324,7.752202253203665
136,3,1,3,0.0,0.0,0.0
136,3,2,1,0.0,0.0,0.0
136,3,2,2,0.0,3.8761011266018324,3.8761011266018324
136,3,2,3,0.0,0.0,0.0
136,3,3,1,0.0,0.0,0.0
136,3,3,2,0.0,3.8761011266018324,3.8761011266018324
136,3,3,3,0.0,0.0,0.0
136,3,4,1,3.8761011266018324,3.8761011266018324,7.752202253203665
136,3,4,2,0.0,0.0,0.0
136,3,4,3,0.0,0.0,0.0
136,3,5,1,0.0,3.8761011266018324,3.8761011266018324
136,3,5,2,0.0,3.8761011266018324,3.8761011266018324
136,3,5,3,0.0,0.0,0.0
136,3,6,1,0.0,0.0,0.0
136,3,6,2,0.0,3.8761011266018324,3.8761011266018324
136,3,6,3,2.0,2.0,4.0
136,3,7,1,0.0,0.0,0.0
136,3,7,2,0.0,0.0,0.0
136,3,7,3,0.0,2.0,2.0
136,3,8,1,0.0,3.8761011266018324,3.8761011266018324
136,3,8,2,0.0,0.0,0.0
136,3,8,3,0.0,0.0,0.0
136,3,9,1,0.0,3.8761011266018324,3.8761011266018324
136,3,9,2,0.0,3.8761011266018324,3.8761011266018324
136,3,9,3,0.0,0.0,0.0
136,3,10,1,0.0,3.8761011266018324,3.8761011266018324
136,3,10,2,0.0,3.8761011266018324,3.8761011266018324
136,3,10,3,0.0,0.0,0.0
136,3,11,1,0.0,0.0,0.0
136,3,11,2,0.0,3.8761011266018324,3.8761011266018324
136,3,11,3,0.0,0.0,0.0
136,3,12,1,0.0,3.8761011266018324,3.8761011266018324
136,3,12,2,0.0,0.0,0.0
136,3,12,3,0.0,0.0,0.0
136,3,13,1,0.0,3.8761011266018324,3.8761011266018324
136,3,13,2,0.0,0.0,0.0
136,3,13,3,0.0,0.0,0.0
136,3,14,1,0.0,3.8761011266018324,3.8761011266018324
136,3,14,2,0.0,0.0,0.0
136,3,14,3,0.0,0.0,0.0
136,3,15,1,0.0,3.8761011266018324,3.8761011266018324
136,3,15,2,0.0,0.0,0.0
136,3,15,3,0.0,0.0,0.0
136,3,16,1,0.0,3.8761011266018324,3.8761011266018324
136,3,16,2,0.0,3.8761011266018324,3.8761011266018324
136,3,16,3,0.0,0.0,0.0
136,3,17,1,0.0,0.0,0.0
136,3,17,2,0.0,3.8761011266018324,3.8761011266018324
136,3,17,3,0.0,0.0,0.0
136,3,18,1,0.0,0.0,0.0
136,3,18,2,0.0,3.8761011266018324,3.8761011266018324
136,3,18,3,0.0,0.0,0.0
136,3,19,1,0.0,3.8761011266018324,3.8761011266018324
136,3,19,2,0.0,0.0,0.0
136,3,19,3,0.0,0.0,0.0
136,3,20,1,0.0,3.8761011266018324,3.8761011266018324
136,3,20,2,0.0,0.0,0.0
136,3,20,3,0.0,0.0,0.0
136,2,1,1,4.670201183380856,3.8761011266018324,8.54630230998269
136,2,1,2,0.0,0.0,0.0
136,2,1,3,0.0,0.0,0.0
136,2,2,1,0.7941000567790231,3.8761011266018324,4.670201183380856
136,2,2,2,3.8761011266018324,3.8761011266018324,7.752202253203665
136,2,2,3,0.0,0.0,0.0
136,2,3,1,0.0,0.0,0.0
136,2,3,2,0.0,3.8761011266018324,3.8761011266018324
136,2,3,3,0.0,0.0,0.0
136,2,4,1,0.0,0.0,0.0
136,2,4,2,0.0,3.8761011266018324,3.8761011266018324
136,2,4,3,0.0,0.0,0.0
136,2,5,1,0.0,0.0,0.0
136,2,5,2,0.0,3.8761011266018324,3.8761011266018324
136,2,5,3,0.0,0.0,0.0
136,2,6,1,0.0,0.0,0.0
136,2,6,2,0.0,3.8761011266018324,3.8761011266018324
136,2,6,3,0.0,0.0,0.0
136,2,7,1,0.0,0.0,0.0
136,2,7,2,0.0,3.8761011266018324,3.8761011266018324
136,2,7,3,0.0,0.0,0.0
136,2,8,1,0.0,0.0,0.0
136,2,8,2,0.0,3.8761011266018324,3.8761011266018324
136,2,8,3,0.0,0.0,0.0
136,2,9,1,0.0,0.0,0.0
136,2,9,2,0.0,3.8761011266018324,3.8761011266018324
136,2,9,3,0.0,0.0,0.0
136,2,10,1,0.0,0.0,0.0
136,2,10,2,0.0,3.8761011266018324,3.8761011266018324
136,2,10,3,2.0,2.0,4.0
136,2,11,1,0.7941000567790231,3.8761011266018324,4.670201183380856
136,2,11,2,0.0,3.8761011266018324,3.8761011266018324
136,2,11,3,0.0,0.0,0.0
136,2,12,1,0.0,0.0,0.0
136,2,12,2,0.0,3.8761011266018324,3.8761011266018324
136,2,12,3,0.0,0.0,0.0
136,2,13,1,0.0,0.0,0.0
136,2,13,2,0.0,3.8761011266018324,3.8761011266018324
136,2,13,3,0.0,0.0,0.0
136,2,14,1,0.0,0.0,0.0
136,2,14,2,0.0,3.8761011266018324,3.8761011266018324
136,2,14,3,0.0,0.0,0.0
136,2,15,1,0.0,0.0,0.0
136,2,15,2,0.0,3.8761011266018324,3.8761011266018324
136,2,15,3,0.0,0.0,0.0
136,2,16,1,0.0,0.0,0.0
136,2,16,2,0.0,3.8761011266018324,3.8761011266018324
136,2,16,3,0.0,0.0,0.0
136,2,17,1,0.0,0.0,0.0
136,2,17,2,0.0,3.8761011266018324,3.8761011266018324
136,2,17,3,0.0,0.0,0.0
136,2,18,1,0.0,0.0,0.0
136,2,18,2,0.0,3.8761011266018324,3.8761011266018324
136,2,18,3,0.0,0.0,0.0
136,2,19,1,0.0,0.0,0.0
136,2,19,2,0.0,3.8761011266018324,3.8761011266018324
136,2,19,3,0.0,2.0,2.0
136,2,20,1,0.7941000567790231,3.8761011266018324,4.670201183380856
136,2,20,2,0.0,0.0,0.0
136,2,20,3,0.0,0.0,0.0
136,1,1,1,4.670201183380856,3.8761011266018324,8.54630230998269
136,1,1,2,2.794100056779023,2.0,4.794100056779023
136,1,1,3,2.0,2.0,4.0
136,1,2,1,0.0,0.0,0.0
136,1,2,2,0.0,0.0,0.0
136,1,2,3,0.0,2.0,2.0
136,1,3,1,0.0,0.0,0.0
136,1,3,2,0.0,0.0,0.0
136,1,3,3,0.0,2.0,2.0
136,1,4,1,0.0,0.0,0.0
136,1,4,2,0.0,0.0,0.0
136,1,4,3,0.0,2.0,2.0
136,1,5,1,0.0,0.0,0.0
136,1,5,2,0.0,0.0,0.0
136,1,5,3,0.0,2.0,2.0
136,1,6,1,0.0,0.0,0.0
136,1,6,2,0.0,0.0,0.0
136,1,6,3,0.0,2.0,2.0
136,1,7,1,0.0,0.0,0.0
136,1,7,2,0.0,0.0,0.0
136,1,7,3,0.0,2.0,2.0
136,1,8,1,0.0,0.0,0.0
136,1,8,2,0.0,0.0,0.0
136,1,8,3,0.0,2.0,2.0
136,1,9,1,0.0,0.0,0.0
136,1,9,2,0.0,0.0,0.0
136,1,9,3,0.0,2.0,2.0
136,1,10,1,0.0,0.0,0.0
136,1,10,2,0.0,0.0,0.0
136,1,10,3,0.0,2.0,2.0
136,1,11,1,0.0,0.0,0.0
136,1,11,2,0.0,0.0,0.0
136,1,11,3,0.0,2.0,2.0
136,1,12,1,0.0,0.0,0.0
136,1,12,2,0.0,0.0,0.0
136,1,12,3,0.0,2.0,2.0
136,1,13,1,0.0,0.0,0.0
136,1,13,2,0.0,0.0,0.0
136,1,13,3,0.0,2.0,2.0
136,1,14,1,0.0,0.0,0.0
136,1,14,2,0.0,0.0,0.0
136,1,14,3,0.0,2.0,2.0
136,1,15,1,0.0,0.0,0.0
136,1,15,2,0.0,0.0,0.0
136,1,15,3,0.0,2.0,2.0
136,1,16,1,0.0,0.0,0.0
136,1,16,2,0.0,0.0,0.0
136,1,16,3,0.0,2.0,2.0
136,1,17,1,0.0,0.0,0.0
136,1,17,2,0.0,0.0,0.0
136,1,17,3,0.0,2.0,2.0
136,1,18,1,0.0,0.0,0.0
136,1,18,2,0.0,0.0,0.0
136,1,18,3,0.0,2.0,2.0
136,1,19,1,0.0,0.0,0.0
136,1,19,2,0.0,0.0,0.0
136,1,19,3,0.0,2.0,2.0
136,1,20,1,0.0,0.0,0.0
136,1,20,2,0.0,0.0,0.0
136,1,20,3,0.0,2.0,2.0
137,3,1,1,3.8761011266018324,3.8761011266018324,7.752202253203665
137,3,1,2,0.0,0.0,0.0
137,3,1,3,0.0,0.0,0.0
137,3,2,1,3.8761011266018324,3.8761011266018324,7.752202253203665
137,3,2,2,0.0,0.0,0.0
137,3,2,3,0.0,0.0,0.0
137,3,3,1,0.0,3.8761011266018324,3.8761011266018324
137,3,3,2,0.0,0.0,0.0
137,3,3,3,0.0,0.0,0.0
137,3,4,1,0.0,3.8761011266018324,3.8761011266018324
137,3,4,2,3.8761011266018324,3.8761011266018324,7.752202253203665
137,3,4,3,0.0,0.0,0.0
137,3,5,1,0.0,0.0,0.0
137,3,5,2,0.0,3.8761011266018324,3.8761011266018324
137,3,5,3,0.0,0.0,0.0
137,3,6,1,0.0,0.0,0.0
137,3,6,2,0.0,3.8761011266018324,3.8761011266018324
137,3,6,3,0.0,0.0,0.0
137,3,7,1,0.0,3.8761011266018324,3.8761011266018324
137,3,7,2,0.0,0.0,0.0
137,3,7,3,0.0,0.0,0.0
137,3,8,1,0.0,3.8761011266018324,3.8761011266018324
137,3,8,2,0.0,0.0,0.0
137,3,8,3,0.0,0.0,0.0
137,3,9,1,0.0,3.8761011266018324,3.8761011266018324
137,3,9,2,0.0,0.0,0.0
137,3,9,3,0.0,0.0,0.0
137,3,10,1,0.0,3.8761011266018324,3.8761011266018324
137,3,10,2,0.0,0.0,0.0
137,3,10,3,0.0,0.0,0.0
137,3,11,1,0.0,3.8761011266018324,3.8761011266018324
137,3,11,2,0.0,3.8761011266018324,3.8761011266018324
137,3,11,3,0.0,0.0,0.0
137,3,12,1,0.0,3.8761011266018324,3.8761011266018324
137,3,12,2,0.0,0.0,0.0
137,3,12,3,0.0,0.0,0.0
137,3,13,1,0.0,3.8761011266018324,3.8761011266018324
137,3,13,2,0.0,0.0,0.0
137,3,13,3,0.0,0.0,0.0
137,3,14,1,0.0,3.8761011266018324,3.8761011266018324
137,3,14,2,0.0,0.0,0.0
137,3,14,3,0.0,0.0,0.0
137,3,15,1,0.0,3.8761011266018324,3.8761011266018324
137,3,15,2,0.0,0.0,0.0
137,3,15,3,0.0,0.0,0.0
137,3,16,1,0.0,3.8761011266018324,3.8761011266018324
137,3,16,2,0.0,0.0,0.0
137,3,16,3,0.0,0.0,0.0
137,3,17,1,0.0,3.8761011266018324,3.8761011266018324
137,3,17,2,0.0,3.8761011266018324,3.8761011266018324
137,3,17,3,0.0,0.0,0.0
137,3,18,1,0.0,0.0,0.0
137,3,18,2,0.0,3.8761011266018324,3.8761011266018324
137,3,18,3,0.0,0.0,0.0
137,3,19,1,0.0,3.8761011266018324,3.8761011266018324
137,3,19,2,0.0,0.0,0.0
137,3,19,3,0.0,0.0,0.0
137,3,20,1,0.0,3.8761011266018324,3.8761011266018324
137,3,20,2,0.0,0.0,0.0
137,3,20,3,0.0,0.0,0.0
137,2,1,1,4.670201183380856,3.8761011266018324,8.54630230998269
137,2,1,2,0.0,0.0,0.0
137,2,1,3,0.0,0.0,0.0
137,2,2,1,0.7941000567790231,3.8761011266018324,4.670201183380856
137,2,2,2,3.8761011266018324,3.8761011266018324,7.752202253203665
137,2,2,3,0.0,0.0,0.0
137,2,3,1,0.0,0.0,0.0
137,2,3,2,0.0,3.8761011266018324,3.8761011266018324
137,2,3,3,0.0,0.0,0.0
137,2,4,1,0.0,0.0,0.0
137,2,4,2,0.0,3.8761011266018324,3.8761011266018324
137,2,4,3,0.0,0.0,0.0
137,2,5,1,0.0,0.0,0.0
137,2,5,2,0.0,3.8761011266018324,3.8761011266018324
137,2,5,3,0.0,0.0,0.0
137,2,6,1,0.0,0.0,0.0
137,2,6,2,0.0,3.8761011266018324,3.8761011266018324
137,2,6,3,0.0,0.0,0.0
137,2,7,1,0.0,0.0,0.0
137,2,7,2,0.0,3.8761011266018324,3.8761011266018324
137,2,7,3,0.0,0.0,0.0
137,2,8,1,0.0,0.0,0.0
137,2,8,2,0.0,3.8761011266018324,3.8761011266018324
137,2,8,3,0.0,0.0,0.0
137,2,9,1,0.0,0.0,0.0
137,2,9,2,0.0,3.8761011266018324,3.8761011266018324
137,2,9,3,0.0,0.0,0.0
137,2,10,1,0.0,0.0,0.0
137,2,10,2,0.0,3.8761011266018324,3.8761011266018324
137,2,10,3,0.0,0.0,0.0
137,2,11,1,0.0,0.0,0.0
137,2,11,2,0.0,3.8761011266018324,3.8761011266018324
137,2,11,3,0.0,0.0,0.0
137,2,12,1,0.0,0.0,0.0
137,2,12,2,0.0,3.8761011266018324,3.8761011266018324
137,2,12,3,0.0,0.0,0.0
137,2,13,1,0.0,0.0,0.0
137,2,13,2,0.0,3.8761011266018324,3.8761011266018324
137,2,13,3,0.0,0.0,0.0
137,2,14,1,0.0,0.0,0.0
137,2,14,2,0.0,3.8761011266018324,3.8761011266018324
137,2,14,3,0.0,0.0,0.0
137,2,15,1,0.0,0.0,0.0
137,2,15,2,0.0,3.8761011266018324,3.8761011266018324
137,2,15,3,0.0,0.0,0.0
137,2,16,1,0.0,0.0,0.0
137,2,16,2,0.0,3.8761011266018324,3.8761011266018324
137,2,16,3,0.0,0.0,0.0
137,2,17,1,0.0,0.0,0.0
137,2,17,2,0.0,3.8761011266018324,3.8761011266018324
137,2,17,3,0.0,0.0,0.0
137,2,18,1,0.0,0.0,0.0
137,2,18,2,0.0,3.8761011266018324,3.8761011266018324
137,2,18,3,0.0,0.0,0.0
137,2,19,1,0.0,0.0,0.0
137,2,19,2,0.0,3.8761011266018324,3.8761011266018324
137,2,19,3,0.0,0.0,0.0
137,2,20,1,0.0,0.0,0.0
137,2,20,2,0.0,3.8761011266018324,3.8761011266018324
137,2,20,3,0.0,0.0,0.0
137,1,1,1,4.670201183380856,3.8761011266018324,8.54630230998269
137,1,1,2,2.794100056779023,2.0,4.794100056779023
137,1,1,3,0.0,0.0,0.0
137,1,2,1,0.0,0.0,0.0
137,1,2,2,0.7941000567790231,2.0,2.794100056779023
137,1,2,3,0.0,0.0,0.0
137,1,3,1,0.0,0.0,0.0
137,1,3,2,0.0,2.0,2.0
137,1,3,3,2.0,2.0,4.0
137,1,4,1,0.0,0.0,0.0
137,1,4,2,0.0,0.0,0.0
137,1,4,3,0.0,2.0,2.0
137,1,5,1,0.0,0.0,0.0
137,1,5,2,0.0,0.0,0.0
137,1,5,3,0.0,2.0,2.0
137,1,6,1,0.0,0.0,0.0
137,1,6,2,0.0,0.0,0.0
137,1,6,3,0.0,2.0,2.0
137,1,7,1,0.0,0.0,0.0
137,1,7,2,0.0,0.0,0.0
137,1,7,3,0.0,2.0,2.0
137,1,8,1,0.0,0.0,0.0
137,1,8,2,0.0,0.0,0.0
137,1,8,3,0.0,2.0,2.0
137,1,9,1,0.0,0.0,0.0
137,1,9,2,0.0,0.0,0.0
137,1,9,3,0.0,2.0,2.0
137,1,10,1,0.0,0.0,0.0
137,1,10,2,0.0,0.0,0.0
137,1,10,3,0.0,2.0,2.0
137,1,11,1,0.0,0.0,0.0
137,1,11,2,0.0,0.0,0.0
137,1,11,3,0.0,2.0,2.0
137,1,12,1,0.0,0.0,0.0
137,1,12,2,0.0,0.0,0.0
137,1,12,3,0.0,2.0,2.0
137,1,13,1,0.0,0.0,0.0
137,1,13,2,0.0,0.0,0.0
137,1,13,3,0.0,2.0,2.0
137,1,14,1,0.0,0.0,0.0
137,1,14,2,0.0,0.0,0.0
137,1,14,3,0.0,2.0,2.0
137,1,15,1,0.0,0.0,0.0
137,1,15,2,0.0,0.0,0.0
137,1,15,3,0.0,2.0,2.0
137,1,16,1,0.0,0.0,0.0
137,1,16,2,0.0,0.0,0.0
137,1,16,3,0.0,2.0,2.0
137,1,17,1,0.0,0.0,0.0
137,1,17,2,0.0,0.0,0.0
137,1,17,3,0.0,2.0,2.0
137,1,18,1,0.0,0.0,0.0
137,1,18,2,0.0,0.0,0.0
137,1,18,3,0.0,2.0,2.0
137,1,19,1,0.0,0.0,0.0
137,1,19,2,0.0,0.0,0.0
137,1,19,3,0.0,2.0,2.0
137,1,20,1,0.0,0.0,0.0
137,1,20,2,0.0,0.0,0.0
137,1,20,3,0.0,2.0,2.0
138,3,1,1,3.8761011266018324,3.8761011266018324,7.752202253203665
138,3,1,2,0.0,0.0,0.0
138,3,1,3,0.0,0.0,0.0
138,3,2,1,3.8761011266018324,3.8761011266018324,7.752202253203665
138,3,2,2,3.8761011266018324,3.8761011266018324,7.752202253203665
138,3,2,3,0.0,0.0,0.0
138,3,3,1,0.0,3.8761011266018324,3.8761011266018324
138,3,3,2,0.0,0.0,0.0
138,3,3,3,0.0,0.0,0.0
138,3,4,1,0.0,3.8761011266018324,3.8761011266018324
138,3,4,2,0.0,0.0,0.0
138,3,4,3,0.0,0.0,0.0
138,3,5,1,0.0,3.8761011266018324,3.8761011266018324
138,3,5,2,0.0,0.0,0.0
138,3,5,3,0.0,0.0,0.0
138,3,6,1,0.0,3.8761011266018324,3.8761011266018324
138,3,6,2,0.0,3.8761011266018324,3.8761011266018324
138,3,6,3,0.0,0.0,0.0
138,3,7,1,0.0,3.8761011266018324,3.8761011266018324
138,3,7,2,0.0,0.0,0.0
138,3,7,3,0.0,0.0,0.0
138,3,8,1,0.0,3.8761011266018324,3.8761011266018324
138,3,8,2,0.0,0.0,0.0
138,3,8,3,0.0,0.0,0.0
138,3,9,1,0.0,3.8761011266018324,3.8761011266018324
138,3,9,2,0.0,0.0,0.0
138,3,9,3,0.0,0.0,0.0
138,3,10,1,0.0,3.8761011266018324,3.8761011266018324
138,3,10,2,0.0,0.0,0.0
138,3,10,3,0.0,0.0,0.0
138,3,11,1,0.0,3.8761011266018324,3.8761011266018324
138,3,11,2,0.0,0.0,0.0
138,3,11,3,0.0,0.0,0.0
138,3,12,1,0.0,3.8761011266018324,3.8761011266018324
138,3,12,2,0.0,0.0,0.0
138,3,12,3,0.0,0.0,0.0
138,3,13,1,0.0,3.8761011266018324,3.8761011266018324
138,3,13,2,0.0,0.0,0.0
138,3,13,3,0.0,0.0,0.0
138,3,14,1,0.0,3.8761011266018324,3.8761011266018324
138,3,14,2,0.0,3.8761011266018324,3.8761011266018324
138,3,14,3,0.0,0.0,0.0
138,3,15,1,0.0,3.8761011266018324,3.8761011266018324
138,3,15,2,0.0,3.8761011266018324,3.8761011266018324
138,3,15,3,0.0,0.0,0.0
138,3,16,1,0.0,0.0,0.0
138,3,16,2,0.0,3.8761011266018324,3.8761011266018324
138,3,16,3,0.0,0.0,0.0
138,3,17,1,0.0,0.0,0.0
138,3,17,2,0.0,3.8761011266018324,3.8761011266018324
138,3,17,3,0.0,0.0,0.0
138,3,18,1,0.0,0.0,0.0
138,3,18,2,0.0,3.8761011266018324,3.8761011266018324
138,3,18,3,0.0,0.0,0.0
138,3,19,1,0.0,3.8761011266018324,3.8761011266018324
138,3,19,2,0.0,0.0,0.0
138,3,19,3,0.0,0.0,0.0
138,3,20,1,0.0,3.8761011266018324,3.8761011266018324
138,3,20,2,0.0,0.0,0.0
138,3,20,3,0.0,0.0,0.0
138,2,1,1,4.670201183380856,3.8761011266018324,8.54630230998269
138,2,1,2,0.0,0.0,0.0
138,2,1,3,0.0,0.0,0.0
138,2,2,1,0.7941000567790231,3.8761011266018324,4.670201183380856
138,2,2,2,3.8761011266018324,3.8761011266018324,7.752202253203665
138,2,2,3,0.0,0.0,0.0
138,2,3,1,0.0,0.0,0.0
138,2,3,2,0.0,3.8761011266018324,3.8761011266018324
138,2,3,3,0.0,0.0,0.0
138,2,4,1,0.0,0.0,0.0
138,2,4,2,0.0,3.8761011266018324,3.8761011266018324
138,2,4,3,0.0,0.0,0.0
138,2,5,1,0.0,0.0,0.0
138,2,5,2,0.0,3.8761011266018324,3.8761011266018324
138,2,5,3,0.0,0.0,0.0
138,2,6,1,0.0,0.0,0.0
138,2,6,2,0.0,3.8761011266018324,3.8761011266018324
138,2,6,3,2.0,2.0,4.0
138,2,7,1,0.7941000567790231,3.8761011266018324,4.670201183380856
138,2,7,2,0.0,3.8761011266018324,3.8761011266018324
138,2,7,3,0.0,0.0,0.0
138,2,8,1,0.0,0.0,0.0
138,2,8,2,0.0,3.8761011266018324,3.8761011266018324
138,2,8,3,0.0,0.0,0.0
138,2,9,1,0.0,0.0,0.0
138,2,9,2,0.0,3.8761011266018324,3.8761011266018324
138,2,9,3,0.0,0.0,0.0
138,2,10,1,0.0,0.0,0.0
138,2,10,2,0.0,3.8761011266018324,3.8761011266018324
138,2,10,3,0.0,0.0,0.0
138,2,11,1,0.0,0.0,0.0
138,2,11,2,0.0,3.8761011266018324,3.8761011266018324
138,2,11,3,0.0,0.0,0.0
138,2,12,1,0.0,0.0,0.0
138,2,12,2,0.0,3.8761011266018324,3.8761011266018324
138,2,12,3,0.0,0.0,0.0
138,2,13,1,0.0,0.0,0.0
138,2,13,2,0.0,3.8761011266018324,3.8761011266018324
138,2,13,3,0.0,0.0,0.0
138,2,14,1,0.0,0.0,0.0
138,2,14,2,0.0,3.8761011266018324,3.8761011266018324
138,2,14,3,0.0,0.0,0.0
138,2,15,1,0.0,0.0,0.0
138,2,15,2,0.0,3.8761011266018324,3.8761011266018324
138,2,15,3,0.0,0.0,0.0
138,2,16,1,0.0,0.0,0.0
138,2,16,2,0.0,3.8761011266018324,3.8761011266018324
138,2,16,3,0.0,0.0,0.0
138,2,17,1,0.0,0.0,0.0
138,2,17,2,0.0,3.8761011266018324,3.8761011266018324
138,2,17,3,0.0,0.0,0.0
138,2,18,1,0.0,0.0,0.0
138,2,18,2,0.0,3.8761011266018324,3.8761011266018324
138,2,18,3,0.0,0.0,0.0
138,2,19,1,0.0,0.0,0.0
138,2,19,2,0.0,3.8761011266018324,3.8761011266018324
138,2,19,3,0.0,0.0,0.0
138,2,20,1,0.0,0.0,0.0
138,2,20,2,0.0,3.8761011266018324,3.8761011266018324
138,2,20,3,0.0,0.0,0.0
138,1,1,1,4.670201183380856,3.8761011266018324,8.54630230998269
138,1,1,2,2.794100056779023,2.0,4.794100056779023
138,1,1,3,0.0,0.0,0.0
138,1,2,1,0.0,0.0,0.0
138,1,2,2,0.7941000567790231,2.0,2.794100056779023
138,1,2,3,2.0,2.0,4.0
138,1,3,1,0.0,0.0,0.0
138,1,3,2,0.0,0.0,0.0
138,1,3,3,0.0,2.0,2.0
138,1,4,1,0.0,0.0,0.0
138,1,4,2,0.0,0.0,0.0
138,1,4,3,0.0,2.0,2.0
138,1,5,1,0.0,0.0,0.0
138,1,5,2,0.0,0.0,0.0
138,1,5,3,0.0,2.0,2.0
138,1,6,1,0.0,0.0,0.0
138,1,6,2,0.0,0.0,0.0
138,1,6,3,0.0,2.0,2.0
138,1,7,1,0.0,0.0,0.0
138,1,7,2,0.0,0.0,0.0
138,1,7,3,0.0,2.0,2.0
138,1,8,1,0.0,0.0,0.0
138,1,8,2,0.0,0.0,0.0
138,1,8,3,0.0,2.0,2.0
138,1,9,1,0.0,0.0,0.0
138,1,9,2,0.0,0.0,0.0
138,1,9,3,0.0,2.0,2.0
138,1,10,1,0.0,0.0,0.0
138,1,10,2,0.0,0.0,0.0
138,1,10,3,0.0,2.0,2.0
138,1,11,1,0.0,0.0,0.0
138,1,11,2,0.0,0.0,0.0
138,1,11,3,0.0,2.0,2.0
138,1,12,1,0.0,0.0,0.0
138,1,12,2,0.0,0.0,0.0
138,1,12,3,0.0,2.0,2.0
138,1,13,1,0.0,0.0,0.0
138,1,13,2,0.0,0.0,0.0
138,1,13,3,0.0,2.0,2.0
138,1,14,1,0.0,0.0,0.0
138,1,14,2,0.0,0.0,0.0
138,1,14,3,0.0,2.0,2.0
138,1,15,1,0.0,0.0,0.0
138,1,15,2,0.0,0.0,0.0
138,1,15,3,0.0,2.0,2.0
138,1,16,1,0.0,0.0,0.0
138,1,16,2,0.0,0.0,0.0
138,1,16,3,0.0,2.0,2.0
138,1,17,1,0.0,0.0,0.0
138,1,17,2,0.0,0.0,0.0
138,1,17,3,0.0,2.0,2.0
138,1,18,1,0.0,0.0,0.0
138,1,18,2,0.0,0.0,0.0
138,1,18,3,0.0,2.0,2.0
138,1,19,1,0.0,0.0,0.0
138,1,19,2,0.0,0.0,0.0
138,1,19,3,0.0,2.0,2.0
138,1,20,1,0.0,0.0,0.0
138,1,20,2,0.0,0.0,0.0
138,1,20,3,0.0,2.0,2.0
139,3,1,1,3.8761011266018324,3.8761011266018324,7.752202253203665
139,3,1,2,3.8761011266018324,3.8761011266018324,7.752202253203665
139,3,1,3,0.0,0.0,0.0
139,3,2,1,0.0,0.0,0.0
139,3,2,2,0.0,3.8761011266018324,3.8761011266018324
139,3,2,3,0.0,0.0,0.0
139,3,3,1,3.8761011266018324,3.8761011266018324,7.752202253203665
139,3,3,2,0.0,0.0,0.0
139,3,3,3,0.0,0.0,0.0
139,3,4,1,0.0,3.8761011266018324,3.8761011266018324
139,3,4,2,0.0,0.0,0.0
139,3,4,3,0.0,0.0,0.0
139,3,5,1,0.0,3.8761011266018324,3.8761011266018324
139,3,5,2,0.0,0.0,0.0
139,3,5,3,0.0,0.0,0.0
139,3,6,1,0.0,3.8761011266018324,3.8761011266018324
139,3,6,2,0.0,0.0,0.0
139,3,6,3,0.0,0.0,0.0
139,3,7,1,0.0,3.8761011266018324,3.8761011266018324
139,3,7,2,0.0,0.0,0.0
139,3,7,3,0.0,0.0,0.0
139,3,8,1,0.0,3.8761011266018324,3.8761011266018324
139,3,8,2,0.0,0.0,0.0
139,3,8,3,0.0,0.0,0.0
139,3,9,1,0.0,3.8761011266018324,3.8761011266018324
139,3,9,2,0.0,3.8761011266018324,3.8761011266018324
139,3,9,3,0.0,0.0,0.0
139,3,10,1,0.0,0.0,0.0
139,3,10,2,0.0,3.8761011266018324,3.8761011266018324
139,3,10,3,0.0,0.0,0.0
139,3,11,1,0.0,3.8761011266018324,3.8761011266018324
139,3,11,2,0.0,3.8761011266018324,3.8761011266018324
139,3,11,3,2.0,2.0,4.0
139,3,12,1,0.0,3.8761011266018324,3.8761011266018324
139,3,12,2,0.0,0.0,0.0
139,3,12,3,0.0,0.0,0.0
139,3,13,1,0.0,3.8761011266018324,3.8761011266018324
139,3,13,2,0.0,3.8761011266018324,3.8761011266018324
139,3,13,3,0.0,0.0,0.0
139,3,14,1,0.0,3.8761011266018324,3.8761011266018324
139,3,14,2,0.0,0.0,0.0
139,3,14,3,0.0,0.0,0.0
139,3,15,1,0.0,3.8761011266018324,3.8761011266018324
139,3,15,2,0.0,0.0,0.0
139,3,15,3,0.0,0.0,0.0
139,3,16,1,0.0,3.8761011266018324,3.8761011266018324
139,3,16,2,0.0,0.0,0.0
139,3,16,3,0.0,0.0,0.0
139,3,17,1,0.0,3.8761011266018324,3.8761011266018324
139,3,17,2,0.0,0.0,0.0
139,3,17,3,0.0,0.0,0.0
139,3,18,1,0.0,3.8761011266018324,3.8761011266018324
139,3,18,2,0.0,0.0,0.0
139,3,18,3,0.0,0.0,0.0
139,3,19,1,0.0,3.8761011266018324,3.8761011266018324
139,3,19,2,0.0,0.0,0.0
139,3,19,3,0.0,0.0,0.0
139,3,20,1,0.0,3.8761011266018324,3.8761011266018324
139,3,20,2,0.0,0.0,0.0
139,3,20,3,0.0,0.0,0.0
139,2,1,1,4.670201183380856,3.8761011266018324,8.54630230998269
139,2,1,2,0.0,0.0,0.0
139,2,1,3,0.0,0.0,0.0
139,2,2,1,0.7941000567790231,3.8761011266018324,4.670201183380856
139,2,2,2,0.0,0.0,0.0
139,2,2,3,0.0,0.0,0.0
139,2,3,1,0.7941000567790231,3.8761011266018324,4.670201183380856
139,2,3,2,3.8761011266018324,3.8761011266018324,7.752202253203665
139,2,3,3,0.0,0.0,0.0
139,2,4,1,0.0,0.0,0.0
139,2,4,2,0.0,3.8761011266018324,3.8761011266018324
139,2,4,3,0.0,0.0,0.0
139,2,5,1,0.0,0.0,0.0
139,2,5,2,0.0,3.8761011266018324,3.8761011266018324
139,2,5,3,0.0,0.0,0.0
139,2,6,1,0.0,0.0,0.0
139,2,6,2,0.0,3.8761011266018324,3.8761011266018324
139,2,6,3,0.0,0.0,0.0
139,2,7,1,0.0,0.0,0.0
139,2,7,2,0.0,3.8761011266018324,3.8761011266018324
139,2,7,3,0.0,0.0,0.0
139,2,8,1,0.0,0.0,0.0
139,2,8,2,0.0,3.8761011266018324,3.8761011266018324
139,2,8,3,0.0,0.0,0.0
139,2,9,1,0.0,0.0,0.0
139,2,9,2,0.0,3.8761011266018324,3.8761011266018324
139,2,9,3,0.0,0.0,0.0
139,2,10,1,0.0,0.0,0.0
139,2,10,2,0.0,3.8761011266018324,3.8761011266018324
139,2,10,3,0.0,0.0,0.0
139,2,11,1,0.0,0.0,0.0
139,2,11,2,0.0,3.8761011266018324,3.8761011266018324
139,2,11,3,0.0,0.0,0.0
139,2,12,1,0.0,0.0,0.0
139,2,12,2,0.0,3.8761011266018324,3.8761011266018324
139,2,12,3,0.0,0.0,0.0
139,2,13,1,0.0,0.0,0.0
139,2,13,2,0.0,3.8761011266018324,3.8761011266018324
139,2,13,3,0.0,0.0,0.0
139,2,14,1,0.0,0.0,0.0
139,2,14,2,0.0,3.8761011266018324,3.8761011266018324
139,2,14,3,0.0,0.0,0.0
139,2,15,1,0.0,0.0,0.0
139,2,15,2,0.0,3.8761011266018324,3.8761011266018324
139,2,15,3,0.0,0.0,0.0
139,2,16,1,0.0,0.0,0.0
139,2,16,2,0.0,3.8761011266018324,3.8761011266018324
139,2,16,3,0.0,0.0,0.0
139,2,17,1,0.0,0.0,0.0
139,2,17,2,0.0,3.8761011266018324,3.8761011266018324
139,2,17,3,0.0,0.0,0.0
139,2,18,1,0.0,0.0,0.0
139,2,18,2,0.0,3.8761011266018324,3.8761011266018324
139,2,18,3,0.0,0.0,0.0
139,2,19,1,0.0,0.0,0.0
139,2,19,2,0.0,3.8761011266018324,3.8761011266018324
139,2,19,3,0.0,0.0,0.0
139,2,20,1,0.0,0.0,0.0
139,2,20,2,0.0,3.8761011266018324,3.8761011266018324
139,2,20,3,0.0,0.0,0.0
139,1,1,1,4.670201183380856,3.8761011266018324,8.54630230998269
139,1,1,2,2.794100056779023,2.0,4.794100056779023
139,1,1,3,0.0,0.0,0.0
139,1,2,1,0.0,0.0,0.0
139,1,2,2,0.7941000567790231,2.0,2.794100056779023
139,1,2,3,2.0,2.0,4.0
139,1,3,1,0.0,0.0,0.0
139,1,3,2,0.0,0.0,0.0
139,1,3,3,0.0,2.0,2.0
139,1,4,1,0.0,0.0,0.0
139,1,4,2,0.0,0.0,0.0
139,1,4,3,0.0,0.0,0.0
139,1,5,1,0.7941000567790231,3.8761011266018324,4.670201183380856
139,1,5,2,0.0,0.0,0.0
139,1,5,3,0.0,0.0,0.0
139,1,6,1,0.7941000567790231,3.8761011266018324,4.670201183380856
139,1,6,2,0.0,2.0,2.0
139,1,6,3,0.0,2.0,2.0
139,1,7,1,0.0,0.0,0.0
139,1,7,2,0.0,0.0,0.0
139,1,7,3,0.0,2.0,2.0
139,1,8,1,0.0,0.0,0.0
139,1,8,2,0.0,0.0,0.0
139,1,8,3,0.0,2.0,2.0
139,1,9,1,0.0,0.0,0.0
139,1,9,2,0.0,0.0,0.0
139,1,9,3,0.0,2.0,2.0
139,1,10,1,0.0,0.0,0.0
139,1,10,2,0.0,0.0,0.0
139,1,10,3,0.0,2.0,2.0
139,1,11,1,0.0,0.0,0.0
139,1,11,2,0.0,0.0,0.0
139,1,11,3,0.0,2.0,2.0
139,1,12,1,0.0,0.0,0.0
139,1,12,2,0.0,0.0,0.0
139,1,12,3,0.0,2.0,2.0
139,1,13,1,0.0,0.0,0.0
139,1,13,2,0.0,0.0,0.0
139,1,13,3,0.0,2.0,2.0
139,1,14,1,0.0,0.0,0.0
139,1,14,2,0.0,0.0,0.0
139,1,14,3,0.0,2.0,2.0
139,1,15,1,0.0,0.0,0.0
139,1,15,2,0.0,0.0,0.0
139,1,15,3,0.0,2.0,2.0
139,1,16,1,0.0,0.0,0.0
139,1,16,2,0.0,0.0,0.0
139,1,16,3,0.0,2.0,2.0
139,1,17,1,0.0,0.0,0.0
139,1,17,2,0.0,0.0,0.0
139,1,17,3,0.0,2.0,2.0
139,1,18,1,0.0,0.0,0.0
139,1,18,2,0.0,0.0,0.0
139,1,18,3,0.0,2.0,2.0
139,1,19,1,0.0,0.0,0.0
139,1,19,2,0.0,0.0,0.0
139,1,19,3,0.0,2.0,2.0
139,1,20,1,0.0,0.0,0.0
139,1,20,2,0.0,0.0,0.0
139,1,20,3,0.0,2.0,2.0
140,3,1,1,3.8761011266018324,3.8761011266018324,7.752202253203665
140,3,1,2,3.8761011266018324,3.8761011266018324,7.752202253203665
140,3,1,3,0.0,0.0,0.0
140,3,2,1,3.8761011266018324,3.8761011266018324,7.752202253203665
140,3,2,2,0.0,0.0,0.0
140,3,2,3,0.0,0.0,0.0
140,3,3,1,0.0,3.8761011266018324,3.8761011266018324
140,3,3,2,0.0,0.0,0.0
140,3,3,3,0.0,0.0,0.0
140,3,4,1,0.0,3.8761011266018324,3.8761011266018324
140,3,4,2,0.0,0.0,0.0
140,3,4,3,0.0,0.0,0.0
140,3,5,1,0.0,3.8761011266018324,3.8761011266018324
140,3,5,2,0.0,3.8761011266018324,3.8761011266018324
140,3,5,3,0.0,0.0,0.0
140,3,6,1,0.0,3.8761011266018324,3.8761011266018324
140,3,6,2,0.0,0.0,0.0
140,3,6,3,0.0,0.0,0.0
140,3,7,1,0.0,3.8761011266018324,3.8761011266018324
140,3,7,2,0.0,0.0,0.0
140,3,7,3,0.0,0.0,0.0
140,3,8,1,0.0,3.8761011266018324,3.8761011266018324
140,3,8,2,0.0,0.0,0.0
140,3,8,3,0.0,0.0,0.0
140,3,9,1,0.0,3.8761011266018324,3.8761011266018324
140,3,9,2,0.0,0.0,0.0
140,3,9,3,0.0,0.0,0.0
140,3,10,1,0.0,3.8761011266018324,3.8761011266018324
140,3,10,2,0.0,0.0,0.0
140,3,10,3,0.0,0.0,0.0
140,3,11,1,0.0,3.8761011266018324,3.8761011266018324
140,3,11,2,0.0,0.0,0.0
140,3,11,3,0.0,0.0,0.0
140,3,12,1,0.0,3.8761011266018324,3.8761011266018324
140,3,12,2,0.0,0.0,0.0
140,3,12,3,0.0,0.0,0.0
140,3,13,1,0.0,3.8761011266018324,3.8761011266018324
140,3,13,2,0.0,3.8761011266018324,3.8761011266018324
140,3,13,3,0.0,0.0,0.0
140,3,14,1,0.0,0.0,0.0
140,3,14,2,0.0,3.8761011266018324,3.8761011266018324
140,3,14,3,2.0,2.0,4.0
140,3,15,1,0.0,3.8761011266018324,3.8761011266018324
140,3,15,2,0.0,0.0,0.0
140,3,15,3,0.0,0.0,0.0
140,3,16,1,0.0,3.8761011266018324,3.8761011266018324
140,3,16,2,0.0,0.0,0.0
140,3,16,3,0.0,0.0,0.0
140,3,17,1,0.0,3.8761011266018324,3.8761011266018324
140,3,17,2,0.0,0.0,0.0
140,3,17,3,0.0,0.0,0.0
140,3,18,1,0.0,3.8761011266018324,3.8761011266018324
140,3,18,2,0.0,0.0,0.0
140,3,18,3,0.0,0.0,0.0
140,3,19,1,0.0,3.8761011266018324,3.8761011266018324
140,3,19,2,0.0,0.0,0.0
140,3,19,3,0.0,0.0,0.0
140,3,20,1,0.0,3.8761011266018324,3.8761011266018324
140,3,20,2,0.0,0.0,0.0
140,3,20,3,0.0,0.0,0.0
140,2,1,1,4.670201183380856,3.8761011266018324,8.54630230998269
140,2,1,2,3.8761011266018324,3.8761011266018324,7.752202253203665
140,2,1,3,0.0,0.0,0.0
140,2,2,1,0.0,0.0,0.0
140,2,2,2,0.0,3.8761011266018324,3.8761011266018324
140,2,2,3,0.0,0.0,0.0
140,2,3,1,0.0,0.0,0.0
140,2,3,2,0.0,3.8761011266018324,3.8761011266018324
140,2,3,3,0.0,0.0,0.0
140,2,4,1,0.0,0.0,0.0
140,2,4,2,0.0,3.8761011266018324,3.8761011266018324
140,2,4,3,0.0,0.0,0.0
140,2,5,1,0.0,0.0,0.0
140,2,5,2,0.0,3.8761011266018324,3.8761011266018324
140,2,5,3,0.0,0.0,0.0
140,2,6,1,0.0,0.0,0.0
140,2,6,2,0.0,3.8761011266018324,3.8761011266018324
140,2,6,3,0.0,0.0,0.0
140,2,7,1,0.0,0.0,0.0
140,2,7,2,0.0,3.8761011266018324,3.8761011266018324
140,2,7,3,0.0,0.0,0.0
140,2,8,1,0.0,0.0,0.0
140,2,8,2,0.0,3.8761011266018324,3.8761011266018324
140,2,8,3,0.0,0.0,0.0
140,2,9,1,0.0,0.0,0.0
140,2,9,2,0.0,3.8761011266018324,3.8761011266018324
140,2,9,3,0.0,0.0,0.0
140,2,10,1,0.0,0.0,0.0
140,2,10,2,0.0,3.8761011266018324,3.8761011266018324
140,2,10,3,0.0,0.0,0.0
140,2,11,1,0.0,0.0,0.0
140,2,11,2,0.0,3.8761011266018324,3.8761011266018324
140,2,11,3,0.0,0.0,0.0
140,2,12,1,0.0,0.0,0.0
140,2,12,2,0.0,3.8761011266018324,3.8761011266018324
140,2,12,3,0.0,0.0,0.0
140,2,13,1,0.0,0.0,0.0
140,2,13,2,0.0,3.8761011266018324,3.8761011266018324
140,2,13,3,0.0,0.0,0.0
140,2,14,1,0.0,0.0,0.0
140,2,14,2,0.0,3.8761011266018324,3.8761011266018324
140,2,14,3,0.0,0.0,0.0
140,2,15,1,0.0,0.0,0.0
140,2,15,2,0.0,3.8761011266018324,3.8761011266018324
140,2,15,3,0.0,0.0,0.0
140,2,16,1,0.0,0.0,0.0
140,2,16,2,0.0,3.8761011266018324,3.8761011266018324
140,2,16,3,0.0,0.0,0.0
140,2,17,1,0.0,0.0,0.0
140,2,17,2,0.0,3.8761011266018324,3.8761011266018324
140,2,17,3,0.0,0.0,0.0
140,2,18,1,0.0,0.0,0.0
140,2,18,2,0.0,3.8761011266018324,3.8761011266018324
140,2,18,3,0.0,0.0,0.0
140,2,19,1,0.0,0.0,0.0
140,2,19,2,0.0,3.8761011266018324,3.8761011266018324
140,2,19,3,0.0,0.0,0.0
140,2,20,1,0.0,0.0,0.0
140,2,20,2,0.0,3.8761011266018324,3.8761011266018324
140,2,20,3,0.0,0.0,0.0
140,1,1,1,4.670201183380856,3.8761011266018324,8.54630230998269
140,1,1,2,2.794100056779023,2.0,4.794100056779023
140,1,1,3,0.0,0.0,0.0
140,1,2,1,0.0,0.0,0.0
140,1,2,2,0.7941000567790231,2.0,2.794100056779023
140,1,2,3,2.0,2.0,4.0
140,1,3,1,0.0,0.0,0.0
140,1,3,2,0.0,0.0,0.0
140,1,3,3,0.0,2.0,2.0
140,1,4,1,0.0,0.0,0.0
140,1,4,2,0.0,0.0,0.0
140,1,4,3,0.0,2.0,2.0
140,1,5,1,0.0,0.0,0.0
140,1,5,2,0.0,0.0,0.0
140,1,5,3,0.0,2.0,2.0
140,1,6,1,0.0,0.0,0.0
140,1,6,2,0.0,0.0,0.0
140,1,6,3,0.0,2.0,2.0
140,1,7,1,0.0,0.0,0.0
140,1,7,2,0.0,0.0,0.0
140,1,7,3,0.0,2.0,2.0
140,1,8,1,0.0,0.0,0.0
140,1,8,2,0.0,0.0,0.0
140,1,8,3,0.0,2.0,2.0
140,1,9,1,0.0,0.0,0.0
140,1,9,2,0.0,0.0,0.0
140,1,9,3,0.0,2.0,2.0
140,1,10,1,0.0,0.0,0.0
140,1,10,2,0.0,0.0,0.0
140,1,10,3,0.0,2.0,2.0
140,1,11,1,0.0,0.0,0.0
140,1,11,2,0.0,0.0,0.0
140,1,11,3,0.0,2.0,2.0
140,1,12,1,0.0,0.0,0.0
140,1,12,2,0.0,0.0,0.0
140,1,12,3,0.0,2.0,2.0
140,1,13,1,0.0,0.0,0.0
140,1,13,2,0.0,0.0,0.0
140,1,13,3,0.0,2.0,2.0
140,1,14,1,0.0,0.0,0.0
140,1,14,2,0.0,0.0,0.0
140,1,14,3,0.0,2.0,2.0
140,1,15,1,0.0,0.0,0.0
140,1,15,2,0.0,0.0,0.0
140,1,15,3,0.0,2.0,2.0
140,1,16,1,0.0,0.0,0.0
140,1,16,2,0.0,0.0,0.0
140,1,16,3,0.0,2.0,2.0
140,1,17,1,0.0,0.0,0.0
140,1,17,2,0.0,0.0,0.0
140,1,17,3,0.0,2.0,2.0
140,1,18,1,0.0,0.0,0.0
140,1,18,2,0.0,0.0,0.0
140,1,18,3,0.0,2.0,2.0
140,1,19,1,0.0,0.0,0.0
140,1,19,2,0.0,0.0,0.0
140,1,19,3,0.0,2.0,2.0
140,1,20,1,0.0,0.0,0.0
140,1,20,2,0.0,0.0,0.0
140,1,20,3,0.0,2.0,2.0
141,3,1,1,3.8761011266018324,3.8761011266018324,7.752202253203665
141,3,1,2,0.0,0.0,0.0
141,3,1,3,0.0,0.0,0.0
141,3,2,1,3.8761011266018324,3.8761011266018324,7.752202253203665
141,3,2,2,0.0,0.0,0.0
141,3,2,3,0.0,0.0,0.0
141,3,3,1,0.0,3.8761011266018324,3.8761011266018324
141,3,3,2,0.0,0.0,0.0
141,3,3,3,0.0,0.0,0.0
141,3,4,1,0.0,3.8761011266018324,3.8761011266018324
141,3,4,2,3.8761011266018324,3.8761011266018324,7.752202253203665
141,3,4,3,0.0,0.0,0.0
141,3,5,1,0.0,3.8761011266018324,3.8761011266018324
141,3,5,2,0.0,0.0,0.0
141,3,5,3,0.0,0.0,0.0
141,3,6,1,0.0,3.8761011266018324,3.8761011266018324
141,3,6,2,0.0,0.0,0.0
141,3,6,3,0.0,0.0,0.0
141,3,7,1,0.0,3.8761011266018324,3.8761011266018324
141,3,7,2,0.0,3.8761011266018324,3.8761011266018324
141,3,7,3,0.0,0.0,0.0
141,3,8,1,0.0,0.0,0.0
141,3,8,2,0.0,3.8761011266018324,3.8761011266018324
141,3,8,3,0.0,0.0,0.0
141,3,9,1,0.0,3.8761011266018324,3.8761011266018324
141,3,9,2,0.0,0.0,0.0
141,3,9,3,0.0,0.0,0.0
141,3,10,1,0.0,3.8761011266018324,3.8761011266018324
141,3,10,2,0.0,0.0,0.0
141,3,10,3,0.0,0.0,0.0
141,3,11,1,0.0,3.8761011266018324,3.8761011266018324
141,3,11,2,0.0,3.8761011266018324,3.8761011266018324
141,3,11,3,0.0,0.0,0.0
141,3,12,1,0.0,0.0,0.0
141,3,12,2,0.0,3.8761011266018324,3.8761011266018324
141,3,12,3,0.0,0.0,0.0
141,3,13,1,0.0,0.0,0.0
141,3,13,2,0.0,3.8761011266018324,3.8761011266018324
141,3,13,3,0.0,0.0,0.0
141,3,14,1,0.0,0.0,0.0
141,3,14,2,0.0,3.8761011266018324,3.8761011266018324
141,3,14,3,0.0,0.0,0.0
141,3,15,1,0.0,3.8761011266018324,3.8761011266018324
141,3,15,2,0.0,0.0,0.0
141,3,15,3,0.0,0.0,0.0
141,3,16,1,0.0,3.8761011266018324,3.8761011266018324
141,3,16,2,0.0,0.0,0.0
141,3,16,3,0.0,0.0,0.0
141,3,17,1,0.0,3.8761011266018324,3.8761011266018324
141,3,17,2,0.0,0.0,0.0
141,3,17,3,0.0,0.0,0.0
141,3,18,1,0.0,3.8761011266018324,3.8761011266018324
141,3,18,2,0.0,0.0,0.0
141,3,18,3,0.0,0.0,0.0
141,3,19,1,0.0,3.8761011266018324,3.8761011266018324
141,3,19,2,0.0,0.0,0.0
141,3,19,3,0.0,0.0,0.0
141,3,20,1,0.0,3.8761011266018324,3.8761011266018324
141,3,20,2,0.0,0.0,0.0
141,3,20,3,0.0,0.0,0.0
141,2,1,1,4.670201183380856,3.8761011266018324,8.54630230998269
141,2,1,2,0.0,0.0,0.0
141,2,1,3,0.0,0.0,0.0
141,2,2,1,0.7941000567790231,3.8761011266018324,4.670201183380856
141,2,2,2,0.0,0.0,0.0
141,2,2,3,0.0,0.0,0.0
141,2,3,1,0.7941000567790231,3.8761011266018324,4.670201183380856
141,2,3,2,3.8761011266018324,3.8761011266018324,7.752202253203665
141,2,3,3,2.0,2.0,4.0
141,2,4,1,0.7941000567790231,3.8761011266018324,4.670201183380856
141,2,4,2,0.0,3.8761011266018324,3.8761011266018324
141,2,4,3,0.0,0.0,0.0
141,2,5,1,0.0,0.0,0.0
141,2,5,2,0.0,3.8761011266018324,3.8761011266018324
141,2,5,3,0.0,0.0,0.0
141,2,6,1,0.0,0.0,0.0
141,2,6,2,0.0,3.8761011266018324,3.8761011266018324
141,2,6,3,0.0,0.0,0.0
141,2,7,1,0.0,0.0,0.0
141,2,7,2,0.0,3.8761011266018324,3.8761011266018324
141,2,7,3,0.0,0.0,0.0
141,2,8,1,0.0,0.0,0.0
141,2,8,2,0.0,3.8761011266018324,3.8761011266018324
141,2,8,3,0.0,0.0,0.0
141,2,9,1,0.0,0.0,0.0
141,2,9,2,0.0,3.8761011266018324,3.8761011266018324
141,2,9,3,0.0,0.0,0.0
141,2,10,1,0.0,0.0,0.0
141,2,10,2,0.0,3.8761011266018324,3.8761011266018324
141,2,10,3,0.0,0.0,0.0
141,2,11,1,0.0,0.0,0.0
141,2,11,2,0.0,3.8761011266018324,3.8761011266018324
141,2,11,3,0.0,2.0,2.0
141,2,12,1,0.0,0.0,0.0
141,2,12,2,0.0,0.0,0.0
141,2,12,3,0.0,2.0,2.0
141,2,13,1,0.0,0.0,0.0
141,2,13,2,0.0,0.0,0.0
141,2,13,3,0.0,2.0,2.0
141,2,14,1,0.0,3.8761011266018324,3.8761011266018324
141,2,14,2,0.0,3.8761011266018324,3.8761011266018324
141,2,14,3,0.0,0.0,0.0
141,2,15,1,0.0,0.0,0.0
141,2,15,2,0.0,3.8761011266018324,3.8761011266018324
141,2,15,3,0.0,0.0,0.0
141,2,16,1,0.0,0.0,0.0
141,2,16,2,0.0,3.8761011266018324,3.8761011266018324
141,2,16,3,0.0,0.0,0.0
141,2,17,1,0.0,0.0,0.0
141,2,17,2,0.0,3.8761011266018324,3.8761011266018324
141,2,17,3,0.0,0.0,0.0
141,2,18,1,0.0,0.0,0.0
141,2,18,2,0.0,3.8761011266018324,3.8761011266018324
141,2,18,3,0.0,0.0,0.0
141,2,19,1,0.0,0.0,0.0
141,2,19,2,0.0,3.8761011266018324,3.8761011266018324
141,2,19,3,0.0,0.0,0.0
141,2,20,1,0.0,0.0,0.0
141,2,20,2,0.0,3.8761011266018324,3.8761011266018324
141,2,20,3,0.0,0.0,0.0
141,1,1,1,4.670201183380856,3.8761011266018324,8.54630230998269
141,1,1,2,0.0,0.0,0.0
141,1,1,3,0.0,0.0,0.0
141,1,2,1,0.7941000567790231,3.8761011266018324,4.670201183380856
141,1,2,2,0.0,0.0,0.0
141,1,2,3,0.0,0.0,0.0
141,1,3,1,0.7941000567790231,3.8761011266018324,4.670201183380856
141,1,3,2,2.794100056779023,2.0,4.794100056779023
141,1,3,3,2.0,2.0,4.0
141,1,4,1,0.0,0.0,0.0
141,1,4,2,0.0,0.0,0.0
141,1,4,3,0.0,2.0,2.0
141,1,5,1,0.0,0.0,0.0
141,1,5,2,0.0,0.0,0.0
141,1,5,3,0.0,2.0,2.0
141,1,6,1,0.0,0.0,0.0
141,1,6,2,0.0,0.0,0.0
141,1,6,3,0.0,2.0,2.0
141,1,7,1,0.0,0.0,0.0
141,1,7,2,0.0,0.0,0.0
141,1,7,3,0.0,2.0,2.0
141,1,8,1,0.0,0.0,0.0
141,1,8,2,0.0,0.0,0.0
141,1,8,3,0.0,2.0,2.0
141,1,9,1,0.0,0.0,0.0
141,1,9,2,0.0,0.0,0.0
141,1,9,3,0.0,2.0,2.0
141,1,10,1,0.0,0.0,0.0
141,1,10,2,0.0,0.0,0.0
141,1,10,3,0.0,2.0,2.0
141,1,11,1,0.0,0.0,0.0
141,1,11,2,0.0,0.0,0.0
141,1,11,3,0.0,2.0,2.0
141,1,12,1,0.0,0.0,0.0
141,1,12,2,0.0,0.0,0.0
141,1,12,3,0.0,2.0,2.0
141,1,13,1,0.0,0.0,0.0
141,1,13,2,0.0,0.0,0.0
141,1,13,3,0.0,2.0,2.0
141,1,14,1,0.0,0.0,0.0
141,1,14,2,0.0,0.0,0.0
141,1,14,3,0.0,2.0,2.0
141,1,15,1,0.0,0.0,0.0
141,1,15,2,0.0,0.0,0.0
141,1,15,3,0.0,2.0,2.0
141,1,16,1,0.0,0.0,0.0
141,1,16,2,0.0,0.0,0.0
141,1,16,3,0.0,2.0,2.0
141,1,17,1,0.0,0.0,0.0
141,1,17,2,0.0,0.0,0.0
141,1,17,3,0.0,2.0,2.0
141,1,18,1,0.0,0.0,0.0
141,1,18,2,0.0,0.0,0.0
141,1,18,3,0.0,2.0,2.0
141,1,19,1,0.0,0.0,0.0
141,1,19,2,0.0,0.0,0.0
141,1,19,3,0.0,2.0,2.0
141,1,20,1,0.0,0.0,0.0
141,1,20,2,0.0,0.0,0.0
141,1,20,3,0.0,2.0,2.0
142,3,1,1,3.8761011266018324,3.8761011266018324,7.752202253203665
142,3,1,2,3.8761011266018324,3.8761011266018324,7.752202253203665
142,3,1,3,0.0,0.0,0.0
142,3,2,1,3.8761011266018324,3.8761011266018324,7.752202253203665
142,3,2,2,0.0,0.0,0.0
142,3,2,3,0.0,0.0,0.0
142,3,3,1,0.0,3.8761011266018324,3.8761011266018324
142,3,3,2,0.0,3.8761011266018324,3.8761011266018324
142,3,3,3,0.0,0.0,0.0
142,3,4,1,0.0,0.0,0.0
142,3,4,2,0.0,3.8761011266018324,3.8761011266018324
142,3,4,3,0.0,0.0,0.0
142,3,5,1,0.0,3.8761011266018324,3.8761011266018324
142,3,5,2,0.0,0.0,0.0
142,3,5,3,0.0,0.0,0.0
142,3,6,1,0.0,3.8761011266018324,3.8761011266018324
142,3,6,2,0.0,3.8761011266018324,3.8761011266018324
142,3,6,3,0.0,0.0,0.0
142,3,7,1,0.0,0.0,0.0
142,3,7,2,0.0,3.8761011266018324,3.8761011266018324
142,3,7,3,0.0,0.0,0.0
142,3,8,1,0.0,3.8761011266018324,3.8761011266018324
142,3,8,2,0.0,0.0,0.0
142,3,8,3,0.0,0.0,0.0
142,3,9,1,0.0,3.8761011266018324,3.8761011266018324
142,3,9,2,0.0,0.0,0.0
142,3,9,3,0.0,0.0,0.0
142,3,10,1,0.0,3.8761011266018324,3.8761011266018324
142,3,10,2,0.0,0.0,0.0
142,3,10,3,0.0,0.0,0.0
142,3,11,1,0.0,3.8761011266018324,3.8761011266018324
142,3,11,2,0.0,0.0,0.0
142,3,11,3,0.0,0.0,0.0
142,3,12,1,0.0,3.8761011266018324,3.8761011266018324
142,3,12,2,0.0,0.0,0.0
142,3,12,3,0.0,0.0,0.0
142,3,13,1,0.0,3.8761011266018324,3.8761011266018324
142,3,13,2,0.0,3.8761011266018324,3.8761011266018324
142,3,13,3,0.0,0.0,0.0
142,3,14,1,0.0,0.0,0.0
142,3,14,2,0.0,3.8761011266018324,3.8761011266018324
142,3,14,3,0.0,0.0,0.0
142,3,15,1,0.0,3.8761011266018324,3.8761011266018324
142,3,15,2,0.0,3.8761011266018324,3.8761011266018324
142,3,15,3,0.0,0.0,0.0
142,3,16,1,0.0,3.8761011266018324,3.8761011266018324
142,3,16,2,0.0,0.0,0.0
142,3,16,3,0.0,0.0,0.0
142,3,17,1,0.0,3.8761011266018324,3.8761011266018324
142,3,17,2,0.0,0.0,0.0
142,3,17,3,0.0,0.0,0.0
142,3,18,1,0.0,3.8761011266018324,3.8761011266018324
142,3,18,2,0.0,3.8761011266018324,3.8761011266018324
142,3,18,3,2.0,2.0,4.0
142,3,19,1,0.0,3.8761011266018324,3.8761011266018324
142,3,19,2,0.0,0.0,0.0
142,3,19,3,0.0,0.0,0.0
142,3,20,1,0.0,3.8761011266018324,3.8761011266018324
142,3,20,2,0.0,0.0,0.0
142,3,20,3,0.0,0.0,0.0
142,2,1,1,4.670201183380856,3.8761011266018324,8.54630230998269
142,2,1,2,0.0,0.0,0.0
142,2,1,3,0.0,0.0,0.0
142,2,2,1,0.7941000567790231,3.8761011266018324,4.670201183380856
142,2,2,2,3.8761011266018324,3.8761011266018324,7.752202253203665
142,2,2,3,0.0,0.0,0.0
142,2,3,1,0.0,0.0,0.0
142,2,3,2,0.0,3.8761011266018324,3.8761011266018324
142,2,3,3,0.0,0.0,0.0
142,2,4,1,0.0,0.0,0.0
142,2,4,2,0.0,3.8761011266018324,3.8761011266018324
142,2,4,3,0.0,0.0,0.0
142,2,5,1,0.0,0.0,0.0
142,2,5,2,0.0,3.8761011266018324,3.8761011266018324
142,2,5,3,0.0,0.0,0.0
142,2,6,1,0.0,0.0,0.0
142,2,6,2,0.0,3.8761011266018324,3.8761011266018324
142,2,6,3,0.0,0.0,0.0
142,2,7,1,0.0,0.0,0.0
142,2,7,2,0.0,3.8761011266018324,3.8761011266018324
142,2,7,3,0.0,0.0,0.0
142,2,8,1,0.0,0.0,0.0
142,2,8,2,0.0,3.8761011266018324,3.8761011266018324
142,2,8,3,0.0,0.0,0.0
142,2,9,1,0.0,0.0,0.0
142,2,9,2,0.0,3.8761011266018324,3.8761011266018324
142,2,9,3,0.0,0.0,0.0
142,2,10,1,0.0,0.0,0.0
142,2,10,2,0.0,3.8761011266018324,3.8761011266018324
142,2,10,3,0.0,0.0,0.0
142,2,11,1,0.0,0.0,0.0
142,2,11,2,0.0,3.8761011266018324,3.8761011266018324
142,2,11,3,0.0,0.0,0.0
142,2,12,1,0.0,0.0,0.0
142,2,12,2,0.0,3.8761011266018324,3.8761011266018324
142,2,12,3,0.0,0.0,0.0
142,2,13,1,0.0,0.0,0.0
142,2,13,2,0.0,3.8761011266018324,3.8761011266018324
142,2,13,3,0.0,0.0,0.0
142,2,14,1,0.0,0.0,0.0
142,2,14,2,0.0,3.8761011266018324,3.8761011266018324
142,2,14,3,2.0,2.0,4.0
142,2,15,1,0.7941000567790231,3.8761011266018324,4.670201183380856
142,2,15,2,0.0,3.8761011266018324,3.8761011266018324
142,2,15,3,0.0,2.0,2.0
142,2,16,1,0.7941000567790231,3.8761011266018324,4.670201183380856
142,2,16,2,0.0,3.8761011266018324,3.8761011266018324
142,2,16,3,0.0,0.0,0.0
142,2,17,1,0.0,0.0,0.0
142,2,17,2,0.0,3.8761011266018324,3.8761011266018324
142,2,17,3,0.0,2.0,2.0
142,2,18,1,0.0,0.0,0.0
142,2,18,2,0.0,0.0,0.0
142,2,18,3,0.0,2.0,2.0
142,2,19,1,0.0,0.0,0.0
142,2,19,2,0.0,0.0,0.0
142,2,19,3,0.0,2.0,2.0
142,2,20,1,0.0,0.0,0.0
142,2,20,2,0.0,0.0,0.0
142,2,20,3,0.0,2.0,2.0
142,1,1,1,4.670201183380856,3.8761011266018324,8.54630230998269
142,1,1,2,0.0,0.0,0.0
142,1,1,3,0.0,0.0,0.0
142,1,2,1,0.7941000567790231,3.8761011266018324,4.670201183380856
142,1,2,2,0.0,0.0,0.0
142,1,2,3,0.0,0.0,0.0
142,1,3,1,0.7941000567790231,3.8761011266018324,4.670201183380856
142,1,3,2,0.0,0.0,0.0
142,1,3,3,0.0,0.0,0.0
142,1,4,1,0.0,3.8761011266018324,3.8761011266018324
142,1,4,2,2.794100056779023,2.0,4.794100056779023
142,1,4,3,2.0,2.0,4.0
142,1,5,1,0.0,0.0,0.0
142,1,5,2,0.0,0.0,0.0
142,1,5,3,0.0,2.0,2.0
142,1,6,1,0.0,0.0,0.0
142,1,6,2,0.0,0.0,0.0
142,1,6,3,0.0,2.0,2.0
142,1,7,1,0.0,0.0,0.0
142,1,7,2,0.0,0.0,0.0
142,1,7,3,0.0,2.0,2.0
142,1,8,1,0.0,0.0,0.0
142,1,8,2,0.0,0.0,0.0
142,1,8,3,0.0,2.0,2.0
142,1,9,1,0.0,0.0,0.0
142,1,9,2,0.0,0.0,0.0
142,1,9,3,0.0,2.0,2.0
142,1,10,1,0.0,0.0,0.0
142,1,10,2,0.0,0.0,0.0
142,1,10,3,0.0,2.0,2.0
142,1,11,1,0.0,0.0,0.0
142,1,11,2,0.0,0.0,0.0
142,1,11,3,0.0,2.0,2.0
142,1,12,1,0.0,0.0,0.0
142,1,12,2,0.0,0.0,0.0
142,1,12,3,0.0,2.0,2.0
142,1,13,1,0.0,0.0,0.0
142,1,13,2,0.0,0.0,0.0
142,1,13,3,0.0,2.0,2.0
142,1,14,1,0.0,0.0,0.0
142,1,14,2,0.0,0.0,0.0
142,1,14,3,0.0,2.0,2.0
142,1,15,1,0.0,0.0,0.0
142,1,15,2,0.0,0.0,0.0
142,1,15,3,0.0,2.0,2.0
142,1,16,1,0.0,0.0,0.0
142,1,16,2,0.0,0.0,0.0
142,1,16,3,0.0,2.0,2.0
142,1,17,1,0.0,0.0,0.0
142,1,17,2,0.0,0.0,0.0
142,1,17,3,0.0,2.0,2.0
142,1,18,1,0.0,0.0,0.0
142,1,18,2,0.0,0.0,0.0
142,1,18,3,0.0,2.0,2.0
142,1,19,1,0.0,0.0,0.0
142,1,19,2,0.0,0.0,0.0
142,1,19,3,0.0,2.0,2.0
142,1,20,1,0.0,0.0,0.0
142,1,20,2,0.0,0.0,0.0
142,1,20,3,0.0,2.0,2.0
143,3,1,1,3.8761011266018324,3.8761011266018324,7.752202253203665
143,3,1,2,3.8761011266018324,3.8761011266018324,7.752202253203665
143,3,1,3,0.0,0.0,0.0
143,3,2,1,3.8761011266018324,3.8761011266018324,7.752202253203665
143,3,2,2,0.0,0.0,0.0
143,3,2,3,0.0,0.0,0.0
143,3,3,1,0.0,3.8761011266018324,3.8761011266018324
143,3,3,2,0.0,3.8761011266018324,3.8761011266018324
143,3,3,3,0.0,0.0,0.0
143,3,4,1,0.0,3.8761011266018324,3.8761011266018324
143,3,4,2,0.0,0.0,0.0
143,3,4,3,0.0,0.0,0.0
143,3,5,1,0.0,3.8761011266018324,3.8761011266018324
143,3,5,2,0.0,0.0,0.0
143,3,5,3,0.0,0.0,0.0
143,3,6,1,0.0,3.8761011266018324,3.8761011266018324
143,3,6,2,0.0,0.0,0.0
143,3,6,3,0.0,0.0,0.0
143,3,7,1,0.0,3.8761011266018324,3.8761011266018324
143,3,7,2,0.0,0.0,0.0
143,3,7,3,0.0,0.0,0.0
143,3,8,1,0.0,3.8761011266018324,3.8761011266018324
143,3,8,2,0.0,3.8761011266018324,3.8761011266018324
143,3,8,3,0.0,0.0,0.0
143,3,9,1,0.0,0.0,0.0
143,3,9,2,0.0,3.8761011266018324,3.8761011266018324
143,3,9,3,0.0,0.0,0.0
143,3,10,1,0.0,0.0,0.0
143,3,10,2,0.0,3.8761011266018324,3.8761011266018324
143,3,10,3,0.0,0.0,0.0
143,3,11,1,0.0,3.8761011266018324,3.8761011266018324
143,3,11,2,0.0,0.0,0.0
143,3,11,3,0.0,0.0,0.0
143,3,12,1,0.0,3.8761011266018324,3.8761011266018324
143,3,12,2,0.0,0.0,0.0
143,3,12,3,0.0,0.0,0.0
143,3,13,1,0.0,3.8761011266018324,3.8761011266018324
143,3,13,2,0.0,0.0,0.0
143,3,13,3,0.0,0.0,0.0
143,3,14,1,0.0,3.8761011266018324,3.8761011266018324
143,3,14,2,0.0,3.8761011266018324,3.8761011266018324
143,3,14,3,0.0,0.0,0.0
143,3,15,1,0.0,0.0,0.0
143,3,15,2,0.0,3.8761011266018324,3.8761011266018324
143,3,15,3,0.0,0.0,0.0
143,3,16,1,0.0,0.0,0.0
143,3,16,2,0.0,3.8761011266018324,3.8761011266018324
143,3,16,3,2.0,2.0,4.0
143,3,17,1,0.0,3.8761011266018324,3.8761011266018324
143,3,17,2,0.0,0.0,0.0
143,3,17,3,0.0,0.0,0.0
143,3,18,1,0.0,3.8761011266018324,3.8761011266018324
143,3,18,2,0.0,0.0,0.0
143,3,18,3,0.0,0.0,0.0
143,3,19,1,0.0,3.8761011266018324,3.8761011266018324
143,3,19,2,0.0,0.0,0.0
143,3,19,3,0.0,0.0,0.0
143,3,20,1,0.0,3.8761011266018324,3.8761011266018324
143,3,20,2,0.0,3.8761011266018324,3.8761011266018324
143,3,20,3,0.0,0.0,0.0
143,2,1,1,4.670201183380856,3.8761011266018324,8.54630230998269
143,2,1,2,0.0,0.0,0.0
143,2,1,3,0.0,0.0,0.0
143,2,2,1,0.7941000567790231,3.8761011266018324,4.670201183380856
143,2,2,2,3.8761011266018324,3.8761011266018324,7.752202253203665
143,2,2,3,0.0,0.0,0.0
143,2,3,1,0.0,0.0,0.0
143,2,3,2,0.0,3.8761011266018324,3.8761011266018324
143,2,3,3,0.0,0.0,0.0
143,2,4,1,0.0,0.0,0.0
143,2,4,2,0.0,3.8761011266018324,3.8761011266018324
143,2,4,3,0.0,0.0,0.0
143,2,5,1,0.0,0.0,0.0
143,2,5,2,0.0,3.8761011266018324,3.8761011266018324
143,2,5,3,0.0,0.0,0.0
143,2,6,1,0.0,0.0,0.0
143,2,6,2,0.0,3.8761011266018324,3.8761011266018324
143,2,6,3,0.0,0.0,0.0
143,2,7,1,0.0,0.0,0.0
143,2,7,2,0.0,3.8761011266018324,3.8761011266018324
143,2,7,3,0.0,0.0,0.0
143,2,8,1,0.0,0.0,0.0
143,2,8,2,0.0,3.8761011266018324,3.8761011266018324
143,2,8,3,2.0,2.0,4.0
143,2,9,1,0.7941000567790231,3.8761011266018324,4.670201183380856
143,2,9,2,0.0,3.8761011266018324,3.8761011266018324
143,2,9,3,0.0,0.0,0.0
143,2,10,1,0.0,0.0,0.0
143,2,10,2,0.0,3.8761011266018324,3.8761011266018324
143,2,10,3,0.0,0.0,0.0
143,2,11,1,0.0,0.0,0.0
143,2,11,2,0.0,3.8761011266018324,3.8761011266018324
143,2,11,3,0.0,0.0,0.0
143,2,12,1,0.0,0.0,0.0
143,2,12,2,0.0,3.8761011266018324,3.8761011266018324
143,2,12,3,0.0,0.0,0.0
143,2,13,1,0.0,0.0,0.0
143,2,13,2,0.0,3.8761011266018324,3.8761011266018324
143,2,13,3,0.0,0.0,0.0
143,2,14,1,0.0,0.0,0.0
143,2,14,2,0.0,3.8761011266018324,3.8761011266018324
143,2,14,3,0.0,0.0,0.0
143,2,15,1,0.0,0.0,0.0
143,2,15,2,0.0,3.8761011266018324,3.8761011266018324
143,2,15,3,0.0,0.0,0.0
143,2,16,1,0.0,0.0,0.0
143,2,16,2,0.0,3.8761011266018324,3.8761011266018324
143,2,16,3,0.0,2.0,2.0
143,2,17,1,0.0,0.0,0.0
143,2,17,2,0.0,0.0,0.0
143,2,17,3,0.0,2.0,2.0
143,2,18,1,0.7941000567790231,3.8761011266018324,4.670201183380856
143,2,18,2,0.0,3.8761011266018324,3.8761011266018324
143,2,18,3,0.0,0.0,0.0
143,2,19,1,0.0,0.0,0.0
143,2,19,2,0.0,3.8761011266018324,3.8761011266018324
143,2,19,3,0.0,0.0,0.0
143,2,20,1,0.0,0.0,0.0
143,2,20,2,0.0,3.8761011266018324,3.8761011266018324
143,2,20,3,0.0,0.0,0.0
143,1,1,1,4.670201183380856,3.8761011266018324,8.54630230998269
143,1,1,2,0.0,0.0,0.0
143,1,1,3,0.0,0.0,0.0
143,1,2,1,0.7941000567790231,3.8761011266018324,4.670201183380856
143,1,2,2,0.0,0.0,0.0
143,1,2,3,0.0,0.0,0.0
143,1,3,1,0.7941000567790231,3.8761011266018324,4.670201183380856
143,1,3,2,2.794100056779023,2.0,4.794100056779023
143,1,3,3,0.0,0.0,0.0
143,1,4,1,0.0,0.0,0.0
143,1,4,2,0.7941000567790231,2.0,2.794100056779023
143,1,4,3,2.0,2.0,4.0
143,1,5,1,0.0,0.0,0.0
143,1,5,2,0.0,0.0,0.0
143,1,5,3,0.0,2.0,2.0
143,1,6,1,0.0,0.0,0.0
143,1,6,2,0.0,0.0,0.0
143,1,6,3,0.0,2.0,2.0
143,1,7,1,0.0,0.0,0.0
143,1,7,2,0.0,0.0,0.0
143,1,7,3,0.0,2.0,2.0
143,1,8,1,0.0,0.0,0.0
143,1,8,2,0.0,0.0,0.0
143,1,8,3,0.0,2.0,2.0
143,1,9,1,0.0,0.0,0.0
143,1,9,2,0.0,0.0,0.0
143,1,9,3,0.0,2.0,2.0
143,1,10,1,0.0,0.0,0.0
143,1,10,2,0.0,0.0,0.0
143,1,10,3,0.0,2.0,2.0
143,1,11,1,0.0,0.0,0.0
143,1,11,2,0.0,0.0,0.0
143,1,11,3,0.0,2.0,2.0
143,1,12,1,0.0,0.0,0.0
143,1,12,2,0.0,0.0,0.0
143,1,12,3,0.0,2.0,2.0
143,1,13,1,0.0,0.0,0.0
143,1,13,2,0.0,0.0,0.0
143,1,13,3,0.0,2.0,2.0
143,1,14,1,0.0,0.0,0.0
143,1,14,2,0.0,0.0,0.0
143,1,14,3,0.0,2.0,2.0
143,1,15,1,0.0,0.0,0.0
143,1,15,2,0.0,0.0,0.0
143,1,15,3,0.0,2.0,2.0
143,1,16,1,0.0,0.0,0.0
143,1,16,2,0.0,0.0,0.0
143,1,16,3,0.0,2.0,2.0
143,1,17,1,0.0,0.0,0.0
143,1,17,2,0.0,0.0,0.0
143,1,17,3,0.0,2.0,2.0
143,1,18,1,0.0,0.0,0.0
143,1,18,2,0.0,0.0,0.0
143,1,18,3,0.0,2.0,2.0
143,1,19,1,0.0,0.0,0.0
143,1,19,2,0.0,0.0,0.0
143,1,19,3,0.0,2.0,2.0
143,1,20,1,0.0,0.0,0.0
143,1,20,2,0.0,0.0,0.0
143,1,20,3,0.0,2.0,2.0
144,3,1,1,3.8761011266018324,3.8761011266018324,7.752202253203665
144,3,1,2,0.0,0.0,0.0
144,3,1,3,0.0,0.0,0.0
144,3,2,1,3.8761011266018324,3.8761011266018324,7.752202253203665
144,3,2,2,0.0,0.0,0.0
144,3,2,3,0.0,0.0,0.0
144,3,3,1,0.0,3.8761011266018324,3.8761011266018324
144,3,3,2,0.0,0.0,0.0
144,3,3,3,0.0,0.0,0.0
144,3,4,1,0.0,3.8761011266018324,3.8761011266018324
144,3,4,2,0.0,0.0,0.0
144,3,4,3,0.0,0.0,0.0
144,3,5,1,0.0,3.8761011266018324,3.8761011266018324
144,3,5,2,0.0,0.0,0.0
144,3,5,3,0.0,0.0,0.0
144,3,6,1,0.0,3.8761011266018324,3.8761011266018324
144,3,6,2,0.0,0.0,0.0
144,3,6,3,0.0,0.0,0.0
144,3,7,1,0.0,3.8761011266018324,3.8761011266018324
144,3,7,2,0.0,0.0,0.0
144,3,7,3,0.0,0.0,0.0
144,3,8,1,0.0,3.8761011266018324,3.8761011266018324
144,3,8,2,0.0,0.0,0.0
144,3,8,3,0.0,0.0,0.0
144,3,9,1,0.0,3.8761011266018324,3.8761011266018324
144,3,9,2,0.0,0.0,0.0
144,3,9,3,0.0,0.0,0.0
144,3,10,1,0.0,3.8761011266018324,3.8761011266018324
144,3,10,2,3.8761011266018324,3.8761011266018324,7.752202253203665
144,3,10,3,0.0,0.0,0.0
144,3,11,1,0.0,3.8761011266018324,3.8761011266018324
144,3,11,2,0.0,0.0,0.0
144,3,11,3,0.0,0.0,0.0
144,3,12,1,0.0,3.8761011266018324,3.8761011266018324
144,3,12,2,0.0,3.8761011266018324,3.8761011266018324
144,3,12,3,0.0,0.0,0.0
144,3,13,1,0.0,0.0,0.0
144,3,13,2,0.0,3.8761011266018324,3.8761011266018324
144,3,13,3,0.0,0.0,0.0
144,3,14,1,0.0,3.8761011266018324,3.8761011266018324
144,3,14,2,0.0,0.0,0.0
144,3,14,3,0.0,0.0,0.0
144,3,15,1,0.0,3.8761011266018324,3.8761011266018324
144,3,15,2,0.0,0.0,0.0
144,3,15,3,0.0,0.0,0.0
144,3,16,1,0.0,3.8761011266018324,3.8761011266018324
144,3,16,2,0.0,0.0,0.0
144,3,16,3,0.0,0.0,0.0
144,3,17,1,0.0,3.8761011266018324,3.8761011266018324
144,3,17,2,0.0,0.0,0.0
144,3,17,3,0.0,0.0,0.0
144,3,18,1,0.0,3.8761011266018324,3.8761011266018324
144,3,18,2,0.0,0.0,0.0
144,3,18,3,0.0,0.0,0.0
144,3,19,1,0.0,3.8761011266018324,3.8761011266018324
144,3,19,2,0.0,0.0,0.0
144,3,19,3,0.0,0.0,0.0
144,3,20,1,0.0,3.8761011266018324,3.8761011266018324
144,3,20,2,0.0,0.0,0.0
144,3,20,3,0.0,0.0,0.0
144,2,1,1,4.670201183380856,3.8761011266018324,8.54630230998269
144,2,1,2,0.0,0.0,0.0
144,2,1,3,0.0,0.0,0.0
144,2,2,1,0.7941000567790231,3.8761011266018324,4.670201183380856
144,2,2,2,3.8761011266018324,3.8761011266018324,7.752202253203665
144,2,2,3,0.0,0.0,0.0
144,2,3,1,0.0,0.0,0.0
144,2,3,2,0.0,3.8761011266018324,3.8761011266018324
144,2,3,3,0.0,0.0,0.0
144,2,4,1,0.0,0.0,0.0
144,2,4,2,0.0,3.8761011266018324,3.8761011266018324
144,2,4,3,0.0,0.0,0.0
144,2,5,1,0.0,0.0,0.0
144,2,5,2,0.0,3.8761011266018324,3.8761011266018324
144,2,5,3,0.0,0.0,0.0
144,2,6,1,0.0,0.0,0.0
144,2,6,2,0.0,3.8761011266018324,3.8761011266018324
144,2,6,3,0.0,0.0,0.0
144,2,7,1,0.0,0.0,0.0
144,2,7,2,0.0,3.8761011266018324,3.8761011266018324
144,2,7,3,0.0,0.0,0.0
144,2,8,1,0.0,0.0,0.0
144,2,8,2,0.0,3.8761011266018324,3.8761011266018324
144,2,8,3,0.0,0.0,0.0
144,2,9,1,0.0,0.0,0.0
144,2,9,2,0.0,3.8761011266018324,3.8761011266018324
144,2,9,3,0.0,0.0,0.0
144,2,10,1,0.0,0.0,0.0
144,2,10,2,0.0,3.8761011266018324,3.8761011266018324
144,2,10,3,0.0,0.0,0.0
144,2,11,1,0.0,0.0,0.0
144,2,11,2,0.0,3.8761011266018324,3.8761011266018324
144,2,11,3,0.0,0.0,0.0
144,2,12,1,0.0,0.0,0.0
144,2,12,2,0.0,3.8761011266018324,3.8761011266018324
144,2,12,3,0.0,0.0,0.0
144,2,13,1,0.0,0.0,0.0
144,2,13,2,0.0,3.8761011266018324,3.8761011266018324
144,2,13,3,0.0,0.0,0.0
144,2,14,1,0.0,0.0,0.0
144,2,14,2,0.0,3.8761011266018324,3.8761011266018324
144,2,14,3,0.0,0.0,0.0
144,2,15,1,0.0,0.0,0.0
144,2,15,2,0.0,3.8761011266018324,3.8761011266018324
144,2,15,3,0.0,0.0,0.0
144,2,16,1,0.0,0.0,0.0
144,2,16,2,0.0,3.8761011266018324,3.8761011266018324
144,2,16,3,2.0,2.0,4.0
144,2,17,1,0.0,0.0,0.0
144,2,17,2,0.0,0.0,0.0
144,2,17,3,0.0,2.0,2.0
144,2,18,1,0.7941000567790231,3.8761011266018324,4.670201183380856
144,2,18,2,0.0,3.8761011266018324,3.8761011266018324
144,2,18,3,0.0,0.0,0.0
144,2,19,1,0.0,0.0,0.0
144,2,19,2,0.0,3.8761011266018324,3.8761011266018324
144,2,19,3,0.0,0.0,0.0
144,2,20,1,0.0,0.0,0.0
144,2,20,2,0.0,3.8761011266018324,3.8761011266018324
144,2,20,3,0.0,0.0,0.0
144,1,1,1,4.670201183380856,3.8761011266018324,8.54630230998269
144,1,1,2,0.0,0.0,0.0
144,1,1,3,0.0,0.0,0.0
144,1,2,1,0.7941000567790231,3.8761011266018324,4.670201183380856
144,1,2,2,2.794100056779023,2.0,4.794100056779023
144,1,2,3,2.0,2.0,4.0
144,1,3,1,0.0,0.0,0.0
144,1,3,2,0.0,0.0,0.0
144,1,3,3,0.0,2.0,2.0
144,1,4,1,0.0,0.0,0.0
144,1,4,2,0.0,0.0,0.0
144,1,4,3,0.0,2.0,2.0
144,1,5,1,0.0,0.0,0.0
144,1,5,2,0.0,0.0,0.0
144,1,5,3,0.0,2.0,2.0
144,1,6,1,0.0,0.0,0.0
144,1,6,2,0.0,0.0,0.0
144,1,6,3,0.0,2.0,2.0
144,1,7,1,0.0,0.0,0.0
144,1,7,2,0.0,0.0,0.0
144,1,7,3,0.0,2.0,2.0
144,1,8,1,0.0,0.0,0.0
144,1,8,2,0.0,0.0,0.0
144,1,8,3,0.0,2.0,2.0
144,1,9,1,0.0,0.0,0.0
144,1,9,2,0.0,0.0,0.0
144,1,9,3,0.0,2.0,2.0
144,1,10,1,0.0,0.0,0.0
144,1,10,2,0.0,0.0,0.0
144,1,10,3,0.0,2.0,2.0
144,1,11,1,0.0,0.0,0.0
144,1,11,2,0.0,0.0,0.0
144,1,11,3,0.0,2.0,2.0
144,1,12,1,0.0,0.0,0.0
144,1,12,2,0.0,0.0,0.0
144,1,12,3,0.0,2.0,2.0
144,1,13,1,0.0,0.0,0.0
144,1,13,2,0.0,0.0,0.0
144,1,13,3,0.0,2.0,2.0
144,1,14,1,0.0,0.0,0.0
144,1,14,2,0.0,0.0,0.0
144,1,14,3,0.0,2.0,2.0
144,1,15,1,0.0,0.0,0.0
144,1,15,2,0.0,0.0,0.0
144,1,15,3,0.0,2.0,2.0
144,1,16,1,0.0,0.0,0.0
144,1,16,2,0.0,0.0,0.0
144,1,16,3,0.0,2.0,2.0
144,1,17,1,0.0,0.0,0.0
144,1,17,2,0.0,0.0,0.0
144,1,17,3,0.0,2.0,2.0
144,1,18,1,0.0,0.0,0.0
144,1,18,2,0.0,0.0,0.0
144,1,18,3,0.0,2.0,2.0
144,1,19,1,0.0,0.0,0.0
144,1,19,2,0.0,0.0,0.0
144,1,19,3,0.0,2.0,2.0
144,1,20,1,0.0,0.0,0.0
144,1,20,2,0.0,0.0,0.0
144,1,20,3,0.0,2.0,2.0
145,3,1,1,3.8761011266018324,3.8761011266018324,7.752202253203665
145,3,1,2,0.0,0.0,0.0
145,3,1,3,0.0,0.0,0.0
145,3,2,1,3.8761011266018324,3.8761011266018324,7.752202253203665
145,3,2,2,3.8761011266018324,3.8761011266018324,7.752202253203665
145,3,2,3,0.0,0.0,0.0
145,3,3,1,0.0,0.0,0.0
145,3,3,2,0.0,3.8761011266018324,3.8761011266018324
145,3,3,3,2.0,2.0,4.0
145,3,4,1,0.0,3.8761011266018324,3.8761011266018324
145,3,4,2,0.0,0.0,0.0
145,3,4,3,0.0,0.0,0.0
145,3,5,1,0.0,3.8761011266018324,3.8761011266018324
145,3,5,2,0.0,0.0,0.0
145,3,5,3,0.0,0.0,0.0
145,3,6,1,0.0,3.8761011266018324,3.8761011266018324
145,3,6,2,0.0,0.0,0.0
145,3,6,3,0.0,0.0,0.0
145,3,7,1,0.0,3.8761011266018324,3.8761011266018324
145,3,7,2,0.0,0.0,0.0
145,3,7,3,0.0,0.0,0.0
145,3,8,1,0.0,3.8761011266018324,3.8761011266018324
145,3,8,2,0.0,0.0,0.0
145,3,8,3,0.0,0.0,0.0
145,3,9,1,0.0,3.8761011266018324,3.8761011266018324
145,3,9,2,0.0,0.0,0.0
145,3,9,3,0.0,0.0,0.0
145,3,10,1,0.0,3.8761011266018324,3.8761011266018324
145,3,10,2,0.0,0.0,0.0
145,3,10,3,0.0,0.0,0.0
145,3,11,1,0.0,3.8761011266018324,3.8761011266018324
145,3,11,2,0.0,0.0,0.0
145,3,11,3,0.0,0.0,0.0
145,3,12,1,0.0,3.8761011266018324,3.8761011266018324
145,3,12,2,0.0,0.0,0.0
145,3,12,3,0.0,0.0,0.0
145,3,13,1,0.0,3.8761011266018324,3.8761011266018324
145,3,13,2,0.0,0.0,0.0
145,3,13,3,0.0,0.0,0.0
145,3,14,1,0.0,3.8761011266018324,3.8761011266018324
145,3,14,2,0.0,0.0,0.0
145,3,14,3,0.0,0.0,0.0
145,3,15,1,0.0,3.8761011266018324,3.8761011266018324
145,3,15,2,0.0,0.0,0.0
145,3,15,3,0.0,0.0,0.0
145,3,16,1,0.0,3.8761011266018324,3.8761011266018324
145,3,16,2,0.0,3.8761011266018324,3.8761011266018324
145,3,16,3,0.0,0.0,0.0
145,3,17,1,0.0,3.8761011266018324,3.8761011266018324
145,3,17,2,0.0,0.0,0.0
145,3,17,3,0.0,0.0,0.0
145,3,18,1,0.0,3.8761011266018324,3.8761011266018324
145,3,18,2,0.0,0.0,0.0
145,3,18,3,0.0,0.0,0.0
145,3,19,1,0.0,3.8761011266018324,3.8761011266018324
145,3,19,2,0.0,3.8761011266018324,3.8761011266018324
145,3,19,3,0.0,0.0,0.0
145,3,20,1,0.0,0.0,0.0
145,3,20,2,0.0,3.8761011266018324,3.8761011266018324
145,3,20,3,0.0,0.0,0.0
145,2,1,1,4.670201183380856,3.8761011266018324,8.54630230998269
145,2,1,2,0.0,0.0,0.0
145,2,1,3,0.0,0.0,0.0
145,2,2,1,0.7941000567790231,3.8761011266018324,4.670201183380856
145,2,2,2,0.0,0.0,0.0
145,2,2,3,0.0,0.0,0.0
145,2,3,1,0.7941000567790231,3.8761011266018324,4.670201183380856
145,2,3,2,3.8761011266018324,3.8761011266018324,7.752202253203665
145,2,3,3,0.0,0.0,0.0
145,2,4,1,0.0,0.0,0.0
145,2,4,2,0.0,3.8761011266018324,3.8761011266018324
145,2,4,3,0.0,0.0,0.0
145,2,5,1,0.0,0.0,0.0
145,2,5,2,0.0,3.8761011266018324,3.8761011266018324
145,2,5,3,0.0,0.0,0.0
145,2,6,1,0.0,0.0,0.0
145,2,6,2,0.0,3.8761011266018324,3.8761011266018324
145,2,6,3,2.0,2.0,4.0
145,2,7,1,0.0,0.0,0.0
145,2,7,2,0.0,0.0,0.0
145,2,7,3,0.0,2.0,2.0
145,2,8,1,0.7941000567790231,3.8761011266018324,4.670201183380856
145,2,8,2,0.0,3.8761011266018324,3.8761011266018324
145,2,8,3,0.0,0.0,0.0
145,2,9,1,0.0,0.0,0.0
145,2,9,2,0.0,3.8761011266018324,3.8761011266018324
145,2,9,3,0.0,0.0,0.0
145,2,10,1,0.0,0.0,0.0
145,2,10,2,0.0,3.8761011266018324,3.8761011266018324
145,2,10,3,0.0,2.0,2.0
145,2,11,1,0.0,0.0,0.0
145,2,11,2,0.0,0.0,0.0
145,2,11,3,0.0,2.0,2.0
145,2,12,1,0.0,0.0,0.0
145,2,12,2,0.0,0.0,0.0
145,2,12,3,0.0,2.0,2.0
145,2,13,1,0.0,3.8761011266018324,3.8761011266018324
145,2,13,2,0.0,3.8761011266018324,3.8761011266018324
145,2,13,3,0.0,0.0,0.0
145,2,14,1,0.0,0.0,0.0
145,2,14,2,0.0,3.8761011266018324,3.8761011266018324
145,2,14,3,0.0,0.0,0.0
145,2,15,1,0.0,0.0,0.0
145,2,15,2,0.0,3.8761011266018324,3.8761011266018324
145,2,15,3,0.0,0.0,0.0
145,2,16,1,0.0,0.0,0.0
145,2,16,2,0.0,3.8761011266018324,3.8761011266018324
145,2,16,3,0.0,0.0,0.0
145,2,17,1,0.0,0.0,0.0
145,2,17,2,0.0,3.8761011266018324,3.8761011266018324
145,2,17,3,0.0,0.0,0.0
145,2,18,1,0.0,0.0,0.0
145,2,18,2,0.0,3.8761011266018324,3.8761011266018324
145,2,18,3,0.0,0.0,0.0
145,2,19,1,0.0,0.0,0.0
145,2,19,2,0.0,3.8761011266018324,3.8761011266018324
145,2,19,3,0.0,0.0,0.0
145,2,20,1,0.0,0.0,0.0
145,2,20,2,0.0,3.8761011266018324,3.8761011266018324
145,2,20,3,0.0,0.0,0.0
145,1,1,1,4.670201183380856,3.8761011266018324,8.54630230998269
145,1,1,2,2.794100056779023,2.0,4.794100056779023
145,1,1,3,2.0,2.0,4.0
145,1,2,1,0.0,0.0,0.0
145,1,2,2,0.0,0.0,0.0
145,1,2,3,0.0,2.0,2.0
145,1,3,1,0.0,0.0,0.0
145,1,3,2,0.0,0.0,0.0
145,1,3,3,0.0,2.0,2.0
145,1,4,1,0.0,0.0,0.0
145,1,4,2,0.0,0.0,0.0
145,1,4,3,0.0,2.0,2.0
145,1,5,1,0.0,0.0,0.0
145,1,5,2,0.0,0.0,0.0
145,1,5,3,0.0,2.0,2.0
145,1,6,1,0.0,0.0,0.0
145,1,6,2,0.0,0.0,0.0
145,1,6,3,0.0,2.0,2.0
145,1,7,1,0.0,0.0,0.0
145,1,7,2,0.0,0.0,0.0
145,1,7,3,0.0,2.0,2.0
145,1,8,1,0.0,0.0,0.0
145,1,8,2,0.0,0.0,0.0
145,1,8,3,0.0,2.0,2.0
145,1,9,1,0.0,0.0,0.0
145,1,9,2,0.0,0.0,0.0
145,1,9,3,0.0,2.0,2.0
145,1,10,1,0.0,0.0,0.0
145,1,10,2,0.0,0.0,0.0
145,1,10,3,0.0,2.0,2.0
145,1,11,1,0.0,0.0,0.0
145,1,11,2,0.0,0.0,0.0
145,1,11,3,0.0,2.0,2.0
145,1,12,1,0.0,0.0,0.0
145,1,12,2,0.0,0.0,0.0
145,1,12,3,0.0,2.0,2.0
145,1,13,1,0.0,0.0,0.0
145,1,13,2,0.0,0.0,0.0
145,1,13,3,0.0,2.0,2.0
145,1,14,1,0.0,0.0,0.0
145,1,14,2,0.0,0.0,0.0
145,1,14,3,0.0,2.0,2.0
145,1,15,1,0.0,0.0,0.0
145,1,15,2,0.0,0.0,0.0
145,1,15,3,0.0,2.0,2.0
145,1,16,1,0.0,0.0,0.0
145,1,16,2,0.0,0.0,0.0
145,1,16,3,0.0,2.0,2.0
145,1,17,1,0.0,0.0,0.0
145,1,17,2,0.0,0.0,0.0
145,1,17,3,0.0,2.0,2.0
145,1,18,1,0.0,0.0,0.0
145,1,18,2,0.0,0.0,0.0
145,1,18,3,0.0,2.0,2.0
145,1,19,1,0.0,0.0,0.0
145,1,19,2,0.0,0.0,0.0
145,1,19,3,0.0,2.0,2.0
145,1,20,1,0.0,0.0,0.0
145,1,20,2,0.0,0.0,0.0
145,1,20,3,0.0,2.0,2.0
146,3,1,1,3.8761011266018324,3.8761011266018324,7.752202253203665
146,3,1,2,3.8761011266018324,3.8761011266018324,7.752202253203665
146,3,1,3,0.0,0.0,0.0
146,3,2,1,0.0,0.0,0.0
146,3,2,2,0.0,3.8761011266018324,3.8761011266018324
146,3,2,3,0.0,0.0,0.0
146,3,3,1,3.8761011266018324,3.8761011266018324,7.752202253203665
146,3,3,2,0.0,3.8761011266018324,3.8761011266018324
146,3,3,3,0.0,0.0,0.0
146,3,4,1,0.0,0.0,0.0
146,3,4,2,0.0,3.8761011266018324,3.8761011266018324
146,3,4,3,0.0,0.0,0.0
146,3,5,1,0.0,0.0,0.0
146,3,5,2,0.0,3.8761011266018324,3.8761011266018324
146,3,5,3,0.0,0.0,0.0
146,3,6,1,0.0,3.8761011266018324,3.8761011266018324
146,3,6,2,0.0,3.8761011266018324,3.8761011266018324
146,3,6,3,0.0,0.0,0.0
146,3,7,1,0.0,0.0,0.0
146,3,7,2,0.0,3.8761011266018324,3.8761011266018324
146,3,7,3,0.0,0.0,0.0
146,3,8,1,0.0,3.8761011266018324,3.8761011266018324
146,3,8,2,0.0,0.0,0.0
146,3,8,3,0.0,0.0,0.0
146,3,9,1,0.0,3.8761011266018324,3.8761011266018324
146,3,9,2,0.0,0.0,0.0
146,3,9,3,0.0,0.0,0.0
146,3,10,1,0.0,3.8761011266018324,3.8761011266018324
146,3,10,2,0.0,3.8761011266018324,3.8761011266018324
146,3,10,3,0.0,0.0,0.0
146,3,11,1,0.0,0.0,0.0
146,3,11,2,0.0,3.8761011266018324,3.8761011266018324
146,3,11,3,0.0,0.0,0.0
146,3,12,1,0.0,3.8761011266018324,3.8761011266018324
146,3,12,2,0.0,0.0,0.0
146,3,12,3,0.0,0.0,0.0
146,3,13,1,0.0,3.8761011266018324,3.8761011266018324
146,3,13,2,0.0,0.0,0.0
146,3,13,3,0.0,0.0,0.0
146,3,14,1,0.0,3.8761011266018324,3.8761011266018324
146,3,14,2,0.0,0.0,0.0
146,3,14,3,0.0,0.0,0.0
146,3,15,1,0.0,3.8761011266018324,3.8761011266018324
146,3,15,2,0.0,3.8761011266018324,3.8761011266018324
146,3,15,3,0.0,0.0,0.0
146,3,16,1,0.0,0.0,0.0
146,3,16,2,0.0,3.8761011266018324,3.8761011266018324
146,3,16,3,0.0,0.0,0.0
146,3,17,1,0.0,3.8761011266018324,3.8761011266018324
146,3,17,2,0.0,0.0,0.0
146,3,17,3,0.0,0.0,0.0
146,3,18,1,0.0,3.8761011266018324,3.8761011266018324
146,3,18,2,0.0,0.0,0.0
146,3,18,3,0.0,0.0,0.0
146,3,19,1,0.0,3.8761011266018324,3.8761011266018324
146,3,19,2,0.0,0.0,0.0
146,3,19,3,0.0,0.0,0.0
146,3,20,1,0.0,3.8761011266018324,3.8761011266018324
146,3,20,2,0.0,0.0,0.0
146,3,20,3,0.0,0.0,0.0
146,2,1,1,4.670201183380856,3.8761011266018324,8.54630230998269
146,2,1,2,3.8761011266018324,3.8761011266018324,7.752202253203665
146,2,1,3,0.0,0.0,0.0
146,2,2,1,0.0,0.0,0.0
146,2,2,2,0.0,3.8761011266018324,3.8761011266018324
146,2,2,3,0.0,0.0,0.0
146,2,3,1,0.0,0.0,0.0
146,2,3,2,0.0,3.8761011266018324,3.8761011266018324
146,2,3,3,0.0,0.0,0.0
146,2,4,1,0.0,0.0,0.0
146,2,4,2,0.0,3.8761011266018324,3.8761011266018324
146,2,4,3,2.0,2.0,4.0
146,2,5,1,0.0,0.0,0.0
146,2,5,2,0.0,0.0,0.0
146,2,5,3,0.0,2.0,2.0
146,2,6,1,0.7941000567790231,3.8761011266018324,4.670201183380856
146,2,6,2,0.0,0.0,0.0
146,2,6,3,0.0,0.0,0.0
146,2,7,1,0.7941000567790231,3.8761011266018324,4.670201183380856
146,2,7,2,0.0,3.8761011266018324,3.8761011266018324
146,2,7,3,0.0,0.0,0.0
146,2,8,1,0.0,0.0,0.0
146,2,8,2,0.0,3.8761011266018324,3.8761011266018324
146,2,8,3,0.0,0.0,0.0
146,2,9,1,0.0,0.0,0.0
146,2,9,2,0.0,3.8761011266018324,3.8761011266018324
146,2,9,3,0.0,0.0,0.0
146,2,10,1,0.0,0.0,0.0
146,2,10,2,0.0,3.8761011266018324,3.8761011266018324
146,2,10,3,0.0,0.0,0.0
146,2,11,1,0.0,0.0,0.0
146,2,11,2,0.0,3.8761011266018324,3.8761011266018324
146,2,11,3,0.0,0.0,0.0
146,2,12,1,0.0,0.0,0.0
146,2,12,2,0.0,3.8761011266018324,3.8761011266018324
146,2,12,3,0.0,0.0,0.0
146,2,13,1,0.0,0.0,0.0
146,2,13,2,0.0,3.8761011266018324,3.8761011266018324
146,2,13,3,0.0,0.0,0.0
146,2,14,1,0.0,0.0,0.0
146,2,14,2,0.0,3.8761011266018324,3.8761011266018324
146,2,14,3,0.0,0.0,0.0
146,2,15,1,0.0,0.0,0.0
146,2,15,2,0.0,3.8761011266018324,3.8761011266018324
146,2,15,3,0.0,0.0,0.0
146,2,16,1,0.0,0.0,0.0
146,2,16,2,0.0,3.8761011266018324,3.8761011266018324
146,2,16,3,0.0,0.0,0.0
146,2,17,1,0.0,0.0,0.0
146,2,17,2,0.0,3.8761011266018324,3.8761011266018324
146,2,17,3,0.0,2.0,2.0
146,2,18,1,0.0,0.0,0.0
146,2,18,2,0.0,0.0,0.0
146,2,18,3,0.0,2.0,2.0
146,2,19,1,0.0,0.0,0.0
146,2,19,2,0.0,0.0,0.0
146,2,19,3,0.0,2.0,2.0
146,2,20,1,0.7941000567790231,3.8761011266018324,4.670201183380856
146,2,20,2,0.0,0.0,0.0
146,2,20,3,0.0,0.0,0.0
146,1,1,1,4.670201183380856,3.8761011266018324,8.54630230998269
146,1,1,2,0.0,0.0,0.0
146,1,1,3,0.0,0.0,0.0
146,1,2,1,0.7941000567790231,3.8761011266018324,4.670201183380856
146,1,2,2,2.794100056779023,2.0,4.794100056779023
146,1,2,3,0.0,0.0,0.0
146,1,3,1,0.0,0.0,0.0
146,1,3,2,0.7941000567790231,2.0,2.794100056779023
146,1,3,3,2.0,2.0,4.0
146,1,4,1,0.0,0.0,0.0
146,1,4,2,0.0,0.0,0.0
146,1,4,3,0.0,2.0,2.0
146,1,5,1,0.0,0.0,0.0
146,1,5,2,0.0,0.0,0.0
146,1,5,3,0.0,2.0,2.0
146,1,6,1,0.0,0.0,0.0
146,1,6,2,0.0,0.0,0.0
146,1,6,3,0.0,2.0,2.0
146,1,7,1,0.0,0.0,0.0
146,1,7,2,0.0,0.0,0.0
146,1,7,3,0.0,2.0,2.0
146,1,8,1,0.0,0.0,0.0
146,1,8,2,0.0,0.0,0.0
146,1,8,3,0.0,2.0,2.0
146,1,9,1,0.0,0.0,0.0
146,1,9,2,0.0,0.0,0.0
146,1,9,3,0.0,2.0,2.0
146,1,10,1,0.0,0.0,0.0
146,1,10,2,0.0,0.0,0.0
146,1,10,3,0.0,2.0,2.0
146,1,11,1,0.0,0.0,0.0
146,1,11,2,0.0,0.0,0.0
146,1,11,3,0.0,2.0,2.0
146,1,12,1,0.0,0.0,0.0
146,1,12,2,0.0,0.0,0.0
146,1,12,3,0.0,2.0,2.0
146,1,13,1,0.0,0.0,0.0
146,1,13,2,0.0,0.0,0.0
146,1,13,3,0.0,2.0,2.0
146,1,14,1,0.0,0.0,0.0
146,1,14,2,0.0,0.0,0.0
146,1,14,3,0.0,2.0,2.0
146,1,15,1,0.0,0.0,0.0
146,1,15,2,0.0,0.0,0.0
146,1,15,3,0.0,2.0,2.0
146,1,16,1,0.0,0.0,0.0
146,1,16,2,0.0,0.0,0.0
146,1,16,3,0.0,2.0,2.0
146,1,17,1,0.0,0.0,0.0
146,1,17,2,0.0,0.0,0.0
146,1,17,3,0.0,2.0,2.0
146,1,18,1,0.0,0.0,0.0
146,1,18,2,0.0,0.0,0.0
146,1,18,3,0.0,2.0,2.0
146,1,19,1,0.0,0.0,0.0
146,1,19,2,0.0,0.0,0.0
146,1,19,3,0.0,2.0,2.0
146,1,20,1,0.0,0.0,0.0
146,1,20,2,0.0,0.0,0.0
146,1,20,3,0.0,2.0,2.0
147,3,1,1,3.8761011266018324,3.8761011266018324,7.752202253203665
147,3,1,2,0.0,0.0,0.0
147,3,1,3,0.0,0.0,0.0
147,3,2,1,3.8761011266018324,3.8761011266018324,7.752202253203665
147,3,2,2,0.0,0.0,0.0
147,3,2,3,0.0,0.0,0.0
147,3,3,1,0.0,3.8761011266018324,3.8761011266018324
147,3,3,2,0.0,0.0,0.0
147,3,3,3,0.0,0.0,0.0
147,3,4,1,0.0,3.8761011266018324,3.8761011266018324
147,3,4,2,0.0,0.0,0.0
147,3,4,3,0.0,0.0,0.0
147,3,5,1,0.0,3.8761011266018324,3.8761011266018324
147,3,5,2,3.8761011266018324,3.8761011266018324,7.752202253203665
147,3,5,3,0.0,0.0,0.0
147,3,6,1,0.0,3.8761011266018324,3.8761011266018324
147,3,6,2,0.0,0.0,0.0
147,3,6,3,0.0,0.0,0.0
147,3,7,1,0.0,3.8761011266018324,3.8761011266018324
147,3,7,2,0.0,0.0,0.0
147,3,7,3,0.0,0.0,0.0
147,3,8,1,0.0,3.8761011266018324,3.8761011266018324
147,3,8,2,0.0,0.0,0.0
147,3,8,3,0.0,0.0,0.0
147,3,9,1,0.0,3.8761011266018324,3.8761011266018324
147,3,9,2,0.0,0.0,0.0
147,3,9,3,0.0,0.0,0.0
147,3,10,1,0.0,3.8761011266018324,3.8761011266018324
147,3,10,2,0.0,0.0,0.0
147,3,10,3,0.0,0.0,0.0
147,3,11,1,0.0,3.8761011266018324,3.8761011266018324
147,3,11,2,0.0,0.0,0.0
147,3,11,3,0.0,0.0,0.0
147,3,12,1,0.0,3.8761011266018324,3.8761011266018324
147,3,12,2,0.0,0.0,0.0
147,3,12,3,0.0,0.0,0.0
147,3,13,1,0.0,3.8761011266018324,3.8761011266018324
147,3,13,2,0.0,0.0,0.0
147,3,13,3,0.0,0.0,0.0
147,3,14,1,0.0,3.8761011266018324,3.8761011266018324
147,3,14,2,0.0,0.0,0.0
147,3,14,3,0.0,0.0,0.0
147,3,15,1,0.0,3.8761011266018324,3.8761011266018324
147,3,15,2,0.0,0.0,0.0
147,3,15,3,0.0,0.0,0.0
147,3,16,1,0.0,3.8761011266018324,3.8761011266018324
147,3,16,2,0.0,0.0,0.0
147,3,16,3,0.0,0.0,0.0
147,3,17,1,0.0,3.8761011266018324,3.8761011266018324
147,3,17,2,0.0,0.0,0.0
147,3,17,3,0.0,0.0,0.0
147,3,18,1,0.0,3.8761011266018324,3.8761011266018324
147,3,18,2,0.0,3.8761011266018324,3.8761011266018324
147,3,18,3,0.0,0.0,0.0
147,3,19,1,0.0,3.8761011266018324,3.8761011266018324
147,3,19,2,0.0,0.0,0.0
147,3,19,3,0.0,0.0,0.0
147,3,20,1,0.0,3.8761011266018324,3.8761011266018324
147,3,20,2,0.0,3.8761011266018324,3.8761011266018324
147,3,20,3,0.0,0.0,0.0
147,2,1,1,4.670201183380856,3.8761011266018324,8.54630230998269
147,2,1,2,0.0,0.0,0.0
147,2,1,3,0.0,0.0,0.0
147,2,2,1,0.7941000567790231,3.8761011266018324,4.670201183380856
147,2,2,2,3.8761011266018324,3.8761011266018324,7.752202253203665
147,2,2,3,0.0,0.0,0.0
147,2,3,1,0.0,0.0,0.0
147,2,3,2,0.0,3.8761011266018324,3.8761011266018324
147,2,3,3,0.0,0.0,0.0
147,2,4,1,0.0,0.0,0.0
147,2,4,2,0.0,3.8761011266018324,3.8761011266018324
147,2,4,3,0.0,0.0,0.0
147,2,5,1,0.0,0.0,0.0
147,2,5,2,0.0,3.8761011266018324,3.8761011266018324
147,2,5,3,2.0,2.0,4.0
147,2,6,1,0.0,0.0,0.0
147,2,6,2,0.0,0.0,0.0
147,2,6,3,0.0,2.0,2.0
147,2,7,1,0.0,0.0,0.0
147,2,7,2,0.0,0.0,0.0
147,2,7,3,0.0,2.0,2.0
147,2,8,1,0.0,0.0,0.0
147,2,8,2,0.0,0.0,0.0
147,2,8,3,0.0,2.0,2.0
147,2,9,1,0.0,0.0,0.0
147,2,9,2,0.0,0.0,0.0
147,2,9,3,0.0,2.0,2.0
147,2,10,1,0.0,0.0,0.0
147,2,10,2,0.0,0.0,0.0
147,2,10,3,0.0,2.0,2.0
147,2,11,1,0.0,0.0,0.0
147,2,11,2,0.0,0.0,0.0
147,2,11,3,0.0,2.0,2.0
147,2,12,1,0.0,0.0,0.0
147,2,12,2,0.0,0.0,0.0
147,2,12,3,0.0,2.0,2.0
147,2,13,1,0.0,0.0,0.0
147,2,13,2,0.0,0.0,0.0
147,2,13,3,0.0,2.0,2.0
147,2,14,1,0.0,0.0,0.0
147,2,14,2,0.0,0.0,0.0
147,2,14,3,0.0,2.0,2.0
147,2,15,1,0.7941000567790231,3.8761011266018324,4.670201183380856
147,2,15,2,0.0,0.0,0.0
147,2,15,3,0.0,0.0,0.0
147,2,16,1,0.7941000567790231,3.8761011266018324,4.670201183380856
147,2,16,2,0.0,0.0,0.0
147,2,16,3,0.0,0.0,0.0
147,2,17,1,0.0,3.8761011266018324,3.8761011266018324
147,2,17,2,0.0,3.8761011266018324,3.8761011266018324
147,2,17,3,0.0,0.0,0.0
147,2,18,1,0.0,0.0,0.0
147,2,18,2,0.0,3.8761011266018324,3.8761011266018324
147,2,18,3,0.0,0.0,0.0
147,2,19,1,0.0,0.0,0.0
147,2,19,2,0.0,3.8761011266018324,3.8761011266018324
147,2,19,3,0.0,0.0,0.0
147,2,20,1,0.0,0.0,0.0
147,2,20,2,0.0,3.8761011266018324,3.8761011266018324
147,2,20,3,0.0,0.0,0.0
147,1,1,1,4.670201183380856,3.8761011266018324,8.54630230998269
147,1,1,2,2.794100056779023,2.0,4.794100056779023
147,1,1,3,0.0,0.0,0.0
147,1,2,1,0.0,0.0,0.0
147,1,2,2,0.7941000567790231,2.0,2.794100056779023
147,1,2,3,2.0,2.0,4.0
147,1,3,1,0.0,0.0,0.0
147,1,3,2,0.0,0.0,0.0
147,1,3,3,0.0,2.0,2.0
147,1,4,1,0.0,0.0,0.0
147,1,4,2,0.0,0.0,0.0
147,1,4,3,0.0,2.0,2.0
147,1,5,1,0.0,0.0,0.0
147,1,5,2,0.0,0.0,0.0
147,1,5,3,0.0,2.0,2.0
147,1,6,1,0.0,0.0,0.0
147,1,6,2,0.0,0.0,0.0
147,1,6,3,0.0,2.0,2.0
147,1,7,1,0.0,0.0,0.0
147,1,7,2,0.0,0.0,0.0
147,1,7,3,0.0,2.0,2.0
147,1,8,1,0.0,0.0,0.0
147,1,8,2,0.0,0.0,0.0
147,1,8,3,0.0,2.0,2.0
147,1,9,1,0.0,0.0,0.0
147,1,9,2,0.0,0.0,0.0
147,1,9,3,0.0,2.0,2.0
147,1,10,1,0.0,0.0,0.0
147,1,10,2,0.0,0.0,0.0
147,1,10,3,0.0,2.0,2.0
147,1,11,1,0.0,0.0,0.0
147,1,11,2,0.0,0.0,0.0
147,1,11,3,0.0,2.0,2.0
147,1,12,1,0.0,0.0,0.0
147,1,12,2,0.0,0.0,0.0
147,1,12,3,0.0,2.0,2.0
147,1,13,1,0.0,0.0,0.0
147,1,13,2,0.0,0.0,0.0
147,1,13,3,0.0,2.0,2.0
147,1,14,1,0.0,0.0,0.0
147,1,14,2,0.0,0.0,0.0
147,1,14,3,0.0,2.0,2.0
147,1,15,1,0.0,0.0,0.0
147,1,15,2,0.0,0.0,0.0
147,1,15,3,0.0,2.0,2.0
147,1,16,1,0.0,0.0,0.0
147,1,16,2,0.0,0.0,0.0
147,1,16,3,0.0,2.0,2.0
147,1,17,1,0.0,0.0,0.0
147,1,17,2,0.0,0.0,0.0
147,1,17,3,0.0,2.0,2.0
147,1,18,1,0.0,0.0,0.0
147,1,18,2,0.0,0.0,0.0
147,1,18,3,0.0,2.0,2.0
147,1,19,1,0.0,0.0,0.0
147,1,19,2,0.0,0.0,0.0
147,1,19,3,0.0,2.0,2.0
147,1,20,1,0.0,0.0,0.0
147,1,20,2,0.0,0.0,0.0
147,1,20,3,0.0,2.0,2.0
148,3,1,1,3.8761011266018324,3.8761011266018324,7.752202253203665
148,3,1,2,0.0,0.0,0.0
148,3,1,3,0.0,0.0,0.0
148,3,2,1,3.8761011266018324,3.8761011266018324,7.752202253203665
148,3,2,2,0.0,0.0,0.0
148,3,2,3,0.0,0.0,0.0
148,3,3,1,0.0,3.8761011266018324,3.8761011266018324
148,3,3,2,3.8761011266018324,3.8761011266018324,7.752202253203665
148,3,3,3,0.0,0.0,0.0
148,3,4,1,0.0,0.0,0.0
148,3,4,2,0.0,3.8761011266018324,3.8761011266018324
148,3,4,3,0.0,0.0,0.0
148,3,5,1,0.0,3.8761011266018324,3.8761011266018324
148,3,5,2,0.0,0.0,0.0
148,3,5,3,0.0,0.0,0.0
148,3,6,1,0.0,3.8761011266018324,3.8761011266018324
148,3,6,2,0.0,0.0,0.0
148,3,6,3,0.0,0.0,0.0
148,3,7,1,0.0,3.8761011266018324,3.8761011266018324
148,3,7,2,0.0,3.8761011266018324,3.8761011266018324
148,3,7,3,0.0,0.0,0.0
148,3,8,1,0.0,3.8761011266018324,3.8761011266018324
148,3,8,2,0.0,3.8761011266018324,3.8761011266018324
148,3,8,3,0.0,0.0,0.0
148,3,9,1,0.0,0.0,0.0
148,3,9,2,0.0,3.8761011266018324,3.8761011266018324
148,3,9,3,0.0,0.0,0.0
148,3,10,1,0.0,0.0,0.0
148,3,10,2,0.0,3.8761011266018324,3.8761011266018324
148,3,10,3,0.0,0.0,0.0
148,3,11,1,0.0,0.0,0.0
148,3,11,2,0.0,3.8761011266018324,3.8761011266018324
148,3,11,3,2.0,2.0,4.0
148,3,12,1,0.0,3.8761011266018324,3.8761011266018324
148,3,12,2,0.0,0.0,0.0
148,3,12,3,0.0,0.0,0.0
148,3,13,1,0.0,3.8761011266018324,3.8761011266018324
148,3,13,2,0.0,0.0,0.0
148,3,13,3,0.0,0.0,0.0
148,3,14,1,0.0,3.8761011266018324,3.8761011266018324
148,3,14,2,0.0,0.0,0.0
148,3,14,3,0.0,0.0,0.0
148,3,15,1,0.0,3.8761011266018324,3.8761011266018324
148,3,15,2,0.0,3.8761011266018324,3.8761011266018324
148,3,15,3,0.0,2.0,2.0
148,3,16,1,0.0,3.8761011266018324,3.8761011266018324
148,3,16,2,0.0,0.0,0.0
148,3,16,3,0.0,0.0,0.0
148,3,17,1,0.0,3.8761011266018324,3.8761011266018324
148,3,17,2,0.0,0.0,0.0
148,3,17,3,0.0,0.0,0.0
148,3,18,1,0.0,3.8761011266018324,3.8761011266018324
148,3,18,2,0.0,0.0,0.0
148,3,18,3,0.0,0.0,0.0
148,3,19,1,0.0,3.8761011266018324,3.8761011266018324
148,3,19,2,0.0,0.0,0.0
148,3,19,3,0.0,0.0,0.0
148,3,20,1,0.0,3.8761011266018324,3.8761011266018324
148,3,20,2,0.0,3.8761011266018324,3.8761011266018324
148,3,20,3,0.0,0.0,0.0
148,2,1,1,4.670201183380856,3.8761011266018324,8.54630230998269
148,2,1,2,0.0,0.0,0.0
148,2,1,3,0.0,0.0,0.0
148,2,2,1,0.7941000567790231,3.8761011266018324,4.670201183380856
148,2,2,2,0.0,0.0,0.0
148,2,2,3,0.0,0.0,0.0
148,2,3,1,0.7941000567790231,3.8761011266018324,4.670201183380856
148,2,3,2,3.8761011266018324,3.8761011266018324,7.752202253203665
148,2,3,3,0.0,0.0,0.0
148,2,4,1,0.0,0.0,0.0
148,2,4,2,0.0,3.8761011266018324,3.8761011266018324
148,2,4,3,0.0,0.0,0.0
148,2,5,1,0.0,0.0,0.0
148,2,5,2,0.0,3.8761011266018324,3.8761011266018324
148,2,5,3,0.0,0.0,0.0
148,2,6,1,0.0,0.0,0.0
148,2,6,2,0.0,3.8761011266018324,3.8761011266018324
148,2,6,3,0.0,0.0,0.0
148,2,7,1,0.0,0.0,0.0
148,2,7,2,0.0,3.8761011266018324,3.8761011266018324
148,2,7,3,0.0,0.0,0.0
148,2,8,1,0.0,0.0,0.0
148,2,8,2,0.0,3.8761011266018324,3.8761011266018324
148,2,8,3,0.0,0.0,0.0
148,2,9,1,0.0,0.0,0.0
148,2,9,2,0.0,3.8761011266018324,3.8761011266018324
148,2,9,3,0.0,0.0,0.0
148,2,10,1,0.0,0.0,0.0
148,2,10,2,0.0,3.8761011266018324,3.8761011266018324
148,2,10,3,0.0,0.0,0.0
148,2,11,1,0.0,0.0,0.0
148,2,11,2,0.0,3.8761011266018324,3.8761011266018324
148,2,11,3,0.0,0.0,0.0
148,2,12,1,0.0,0.0,0.0
148,2,12,2,0.0,3.8761011266018324,3.8761011266018324
148,2,12,3,0.0,0.0,0.0
148,2,13,1,0.0,0.0,0.0
148,2,13,2,0.0,3.8761011266018324,3.8761011266018324
148,2,13,3,0.0,0.0,0.0
148,2,14,1,0.0,0.0,0.0
148,2,14,2,0.0,3.8761011266018324,3.8761011266018324
148,2,14,3,0.0,0.0,0.0
148,2,15,1,0.0,0.0,0.0
148,2,15,2,0.0,3.8761011266018324,3.8761011266018324
148,2,15,3,0.0,0.0,0.0
148,2,16,1,0.0,0.0,0.0
148,2,16,2,0.0,3.8761011266018324,3.8761011266018324
148,2,16,3,0.0,0.0,0.0
148,2,17,1,0.0,0.0,0.0
148,2,17,2,0.0,3.8761011266018324,3.8761011266018324
148,2,17,3,0.0,0.0,0.0
148,2,18,1,0.0,0.0,0.0
148,2,18,2,0.0,3.8761011266018324,3.8761011266018324
148,2,18,3,0.0,0.0,0.0
148,2,19,1,0.0,0.0,0.0
148,2,19,2,0.0,3.8761011266018324,3.8761011266018324
148,2,19,3,0.0,0.0,0.0
148,2,20,1,0.0,0.0,0.0
148,2,20,2,0.0,3.8761011266018324,3.8761011266018324
148,2,20,3,0.0,0.0,0.0
148,1,1,1,4.670201183380856,3.8761011266018324,8.54630230998269
148,1,1,2,2.794100056779023,2.0,4.794100056779023
148,1,1,3,0.0,0.0,0.0
148,1,2,1,0.0,0.0,0.0
148,1,2,2,0.7941000567790231,2.0,2.794100056779023
148,1,2,3,2.0,2.0,4.0
148,1,3,1,0.0,0.0,0.0
148,1,3,2,0.0,0.0,0.0
148,1,3,3,0.0,2.0,2.0
148,1,4,1,0.0,0.0,0.0
148,1,4,2,0.0,0.0,0.0
148,1,4,3,0.0,2.0,2.0
148,1,5,1,0.0,0.0,0.0
148,1,5,2,0.0,0.0,0.0
148,1,5,3,0.0,2.0,2.0
148,1,6,1,0.0,0.0,0.0
148,1,6,2,0.0,0.0,0.0
148,1,6,3,0.0,2.0,2.0
148,1,7,1,0.0,0.0,0.0
148,1,7,2,0.0,0.0,0.0
148,1,7,3,0.0,2.0,2.0
148,1,8,1,0.0,0.0,0.0
148,1,8,2,0.0,0.0,0.0
148,1,8,3,0.0,2.0,2.0
148,1,9,1,0.0,0.0,0.0
148,1,9,2,0.0,0.0,0.0
148,1,9,3,0.0,2.0,2.0
148,1,10,1,0.0,0.0,0.0
148,1,10,2,0.0,0.0,0.0
148,1,10,3,0.0,2.0,2.0
148,1,11,1,0.0,0.0,0.0
148,1,11,2,0.0,0.0,0.0
148,1,11,3,0.0,2.0,2.0
148,1,12,1,0.0,0.0,0.0
148,1,12,2,0.0,0.0,0.0
148,1,12,3,0.0,2.0,2.0
148,1,13,1,0.0,0.0,0.0
148,1,13,2,0.0,0.0,0.0
148,1,13,3,0.0,2.0,2.0
148,1,14,1,0.0,0.0,0.0
148,1,14,2,0.0,0.0,0.0
148,1,14,3,0.0,2.0,2.0
148,1,15,1,0.0,0.0,0.0
148,1,15,2,0.0,0.0,0.0
148,1,15,3,0.0,2.0,2.0
148,1,16,1,0.0,0.0,0.0
148,1,16,2,0.0,0.0,0.0
148,1,16,3,0.0,2.0,2.0
148,1,17,1,0.0,0.0,0.0
148,1,17,2,0.0,0.0,0.0
148,1,17,3,0.0,2.0,2.0
148,1,18,1,0.0,0.0,0.0
148,1,18,2,0.0,0.0,0.0
148,1,18,3,0.0,2.0,2.0
148,1,19,1,0.0,0.0,0.0
148,1,19,2,0.0,0.0,0.0
148,1,19,3,0.0,2.0,2.0
148,1,20,1,0.0,0.0,0.0
148,1,20,2,0.0,0.0,0.0
148,1,20,3,0.0,2.0,2.0
149,3,1,1,3.8761011266018324,3.8761011266018324,7.752202253203665
149,3,1,2,0.0,0.0,0.0
149,3,1,3,0.0,0.0,0.0
149,3,2,1,3.8761011266018324,3.8761011266018324,7.752202253203665
149,3,2,2,3.8761011266018324,3.8761011266018324,7.752202253203665
149,3,2,3,0.0,0.0,0.0
149,3,3,1,0.0,0.0,0.0
149,3,3,2,0.0,3.8761011266018324,3.8761011266018324
149,3,3,3,0.0,0.0,0.0
149,3,4,1,0.0,3.8761011266018324,3.8761011266018324
149,3,4,2,0.0,3.8761011266018324,3.8761011266018324
149,3,4,3,0.0,0.0,0.0
149,3,5,1,0.0,0.0,0.0
149,3,5,2,0.0,3.8761011266018324,3.8761011266018324
149,3,5,3,0.0,0.0,0.0
149,3,6,1,0.0,0.0,0.0
149,3,6,2,0.0,3.8761011266018324,3.8761011266018324
149,3,6,3,0.0,0.0,0.0
149,3,7,1,0.0,0.0,0.0
149,3,7,2,0.0,3.8761011266018324,3.8761011266018324
149,3,7,3,0.0,0.0,0.0
149,3,8,1,0.0,0.0,0.0
149,3,8,2,0.0,3.8761011266018324,3.8761011266018324
149,3,8,3,0.0,0.0,0.0
149,3,9,1,0.0,3.8761011266018324,3.8761011266018324
149,3,9,2,0.0,0.0,0.0
149,3,9,3,0.0,0.0,0.0
149,3,10,1,0.0,3.8761011266018324,3.8761011266018324
149,3,10,2,0.0,0.0,0.0
149,3,10,3,0.0,0.0,0.0
149,3,11,1,0.0,3.8761011266018324,3.8761011266018324
149,3,11,2,0.0,0.0,0.0
149,3,11,3,0.0,0.0,0.0
149,3,12,1,0.0,3.8761011266018324,3.8761011266018324
149,3,12,2,0.0,0.0,0.0
149,3,12,3,0.0,0.0,0.0
149,3,13,1,0.0,3.8761011266018324,3.8761011266018324
149,3,13,2,0.0,0.0,0.0
149,3,13,3,0.0,0.0,0.0
149,3,14,1,0.0,3.8761011266018324,3.8761011266018324
149,3,14,2,0.0,0.0,0.0
149,3,14,3,0.0,0.0,0.0
149,3,15,1,0.0,3.8761011266018324,3.8761011266018324
149,3,15,2,0.0,0.0,0.0
149,3,15,3,0.0,0.0,0.0
149,3,16,1,0.0,3.8761011266018324,3.8761011266018324
149,3,16,2,0.0,0.0,0.0
149,3,16,3,0.0,0.0,0.0
149,3,17,1,0.0,3.8761011266018324,3.8761011266018324
149,3,17,2,0.0,0.0,0.0
149,3,17,3,0.0,0.0,0.0
149,3,18,1,0.0,3.8761011266018324,3.8761011266018324
149,3,18,2,0.0,0.0,0.0
149,3,18,3,0.0,0.0,0.0
149,3,19,1,0.0,3.8761011266018324,3.8761011266018324
149,3,19,2,0.0,0.0,0.0
149,3,19,3,0.0,0.0,0.0
149,3,20,1,0.0,3.8761011266018324,3.8761011266018324
149,3,20,2,0.0,0.0,0.0
149,3,20,3,0.0,0.0,0.0
149,2,1,1,4.670201183380856,3.8761011266018324,8.54630230998269
149,2,1,2,0.0,0.0,0.0
149,2,1,3,0.0,0.0,0.0
149,2,2,1,0.7941000567790231,3.8761011266018324,4.670201183380856
149,2,2,2,0.0,0.0,0.0
149,2,2,3,0.0,0.0,0.0
149,2,3,1,0.7941000567790231,3.8761011266018324,4.670201183380856
149,2,3,2,3.8761011266018324,3.8761011266018324,7.752202253203665
149,2,3,3,0.0,0.0,0.0
149,2,4,1,0.0,0.0,0.0
149,2,4,2,0.0,3.8761011266018324,3.8761011266018324
149,2,4,3,0.0,0.0,0.0
149,2,5,1,0.0,0.0,0.0
149,2,5,2,0.0,3.8761011266018324,3.8761011266018324
149,2,5,3,0.0,0.0,0.0
149,2,6,1,0.0,0.0,0.0
149,2,6,2,0.0,3.8761011266018324,3.8761011266018324
149,2,6,3,0.0,0.0,0.0
149,2,7,1,0.0,0.0,0.0
149,2,7,2,0.0,3.8761011266018324,3.8761011266018324
149,2,7,3,0.0,0.0,0.0
149,2,8,1,0.0,0.0,0.0
149,2,8,2,0.0,3.8761011266018324,3.8761011266018324
149,2,8,3,0.0,0.0,0.0
149,2,9,1,0.0,0.0,0.0
149,2,9,2,0.0,3.8761011266018324,3.8761011266018324
149,2,9,3,0.0,0.0,0.0
149,2,10,1,0.0,0.0,0.0
149,2,10,2,0.0,3.8761011266018324,3.8761011266018324
149,2,10,3,0.0,0.0,0.0
149,2,11,1,0.0,0.0,0.0
149,2,11,2,0.0,3.8761011266018324,3.8761011266018324
149,2,11,3,0.0,0.0,0.0
149,2,12,1,0.0,0.0,0.0
149,2,12,2,0.0,3.8761011266018324,3.8761011266018324
149,2,12,3,0.0,0.0,0.0
149,2,13,1,0.0,0.0,0.0
149,2,13,2,0.0,3.8761011266018324,3.8761011266018324
149,2,13,3,0.0,0.0,0.0
149,2,14,1,0.0,0.0,0.0
149,2,14,2,0.0,3.8761011266018324,3.8761011266018324
149,2,14,3,0.0,0.0,0.0
149,2,15,1,0.0,0.0,0.0
149,2,15,2,0.0,3.8761011266018324,3.8761011266018324
149,2,15,3,0.0,0.0,0.0
149,2,16,1,0.0,0.0,0.0
149,2,16,2,0.0,3.8761011266018324,3.8761011266018324
149,2,16,3,0.0,0.0,0.0
149,2,17,1,0.0,0.0,0.0
149,2,17,2,0.0,3.8761011266018324,3.8761011266018324
149,2,17,3,0.0,0.0,0.0
149,2,18,1,0.0,0.0,0.0
149,2,18,2,0.0,3.8761011266018324,3.8761011266018324
149,2,18,3,0.0,0.0,0.0
149,2,19,1,0.0,0.0,0.0
149,2,19,2,0.0,3.8761011266018324,3.8761011266018324
149,2,19,3,0.0,0.0,0.0
149,2,20,1,0.0,0.0,0.0
149,2,20,2,0.0,3.8761011266018324,3.8761011266018324
149,2,20,3,0.0,0.0,0.0
149,1,1,1,4.670201183380856,3.8761011266018324,8.54630230998269
149,1,1,2,2.794100056779023,2.0,4.794100056779023
149,1,1,3,0.0,0.0,0.0
149,1,2,1,0.0,0.0,0.0
149,1,2,2,0.7941000567790231,2.0,2.794100056779023
149,1,2,3,2.0,2.0,4.0
149,1,3,1,0.0,0.0,0.0
149,1,3,2,0.0,0.0,0.0
149,1,3,3,0.0,2.0,2.0
149,1,4,1,0.0,0.0,0.0
149,1,4,2,0.0,0.0,0.0
149,1,4,3,0.0,2.0,2.0
149,1,5,1,0.0,0.0,0.0
149,1,5,2,0.0,0.0,0.0
149,1,5,3,0.0,2.0,2.0
149,1,6,1,0.0,0.0,0.0
149,1,6,2,0.0,0.0,0.0
149,1,6,3,0.0,2.0,2.0
149,1,7,1,0.0,0.0,0.0
149,1,7,2,0.0,0.0,0.0
149,1,7,3,0.0,2.0,2.0
149,1,8,1,0.0,0.0,0.0
149,1,8,2,0.0,0.0,0.0
149,1,8,3,0.0,2.0,2.0
149,1,9,1,0.0,0.0,0.0
149,1,9,2,0.0,0.0,0.0
149,1,9,3,0.0,2.0,2.0
149,1,10,1,0.0,0.0,0.0
149,1,10,2,0.0,0.0,0.0
149,1,10,3,0.0,2.0,2.0
149,1,11,1,0.0,0.0,0.0
149,1,11,2,0.0,0.0,0.0
149,1,11,3,0.0,2.0,2.0
149,1,12,1,0.0,0.0,0.0
149,1,12,2,0.0,0.0,0.0
149,1,12,3,0.0,2.0,2.0
149,1,13,1,0.0,0.0,0.0
149,1,13,2,0.0,0.0,0.0
149,1,13,3,0.0,2.0,2.0
149,1,14,1,0.0,0.0,0.0
149,1,14,2,0.0,0.0,0.0
149,1,14,3,0.0,2.0,2.0
149,1,15,1,0.0,0.0,0.0
149,1,15,2,0.0,0.0,0.0
149,1,15,3,0.0,2.0,2.0
149,1,16,1,0.0,0.0,0.0
149,1,16,2,0.0,0.0,0.0
149,1,16,3,0.0,2.0,2.0
149,1,17,1,0.0,0.0,0.0
149,1,17,2,0.0,0.0,0.0
149,1,17,3,0.0,2.0,2.0
149,1,18,1,0.0,0.0,0.0
149,1,18,2,0.0,0.0,0.0
149,1,18,3,0.0,2.0,2.0
149,1,19,1,0.0,0.0,0.0
149,1,19,2,0.0,0.0,0.0
149,1,19,3,0.0,2.0,2.0
149,1,20,1,0.0,0.0,0.0
149,1,20,2,0.0,0.0,0.0
149,1,20,3,0.0,2.0,2.0
150,3,1,1,3.8761011266018324,3.8761011266018324,7.752202253203665
150,3,1,2,3.8761011266018324,3.8761011266018324,7.752202253203665
150,3,1,3,0.0,0.0,0.0
150,3,2,1,0.0,0.0,0.0
150,3,2,2,0.0,3.8761011266018324,3.8761011266018324
150,3,2,3,0.0,0.0,0.0
150,3,3,1,0.0,0.0,0.0
150,3,3,2,0.0,3.8761011266018324,3.8761011266018324
150,3,3,3,0.0,0.0,0.0
150,3,4,1,3.8761011266018324,3.8761011266018324,7.752202253203665
150,3,4,2,0.0,3.8761011266018324,3.8761011266018324
150,3,4,3,0.0,0.0,0.0
150,3,5,1,0.0,0.0,0.0
150,3,5,2,0.0,3.8761011266018324,3.8761011266018324
150,3,5,3,0.0,0.0,0.0
150,3,6,1,0.0,3.8761011266018324,3.8761011266018324
150,3,6,2,0.0,0.0,0.0
150,3,6,3,0.0,0.0,0.0
150,3,7,1,0.0,3.8761011266018324,3.8761011266018324
150,3,7,2,0.0,0.0,0.0
150,3,7,3,0.0,0.0,0.0
150,3,8,1,0.0,3.8761011266018324,3.8761011266018324
150,3,8,2,0.0,0.0,0.0
150,3,8,3,0.0,0.0,0.0
150,3,9,1,0.0,3.8761011266018324,3.8761011266018324
150,3,9,2,0.0,0.0,0.0
150,3,9,3,0.0,0.0,0.0
150,3,10,1,0.0,3.8761011266018324,3.8761011266018324
150,3,10,2,0.0,0.0,0.0
150,3,10,3,0.0,0.0,0.0
150,3,11,1,0.0,3.8761011266018324,3.8761011266018324
150,3,11,2,0.0,3.8761011266018324,3.8761011266018324
150,3,11,3,0.0,0.0,0.0
150,3,12,1,0.0,3.8761011266018324,3.8761011266018324
150,3,12,2,0.0,0.0,0.0
150,3,12,3,0.0,0.0,0.0
150,3,13,1,0.0,3.8761011266018324,3.8761011266018324
150,3,13,2,0.0,0.0,0.0
150,3,13,3,0.0,0.0,0.0
150,3,14,1,0.0,3.8761011266018324,3.8761011266018324
150,3,14,2,0.0,0.0,0.0
150,3,14,3,0.0,0.0,0.0
150,3,15,1,0.0,3.8761011266018324,3.8761011266018324
150,3,15,2,0.0,3.8761011266018324,3.8761011266018324
150,3,15,3,0.0,0.0,0.0
150,3,16,1,0.0,3.8761011266018324,3.8761011266018324
150,3,16,2,0.0,0.0,0.0
150,3,16,3,0.0,0.0,0.0
150,3,17,1,0.0,3.8761011266018324,3.8761011266018324
150,3,17,2,0.0,3.8761011266018324,3.8761011266018324
150,3,17,3,0.0,0.0,0.0
150,3,18,1,0.0,0.0,0.0
150,3,18,2,0.0,3.8761011266018324,3.8761011266018324
150,3,18,3,0.0,0.0,0.0
150,3,19,1,0.0,0.0,0.0
150,3,19,2,0.0,3.8761011266018324,3.8761011266018324
150,3,19,3,0.0,0.0,0.0
150,3,20,1,0.0,3.8761011266018324,3.8761011266018324
150,3,20,2,0.0,0.0,0.0
150,3,20,3,0.0,0.0,0.0
150,2,1,1,4.670201183380856,3.8761011266018324,8.54630230998269
150,2,1,2,0.0,0.0,0.0
150,2,1,3,0.0,0.0,0.0
150,2,2,1,0.7941000567790231,3.8761011266018324,4.670201183380856
150,2,2,2,0.0,0.0,0.0
150,2,2,3,0.0,0.0,0.0
150,2,3,1,0.7941000567790231,3.8761011266018324,4.670201183380856
150,2,3,2,0.0,0.0,0.0
150,2,3,3,0.0,0.0,0.0
150,2,4,1,0.7941000567790231,3.8761011266018324,4.670201183380856
150,2,4,2,0.0,0.0,0.0
150,2,4,3,0.0,0.0,0.0
150,2,5,1,0.0,3.8761011266018324,3.8761011266018324
150,2,5,2,0.0,0.0,0.0
150,2,5,3,0.0,0.0,0.0
150,2,6,1,0.0,3.8761011266018324,3.8761011266018324
150,2,6,2,3.8761011266018324,3.8761011266018324,7.752202253203665
150,2,6,3,0.0,0.0,0.0
150,2,7,1,0.0,0.0,0.0
150,2,7,2,0.0,3.8761011266018324,3.8761011266018324
150,2,7,3,0.0,0.0,0.0
150,2,8,1,0.0,0.0,0.0
150,2,8,2,0.0,3.8761011266018324,3.8761011266018324
150,2,8,3,0.0,0.0,0.0
150,2,9,1,0.0,0.0,0.0
150,2,9,2,0.0,3.8761011266018324,3.8761011266018324
150,2,9,3,0.0,0.0,0.0
150,2,10,1,0.0,0.0,0.0
150,2,10,2,0.0,3.8761011266018324,3.8761011266018324
150,2,10,3,0.0,0.0,0.0
150,2,11,1,0.0,0.0,0.0
150,2,11,2,0.0,3.8761011266018324,3.8761011266018324
150,2,11,3,0.0,0.0,0.0
150,2,12,1,0.0,0.0,0.0
150,2,12,2,0.0,3.8761011266018324,3.8761011266018324
150,2,12,3,0.0,0.0,0.0
150,2,13,1,0.0,0.0,0.0
150,2,13,2,0.0,3.8761011266018324,3.8761011266018324
150,2,13,3,0.0,0.0,0.0
150,2,14,1,0.0,0.0,0.0
150,2,14,2,0.0,3.8761011266018324,3.8761011266018324
150,2,14,3,0.0,0.0,0.0
150,2,15,1,0.0,0.0,0.0
150,2,15,2,0.0,3.8761011266018324,3.8761011266018324
150,2,15,3,0.0,0.0,0.0
150,2,16,1,0.0,0.0,0.0
150,2,16,2,0.0,3.8761011266018324,3.8761011266018324
150,2,16,3,0.0,0.0,0.0
150,2,17,1,0.0,0.0,0.0
150,2,17,2,0.0,3.8761011266018324,3.8761011266018324
150,2,17,3,0.0,0.0,0.0
150,2,18,1,0.0,0.0,0.0
150,2,18,2,0.0,3.8761011266018324,3.8761011266018324
150,2,18,3,0.0,0.0,0.0
150,2,19,1,0.0,0.0,0.0
150,2,19,2,0.0,3.8761011266018324,3.8761011266018324
150,2,19,3,0.0,0.0,0.0
150,2,20,1,0.0,0.0,0.0
150,2,20,2,0.0,3.8761011266018324,3.8761011266018324
150,2,20,3,0.0,0.0,0.0
150,1,1,1,4.670201183380856,3.8761011266018324,8.54630230998269
150,1,1,2,2.794100056779023,2.0,4.794100056779023
150,1,1,3,0.0,0.0,0.0
150,1,2,1,0.0,0.0,0.0
150,1,2,2,0.7941000567790231,2.0,2.794100056779023
150,1,2,3,2.0,2.0,4.0
150,1,3,1,0.0,0.0,0.0
150,1,3,2,0.0,0.0,0.0
150,1,3,3,0.0,2.0,2.0
150,1,4,1,0.0,0.0,0.0
150,1,4,2,0.0,0.0,0.0
150,1,4,3,0.0,2.0,2.0
150,1,5,1,0.0,0.0,0.0
150,1,5,2,0.0,0.0,0.0
150,1,5,3,0.0,2.0,2.0
150,1,6,1,0.0,0.0,0.0
150,1,6,2,0.0,0.0,0.0
150,1,6,3,0.0,2.0,2.0
150,1,7,1,0.0,0.0,0.0
150,1,7,2,0.0,0.0,0.0
150,1,7,3,0.0,2.0,2.0
150,1,8,1,0.0,0.0,0.0
150,1,8,2,0.0,0.0,0.0
150,1,8,3,0.0,2.0,2.0
150,1,9,1,0.0,0.0,0.0
150,1,9,2,0.0,0.0,0.0
150,1,9,3,0.0,2.0,2.0
150,1,10,1,0.0,0.0,0.0
150,1,10,2,0.0,0.0,0.0
150,1,10,3,0.0,2.0,2.0
150,1,11,1,0.0,0.0,0.0
150,1,11,2,0.0,0.0,0.0
150,1,11,3,0.0,2.0,2.0
150,1,12,1,0.0,0.0,0.0
150,1,12,2,0.0,0.0,0.0
150,1,12,3,0.0,2.0,2.0
150,1,13,1,0.0,0.0,0.0
150,1,13,2,0.0,0.0,0.0
150,1,13,3,0.0,2.0,2.0
150,1,14,1,0.0,0.0,0.0
150,1,14,2,0.0,0.0,0.0
150,1,14,3,0.0,2.0,2.0
150,1,15,1,0.0,0.0,0.0
150,1,15,2,0.0,0.0,0.0
150,1,15,3,0.0,2.0,2.0
150,1,16,1,0.0,0.0,0.0
150,1,16,2,0.0,0.0,0.0
150,1,16,3,0.0,2.0,2.0
150,1,17,1,0.0,0.0,0.0
150,1,17,2,0.0,0.0,0.0
150,1,17,3,0.0,2.0,2.0
150,1,18,1,0.0,0.0,0.0
150,1,18,2,0.0,0.0,0.0
150,1,18,3,0.0,2.0,2.0
150,1,19,1,0.0,0.0,0.0
150,1,19,2,0.0,0.0,0.0
150,1,19,3,0.0,2.0,2.0
150,1,20,1,0.0,0.0,0.0
150,1,20,2,0.0,0.0,0.0
150,1,20,3,0.0,2.0,2.0
151,3,1,1,3.8761011266018324,3.8761011266018324,7.752202253203665
151,3,1,2,3.8761011266018324,3.8761011266018324,7.752202253203665
151,3,1,3,0.0,0.0,0.0
151,3,2,1,0.0,0.0,0.0
151,3,2,2,0.0,3.8761011266018324,3.8761011266018324
151,3,2,3,0.0,0.0,0.0
151,3,3,1,0.0,0.0,0.0
151,3,3,2,0.0,3.8761011266018324,3.8761011266018324
151,3,3,3,0.0,0.0,0.0
151,3,4,1,3.8761011266018324,3.8761011266018324,7.752202253203665
151,3,4,2,0.0,0.0,0.0
151,3,4,3,0.0,0.0,0.0
151,3,5,1,0.0,3.8761011266018324,3.8761011266018324
151,3,5,2,0.0,0.0,0.0
151,3,5,3,0.0,0.0,0.0
151,3,6,1,0.0,3.8761011266018324,3.8761011266018324
151,3,6,2,0.0,0.0,0.0
151,3,6,3,0.0,0.0,0.0
151,3,7,1,0.0,3.8761011266018324,3.8761011266018324
151,3,7,2,0.0,0.0,0.0
151,3,7,3,0.0,0.0,0.0
151,3,8,1,0.0,3.8761011266018324,3.8761011266018324
151,3,8,2,0.0,0.0,0.0
151,3,8,3,0.0,0.0,0.0
151,3,9,1,0.0,3.8761011266018324,3.8761011266018324
151,3,9,2,0.0,3.8761011266018324,3.8761011266018324
151,3,9,3,0.0,0.0,0.0
151,3,10,1,0.0,0.0,0.0
151,3,10,2,0.0,3.8761011266018324,3.8761011266018324
151,3,10,3,0.0,0.0,0.0
151,3,11,1,0.0,0.0,0.0
151,3,11,2,0.0,3.8761011266018324,3.8761011266018324
151,3,11,3,0.0,0.0,0.0
151,3,12,1,0.0,3.8761011266018324,3.8761011266018324
151,3,12,2,0.0,0.0,0.0
151,3,12,3,0.0,0.0,0.0
151,3,13,1,0.0,3.8761011266018324,3.8761011266018324
151,3,13,2,0.0,0.0,0.0
151,3,13,3,0.0,0.0,0.0
151,3,14,1,0.0,3.8761011266018324,3.8761011266018324
151,3,14,2,0.0,0.0,0.0
151,3,14,3,0.0,0.0,0.0
151,3,15,1,0.0,3.8761011266018324,3.8761011266018324
151,3,15,2,0.0,0.0,0.0
151,3,15,3,0.0,0.0,0.0
151,3,16,1,0.0,3.8761011266018324,3.8761011266018324
151,3,16,2,0.0,0.0,0.0
151,3,16,3,0.0,0.0,0.0
151,3,17,1,0.0,3.8761011266018324,3.8761011266018324
151,3,17,2,0.0,0.0,0.0
151,3,17,3,0.0,0.0,0.0
151,3,18,1,0.0,3.8761011266018324,3.8761011266018324
151,3,18,2,0.0,0.0,0.0
151,3,18,3,0.0,0.0,0.0
151,3,19,1,0.0,3.8761011266018324,3.8761011266018324
151,3,19,2,0.0,0.0,0.0
151,3,19,3,0.0,0.0,0.0
151,3,20,1,0.0,3.8761011266018324,3.8761011266018324
151,3,20,2,0.0,0.0,0.0
151,3,20,3,0.0,0.0,0.0
151,2,1,1,4.670201183380856,3.8761011266018324,8.54630230998269
151,2,1,2,3.8761011266018324,3.8761011266018324,7.752202253203665
151,2,1,3,2.0,2.0,4.0
151,2,2,1,0.7941000567790231,3.8761011266018324,4.670201183380856
151,2,2,2,0.0,0.0,0.0
151,2,2,3,0.0,0.0,0.0
151,2,3,1,0.7941000567790231,3.8761011266018324,4.670201183380856
151,2,3,2,0.0,3.8761011266018324,3.8761011266018324
151,2,3,3,0.0,0.0,0.0
151,2,4,1,0.0,0.0,0.0
151,2,4,2,0.0,3.8761011266018324,3.8761011266018324
151,2,4,3,0.0,0.0,0.0
151,2,5,1,0.0,0.0,0.0
151,2,5,2,0.0,3.8761011266018324,3.8761011266018324
151,2,5,3,0.0,0.0,0.0
151,2,6,1,0.0,0.0,0.0
151,2,6,2,0.0,3.8761011266018324,3.8761011266018324
151,2,6,3,0.0,0.0,0.0
151,2,7,1,0.0,0.0,0.0
151,2,7,2,0.0,3.8761011266018324,3.8761011266018324
151,2,7,3,0.0,0.0,0.0
151,2,8,1,0.0,0.0,0.0
151,2,8,2,0.0,3.8761011266018324,3.8761011266018324
151,2,8,3,0.0,0.0,0.0
151,2,9,1,0.0,0.0,0.0
151,2,9,2,0.0,3.8761011266018324,3.8761011266018324
151,2,9,3,0.0,0.0,0.0
151,2,10,1,0.0,0.0,0.0
151,2,10,2,0.0,3.8761011266018324,3.8761011266018324
151,2,10,3,0.0,0.0,0.0
151,2,11,1,0.0,0.0,0.0
151,2,11,2,0.0,3.8761011266018324,3.8761011266018324
151,2,11,3,0.0,0.0,0.0
151,2,12,1,0.0,0.0,0.0
151,2,12,2,0.0,3.8761011266018324,3.8761011266018324
151,2,12,3,0.0,0.0,0.0
151,2,13,1,0.0,0.0,0.0
151,2,13,2,0.0,3.8761011266018324,3.8761011266018324
151,2,13,3,0.0,0.0,0.0
151,2,14,1,0.0,0.0,0.0
151,2,14,2,0.0,3.8761011266018324,3.8761011266018324
151,2,14,3,0.0,0.0,0.0
151,2,15,1,0.0,0.0,0.0
151,2,15,2,0.0,3.8761011266018324,3.8761011266018324
151,2,15,3,0.0,0.0,0.0
151,2,16,1,0.0,0.0,0.0
151,2,16,2,0.0,3.8761011266018324,3.8761011266018324
151,2,16,3,0.0,0.0,0.0
151,2,17,1,0.0,0.0,0.0
151,2,17,2,0.0,3.8761011266018324,3.8761011266018324
151,2,17,3,0.0,0.0,0.0
151,2,18,1,0.0,0.0,0.0
151,2,18,2,0.0,3.8761011266018324,3.8761011266018324
151,2,18,3,0.0,0.0,0.0
151,2,19,1,0.0,0.0,0.0
151,2,19,2,0.0,3.8761011266018324,3.8761011266018324
151,2,19,3,0.0,0.0,0.0
151,2,20,1,0.0,0.0,0.0
151,2,20,2,0.0,3.8761011266018324,3.8761011266018324
151,2,20,3,0.0,0.0,0.0
151,1,1,1,4.670201183380856,3.8761011266018324,8.54630230998269
151,1,1,2,0.0,0.0,0.0
151,1,1,3,0.0,0.0,0.0
151,1,2,1,0.7941000567790231,3.8761011266018324,4.670201183380856
151,1,2,2,2.794100056779023,2.0,4.794100056779023
151,1,2,3,0.0,0.0,0.0
151,1,3,1,0.0,0.0,0.0
151,1,3,2,0.7941000567790231,2.0,2.794100056779023
151,1,3,3,2.0,2.0,4.0
151,1,4,1,0.0,0.0,0.0
151,1,4,2,0.0,0.0,0.0
151,1,4,3,0.0,2.0,2.0
151,1,5,1,0.0,0.0,0.0
151,1,5,2,0.0,0.0,0.0
151,1,5,3,0.0,2.0,2.0
151,1,6,1,0.0,0.0,0.0
151,1,6,2,0.0,0.0,0.0
151,1,6,3,0.0,2.0,2.0
151,1,7,1,0.0,0.0,0.0
151,1,7,2,0.0,0.0,0.0
151,1,7,3,0.0,2.0,2.0
151,1,8,1,0.0,0.0,0.0
151,1,8,2,0.0,0.0,0.0
151,1,8,3,0.0,2.0,2.0
151,1,9,1,0.0,0.0,0.0
151,1,9,2,0.0,0.0,0.0
151,1,9,3,0.0,2.0,2.0
151,1,10,1,0.7941000567790231,3.8761011266018324,4.670201183380856
151,1,10,2,0.0,2.0,2.0
151,1,10,3,0.0,2.0,2.0
151,1,11,1,0.0,0.0,0.0
151,1,11,2,0.0,0.0,0.0
151,1,11,3,0.0,2.0,2.0
151,1,12,1,0.0,0.0,0.0
151,1,12,2,0.0,0.0,0.0
151,1,12,3,0.0,2.0,2.0
151,1,13,1,0.0,0.0,0.0
151,1,13,2,0.0,0.0,0.0
151,1,13,3,0.0,2.0,2.0
151,1,14,1,0.0,0.0,0.0
151,1,14,2,0.0,0.0,0.0
151,1,14,3,0.0,2.0,2.0
151,1,15,1,0.0,0.0,0.0
151,1,15,2,0.0,0.0,0.0
151,1,15,3,0.0,2.0,2.0
151,1,16,1,0.0,0.0,0.0
151,1,16,2,0.0,0.0,0.0
151,1,16,3,0.0,2.0,2.0
151,1,17,1,0.0,0.0,0.0
151,1,17,2,0.0,0.0,0.0
151,1,17,3,0.0,2.0,2.0
151,1,18,1,0.0,0.0,0.0
151,1,18,2,0.0,0.0,0.0
151,1,18,3,0.0,2.0,2.0
151,1,19,1,0.0,0.0,0.0
151,1,19,2,0.0,0.0,0.0
151,1,19,3,0.0,2.0,2.0
151,1,20,1,0.0,0.0,0.0
151,1,20,2,0.0,0.0,0.0
151,1,20,3,0.0,2.0,2.0
152,3,1,1,3.8761011266018324,3.8761011266018324,7.752202253203665
152,3,1,2,3.8761011266018324,3.8761011266018324,7.752202253203665
152,3,1,3,0.0,0.0,0.0
152,3,2,1,0.0,0.0,0.0
152,3,2,2,0.0,3.8761011266018324,3.8761011266018324
152,3,2,3,0.0,0.0,0.0
152,3,3,1,3.8761011266018324,3.8761011266018324,7.752202253203665
152,3,3,2,0.0,0.0,0.0
152,3,3,3,0.0,0.0,0.0
152,3,4,1,0.0,3.8761011266018324,3.8761011266018324
152,3,4,2,0.0,0.0,0.0
152,3,4,3,0.0,0.0,0.0
152,3,5,1,0.0,3.8761011266018324,3.8761011266018324
152,3,5,2,0.0,0.0,0.0
152,3,5,3,0.0,0.0,0.0
152,3,6,1,0.0,3.8761011266018324,3.8761011266018324
152,3,6,2,0.0,0.0,0.0
152,3,6,3,0.0,0.0,0.0
152,3,7,1,0.0,3.8761011266018324,3.8761011266018324
152,3,7,2,0.0,3.8761011266018324,3.8761011266018324
152,3,7,3,0.0,0.0,0.0
152,3,8,1,0.0,3.8761011266018324,3.8761011266018324
152,3,8,2,0.0,0.0,0.0
152,3,8,3,0.0,0.0,0.0
152,3,9,1,0.0,3.8761011266018324,3.8761011266018324
152,3,9,2,0.0,3.8761011266018324,3.8761011266018324
152,3,9,3,0.0,0.0,0.0
152,3,10,1,0.0,0.0,0.0
152,3,10,2,0.0,3.8761011266018324,3.8761011266018324
152,3,10,3,0.0,0.0,0.0
152,3,11,1,0.0,3.8761011266018324,3.8761011266018324
152,3,11,2,0.0,3.8761011266018324,3.8761011266018324
152,3,11,3,0.0,0.0,0.0
152,3,12,1,0.0,3.8761011266018324,3.8761011266018324
152,3,12,2,0.0,3.8761011266018324,3.8761011266018324
152,3,12,3,0.0,0.0,0.0
152,3,13,1,0.0,0.0,0.0
152,3,13,2,0.0,3.8761011266018324,3.8761011266018324
152,3,13,3,0.0,0.0,0.0
152,3,14,1,0.0,0.0,0.0
152,3,14,2,0.0,3.8761011266018324,3.8761011266018324
152,3,14,3,0.0,0.0,0.0
152,3,15,1,0.0,0.0,0.0
152,3,15,2,0.0,3.8761011266018324,3.8761011266018324
152,3,15,3,2.0,2.0,4.0
152,3,16,1,0.0,3.8761011266018324,3.8761011266018324
152,3,16,2,0.0,0.0,0.0
152,3,16,3,0.0,0.0,0.0
152,3,17,1,0.0,3.8761011266018324,3.8761011266018324
152,3,17,2,0.0,0.0,0.0
152,3,17,3,0.0,0.0,0.0
152,3,18,1,0.0,3.8761011266018324,3.8761011266018324
152,3,18,2,0.0,0.0,0.0
152,3,18,3,0.0,0.0,0.0
152,3,19,1,0.0,3.8761011266018324,3.8761011266018324
152,3,19,2,0.0,0.0,0.0
152,3,19,3,0.0,0.0,0.0
152,3,20,1,0.0,3.8761011266018324,3.8761011266018324
152,3,20,2,0.0,0.0,0.0
152,3,20,3,0.0,0.0,0.0
152,2,1,1,4.670201183380856,3.8761011266018324,8.54630230998269
152,2,1,2,3.8761011266018324,3.8761011266018324,7.752202253203665
152,2,1,3,0.0,0.0,0.0
152,2,2,1,0.0,0.0,0.0
152,2,2,2,0.0,3.8761011266018324,3.8761011266018324
152,2,2,3,0.0,0.0,0.0
152,2,3,1,0.0,0.0,0.0
152,2,3,2,0.0,3.8761011266018324,3.8761011266018324
152,2,3,3,0.0,0.0,0.0
152,2,4,1,0.0,0.0,0.0
152,2,4,2,0.0,3.8761011266018324,3.8761011266018324
152,2,4,3,0.0,0.0,0.0
152,2,5,1,0.0,0.0,0.0
152,2,5,2,0.0,3.8761011266018324,3.8761011266018324
152,2,5,3,0.0,0.0,0.0
152,2,6,1,0.0,0.0,0.0
152,2,6,2,0.0,3.8761011266018324,3.8761011266018324
152,2,6,3,0.0,0.0,0.0
152,2,7,1,0.0,0.0,0.0
152,2,7,2,0.0,3.8761011266018324,3.8761011266018324
152,2,7,3,0.0,0.0,0.0
152,2,8,1,0.0,0.0,0.0
152,2,8,2,0.0,3.8761011266018324,3.8761011266018324
152,2,8,3,0.0,0.0,0.0
152,2,9,1,0.0,0.0,0.0
152,2,9,2,0.0,3.8761011266018324,3.8761011266018324
152,2,9,3,0.0,0.0,0.0
152,2,10,1,0.0,0.0,0.0
152,2,10,2,0.0,3.8761011266018324,3.8761011266018324
152,2,10,3,0.0,0.0,0.0
152,2,11,1,0.0,0.0,0.0
152,2,11,2,0.0,3.8761011266018324,3.8761011266018324
152,2,11,3,0.0,0.0,0.0
152,2,12,1,0.0,0.0,0.0
152,2,12,2,0.0,3.8761011266018324,3.8761011266018324
152,2,12,3,0.0,0.0,0.0
152,2,13,1,0.0,0.0,0.0
152,2,13,2,0.0,3.8761011266018324,3.8761011266018324
152,2,13,3,0.0,0.0,0.0
152,2,14,1,0.0,0.0,0.0
152,2,14,2,0.0,3.8761011266018324,3.8761011266018324
152,2,14,3,0.0,0.0,0.0
152,2,15,1,0.0,0.0,0.0
152,2,15,2,0.0,3.8761011266018324,3.8761011266018324
152,2,15,3,0.0,0.0,0.0
152,2,16,1,0.0,0.0,0.0
152,2,16,2,0.0,3.8761011266018324,3.8761011266018324
152,2,16,3,2.0,2.0,4.0
152,2,17,1,0.7941000567790231,3.8761011266018324,4.670201183380856
152,2,17,2,0.0,0.0,0.0
152,2,17,3,0.0,0.0,0.0
152,2,18,1,0.7941000567790231,3.8761011266018324,4.670201183380856
152,2,18,2,0.0,0.0,0.0
152,2,18,3,0.0,0.0,0.0
152,2,19,1,0.7941000567790231,3.8761011266018324,4.670201183380856
152,2,19,2,0.0,3.8761011266018324,3.8761011266018324
152,2,19,3,0.0,0.0,0.0
152,2,20,1,0.0,0.0,0.0
152,2,20,2,0.0,3.8761011266018324,3.8761011266018324
152,2,20,3,0.0,0.0,0.0
152,1,1,1,4.670201183380856,3.8761011266018324,8.54630230998269
152,1,1,2,0.0,0.0,0.0
152,1,1,3,0.0,0.0,0.0
152,1,2,1,0.7941000567790231,3.8761011266018324,4.670201183380856
152,1,2,2,0.0,0.0,0.0
152,1,2,3,0.0,0.0,0.0
152,1,3,1,0.7941000567790231,3.8761011266018324,4.670201183380856
152,1,3,2,2.794100056779023,2.0,4.794100056779023
152,1,3,3,2.0,2.0,4.0
152,1,4,1,0.0,0.0,0.0
152,1,4,2,0.0,0.0,0.0
152,1,4,3,0.0,2.0,2.0
152,1,5,1,0.0,0.0,0.0
152,1,5,2,0.0,0.0,0.0
152,1,5,3,0.0,2.0,2.0
152,1,6,1,0.0,0.0,0.0
152,1,6,2,0.0,0.0,0.0
152,1,6,3,0.0,2.0,2.0
152,1,7,1,0.0,0.0,0.0
152,1,7,2,0.0,0.0,0.0
152,1,7,3,0.0,2.0,2.0
152,1,8,1,0.0,0.0,0.0
152,1,8,2,0.0,0.0,0.0
152,1,8,3,0.0,2.0,2.0
152,1,9,1,0.0,0.0,0.0
152,1,9,2,0.0,0.0,0.0
152,1,9,3,0.0,2.0,2.0
152,1,10,1,0.0,0.0,0.0
152,1,10,2,0.0,0.0,0.0
152,1,10,3,0.0,2.0,2.0
152,1,11,1,0.0,0.0,0.0
152,1,11,2,0.0,0.0,0.0
152,1,11,3,0.0,2.0,2.0
152,1,12,1,0.0,0.0,0.0
152,1,12,2,0.0,0.0,0.0
152,1,12,3,0.0,2.0,2.0
152,1,13,1,0.0,0.0,0.0
152,1,13,2,0.0,0.0,0.0
152,1,13,3,0.0,2.0,2.0
152,1,14,1,0.0,0.0,0.0
152,1,14,2,0.0,0.0,0.0
152,1,14,3,0.0,2.0,2.0
152,1,15,1,0.0,0.0,0.0
152,1,15,2,0.0,0.0,0.0
152,1,15,3,0.0,2.0,2.0
152,1,16,1,0.0,0.0,0.0
152,1,16,2,0.0,0.0,0.0
152,1,16,3,0.0,2.0,2.0
152,1,17,1,0.0,0.0,0.0
152,1,17,2,0.0,0.0,0.0
152,1,17,3,0.0,2.0,2.0
152,1,18,1,0.0,0.0,0.0
152,1,18,2,0.0,0.0,0.0
152,1,18,3,0.0,2.0,2.0
152,1,19,1,0.0,0.0,0.0
152,1,19,2,0.0,0.0,0.0
152,1,19,3,0.0,2.0,2.0
152,1,20,1,0.0,0.0,0.0
152,1,20,2,0.0,0.0,0.0
152,1,20,3,0.0,2.0,2.0
153,3,1,1,3.8761011266018324,3.8761011266018324,7.752202253203665
153,3,1,2,0.0,0.0,0.0
153,3,1,3,0.0,0.0,0.0
153,3,2,1,3.8761011266018324,3.8761011266018324,7.752202253203665
153,3,2,2,0.0,0.0,0.0
153,3,2,3,0.0,0.0,0.0
153,3,3,1,0.0,3.8761011266018324,3.8761011266018324
153,3,3,2,0.0,0.0,0.0
153,3,3,3,0.0,0.0,0.0
153,3,4,1,0.0,3.8761011266018324,3.8761011266018324
153,3,4,2,3.8761011266018324,3.8761011266018324,7.752202253203665
153,3,4,3,0.0,0.0,0.0
153,3,5,1,0.0,0.0,0.0
153,3,5,2,0.0,3.8761011266018324,3.8761011266018324
153,3,5,3,0.0,0.0,0.0
153,3,6,1,0.0,0.0,0.0
153,3,6,2,0.0,3.8761011266018324,3.8761011266018324
153,3,6,3,0.0,0.0,0.0
153,3,7,1,0.0,3.8761011266018324,3.8761011266018324
153,3,7,2,0.0,0.0,0.0
153,3,7,3,0.0,0.0,0.0
153,3,8,1,0.0,3.8761011266018324,3.8761011266018324
153,3,8,2,0.0,0.0,0.0
153,3,8,3,0.0,0.0,0.0
153,3,9,1,0.0,3.8761011266018324,3.8761011266018324
153,3,9,2,0.0,0.0,0.0
153,3,9,3,0.0,0.0,0.0
153,3,10,1,0.0,3.8761011266018324,3.8761011266018324
153,3,10,2,0.0,0.0,0.0
153,3,10,3,0.0,0.0,0.0
153,3,11,1,0.0,3.8761011266018324,3.8761011266018324
153,3,11,2,0.0,0.0,0.0
153,3,11,3,0.0,0.0,0.0
153,3,12,1,0.0,3.8761011266018324,3.8761011266018324
153,3,12,2,0.0,0.0,0.0
153,3,12,3,0.0,0.0,0.0
153,3,13,1,0.0,3.8761011266018324,3.8761011266018324
153,3,13,2,0.0,0.0,0.0
153,3,13,3,0.0,0.0,0.0
153,3,14,1,0.0,3.8761011266018324,3.8761011266018324
153,3,14,2,0.0,3.8761011266018324,3.8761011266018324
153,3,14,3,0.0,0.0,0.0
153,3,15,1,0.0,0.0,0.0
153,3,15,2,0.0,3.8761011266018324,3.8761011266018324
153,3,15,3,0.0,0.0,0.0
153,3,16,1,0.0,0.0,0.0
153,3,16,2,0.0,3.8761011266018324,3.8761011266018324
153,3,16,3,0.0,0.0,0.0
153,3,17,1,0.0,0.0,0.0
153,3,17,2,0.0,3.8761011266018324,3.8761011266018324
153,3,17,3,0.0,0.0,0.0
153,3,18,1,0.0,3.8761011266018324,3.8761011266018324
153,3,18,2,0.0,0.0,0.0
153,3,18,3,0.0,0.0,0.0
153,3,19,1,0.0,3.8761011266018324,3.8761011266018324
153,3,19,2,0.0,0.0,0.0
153,3,19,3,0.0,0.0,0.0
153,3,20,1,0.0,3.8761011266018324,3.8761011266018324
153,3,20,2,0.0,0.0,0.0
153,3,20,3,0.0,0.0,0.0
153,2,1,1,4.670201183380856,3.8761011266018324,8.54630230998269
153,2,1,2,0.0,0.0,0.0
153,2,1,3,0.0,0.0,0.0
153,2,2,1,0.7941000567790231,3.8761011266018324,4.670201183380856
153,2,2,2,3.8761011266018324,3.8761011266018324,7.752202253203665
153,2,2,3,0.0,0.0,0.0
153,2,3,1,0.0,0.0,0.0
153,2,3,2,0.0,3.8761011266018324,3.8761011266018324
153,2,3,3,0.0,0.0,0.0
153,2,4,1,0.0,0.0,0.0
153,2,4,2,0.0,3.8761011266018324,3.8761011266018324
153,2,4,3,0.0,0.0,0.0
153,2,5,1,0.0,0.0,0.0
153,2,5,2,0.0,3.8761011266018324,3.8761011266018324
153,2,5,3,0.0,0.0,0.0
153,2,6,1,0.0,0.0,0.0
153,2,6,2,0.0,3.8761011266018324,3.8761011266018324
153,2,6,3,0.0,0.0,0.0
153,2,7,1,0.0,0.0,0.0
153,2,7,2,0.0,3.8761011266018324,3.8761011266018324
153,2,7,3,0.0,0.0,0.0
153,2,8,1,0.0,0.0,0.0
153,2,8,2,0.0,3.8761011266018324,3.8761011266018324
153,2,8,3,0.0,0.0,0.0
153,2,9,1,0.0,0.0,0.0
153,2,9,2,0.0,3.8761011266018324,3.8761011266018324
153,2,9,3,0.0,0.0,0.0
153,2,10,1,0.0,0.0,0.0
153,2,10,2,0.0,3.8761011266018324,3.8761011266018324
153,2,10,3,0.0,0.0,0.0
153,2,11,1,0.0,0.0,0.0
153,2,11,2,0.0,3.8761011266018324,3.8761011266018324
153,2,11,3,2.0,2.0,4.0
153,2,12,1,0.7941000567790231,3.8761011266018324,4.670201183380856
153,2,12,2,0.0,0.0,0.0
153,2,12,3,0.0,0.0,0.0
153,2,13,1,0.7941000567790231,3.8761011266018324,4.670201183380856
153,2,13,2,0.0,3.8761011266018324,3.8761011266018324
153,2,13,3,0.0,0.0,0.0
153,2,14,1,0.0,0.0,0.0
153,2,14,2,0.0,3.8761011266018324,3.8761011266018324
153,2,14,3,0.0,0.0,0.0
153,2,15,1,0.0,0.0,0.0
153,2,15,2,0.0,3.8761011266018324,3.8761011266018324
153,2,15,3,0.0,0.0,0.0
153,2,16,1,0.0,0.0,0.0
153,2,16,2,0.0,3.8761011266018324,3.8761011266018324
153,2,16,3,0.0,0.0,0.0
153,2,17,1,0.0,0.0,0.0
153,2,17,2,0.0,3.8761011266018324,3.8761011266018324
153,2,17,3,0.0,0.0,0.0
153,2,18,1,0.0,0.0,0.0
153,2,18,2,0.0,3.8761011266018324,3.8761011266018324
153,2,18,3,0.0,0.0,0.0
153,2,19,1,0.0,0.0,0.0
153,2,19,2,0.0,3.8761011266018324,3.8761011266018324
153,2,19,3,0.0,0.0,0.0
153,2,20,1,0.0,0.0,0.0
153,2,20,2,0.0,3.8761011266018324,3.8761011266018324
153,2,20,3,0.0,0.0,0.0
153,1,1,1,4.670201183380856,3.8761011266018324,8.54630230998269
153,1,1,2,2.794100056779023,2.0,4.794100056779023
153,1,1,3,0.0,0.0,0.0
153,1,2,1,0.0,0.0,0.0
153,1,2,2,0.7941000567790231,2.0,2.794100056779023
153,1,2,3,2.0,2.0,4.0
153,1,3,1,0.0,0.0,0.0
153,1,3,2,0.0,0.0,0.0
153,1,3,3,0.0,2.0,2.0
153,1,4,1,0.0,0.0,0.0
153,1,4,2,0.0,0.0,0.0
153,1,4,3,0.0,2.0,2.0
153,1,5,1,0.0,0.0,0.0
153,1,5,2,0.0,0.0,0.0
153,1,5,3,0.0,2.0,2.0
153,1,6,1,0.0,0.0,0.0
153,1,6,2,0.0,0.0,0.0
153,1,6,3,0.0,2.0,2.0
153,1,7,1,0.0,0.0,0.0
153,1,7,2,0.0,0.0,0.0
153,1,7,3,0.0,2.0,2.0
153,1,8,1,0.0,0.0,0.0
153,1,8,2,0.0,0.0,0.0
153,1,8,3,0.0,2.0,2.0
153,1,9,1,0.0,0.0,0.0
153,1,9,2,0.0,0.0,0.0
153,1,9,3,0.0,2.0,2.0
153,1,10,1,0.0,0.0,0.0
153,1,10,2,0.0,0.0,0.0
153,1,10,3,0.0,2.0,2.0
153,1,11,1,0.0,0.0,0.0
153,1,11,2,0.0,0.0,0.0
153,1,11,3,0.0,2.0,2.0
153,1,12,1,0.0,0.0,0.0
153,1,12,2,0.0,0.0,0.0
153,1,12,3,0.0,2.0,2.0
153,1,13,1,0.0,0.0,0.0
153,1,13,2,0.0,0.0,0.0
153,1,13,3,0.0,2.0,2.0
153,1,14,1,0.0,0.0,0.0
153,1,14,2,0.0,0.0,0.0
153,1,14,3,0.0,2.0,2.0
153,1,15,1,0.0,0.0,0.0
153,1,15,2,0.0,0.0,0.0
153,1,15,3,0.0,2.0,2.0
153,1,16,1,0.0,0.0,0.0
153,1,16,2,0.0,0.0,0.0
153,1,16,3,0.0,2.0,2.0
153,1,17,1,0.0,0.0,0.0
153,1,17,2,0.0,0.0,0.0
153,1,17,3,0.0,2.0,2.0
153,1,18,1,0.0,0.0,0.0
153,1,18,2,0.0,0.0,0.0
153,1,18,3,0.0,2.0,2.0
153,1,19,1,0.0,0.0,0.0
153,1,19,2,0.0,0.0,0.0
153,1,19,3,0.0,2.0,2.0
153,1,20,1,0.0,0.0,0.0
153,1,20,2,0.0,0.0,0.0
153,1,20,3,0.0,2.0,2.0
154,3,1,1,3.8761011266018324,3.8761011266018324,7.752202253203665
154,3,1,2,0.0,0.0,0.0
154,3,1,3,0.0,0.0,0.0
154,3,2,1,3.8761011266018324,3.8761011266018324,7.752202253203665
154,3,2,2,0.0,0.0,0.0
154,3,2,3,0.0,0.0,0.0
154,3,3,1,0.0,3.8761011266018324,3.8761011266018324
154,3,3,2,0.0,0.0,0.0
154,3,3,3,0.0,0.0,0.0
154,3,4,1,0.0,3.8761011266018324,3.8761011266018324
154,3,4,2,0.0,0.0,0.0
154,3,4,3,0.0,0.0,0.0
154,3,5,1,0.0,3.8761011266018324,3.8761011266018324
154,3,5,2,0.0,0.0,0.0
154,3,5,3,0.0,0.0,0.0
154,3,6,1,0.0,3.8761011266018324,3.8761011266018324
154,3,6,2,0.0,0.0,0.0
154,3,6,3,0.0,0.0,0.0
154,3,7,1,0.0,3.8761011266018324,3.8761011266018324
154,3,7,2,3.8761011266018324,3.8761011266018324,7.752202253203665
154,3,7,3,0.0,0.0,0.0
154,3,8,1,0.0,3.8761011266018324,3.8761011266018324
154,3,8,2,0.0,0.0,0.0
154,3,8,3,0.0,0.0,0.0
154,3,9,1,0.0,3.8761011266018324,3.8761011266018324
154,3,9,2,0.0,3.8761011266018324,3.8761011266018324
154,3,9,3,0.0,0.0,0.0
154,3,10,1,0.0,3.8761011266018324,3.8761011266018324
154,3,10,2,0.0,0.0,0.0
154,3,10,3,0.0,0.0,0.0
154,3,11,1,0.0,3.8761011266018324,3.8761011266018324
154,3,11,2,0.0,3.8761011266018324,3.8761011266018324
154,3,11,3,0.0,0.0,0.0
154,3,12,1,0.0,0.0,0.0
154,3,12,2,0.0,3.8761011266018324,3.8761011266018324
154,3,12,3,0.0,0.0,0.0
154,3,13,1,0.0,3.8761011266018324,3.8761011266018324
154,3,13,2,0.0,0.0,0.0
154,3,13,3,0.0,0.0,0.0
154,3,14,1,0.0,3.8761011266018324,3.8761011266018324
154,3,14,2,0.0,0.0,0.0
154,3,14,3,0.0,0.0,0.0
154,3,15,1,0.0,3.8761011266018324,3.8761011266018324
154,3,15,2,0.0,0.0,0.0
154,3,15,3,0.0,0.0,0.0
154,3,16,1,0.0,3.8761011266018324,3.8761011266018324
154,3,16,2,0.0,0.0,0.0
154,3,16,3,0.0,0.0,0.0
154,3,17,1,0.0,3.8761011266018324,3.8761011266018324
154,3,17,2,0.0,0.0,0.0
154,3,17,3,0.0,0.0,0.0
154,3,18,1,0.0,3.8761011266018324,3.8761011266018324
154,3,18,2,0.0,0.0,0.0
154,3,18,3,0.0,0.0,0.0
154,3,19,1,0.0,3.8761011266018324,3.8761011266018324
154,3,19,2,0.0,0.0,0.0
154,3,19,3,0.0,0.0,0.0
154,3,20,1,0.0,3.8761011266018324,3.8761011266018324
154,3,20,2,0.0,0.0,0.0
154,3,20,3,0.0,0.0,0.0
154,2,1,1,4.670201183380856,3.8761011266018324,8.54630230998269
154,2,1,2,3.8761011266018324,3.8761011266018324,7.752202253203665
154,2,1,3,2.0,2.0,4.0
154,2,2,1,0.7941000567790231,3.8761011266018324,4.670201183380856
154,2,2,2,0.0,3.8761011266018324,3.8761011266018324
154,2,2,3,0.0,0.0,0.0
154,2,3,1,0.0,0.0,0.0
154,2,3,2,0.0,3.8761011266018324,3.8761011266018324
154,2,3,3,0.0,2.0,2.0
154,2,4,1,0.7941000567790231,3.8761011266018324,4.670201183380856
154,2,4,2,0.0,3.8761011266018324,3.8761011266018324
154,2,4,3,0.0,0.0,0.0
154,2,5,1,0.0,0.0,0.0
154,2,5,2,0.0,3.8761011266018324,3.8761011266018324
154,2,5,3,0.0,2.0,2.0
154,2,6,1,0.0,0.0,0.0
154,2,6,2,0.0,0.0,0.0
154,2,6,3,0.0,2.0,2.0
154,2,7,1,0.0,0.0,0.0
154,2,7,2,0.0,0.0,0.0
154,2,7,3,0.0,2.0,2.0
154,2,8,1,0.0,0.0,0.0
154,2,8,2,0.0,0.0,0.0
154,2,8,3,0.0,2.0,2.0
154,2,9,1,0.7941000567790231,3.8761011266018324,4.670201183380856
154,2,9,2,0.0,3.8761011266018324,3.8761011266018324
154,2,9,3,0.0,0.0,0.0
154,2,10,1,0.0,0.0,0.0
154,2,10,2,0.0,3.8761011266018324,3.8761011266018324
154,2,10,3,0.0,0.0,0.0
154,2,11,1,0.0,0.0,0.0
154,2,11,2,0.0,3.8761011266018324,3.8761011266018324
154,2,11,3,0.0,0.0,0.0
154,2,12,1,0.0,0.0,0.0
154,2,12,2,0.0,3.8761011266018324,3.8761011266018324
154,2,12,3,0.0,0.0,0.0
154,2,13,1,0.0,0.0,0.0
154,2,13,2,0.0,3.8761011266018324,3.8761011266018324
154,2,13,3,0.0,0.0,0.0
154,2,14,1,0.0,0.0,0.0
154,2,14,2,0.0,3.8761011266018324,3.8761011266018324
154,2,14,3,0.0,0.0,0.0
154,2,15,1,0.0,0.0,0.0
154,2,15,2,0.0,3.8761011266018324,3.8761011266018324
154,2,15,3,0.0,0.0,0.0
154,2,16,1,0.0,0.0,0.0
154,2,16,2,0.0,3.8761011266018324,3.8761011266018324
154,2,16,3,0.0,0.0,0.0
154,2,17,1,0.0,0.0,0.0
154,2,17,2,0.0,3.8761011266018324,3.8761011266018324
154,2,17,3,0.0,0.0,0.0
154,2,18,1,0.0,0.0,0.0
154,2,18,2,0.0,3.8761011266018324,3.8761011266018324
154,2,18,3,0.0,0.0,0.0
154,2,19,1,0.0,0.0,0.0
154,2,19,2,0.0,3.8761011266018324,3.8761011266018324
154,2,19,3,0.0,0.0,0.0
154,2,20,1,0.0,0.0,0.0
154,2,20,2,0.0,3.8761011266018324,3.8761011266018324
154,2,20,3,0.0,0.0,0.0
154,1,1,1,4.670201183380856,3.8761011266018324,8.54630230998269
154,1,1,2,2.794100056779023,2.0,4.794100056779023
154,1,1,3,0.0,0.0,0.0
154,1,2,1,0.0,0.0,0.0
154,1,2,2,0.7941000567790231,2.0,2.794100056779023
154,1,2,3,0.0,0.0,0.0
154,1,3,1,0.0,0.0,0.0
154,1,3,2,0.0,2.0,2.0
154,1,3,3,0.0,0.0,0.0
154,1,4,1,0.0,0.0,0.0
154,1,4,2,0.0,2.0,2.0
154,1,4,3,2.0,2.0,4.0
154,1,5,1,0.0,0.0,0.0
154,1,5,2,0.0,0.0,0.0
154,1,5,3,0.0,2.0,2.0
154,1,6,1,0.0,0.0,0.0
154,1,6,2,0.0,0.0,0.0
154,1,6,3,0.0,2.0,2.0
154,1,7,1,0.0,0.0,0.0
154,1,7,2,0.0,0.0,0.0
154,1,7,3,0.0,2.0,2.0
154,1,8,1,0.0,0.0,0.0
154,1,8,2,0.0,0.0,0.0
154,1,8,3,0.0,2.0,2.0
154,1,9,1,0.0,0.0,0.0
154,1,9,2,0.0,0.0,0.0
154,1,9,3,0.0,2.0,2.0
154,1,10,1,0.0,0.0,0.0
154,1,10,2,0.0,0.0,0.0
154,1,10,3,0.0,2.0,2.0
154,1,11,1,0.0,0.0,0.0
154,1,11,2,0.0,0.0,0.0
154,1,11,3,0.0,2.0,2.0
154,1,12,1,0.0,0.0,0.0
154,1,12,2,0.0,0.0,0.0
154,1,12,3,0.0,2.0,2.0
154,1,13,1,0.0,0.0,0.0
154,1,13,2,0.0,0.0,0.0
154,1,13,3,0.0,2.0,2.0
154,1,14,1,0.0,0.0,0.0
154,1,14,2,0.0,0.0,0.0
154,1,14,3,0.0,2.0,2.0
154,1,15,1,0.0,0.0,0.0
154,1,15,2,0.0,0.0,0.0
154,1,15,3,0.0,2.0,2.0
154,1,16,1,0.0,0.0,0.0
154,1,16,2,0.0,0.0,0.0
154,1,16,3,0.0,2.0,2.0
154,1,17,1,0.0,0.0,0.0
154,1,17,2,0.0,0.0,0.0
154,1,17,3,0.0,2.0,2.0
154,1,18,1,0.0,0.0,0.0
154,1,18,2,0.0,0.0,0.0
154,1,18,3,0.0,2.0,2.0
154,1,19,1,0.0,0.0,0.0
154,1,19,2,0.0,0.0,0.0
154,1,19,3,0.0,2.0,2.0
154,1,20,1,0.0,0.0,0.0
154,1,20,2,0.0,0.0,0.0
154,1,20,3,0.0,2.0,2.0
155,3,1,1,3.8761011266018324,3.8761011266018324,7.752202253203665
155,3,1,2,3.8761011266018324,3.8761011266018324,7.752202253203665
155,3,1,3,0.0,0.0,0.0
155,3,2,1,3.8761011266018324,3.8761011266018324,7.752202253203665
155,3,2,2,0.0,0.0,0.0
155,3,2,3,0.0,0.0,0.0
155,3,3,1,0.0,3.8761011266018324,3.8761011266018324
155,3,3,2,0.0,3.8761011266018324,3.8761011266018324
155,3,3,3,2.0,2.0,4.0
155,3,4,1,0.0,3.8761011266018324,3.8761011266018324
155,3,4,2,0.0,0.0,0.0
155,3,4,3,0.0,0.0,0.0
155,3,5,1,0.0,3.8761011266018324,3.8761011266018324
155,3,5,2,0.0,0.0,0.0
155,3,5,3,0.0,0.0,0.0
155,3,6,1,0.0,3.8761011266018324,3.8761011266018324
155,3,6,2,0.0,0.0,0.0
155,3,6,3,0.0,0.0,0.0
155,3,7,1,0.0,3.8761011266018324,3.8761011266018324
155,3,7,2,0.0,0.0,0.0
155,3,7,3,0.0,0.0,0.0
155,3,8,1,0.0,3.8761011266018324,3.8761011266018324
155,3,8,2,0.0,0.0,0.0
155,3,8,3,0.0,0.0,0.0
155,3,9,1,0.0,3.8761011266018324,3.8761011266018324
155,3,9,2,0.0,0.0,0.0
155,3,9,3,0.0,0.0,0.0
155,3,10,1,0.0,3.8761011266018324,3.8761011266018324
155,3,10,2,0.0,0.0,0.0
155,3,10,3,0.0,0.0,0.0
155,3,11,1,0.0,3.8761011266018324,3.8761011266018324
155,3,11,2,0.0,3.8761011266018324,3.8761011266018324
155,3,11,3,0.0,0.0,0.0
155,3,12,1,0.0,0.0,0.0
155,3,12,2,0.0,3.8761011266018324,3.8761011266018324
155,3,12,3,0.0,0.0,0.0
155,3,13,1,0.0,3.8761011266018324,3.8761011266018324
155,3,13,2,0.0,0.0,0.0
155,3,13,3,0.0,0.0,0.0
155,3,14,1,0.0,3.8761011266018324,3.8761011266018324
155,3,14,2,0.0,0.0,0.0
155,3,14,3,0.0,0.0,0.0
155,3,15,1,0.0,3.8761011266018324,3.8761011266018324
155,3,15,2,0.0,0.0,0.0
155,3,15,3,0.0,0.0,0.0
155,3,16,1,0.0,3.8761011266018324,3.8761011266018324
155,3,16,2,0.0,0.0,0.0
155,3,16,3,0.0,0.0,0.0
155,3,17,1,0.0,3.8761011266018324,3.8761011266018324
155,3,17,2,0.0,0.0,0.0
155,3,17,3,0.0,0.0,0.0
155,3,18,1,0.0,3.8761011266018324,3.8761011266018324
155,3,18,2,0.0,0.0,0.0
155,3,18,3,0.0,0.0,0.0
155,3,19,1,0.0,3.8761011266018324,3.8761011266018324
155,3,19,2,0.0,0.0,0.0
155,3,19,3,0.0,0.0,0.0
155,3,20,1,0.0,3.8761011266018324,3.8761011266018324
155,3,20,2,0.0,3.8761011266018324,3.8761011266018324
155,3,20,3,0.0,0.0,0.0
155,2,1,1,4.670201183380856,3.8761011266018324,8.54630230998269
155,2,1,2,0.0,0.0,0.0
155,2,1,3,0.0,0.0,0.0
155,2,2,1,0.7941000567790231,3.8761011266018324,4.670201183380856
155,2,2,2,3.8761011266018324,3.8761011266018324,7.752202253203665
155,2,2,3,0.0,0.0,0.0
155,2,3,1,0.0,0.0,0.0
155,2,3,2,0.0,3.8761011266018324,3.8761011266018324
155,2,3,3,0.0,0.0,0.0
155,2,4,1,0.0,0.0,0.0
155,2,4,2,0.0,3.8761011266018324,3.8761011266018324
155,2,4,3,0.0,0.0,0.0
155,2,5,1,0.0,0.0,0.0
155,2,5,2,0.0,3.8761011266018324,3.8761011266018324
155,2,5,3,0.0,0.0,0.0
155,2,6,1,0.0,0.0,0.0
155,2,6,2,0.0,3.8761011266018324,3.8761011266018324
155,2,6,3,0.0,0.0,0.0
155,2,7,1,0.0,0.0,0.0
155,2,7,2,0.0,3.8761011266018324,3.8761011266018324
155,2,7,3,0.0,0.0,0.0
155,2,8,1,0.0,0.0,0.0
155,2,8,2,0.0,3.8761011266018324,3.8761011266018324
155,2,8,3,0.0,0.0,0.0
155,2,9,1,0.0,0.0,0.0
155,2,9,2,0.0,3.8761011266018324,3.8761011266018324
155,2,9,3,2.0,2.0,4.0
155,2,10,1,0.7941000567790231,3.8761011266018324,4.670201183380856
155,2,10,2,0.0,3.8761011266018324,3.8761011266018324
155,2,10,3,0.0,0.0,0.0
155,2,11,1,0.0,0.0,0.0
155,2,11,2,0.0,3.8761011266018324,3.8761011266018324
155,2,11,3,0.0,0.0,0.0
155,2,12,1,0.0,0.0,0.0
155,2,12,2,0.0,3.8761011266018324,3.8761011266018324
155,2,12,3,0.0,0.0,0.0
155,2,13,1,0.0,0.0,0.0
155,2,13,2,0.0,3.8761011266018324,3.8761011266018324
155,2,13,3,0.0,0.0,0.0
155,2,14,1,0.0,0.0,0.0
155,2,14,2,0.0,3.8761011266018324,3.8761011266018324
155,2,14,3,0.0,0.0,0.0
155,2,15,1,0.0,0.0,0.0
155,2,15,2,0.0,3.8761011266018324,3.8761011266018324
155,2,15,3,0.0,0.0,0.0
155,2,16,1,0.0,0.0,0.0
155,2,16,2,0.0,3.8761011266018324,3.8761011266018324
155,2,16,3,0.0,0.0,0.0
155,2,17,1,0.0,0.0,0.0
155,2,17,2,0.0,3.8761011266018324,3.8761011266018324
155,2,17,3,0.0,2.0,2.0
155,2,18,1,0.7941000567790231,3.8761011266018324,4.670201183380856
155,2,18,2,0.0,3.8761011266018324,3.8761011266018324
155,2,18,3,0.0,0.0,0.0
155,2,19,1,0.0,0.0,0.0
155,2,19,2,0.0,3.8761011266018324,3.8761011266018324
155,2,19,3,0.0,0.0,0.0
155,2,20,1,0.0,0.0,0.0
155,2,20,2,0.0,3.8761011266018324,3.8761011266018324
155,2,20,3,0.0,0.0,0.0
155,1,1,1,4.670201183380856,3.8761011266018324,8.54630230998269
155,1,1,2,2.794100056779023,2.0,4.794100056779023
155,1,1,3,0.0,0.0,0.0
155,1,2,1,0.0,0.0,0.0
155,1,2,2,0.7941000567790231,2.0,2.794100056779023
155,1,2,3,0.0,0.0,0.0
155,1,3,1,0.0,0.0,0.0
155,1,3,2,0.0,2.0,2.0
155,1,3,3,2.0,2.0,4.0
155,1,4,1,0.0,0.0,0.0
155,1,4,2,0.0,0.0,0.0
155,1,4,3,0.0,2.0,2.0
155,1,5,1,0.0,0.0,0.0
155,1,5,2,0.0,0.0,0.0
155,1,5,3,0.0,2.0,2.0
155,1,6,1,0.0,0.0,0.0
155,1,6,2,0.0,0.0,0.0
155,1,6,3,0.0,2.0,2.0
155,1,7,1,0.0,0.0,0.0
155,1,7,2,0.0,0.0,0.0
155,1,7,3,0.0,2.0,2.0
155,1,8,1,0.0,0.0,0.0
155,1,8,2,0.0,0.0,0.0
155,1,8,3,0.0,2.0,2.0
155,1,9,1,0.0,0.0,0.0
155,1,9,2,0.0,0.0,0.0
155,1,9,3,0.0,2.0,2.0
155,1,10,1,0.0,0.0,0.0
155,1,10,2,0.0,0.0,0.0
155,1,10,3,0.0,2.0,2.0
155,1,11,1,0.0,0.0,0.0
155,1,11,2,0.0,0.0,0.0
155,1,11,3,0.0,2.0,2.0
155,1,12,1,0.0,0.0,0.0
155,1,12,2,0.0,0.0,0.0
155,1,12,3,0.0,2.0,2.0
155,1,13,1,0.0,0.0,0.0
155,1,13,2,0.0,0.0,0.0
155,1,13,3,0.0,2.0,2.0
155,1,14,1,0.0,0.0,0.0
155,1,14,2,0.0,0.0,0.0
155,1,14,3,0.0,2.0,2.0
155,1,15,1,0.0,0.0,0.0
155,1,15,2,0.0,0.0,0.0
155,1,15,3,0.0,2.0,2.0
155,1,16,1,0.0,0.0,0.0
155,1,16,2,0.0,0.0,0.0
155,1,16,3,0.0,2.0,2.0
155,1,17,1,0.0,0.0,0.0
155,1,17,2,0.0,0.0,0.0
155,1,17,3,0.0,2.0,2.0
155,1,18,1,0.0,0.0,0.0
155,1,18,2,0.0,0.0,0.0
155,1,18,3,0.0,2.0,2.0
155,1,19,1,0.0,0.0,0.0
155,1,19,2,0.0,0.0,0.0
155,1,19,3,0.0,2.0,2.0
155,1,20,1,0.0,0.0,0.0
155,1,20,2,0.0,0.0,0.0
155,1,20,3,0.0,2.0,2.0
156,3,1,1,3.8761011266018324,3.8761011266018324,7.752202253203665
156,3,1,2,3.8761011266018324,3.8761011266018324,7.752202253203665
156,3,1,3,0.0,0.0,0.0
156,3,2,1,0.0,0.0,0.0
156,3,2,2,0.0,3.8761011266018324,3.8761011266018324
156,3,2,3,0.0,0.0,0.0
156,3,3,1,3.8761011266018324,3.8761011266018324,7.752202253203665
156,3,3,2,0.0,0.0,0.0
156,3,3,3,0.0,0.0,0.0
156,3,4,1,0.0,3.8761011266018324,3.8761011266018324
156,3,4,2,0.0,0.0,0.0
156,3,4,3,0.0,0.0,0.0
156,3,5,1,0.0,3.8761011266018324,3.8761011266018324
156,3,5,2,0.0,0.0,0.0
156,3,5,3,0.0,0.0,0.0
156,3,6,1,0.0,3.8761011266018324,3.8761011266018324
156,3,6,2,0.0,0.0,0.0
156,3,6,3,0.0,0.0,0.0
156,3,7,1,0.0,3.8761011266018324,3.8761011266018324
156,3,7,2,0.0,0.0,0.0
156,3,7,3,0.0,0.0,0.0
156,3,8,1,0.0,3.8761011266018324,3.8761011266018324
156,3,8,2,0.0,0.0,0.0
156,3,8,3,0.0,0.0,0.0
156,3,9,1,0.0,3.8761011266018324,3.8761011266018324
156,3,9,2,0.0,3.8761011266018324,3.8761011266018324
156,3,9,3,0.0,0.0,0.0
156,3,10,1,0.0,3.8761011266018324,3.8761011266018324
156,3,10,2,0.0,0.0,0.0
156,3,10,3,0.0,0.0,0.0
156,3,11,1,0.0,3.8761011266018324,3.8761011266018324
156,3,11,2,0.0,0.0,0.0
156,3,11,3,0.0,0.0,0.0
156,3,12,1,0.0,3.8761011266018324,3.8761011266018324
156,3,12,2,0.0,3.8761011266018324,3.8761011266018324
156,3,12,3,0.0,0.0,0.0
156,3,13,1,0.0,3.8761011266018324,3.8761011266018324
156,3,13,2,0.0,0.0,0.0
156,3,13,3,0.0,0.0,0.0
156,3,14,1,0.0,3.8761011266018324,3.8761011266018324
156,3,14,2,0.0,3.8761011266018324,3.8761011266018324
156,3,14,3,0.0,0.0,0.0
156,3,15,1,0.0,3.8761011266018324,3.8761011266018324
156,3,15,2,0.0,3.8761011266018324,3.8761011266018324
156,3,15,3,2.0,2.0,4.0
156,3,16,1,0.0,0.0,0.0
156,3,16,2,0.0,0.0,0.0
156,3,16,3,0.0,2.0,2.0
156,3,17,1,0.0,0.0,0.0
156,3,17,2,0.0,0.0,0.0
156,3,17,3,0.0,2.0,2.0
156,3,18,1,0.0,3.8761011266018324,3.8761011266018324
156,3,18,2,0.0,3.8761011266018324,3.8761011266018324
156,3,18,3,0.0,0.0,0.0
156,3,19,1,0.0,3.8761011266018324,3.8761011266018324
156,3,19,2,0.0,0.0,0.0
156,3,19,3,0.0,0.0,0.0
156,3,20,1,0.0,3.8761011266018324,3.8761011266018324
156,3,20,2,0.0,3.8761011266018324,3.8761011266018324
156,3,20,3,0.0,0.0,0.0
156,2,1,1,4.670201183380856,3.8761011266018324,8.54630230998269
156,2,1,2,0.0,0.0,0.0
156,2,1,3,0.0,0.0,0.0
156,2,2,1,0.7941000567790231,3.8761011266018324,4.670201183380856
156,2,2,2,0.0,0.0,0.0
156,2,2,3,0.0,0.0,0.0
156,2,3,1,0.7941000567790231,3.8761011266018324,4.670201183380856
156,2,3,2,3.8761011266018324,3.8761011266018324,7.752202253203665
156,2,3,3,0.0,0.0,0.0
156,2,4,1,0.0,0.0,0.0
156,2,4,2,0.0,3.8761011266018324,3.8761011266018324
156,2,4,3,0.0,0.0,0.0
156,2,5,1,0.0,0.0,0.0
156,2,5,2,0.0,3.8761011266018324,3.8761011266018324
156,2,5,3,0.0,0.0,0.0
156,2,6,1,0.0,0.0,0.0
156,2,6,2,0.0,3.8761011266018324,3.8761011266018324
156,2,6,3,0.0,0.0,0.0
156,2,7,1,0.0,0.0,0.0
156,2,7,2,0.0,3.8761011266018324,3.8761011266018324
156,2,7,3,0.0,0.0,0.0
156,2,8,1,0.0,0.0,0.0
156,2,8,2,0.0,3.8761011266018324,3.8761011266018324
156,2,8,3,0.0,0.0,0.0
156,2,9,1,0.0,0.0,0.0
156,2,9,2,0.0,3.8761011266018324,3.8761011266018324
156,2,9,3,0.0,0.0,0.0
156,2,10,1,0.0,0.0,0.0
156,2,10,2,0.0,3.8761011266018324,3.8761011266018324
156,2,10,3,0.0,0.0,0.0
156,2,11,1,0.0,0.0,0.0
156,2,11,2,0.0,3.8761011266018324,3.8761011266018324
156,2,11,3,0.0,0.0,0.0
156,2,12,1,0.0,0.0,0.0
156,2,12,2,0.0,3.8761011266018324,3.8761011266018324
156,2,12,3,2.0,2.0,4.0
156,2,13,1,0.7941000567790231,3.8761011266018324,4.670201183380856
156,2,13,2,0.0,3.8761011266018324,3.8761011266018324
156,2,13,3,0.0,0.0,0.0
156,2,14,1,0.0,0.0,0.0
156,2,14,2,0.0,3.8761011266018324,3.8761011266018324
156,2,14,3,0.0,0.0,0.0
156,2,15,1,0.0,0.0,0.0
156,2,15,2,0.0,3.8761011266018324,3.8761011266018324
156,2,15,3,0.0,0.0,0.0
156,2,16,1,0.0,0.0,0.0
156,2,16,2,0.0,3.8761011266018324,3.8761011266018324
156,2,16,3,0.0,0.0,0.0
156,2,17,1,0.0,0.0,0.0
156,2,17,2,0.0,3.8761011266018324,3.8761011266018324
156,2,17,3,0.0,0.0,0.0
156,2,18,1,0.0,0.0,0.0
156,2,18,2,0.0,3.8761011266018324,3.8761011266018324
156,2,18,3,0.0,0.0,0.0
156,2,19,1,0.0,0.0,0.0
156,2,19,2,0.0,3.8761011266018324,3.8761011266018324
156,2,19,3,0.0,0.0,0.0
156,2,20,1,0.0,0.0,0.0
156,2,20,2,0.0,3.8761011266018324,3.8761011266018324
156,2,20,3,0.0,0.0,0.0
156,1,1,1,4.670201183380856,3.8761011266018324,8.54630230998269
156,1,1,2,0.0,0.0,0.0
156,1,1,3,0.0,0.0,0.0
156,1,2,1,0.7941000567790231,3.8761011266018324,4.670201183380856
156,1,2,2,2.794100056779023,2.0,4.794100056779023
156,1,2,3,0.0,0.0,0.0
156,1,3,1,0.0,0.0,0.0
156,1,3,2,0.7941000567790231,2.0,2.794100056779023
156,1,3,3,2.0,2.0,4.0
156,1,4,1,0.0,0.0,0.0
156,1,4,2,0.0,0.0,0.0
156,1,4,3,0.0,2.0,2.0
156,1,5,1,0.0,0.0,0.0
156,1,5,2,0.0,0.0,0.0
156,1,5,3,0.0,2.0,2.0
156,1,6,1,0.0,0.0,0.0
156,1,6,2,0.0,0.0,0.0
156,1,6,3,0.0,2.0,2.0
156,1,7,1,0.0,0.0,0.0
156,1,7,2,0.0,0.0,0.0
156,1,7,3,0.0,2.0,2.0
156,1,8,1,0.0,0.0,0.0
156,1,8,2,0.0,0.0,0.0
156,1,8,3,0.0,2.0,2.0
156,1,9,1,0.0,0.0,0.0
156,1,9,2,0.0,0.0,0.0
156,1,9,3,0.0,2.0,2.0
156,1,10,1,0.0,0.0,0.0
156,1,10,2,0.0,0.0,0.0
156,1,10,3,0.0,2.0,2.0
156,1,11,1,0.0,0.0,0.0
156,1,11,2,0.0,0.0,0.0
156,1,11,3,0.0,2.0,2.0
156,1,12,1,0.0,0.0,0.0
156,1,12,2,0.0,0.0,0.0
156,1,12,3,0.0,2.0,2.0
156,1,13,1,0.0,0.0,0.0
156,1,13,2,0.0,0.0,0.0
156,1,13,3,0.0,2.0,2.0
156,1,14,1,0.0,0.0,0.0
156,1,14,2,0.0,0.0,0.0
156,1,14,3,0.0,2.0,2.0
156,1,15,1,0.0,0.0,0.0
156,1,15,2,0.0,0.0,0.0
156,1,15,3,0.0,2.0,2.0
156,1,16,1,0.0,0.0,0.0
156,1,16,2,0.0,0.0,0.0
156,1,16,3,0.0,2.0,2.0
156,1,17,1,0.0,0.0,0.0
156,1,17,2,0.0,0.0,0.0
156,1,17,3,0.0,2.0,2.0
156,1,18,1,0.0,0.0,0.0
156,1,18,2,0.0,0.0,0.0
156,1,18,3,0.0,2.0,2.0
156,1,19,1,0.0,0.0,0.0
156,1,19,2,0.0,0.0,0.0
156,1,19,3,0.0,2.0,2.0
156,1,20,1,0.0,0.0,0.0
156,1,20,2,0.0,0.0,0.0
156,1,20,3,0.0,2.0,2.0
157,3,1,1,3.8761011266018324,3.8761011266018324,7.752202253203665
157,3,1,2,0.0,0.0,0.0
157,3,1,3,0.0,0.0,0.0
157,3,2,1,3.8761011266018324,3.8761011266018324,7.752202253203665
157,3,2,2,0.0,0.0,0.0
157,3,2,3,0.0,0.0,0.0
157,3,3,1,0.0,3.8761011266018324,3.8761011266018324
157,3,3,2,0.0,0.0,0.0
157,3,3,3,0.0,0.0,0.0
157,3,4,1,0.0,3.8761011266018324,3.8761011266018324
157,3,4,2,0.0,0.0,0.0
157,3,4,3,0.0,0.0,0.0
157,3,5,1,0.0,3.8761011266018324,3.8761011266018324
157,3,5,2,3.8761011266018324,3.8761011266018324,7.752202253203665
157,3,5,3,0.0,0.0,0.0
157,3,6,1,0.0,0.0,0.0
157,3,6,2,0.0,3.8761011266018324,3.8761011266018324
157,3,6,3,0.0,0.0,0.0
157,3,7,1,0.0,0.0,0.0
157,3,7,2,0.0,3.8761011266018324,3.8761011266018324
157,3,7,3,0.0,0.0,0.0
157,3,8,1,0.0,0.0,0.0
157,3,8,2,0.0,3.8761011266018324,3.8761011266018324
157,3,8,3,0.0,0.0,0.0
157,3,9,1,0.0,0.0,0.0
157,3,9,2,0.0,3.8761011266018324,3.8761011266018324
157,3,9,3,0.0,0.0,0.0
157,3,10,1,0.0,0.0,0.0
157,3,10,2,0.0,3.8761011266018324,3.8761011266018324
157,3,10,3,0.0,0.0,0.0
157,3,11,1,0.0,3.8761011266018324,3.8761011266018324
157,3,11,2,0.0,0.0,0.0
157,3,11,3,0.0,0.0,0.0
157,3,12,1,0.0,3.8761011266018324,3.8761011266018324
157,3,12,2,0.0,0.0,0.0
157,3,12,3,0.0,0.0,0.0
157,3,13,1,0.0,3.8761011266018324,3.8761011266018324
157,3,13,2,0.0,3.8761011266018324,3.8761011266018324
157,3,13,3,0.0,0.0,0.0
157,3,14,1,0.0,3.8761011266018324,3.8761011266018324
157,3,14,2,0.0,3.8761011266018324,3.8761011266018324
157,3,14,3,0.0,0.0,0.0
157,3,15,1,0.0,0.0,0.0
157,3,15,2,0.0,3.8761011266018324,3.8761011266018324
157,3,15,3,0.0,0.0,0.0
157,3,16,1,0.0,3.8761011266018324,3.8761011266018324
157,3,16,2,0.0,0.0,0.0
157,3,16,3,0.0,0.0,0.0
157,3,17,1,0.0,3.8761011266018324,3.8761011266018324
157,3,17,2,0.0,3.8761011266018324,3.8761011266018324
157,3,17,3,0.0,0.0,0.0
157,3,18,1,0.0,3.8761011266018324,3.8761011266018324
157,3,18,2,0.0,3.8761011266018324,3.8761011266018324
157,3,18,3,0.0,0.0,0.0
157,3,19,1,0.0,0.0,0.0
157,3,19,2,0.0,3.8761011266018324,3.8761011266018324
157,3,19,3,0.0,0.0,0.0
157,3,20,1,0.0,3.8761011266018324,3.8761011266018324
157,3,20,2,0.0,0.0,0.0
157,3,20,3,0.0,0.0,0.0
157,2,1,1,4.670201183380856,3.8761011266018324,8.54630230998269
157,2,1,2,3.8761011266018324,3.8761011266018324,7.752202253203665
157,2,1,3,0.0,0.0,0.0
157,2,2,1,0.0,0.0,0.0
157,2,2,2,0.0,3.8761011266018324,3.8761011266018324
157,2,2,3,0.0,0.0,0.0
157,2,3,1,0.0,0.0,0.0
157,2,3,2,0.0,3.8761011266018324,3.8761011266018324
157,2,3,3,0.0,0.0,0.0
157,2,4,1,0.0,0.0,0.0
157,2,4,2,0.0,3.8761011266018324,3.8761011266018324
157,2,4,3,0.0,0.0,0.0
157,2,5,1,0.0,0.0,0.0
157,2,5,2,0.0,3.8761011266018324,3.8761011266018324
157,2,5,3,0.0,0.0,0.0
157,2,6,1,0.0,0.0,0.0
157,2,6,2,0.0,3.8761011266018324,3.8761011266018324
157,2,6,3,0.0,0.0,0.0
157,2,7,1,0.0,0.0,0.0
157,2,7,2,0.0,3.8761011266018324,3.8761011266018324
157,2,7,3,0.0,0.0,0.0
157,2,8,1,0.0,0.0,0.0
157,2,8,2,0.0,3.8761011266018324,3.8761011266018324
157,2,8,3,0.0,0.0,0.0
157,2,9,1,0.0,0.0,0.0
157,2,9,2,0.0,3.8761011266018324,3.8761011266018324
157,2,9,3,0.0,0.0,0.0
157,2,10,1,0.0,0.0,0.0
157,2,10,2,0.0,3.8761011266018324,3.8761011266018324
157,2,10,3,0.0,0.0,0.0
157,2,11,1,0.0,0.0,0.0
157,2,11,2,0.0,3.8761011266018324,3.8761011266018324
157,2,11,3,0.0,0.0,0.0
157,2,12,1,0.0,0.0,0.0
157,2,12,2,0.0,3.8761011266018324,3.8761011266018324
157,2,12,3,2.0,2.0,4.0
157,2,13,1,0.7941000567790231,3.8761011266018324,4.670201183380856
157,2,13,2,0.0,0.0,0.0
157,2,13,3,0.0,0.0,0.0
157,2,14,1,0.7941000567790231,3.8761011266018324,4.670201183380856
157,2,14,2,0.0,0.0,0.0
157,2,14,3,0.0,0.0,0.0
157,2,15,1,0.7941000567790231,3.8761011266018324,4.670201183380856
157,2,15,2,0.0,3.8761011266018324,3.8761011266018324
157,2,15,3,0.0,0.0,0.0
157,2,16,1,0.0,0.0,0.0
157,2,16,2,0.0,3.8761011266018324,3.8761011266018324
157,2,16,3,0.0,0.0,0.0
157,2,17,1,0.0,0.0,0.0
157,2,17,2,0.0,3.8761011266018324,3.8761011266018324
157,2,17,3,0.0,0.0,0.0
157,2,18,1,0.0,0.0,0.0
157,2,18,2,0.0,3.8761011266018324,3.8761011266018324
157,2,18,3,0.0,0.0,0.0
157,2,19,1,0.0,0.0,0.0
157,2,19,2,0.0,3.8761011266018324,3.8761011266018324
157,2,19,3,0.0,0.0,0.0
157,2,20,1,0.0,0.0,0.0
157,2,20,2,0.0,3.8761011266018324,3.8761011266018324
157,2,20,3,0.0,2.0,2.0
157,1,1,1,4.670201183380856,3.8761011266018324,8.54630230998269
157,1,1,2,2.794100056779023,2.0,4.794100056779023
157,1,1,3,0.0,0.0,0.0
157,1,2,1,0.0,0.0,0.0
157,1,2,2,0.7941000567790231,2.0,2.794100056779023
157,1,2,3,0.0,0.0,0.0
157,1,3,1,0.0,0.0,0.0
157,1,3,2,0.0,2.0,2.0
157,1,3,3,0.0,0.0,0.0
157,1,4,1,0.0,0.0,0.0
157,1,4,2,0.0,2.0,2.0
157,1,4,3,2.0,2.0,4.0
157,1,5,1,0.0,0.0,0.0
157,1,5,2,0.0,0.0,0.0
157,1,5,3,0.0,2.0,2.0
157,1,6,1,0.0,0.0,0.0
157,1,6,2,0.0,0.0,0.0
157,1,6,3,0.0,2.0,2.0
157,1,7,1,0.0,0.0,0.0
157,1,7,2,0.0,0.0,0.0
157,1,7,3,0.0,2.0,2.0
157,1,8,1,0.0,0.0,0.0
157,1,8,2,0.0,0.0,0.0
157,1,8,3,0.0,2.0,2.0
157,1,9,1,0.0,0.0,0.0
157,1,9,2,0.0,0.0,0.0
157,1,9,3,0.0,2.0,2.0
157,1,10,1,0.0,0.0,0.0
157,1,10,2,0.0,0.0,0.0
157,1,10,3,0.0,2.0,2.0
157,1,11,1,0.0,0.0,0.0
157,1,11,2,0.0,0.0,0.0
157,1,11,3,0.0,2.0,2.0
157,1,12,1,0.0,0.0,0.0
157,1,12,2,0.0,0.0,0.0
157,1,12,3,0.0,2.0,2.0
157,1,13,1,0.0,0.0,0.0
157,1,13,2,0.0,0.0,0.0
157,1,13,3,0.0,2.0,2.0
157,1,14,1,0.0,0.0,0.0
157,1,14,2,0.0,0.0,0.0
157,1,14,3,0.0,2.0,2.0
157,1,15,1,0.0,0.0,0.0
157,1,15,2,0.0,0.0,0.0
157,1,15,3,0.0,2.0,2.0
157,1,16,1,0.0,0.0,0.0
157,1,16,2,0.0,0.0,0.0
157,1,16,3,0.0,2.0,2.0
157,1,17,1,0.0,0.0,0.0
157,1,17,2,0.0,0.0,0.0
157,1,17,3,0.0,2.0,2.0
157,1,18,1,0.0,0.0,0.0
157,1,18,2,0.0,0.0,0.0
157,1,18,3,0.0,2.0,2.0
157,1,19,1,0.0,0.0,0.0
157,1,19,2,0.0,0.0,0.0
157,1,19,3,0.0,2.0,2.0
157,1,20,1,0.0,0.0,0.0
157,1,20,2,0.0,0.0,0.0
157,1,20,3,0.0,2.0,2.0
158,3,1,1,3.8761011266018324,3.8761011266018324,7.752202253203665
158,3,1,2,0.0,0.0,0.0
158,3,1,3,0.0,0.0,0.0
158,3,2,1,3.8761011266018324,3.8761011266018324,7.752202253203665
158,3,2,2,0.0,0.0,0.0
158,3,2,3,0.0,0.0,0.0
158,3,3,1,0.0,3.8761011266018324,3.8761011266018324
158,3,3,2,0.0,0.0,0.0
158,3,3,3,0.0,0.0,0.0
158,3,4,1,0.0,3.8761011266018324,3.8761011266018324
158,3,4,2,0.0,0.0,0.0
158,3,4,3,0.0,0.0,0.0
158,3,5,1,0.0,3.8761011266018324,3.8761011266018324
158,3,5,2,0.0,0.0,0.0
158,3,5,3,0.0,0.0,0.0
158,3,6,1,0.0,3.8761011266018324,3.8761011266018324
158,3,6,2,0.0,0.0,0.0
158,3,6,3,0.0,0.0,0.0
158,3,7,1,0.0,3.8761011266018324,3.8761011266018324
158,3,7,2,0.0,0.0,0.0
158,3,7,3,0.0,0.0,0.0
158,3,8,1,0.0,3.8761011266018324,3.8761011266018324
158,3,8,2,0.0,0.0,0.0
158,3,8,3,0.0,0.0,0.0
158,3,9,1,0.0,3.8761011266018324,3.8761011266018324
158,3,9,2,0.0,0.0,0.0
158,3,9,3,0.0,0.0,0.0
158,3,10,1,0.0,3.8761011266018324,3.8761011266018324
158,3,10,2,0.0,0.0,0.0
158,3,10,3,0.0,0.0,0.0
158,3,11,1,0.0,3.8761011266018324,3.8761011266018324
158,3,11,2,0.0,0.0,0.0
158,3,11,3,0.0,0.0,0.0
158,3,12,1,0.0,3.8761011266018324,3.8761011266018324
158,3,12,2,0.0,0.0,0.0
158,3,12,3,0.0,0.0,0.0
158,3,13,1,0.0,3.8761011266018324,3.8761011266018324
158,3,13,2,0.0,0.0,0.0
158,3,13,3,0.0,0.0,0.0
158,3,14,1,0.0,3.8761011266018324,3.8761011266018324
158,3,14,2,0.0,0.0,0.0
158,3,14,3,0.0,0.0,0.0
158,3,15,1,0.0,3.8761011266018324,3.8761011266018324
158,3,15,2,0.0,0.0,0.0
158,3,15,3,0.0,0.0,0.0
158,3,16,1,0.0,3.8761011266018324,3.8761011266018324
158,3,16,2,0.0,0.0,0.0
158,3,16,3,0.0,0.0,0.0
158,3,17,1,0.0,3.8761011266018324,3.8761011266018324
158,3,17,2,0.0,0.0,0.0
158,3,17,3,0.0,0.0,0.0
158,3,18,1,0.0,3.8761011266018324,3.8761011266018324
158,3,18,2,0.0,0.0,0.0
158,3,18,3,0.0,0.0,0.0
158,3,19,1,0.0,3.8761011266018324,3.8761011266018324
158,3,19,2,0.0,0.0,0.0
158,3,19,3,0.0,0.0,0.0
158,3,20,1,0.0,3.8761011266018324,3.8761011266018324
158,3,20,2,0.0,0.0,0.0
158,3,20,3,0.0,0.0,0.0
158,2,1,1,4.670201183380856,3.8761011266018324,8.54630230998269
158,2,1,2,3.8761011266018324,3.8761011266018324,7.752202253203665
158,2,1,3,0.0,0.0,0.0
158,2,2,1,0.0,0.0,0.0
158,2,2,2,0.0,3.8761011266018324,3.8761011266018324
158,2,2,3,0.0,0.0,0.0
158,2,3,1,0.0,0.0,0.0
158,2,3,2,0.0,3.8761011266018324,3.8761011266018324
158,2,3,3,0.0,0.0,0.0
158,2,4,1,0.0,0.0,0.0
158,2,4,2,0.0,3.8761011266018324,3.8761011266018324
158,2,4,3,0.0,0.0,0.0
158,2,5,1,0.0,0.0,0.0
158,2,5,2,0.0,3.8761011266018324,3.8761011266018324
158,2,5,3,0.0,0.0,0.0
158,2,6,1,0.0,0.0,0.0
158,2,6,2,0.0,3.8761011266018324,3.8761011266018324
158,2,6,3,0.0,0.0,0.0
158,2,7,1,0.0,0.0,0.0
158,2,7,2,0.0,3.8761011266018324,3.8761011266018324
158,2,7,3,0.0,0.0,0.0
158,2,8,1,0.0,0.0,0.0
158,2,8,2,0.0,3.8761011266018324,3.8761011266018324
158,2,8,3,0.0,0.0,0.0
158,2,9,1,0.0,0.0,0.0
158,2,9,2,0.0,3.8761011266018324,3.8761011266018324
158,2,9,3,0.0,0.0,0.0
158,2,10,1,0.0,0.0,0.0
158,2,10,2,0.0,3.8761011266018324,3.8761011266018324
158,2,10,3,0.0,0.0,0.0
158,2,11,1,0.0,0.0,0.0
158,2,11,2,0.0,3.8761011266018324,3.8761011266018324
158,2,11,3,2.0,2.0,4.0
158,2,12,1,0.7941000567790231,3.8761011266018324,4.670201183380856
158,2,12,2,0.0,3.8761011266018324,3.8761011266018324
158,2,12,3,0.0,0.0,0.0
158,2,13,1,0.0,0.0,0.0
158,2,13,2,0.0,3.8761011266018324,3.8761011266018324
158,2,13,3,0.0,0.0,0.0
158,2,14,1,0.0,0.0,0.0
158,2,14,2,0.0,3.8761011266018324,3.8761011266018324
158,2,14,3,0.0,0.0,0.0
158,2,15,1,0.0,0.0,0.0
158,2,15,2,0.0,3.8761011266018324,3.8761011266018324
158,2,15,3,0.0,0.0,0.0
158,2,16,1,0.0,0.0,0.0
158,2,16,2,0.0,3.8761011266018324,3.8761011266018324
158,2,16,3,0.0,0.0,0.0
158,2,17,1,0.0,0.0,0.0
158,2,17,2,0.0,3.8761011266018324,3.8761011266018324
158,2,17,3,0.0,0.0,0.0
158,2,18,1,0.0,0.0,0.0
158,2,18,2,0.0,3.8761011266018324,3.8761011266018324
158,2,18,3,0.0,0.0,0.0
158,2,19,1,0.0,0.0,0.0
158,2,19,2,0.0,3.8761011266018324,3.8761011266018324
158,2,19,3,0.0,0.0,0.0
158,2,20,1,0.0,0.0,0.0
158,2,20,2,0.0,3.8761011266018324,3.8761011266018324
158,2,20,3,0.0,0.0,0.0
158,1,1,1,4.670201183380856,3.8761011266018324,8.54630230998269
158,1,1,2,0.0,0.0,0.0
158,1,1,3,0.0,0.0,0.0
158,1,2,1,0.7941000567790231,3.8761011266018324,4.670201183380856
158,1,2,2,2.794100056779023,2.0,4.794100056779023
158,1,2,3,0.0,0.0,0.0
158,1,3,1,0.0,0.0,0.0
158,1,3,2,0.7941000567790231,2.0,2.794100056779023
158,1,3,3,2.0,2.0,4.0
158,1,4,1,0.0,0.0,0.0
158,1,4,2,0.0,0.0,0.0
158,1,4,3,0.0,2.0,2.0
158,1,5,1,0.0,0.0,0.0
158,1,5,2,0.0,0.0,0.0
158,1,5,3,0.0,2.0,2.0
158,1,6,1,0.0,0.0,0.0
158,1,6,2,0.0,0.0,0.0
158,1,6,3,0.0,2.0,2.0
158,1,7,1,0.0,0.0,0.0
158,1,7,2,0.0,0.0,0.0
158,1,7,3,0.0,2.0,2.0
158,1,8,1,0.0,0.0,0.0
158,1,8,2,0.0,0.0,0.0
158,1,8,3,0.0,2.0,2.0
158,1,9,1,0.0,0.0,0.0
158,1,9,2,0.0,0.0,0.0
158,1,9,3,0.0,2.0,2.0
158,1,10,1,0.0,0.0,0.0
158,1,10,2,0.0,0.0,0.0
158,1,10,3,0.0,2.0,2.0
158,1,11,1,0.0,0.0,0.0
158,1,11,2,0.0,0.0,0.0
158,1,11,3,0.0,2.0,2.0
158,1,12,1,0.0,0.0,0.0
158,1,12,2,0.0,0.0,0.0
158,1,12,3,0.0,2.0,2.0
158,1,13,1,0.0,0.0,0.0
158,1,13,2,0.0,0.0,0.0
158,1,13,3,0.0,2.0,2.0
158,1,14,1,0.0,0.0,0.0
158,1,14,2,0.0,0.0,0.0
158,1,14,3,0.0,2.0,2.0
158,1,15,1,0.0,0.0,0.0
158,1,15,2,0.0,0.0,0.0
158,1,15,3,0.0,2.0,2.0
158,1,16,1,0.0,0.0,0.0
158,1,16,2,0.0,0.0,0.0
158,1,16,3,0.0,2.0,2.0
158,1,17,1,0.0,0.0,0.0
158,1,17,2,0.0,0.0,0.0
158,1,17,3,0.0,2.0,2.0
158,1,18,1,0.0,0.0,0.0
158,1,18,2,0.0,0.0,0.0
158,1,18,3,0.0,2.0,2.0
158,1,19,1,0.0,0.0,0.0
158,1,19,2,0.0,0.0,0.0
158,1,19,3,0.0,2.0,2.0
158,1,20,1,0.0,0.0,0.0
158,1,20,2,0.0,0.0,0.0
158,1,20,3,0.0,2.0,2.0
159,3,1,1,3.8761011266018324,3.8761011266018324,7.752202253203665
159,3,1,2,0.0,0.0,0.0
159,3,1,3,0.0,0.0,0.0
159,3,2,1,3.8761011266018324,3.8761011266018324,7.752202253203665
159,3,2,2,0.0,0.0,0.0
159,3,2,3,0.0,0.0,0.0
159,3,3,1,0.0,3.8761011266018324,3.8761011266018324
159,3,3,2,3.8761011266018324,3.8761011266018324,7.752202253203665
159,3,3,3,2.0,2.0,4.0
159,3,4,1,0.0,0.0,0.0
159,3,4,2,0.0,0.0,0.0
159,3,4,3,0.0,2.0,2.0
159,3,5,1,0.0,0.0,0.0
159,3,5,2,0.0,0.0,0.0
159,3,5,3,0.0,2.0,2.0
159,3,6,1,0.0,3.8761011266018324,3.8761011266018324
159,3,6,2,0.0,0.0,0.0
159,3,6,3,0.0,0.0,0.0
159,3,7,1,0.0,3.8761011266018324,3.8761011266018324
159,3,7,2,0.0,0.0,0.0
159,3,7,3,0.0,0.0,0.0
159,3,8,1,0.0,3.8761011266018324,3.8761011266018324
159,3,8,2,0.0,0.0,0.0
159,3,8,3,0.0,0.0,0.0
159,3,9,1,0.0,3.8761011266018324,3.8761011266018324
159,3,9,2,0.0,0.0,0.0
159,3,9,3,0.0,0.0,0.0
159,3,10,1,0.0,3.8761011266018324,3.8761011266018324
159,3,10,2,0.0,0.0,0.0
159,3,10,3,0.0,0.0,0.0
159,3,11,1,0.0,3.8761011266018324,3.8761011266018324
159,3,11,2,0.0,0.0,0.0
159,3,11,3,0.0,0.0,0.0
159,3,12,1,0.0,3.8761011266018324,3.8761011266018324
159,3,12,2,0.0,0.0,0.0
159,3,12,3,0.0,0.0,0.0
159,3,13,1,0.0,3.8761011266018324,3.8761011266018324
159,3,13,2,0.0,0.0,0.0
159,3,13,3,0.0,0.0,0.0
159,3,14,1,0.0,3.8761011266018324,3.8761011266018324
159,3,14,2,0.0,3.8761011266018324,3.8761011266018324
159,3,14,3,0.0,0.0,0.0
159,3,15,1,0.0,3.8761011266018324,3.8761011266018324
159,3,15,2,0.0,0.0,0.0
159,3,15,3,0.0,0.0,0.0
159,3,16,1,0.0,3.8761011266018324,3.8761011266018324
159,3,16,2,0.0,3.8761011266018324,3.8761011266018324
159,3,16,3,0.0,0.0,0.0
159,3,17,1,0.0,3.8761011266018324,3.8761011266018324
159,3,17,2,0.0,0.0,0.0
159,3,17,3,0.0,0.0,0.0
159,3,18,1,0.0,3.8761011266018324,3.8761011266018324
159,3,18,2,0.0,3.8761011266018324,3.8761011266018324
159,3,18,3,0.0,0.0,0.0
159,3,19,1,0.0,0.0,0.0
159,3,19,2,0.0,3.8761011266018324,3.8761011266018324
159,3,19,3,0.0,0.0,0.0
159,3,20,1,0.0,3.8761011266018324,3.8761011266018324
159,3,20,2,0.0,0.0,0.0
159,3,20,3,0.0,0.0,0.0
159,2,1,1,4.670201183380856,3.8761011266018324,8.54630230998269
159,2,1,2,3.8761011266018324,3.8761011266018324,7.752202253203665
159,2,1,3,0.0,0.0,0.0
159,2,2,1,0.0,0.0,0.0
159,2,2,2,0.0,3.8761011266018324,3.8761011266018324
159,2,2,3,0.0,0.0,0.0
159,2,3,1,0.0,0.0,0.0
159,2,3,2,0.0,3.8761011266018324,3.8761011266018324
159,2,3,3,0.0,0.0,0.0
159,2,4,1,0.0,0.0,0.0
159,2,4,2,0.0,3.8761011266018324,3.8761011266018324
159,2,4,3,0.0,0.0,0.0
159,2,5,1,0.0,0.0,0.0
159,2,5,2,0.0,3.8761011266018324,3.8761011266018324
159,2,5,3,2.0,2.0,4.0
159,2,6,1,0.0,0.0,0.0
159,2,6,2,0.0,0.0,0.0
159,2,6,3,0.0,2.0,2.0
159,2,7,1,0.0,0.0,0.0
159,2,7,2,0.0,0.0,0.0
159,2,7,3,0.0,2.0,2.0
159,2,8,1,0.0,0.0,0.0
159,2,8,2,0.0,0.0,0.0
159,2,8,3,0.0,2.0,2.0
159,2,9,1,0.0,0.0,0.0
159,2,9,2,0.0,0.0,0.0
159,2,9,3,0.0,2.0,2.0
159,2,10,1,0.0,0.0,0.0
159,2,10,2,0.0,0.0,0.0
159,2,10,3,0.0,2.0,2.0
159,2,11,1,0.7941000567790231,3.8761011266018324,4.670201183380856
159,2,11,2,0.0,0.0,0.0
159,2,11,3,0.0,0.0,0.0
159,2,12,1,0.7941000567790231,3.8761011266018324,4.670201183380856
159,2,12,2,0.0,0.0,0.0
159,2,12,3,0.0,0.0,0.0
159,2,13,1,0.7941000567790231,3.8761011266018324,4.670201183380856
159,2,13,2,0.0,0.0,0.0
159,2,13,3,0.0,0.0,0.0
159,2,14,1,0.0,3.8761011266018324,3.8761011266018324
159,2,14,2,0.0,3.8761011266018324,3.8761011266018324
159,2,14,3,0.0,0.0,0.0
159,2,15,1,0.0,0.0,0.0
159,2,15,2,0.0,3.8761011266018324,3.8761011266018324
159,2,15,3,0.0,0.0,0.0
159,2,16,1,0.0,0.0,0.0
159,2,16,2,0.0,3.8761011266018324,3.8761011266018324
159,2,16,3,0.0,0.0,0.0
159,2,17,1,0.0,0.0,0.0
159,2,17,2,0.0,3.8761011266018324,3.8761011266018324
159,2,17,3,0.0,0.0,0.0
159,2,18,1,0.0,0.0,0.0
159,2,18,2,0.0,3.8761011266018324,3.8761011266018324
159,2,18,3,0.0,0.0,0.0
159,2,19,1,0.0,0.0,0.0
159,2,19,2,0.0,3.8761011266018324,3.8761011266018324
159,2,19,3,0.0,0.0,0.0
159,2,20,1,0.0,0.0,0.0
159,2,20,2,0.0,3.8761011266018324,3.8761011266018324
159,2,20,3,0.0,0.0,0.0
159,1,1,1,4.670201183380856,3.8761011266018324,8.54630230998269
159,1,1,2,2.794100056779023,2.0,4.794100056779023
159,1,1,3,0.0,0.0,0.0
159,1,2,1,0.0,0.0,0.0
159,1,2,2,0.7941000567790231,2.0,2.794100056779023
159,1,2,3,2.0,2.0,4.0
159,1,3,1,0.0,0.0,0.0
159,1,3,2,0.0,0.0,0.0
159,1,3,3,0.0,2.0,2.0
159,1,4,1,0.0,0.0,0.0
159,1,4,2,0.0,0.0,0.0
159,1,4,3,0.0,2.0,2.0
159,1,5,1,0.0,0.0,0.0
159,1,5,2,0.0,0.0,0.0
159,1,5,3,0.0,0.0,0.0
159,1,6,1,0.0,0.0,0.0
159,1,6,2,0.0,0.0,0.0
159,1,6,3,0.0,0.0,0.0
159,1,7,1,0.0,0.0,0.0
159,1,7,2,0.0,0.0,0.0
159,1,7,3,0.0,0.0,0.0
159,1,8,1,0.0,0.0,0.0
159,1,8,2,0.0,0.0,0.0
159,1,8,3,0.0,0.0,0.0
159,1,9,1,0.7941000567790231,3.8761011266018324,4.670201183380856
159,1,9,2,0.0,0.0,0.0
159,1,9,3,0.0,0.0,0.0
159,1,10,1,0.7941000567790231,3.8761011266018324,4.670201183380856
159,1,10,2,0.0,2.0,2.0
159,1,10,3,0.0,2.0,2.0
159,1,11,1,0.0,0.0,0.0
159,1,11,2,0.0,0.0,0.0
159,1,11,3,0.0,2.0,2.0
159,1,12,1,0.0,0.0,0.0
159,1,12,2,0.0,0.0,0.0
159,1,12,3,0.0,2.0,2.0
159,1,13,1,0.0,0.0,0.0
159,1,13,2,0.0,0.0,0.0
159,1,13,3,0.0,2.0,2.0
159,1,14,1,0.0,0.0,0.0
159,1,14,2,0.0,0.0,0.0
159,1,14,3,0.0,2.0,2.0
159,1,15,1,0.0,0.0,0.0
159,1,15,2,0.0,0.0,0.0
159,1,15,3,0.0,2.0,2.0
159,1,16,1,0.0,0.0,0.0
159,1,16,2,0.0,0.0,0.0
159,1,16,3,0.0,2.0,2.0
159,1,17,1,0.0,0.0,0.0
159,1,17,2,0.0,0.0,0.0
159,1,17,3,0.0,2.0,2.0
159,1,18,1,0.0,0.0,0.0
159,1,18,2,0.0,0.0,0.0
159,1,18,3,0.0,2.0,2.0
159,1,19,1,0.0,0.0,0.0
159,1,19,2,0.0,0.0,0.0
159,1,19,3,0.0,2.0,2.0
159,1,20,1,0.0,0.0,0.0
159,1,20,2,0.0,0.0,0.0
159,1,20,3,0.0,2.0,2.0
160,3,1,1,3.8761011266018324,3.8761011266018324,7.752202253203665
160,3,1,2,3.8761011266018324,3.8761011266018324,7.752202253203665
160,3,1,3,0.0,0.0,0.0
160,3,2,1,0.0,0.0,0.0
160,3,2,2,0.0,3.8761011266018324,3.8761011266018324
160,3,2,3,0.0,0.0,0.0
160,3,3,1,0.0,0.0,0.0
160,3,3,2,0.0,3.8761011266018324,3.8761011266018324
160,3,3,3,2.0,2.0,4.0
160,3,4,1,3.8761011266018324,3.8761011266018324,7.752202253203665
160,3,4,2,0.0,0.0,0.0
160,3,4,3,0.0,0.0,0.0
160,3,5,1,0.0,3.8761011266018324,3.8761011266018324
160,3,5,2,0.0,0.0,0.0
160,3,5,3,0.0,0.0,0.0
160,3,6,1,0.0,3.8761011266018324,3.8761011266018324
160,3,6,2,0.0,0.0,0.0
160,3,6,3,0.0,0.0,0.0
160,3,7,1,0.0,3.8761011266018324,3.8761011266018324
160,3,7,2,0.0,0.0,0.0
160,3,7,3,0.0,0.0,0.0
160,3,8,1,0.0,3.8761011266018324,3.8761011266018324
160,3,8,2,0.0,3.8761011266018324,3.8761011266018324
160,3,8,3,0.0,0.0,0.0
160,3,9,1,0.0,3.8761011266018324,3.8761011266018324
160,3,9,2,0.0,0.0,0.0
160,3,9,3,0.0,0.0,0.0
160,3,10,1,0.0,3.8761011266018324,3.8761011266018324
160,3,10,2,0.0,0.0,0.0
160,3,10,3,0.0,0.0,0.0
160,3,11,1,0.0,3.8761011266018324,3.8761011266018324
160,3,11,2,0.0,3.8761011266018324,3.8761011266018324
160,3,11,3,0.0,0.0,0.0
160,3,12,1,0.0,3.8761011266018324,3.8761011266018324
160,3,12,2,0.0,0.0,0.0
160,3,12,3,0.0,0.0,0.0
160,3,13,1,0.0,3.8761011266018324,3.8761011266018324
160,3,13,2,0.0,0.0,0.0
160,3,13,3,0.0,0.0,0.0
160,3,14,1,0.0,3.8761011266018324,3.8761011266018324
160,3,14,2,0.0,0.0,0.0
160,3,14,3,0.0,0.0,0.0
160,3,15,1,0.0,3.8761011266018324,3.8761011266018324
160,3,15,2,0.0,0.0,0.0
160,3,15,3,0.0,0.0,0.0
160,3,16,1,0.0,3.8761011266018324,3.8761011266018324
160,3,16,2,0.0,0.0,0.0
160,3,16,3,0.0,0.0,0.0
160,3,17,1,0.0,3.8761011266018324,3.8761011266018324
160,3,17,2,0.0,3.8761011266018324,3.8761011266018324
160,3,17,3,0.0,0.0,0.0
160,3,18,1,0.0,0.0,0.0
160,3,18,2,0.0,3.8761011266018324,3.8761011266018324
160,3,18,3,0.0,0.0,0.0
160,3,19,1,0.0,0.0,0.0
160,3,19,2,0.0,3.8761011266018324,3.8761011266018324
160,3,19,3,0.0,0.0,0.0
160,3,20,1,0.0,0.0,0.0
160,3,20,2,0.0,3.8761011266018324,3.8761011266018324
160,3,20,3,0.0,0.0,0.0
160,2,1,1,4.670201183380856,3.8761011266018324,8.54630230998269
160,2,1,2,0.0,0.0,0.0
160,2,1,3,0.0,0.0,0.0
160,2,2,1,0.7941000567790231,3.8761011266018324,4.670201183380856
160,2,2,2,3.8761011266018324,3.8761011266018324,7.752202253203665
160,2,2,3,2.0,2.0,4.0
160,2,3,1,0.7941000567790231,3.8761011266018324,4.670201183380856
160,2,3,2,0.0,3.8761011266018324,3.8761011266018324
160,2,3,3,0.0,0.0,0.0
160,2,4,1,0.0,0.0,0.0
160,2,4,2,0.0,3.8761011266018324,3.8761011266018324
160,2,4,3,0.0,0.0,0.0
160,2,5,1,0.0,0.0,0.0
160,2,5,2,0.0,3.8761011266018324,3.8761011266018324
160,2,5,3,0.0,2.0,2.0
160,2,6,1,0.7941000567790231,3.8761011266018324,4.670201183380856
160,2,6,2,0.0,0.0,0.0
160,2,6,3,0.0,0.0,0.0
160,2,7,1,0.0,3.8761011266018324,3.8761011266018324
160,2,7,2,0.0,3.8761011266018324,3.8761011266018324
160,2,7,3,0.0,0.0,0.0
160,2,8,1,0.0,0.0,0.0
160,2,8,2,0.0,3.8761011266018324,3.8761011266018324
160,2,8,3,0.0,0.0,0.0
160,2,9,1,0.0,0.0,0.0
160,2,9,2,0.0,3.8761011266018324,3.8761011266018324
160,2,9,3,0.0,0.0,0.0
160,2,10,1,0.0,0.0,0.0
160,2,10,2,0.0,3.8761011266018324,3.8761011266018324
160,2,10,3,0.0,0.0,0.0
160,2,11,1,0.0,0.0,0.0
160,2,11,2,0.0,3.8761011266018324,3.8761011266018324
160,2,11,3,0.0,0.0,0.0
160,2,12,1,0.0,0.0,0.0
160,2,12,2,0.0,3.8761011266018324,3.8761011266018324
160,2,12,3,0.0,0.0,0.0
160,2,13,1,0.0,0.0,0.0
160,2,13,2,0.0,3.8761011266018324,3.8761011266018324
160,2,13,3,0.0,0.0,0.0
160,2,14,1,0.0,0.0,0.0
160,2,14,2,0.0,3.8761011266018324,3.8761011266018324
160,2,14,3,0.0,0.0,0.0
160,2,15,1,0.0,0.0,0.0
160,2,15,2,0.0,3.8761011266018324,3.8761011266018324
160,2,15,3,0.0,0.0,0.0
160,2,16,1,0.0,0.0,0.0
160,2,16,2,0.0,3.8761011266018324,3.8761011266018324
160,2,16,3,0.0,0.0,0.0
160,2,17,1,0.0,0.0,0.0
160,2,17,2,0.0,3.8761011266018324,3.8761011266018324
160,2,17,3,0.0,0.0,0.0
160,2,18,1,0.0,0.0,0.0
160,2,18,2,0.0,3.8761011266018324,3.8761011266018324
160,2,18,3,0.0,0.0,0.0
160,2,19,1,0.0,0.0,0.0
160,2,19,2,0.0,3.8761011266018324,3.8761011266018324
160,2,19,3,0.0,0.0,0.0
160,2,20,1,0.0,0.0,0.0
160,2,20,2,0.0,3.8761011266018324,3.8761011266018324
160,2,20,3,0.0,0.0,0.0
160,1,1,1,4.670201183380856,3.8761011266018324,8.54630230998269
160,1,1,2,0.0,0.0,0.0
160,1,1,3,0.0,0.0,0.0
160,1,2,1,0.7941000567790231,3.8761011266018324,4.670201183380856
160,1,2,2,0.0,0.0,0.0
160,1,2,3,0.0,0.0,0.0
160,1,3,1,0.7941000567790231,3.8761011266018324,4.670201183380856
160,1,3,2,0.0,0.0,0.0
160,1,3,3,0.0,0.0,0.0
160,1,4,1,0.0,3.8761011266018324,3.8761011266018324
160,1,4,2,0.0,0.0,0.0
160,1,4,3,0.0,0.0,0.0
160,1,5,1,0.0,3.8761011266018324,3.8761011266018324
160,1,5,2,0.0,0.0,0.0
160,1,5,3,0.0,0.0,0.0
160,1,6,1,0.0,3.8761011266018324,3.8761011266018324
160,1,6,2,2.794100056779023,2.0,4.794100056779023
160,1,6,3,0.0,0.0,0.0
160,1,7,1,0.0,0.0,0.0
160,1,7,2,0.7941000567790231,2.0,2.794100056779023
160,1,7,3,0.0,0.0,0.0
160,1,8,1,0.0,0.0,0.0
160,1,8,2,0.0,2.0,2.0
160,1,8,3,0.0,0.0,0.0
160,1,9,1,0.0,0.0,0.0
160,1,9,2,0.0,2.0,2.0
160,1,9,3,0.0,0.0,0.0
160,1,10,1,0.0,0.0,0.0
160,1,10,2,0.0,2.0,2.0
160,1,10,3,2.0,2.0,4.0
160,1,11,1,0.0,0.0,0.0
160,1,11,2,0.0,0.0,0.0
160,1,11,3,0.0,2.0,2.0
160,1,12,1,0.0,0.0,0.0
160,1,12,2,0.0,0.0,0.0
160,1,12,3,0.0,2.0,2.0
160,1,13,1,0.0,0.0,0.0
160,1,13,2,0.0,0.0,0.0
160,1,13,3,0.0,2.0,2.0
160,1,14,1,0.0,0.0,0.0
160,1,14,2,0.0,0.0,0.0
160,1,14,3,0.0,2.0,2.0
160,1,15,1,0.0,0.0,0.0
160,1,15,2,0.0,0.0,0.0
160,1,15,3,0.0,2.0,2.0
160,1,16,1,0.0,0.0,0.0
160,1,16,2,0.0,0.0,0.0
160,1,16,3,0.0,2.0,2.0
160,1,17,1,0.0,0.0,0.0
160,1,17,2,0.0,0.0,0.0
160,1,17,3,0.0,2.0,2.0
160,1,18,1,0.0,0.0,0.0
160,1,18,2,0.0,0.0,0.0
160,1,18,3,0.0,2.0,2.0
160,1,19,1,0.0,0.0,0.0
160,1,19,2,0.0,0.0,0.0
160,1,19,3,0.0,2.0,2.0
160,1,20,1,0.0,0.0,0.0
160,1,20,2,0.0,0.0,0.0
160,1,20,3,0.0,2.0,2.0
161,3,1,1,3.8761011266018324,3.8761011266018324,7.752202253203665
161,3,1,2,0.0,0.0,0.0
161,3,1,3,0.0,0.0,0.0
161,3,2,1,3.8761011266018324,3.8761011266018324,7.752202253203665
161,3,2,2,0.0,0.0,0.0
161,3,2,3,0.0,0.0,0.0
161,3,3,1,0.0,3.8761011266018324,3.8761011266018324
161,3,3,2,0.0,0.0,0.0
161,3,3,3,0.0,0.0,0.0
161,3,4,1,0.0,3.8761011266018324,3.8761011266018324
161,3,4,2,0.0,0.0,0.0
161,3,4,3,0.0,0.0,0.0
161,3,5,1,0.0,3.8761011266018324,3.8761011266018324
161,3,5,2,0.0,0.0,0.0
161,3,5,3,0.0,0.0,0.0
161,3,6,1,0.0,3.8761011266018324,3.8761011266018324
161,3,6,2,3.8761011266018324,3.8761011266018324,7.752202253203665
161,3,6,3,0.0,0.0,0.0
161,3,7,1,0.0,3.8761011266018324,3.8761011266018324
161,3,7,2,0.0,0.0,0.0
161,3,7,3,0.0,0.0,0.0
161,3,8,1,0.0,3.8761011266018324,3.8761011266018324
161,3,8,2,0.0,0.0,0.0
161,3,8,3,0.0,0.0,0.0
161,3,9,1,0.0,3.8761011266018324,3.8761011266018324
161,3,9,2,0.0,0.0,0.0
161,3,9,3,0.0,0.0,0.0
161,3,10,1,0.0,3.8761011266018324,3.8761011266018324
161,3,10,2,0.0,0.0,0.0
161,3,10,3,0.0,0.0,0.0
161,3,11,1,0.0,3.8761011266018324,3.8761011266018324
161,3,11,2,0.0,0.0,0.0
161,3,11,3,0.0,0.0,0.0
161,3,12,1,0.0,3.8761011266018324,3.8761011266018324
161,3,12,2,0.0,0.0,0.0
161,3,12,3,0.0,0.0,0.0
161,3,13,1,0.0,3.8761011266018324,3.8761011266018324
161,3,13,2,0.0,3.8761011266018324,3.8761011266018324
161,3,13,3,0.0,0.0,0.0
161,3,14,1,0.0,3.8761011266018324,3.8761011266018324
161,3,14,2,0.0,3.8761011266018324,3.8761011266018324
161,3,14,3,0.0,0.0,0.0
161,3,15,1,0.0,0.0,0.0
161,3,15,2,0.0,3.8761011266018324,3.8761011266018324
161,3,15,3,0.0,0.0,0.0
161,3,16,1,0.0,3.8761011266018324,3.8761011266018324
161,3,16,2,0.0,3.8761011266018324,3.8761011266018324
161,3,16,3,0.0,0.0,0.0
161,3,17,1,0.0,3.8761011266018324,3.8761011266018324
161,3,17,2,0.0,3.8761011266018324,3.8761011266018324
161,3,17,3,0.0,0.0,0.0
161,3,18,1,0.0,0.0,0.0
161,3,18,2,0.0,3.8761011266018324,3.8761011266018324
161,3,18,3,0.0,0.0,0.0
161,3,19,1,0.0,0.0,0.0
161,3,19,2,0.0,3.8761011266018324,3.8761011266018324
161,3,19,3,2.0,2.0,4.0
161,3,20,1,0.0,3.8761011266018324,3.8761011266018324
161,3,20,2,0.0,0.0,0.0
161,3,20,3,0.0,0.0,0.0
161,2,1,1,4.670201183380856,3.8761011266018324,8.54630230998269
161,2,1,2,0.0,0.0,0.0
161,2,1,3,0.0,0.0,0.0
161,2,2,1,0.7941000567790231,3.8761011266018324,4.670201183380856
161,2,2,2,0.0,0.0,0.0
161,2,2,3,0.0,0.0,0.0
161,2,3,1,0.7941000567790231,3.8761011266018324,4.670201183380856
161,2,3,2,0.0,0.0,0.0
161,2,3,3,0.0,0.0,0.0
161,2,4,1,0.7941000567790231,3.8761011266018324,4.670201183380856
161,2,4,2,3.8761011266018324,3.8761011266018324,7.752202253203665
161,2,4,3,0.0,0.0,0.0
161,2,5,1,0.0,0.0,0.0
161,2,5,2,0.0,3.8761011266018324,3.8761011266018324
161,2,5,3,0.0,0.0,0.0
161,2,6,1,0.0,0.0,0.0
161,2,6,2,0.0,3.8761011266018324,3.8761011266018324
161,2,6,3,0.0,0.0,0.0
161,2,7,1,0.0,0.0,0.0
161,2,7,2,0.0,3.8761011266018324,3.8761011266018324
161,2,7,3,0.0,0.0,0.0
161,2,8,1,0.0,0.0,0.0
161,2,8,2,0.0,3.8761011266018324,3.8761011266018324
161,2,8,3,0.0,0.0,0.0
161,2,9,1,0.0,0.0,0.0
161,2,9,2,0.0,3.8761011266018324,3.8761011266018324
161,2,9,3,2.0,2.0,4.0
161,2,10,1,0.0,3.8761011266018324,3.8761011266018324
161,2,10,2,0.0,3.8761011266018324,3.8761011266018324
161,2,10,3,0.0,0.0,0.0
161,2,11,1,0.0,0.0,0.0
161,2,11,2,0.0,3.8761011266018324,3.8761011266018324
161,2,11,3,0.0,0.0,0.0
161,2,12,1,0.0,0.0,0.0
161,2,12,2,0.0,3.8761011266018324,3.8761011266018324
161,2,12,3,0.0,0.0,0.0
161,2,13,1,0.0,0.0,0.0
161,2,13,2,0.0,3.8761011266018324,3.8761011266018324
161,2,13,3,0.0,0.0,0.0
161,2,14,1,0.0,0.0,0.0
161,2,14,2,0.0,3.8761011266018324,3.8761011266018324
161,2,14,3,0.0,2.0,2.0
161,2,15,1,0.0,3.8761011266018324,3.8761011266018324
161,2,15,2,0.0,3.8761011266018324,3.8761011266018324
161,2,15,3,0.0,0.0,0.0
161,2,16,1,0.0,0.0,0.0
161,2,16,2,0.0,3.8761011266018324,3.8761011266018324
161,2,16,3,0.0,0.0,0.0
161,2,17,1,0.0,0.0,0.0
161,2,17,2,0.0,3.8761011266018324,3.8761011266018324
161,2,17,3,0.0,0.0,0.0
161,2,18,1,0.0,0.0,0.0
161,2,18,2,0.0,3.8761011266018324,3.8761011266018324
161,2,18,3,0.0,0.0,0.0
161,2,19,1,0.0,0.0,0.0
161,2,19,2,0.0,3.8761011266018324,3.8761011266018324
161,2,19,3,0.0,2.0,2.0
161,2,20,1,0.0,3.8761011266018324,3.8761011266018324
161,2,20,2,0.0,3.8761011266018324,3.8761011266018324
161,2,20,3,0.0,0.0,0.0
161,1,1,1,4.670201183380856,3.8761011266018324,8.54630230998269
161,1,1,2,0.0,0.0,0.0
161,1,1,3,0.0,0.0,0.0
161,1,2,1,0.7941000567790231,3.8761011266018324,4.670201183380856
161,1,2,2,0.0,0.0,0.0
161,1,2,3,0.0,0.0,0.0
161,1,3,1,0.7941000567790231,3.8761011266018324,4.670201183380856
161,1,3,2,2.794100056779023,2.0,4.794100056779023
161,1,3,3,0.0,0.0,0.0
161,1,4,1,0.0,0.0,0.0
161,1,4,2,0.7941000567790231,2.0,2.794100056779023
161,1,4,3,2.0,2.0,4.0
161,1,5,1,0.0,0.0,0.0
161,1,5,2,0.0,0.0,0.0
161,1,5,3,0.0,2.0,2.0
161,1,6,1,0.0,0.0,0.0
161,1,6,2,0.0,0.0,0.0
161,1,6,3,0.0,2.0,2.0
161,1,7,1,0.0,0.0,0.0
161,1,7,2,0.0,0.0,0.0
161,1,7,3,0.0,2.0,2.0
161,1,8,1,0.0,0.0,0.0
161,1,8,2,0.0,0.0,0.0
161,1,8,3,0.0,2.0,2.0
161,1,9,1,0.0,0.0,0.0
161,1,9,2,0.0,0.0,0.0
161,1,9,3,0.0,2.0,2.0
161,1,10,1,0.0,0.0,0.0
161,1,10,2,0.0,0.0,0.0
161,1,10,3,0.0,2.0,2.0
161,1,11,1,0.0,0.0,0.0
161,1,11,2,0.0,0.0,0.0
161,1,11,3,0.0,2.0,2.0
161,1,12,1,0.0,0.0,0.0
161,1,12,2,0.0,0.0,0.0
161,1,12,3,0.0,2.0,2.0
161,1,13,1,0.0,0.0,0.0
161,1,13,2,0.0,0.0,0.0
161,1,13,3,0.0,2.0,2.0
161,1,14,1,0.0,0.0,0.0
161,1,14,2,0.0,0.0,0.0
161,1,14,3,0.0,2.0,2.0
161,1,15,1,0.0,0.0,0.0
161,1,15,2,0.0,0.0,0.0
161,1,15,3,0.0,2.0,2.0
161,1,16,1,0.0,0.0,0.0
161,1,16,2,0.0,0.0,0.0
161,1,16,3,0.0,2.0,2.0
161,1,17,1,0.0,0.0,0.0
161,1,17,2,0.0,0.0,0.0
161,1,17,3,0.0,2.0,2.0
161,1,18,1,0.0,0.0,0.0
161,1,18,2,0.0,0.0,0.0
161,1,18,3,0.0,2.0,2.0
161,1,19,1,0.0,0.0,0.0
161,1,19,2,0.0,0.0,0.0
161,1,19,3,0.0,2.0,2.0
161,1,20,1,0.0,0.0,0.0
161,1,20,2,0.0,0.0,0.0
161,1,20,3,0.0,2.0,2.0
162,3,1,1,3.8761011266018324,3.8761011266018324,7.752202253203665
162,3,1,2,3.8761011266018324,3.8761011266018324,7.752202253203665
162,3,1,3,0.0,0.0,0.0
162,3,2,1,3.8761011266018324,3.8761011266018324,7.752202253203665
162,3,2,2,0.0,0.0,0.0
162,3,2,3,0.0,0.0,0.0
162,3,3,1,0.0,3.8761011266018324,3.8761011266018324
162,3,3,2,0.0,0.0,0.0
162,3,3,3,0.0,0.0,0.0
162,3,4,1,0.0,3.8761011266018324,3.8761011266018324
162,3,4,2,0.0,0.0,0.0
162,3,4,3,0.0,0.0,0.0
162,3,5,1,0.0,3.8761011266018324,3.8761011266018324
162,3,5,2,0.0,0.0,0.0
162,3,5,3,0.0,0.0,0.0
162,3,6,1,0.0,3.8761011266018324,3.8761011266018324
162,3,6,2,0.0,0.0,0.0
162,3,6,3,0.0,0.0,0.0
162,3,7,1,0.0,3.8761011266018324,3.8761011266018324
162,3,7,2,0.0,0.0,0.0
162,3,7,3,0.0,0.0,0.0
162,3,8,1,0.0,3.8761011266018324,3.8761011266018324
162,3,8,2,0.0,3.8761011266018324,3.8761011266018324
162,3,8,3,0.0,0.0,0.0
162,3,9,1,0.0,3.8761011266018324,3.8761011266018324
162,3,9,2,0.0,0.0,0.0
162,3,9,3,0.0,0.0,0.0
162,3,10,1,0.0,3.8761011266018324,3.8761011266018324
162,3,10,2,0.0,3.8761011266018324,3.8761011266018324
162,3,10,3,0.0,0.0,0.0
162,3,11,1,0.0,0.0,0.0
162,3,11,2,0.0,3.8761011266018324,3.8761011266018324
162,3,11,3,0.0,0.0,0.0
162,3,12,1,0.0,3.8761011266018324,3.8761011266018324
162,3,12,2,0.0,3.8761011266018324,3.8761011266018324
162,3,12,3,0.0,0.0,0.0
162,3,13,1,0.0,3.8761011266018324,3.8761011266018324
162,3,13,2,0.0,0.0,0.0
162,3,13,3,0.0,0.0,0.0
162,3,14,1,0.0,3.8761011266018324,3.8761011266018324
162,3,14,2,0.0,0.0,0.0
162,3,14,3,0.0,0.0,0.0
162,3,15,1,0.0,3.8761011266018324,3.8761011266018324
162,3,15,2,0.0,0.0,0.0
162,3,15,3,0.0,0.0,0.0
162,3,16,1,0.0,3.8761011266018324,3.8761011266018324
162,3,16,2,0.0,0.0,0.0
162,3,16,3,0.0,0.0,0.0
162,3,17,1,0.0,3.8761011266018324,3.8761011266018324
162,3,17,2,0.0,0.0,0.0
162,3,17,3,0.0,0.0,0.0
162,3,18,1,0.0,3.8761011266018324,3.8761011266018324
162,3,18,2,0.0,3.8761011266018324,3.8761011266018324
162,3,18,3,0.0,0.0,0.0
162,3,19,1,0.0,0.0,0.0
162,3,19,2,0.0,3.8761011266018324,3.8761011266018324
162,3,19,3,0.0,0.0,0.0
162,3,20,1,0.0,3.8761011266018324,3.8761011266018324
162,3,20,2,0.0,0.0,0.0
162,3,20,3,0.0,0.0,0.0
162,2,1,1,4.670201183380856,3.8761011266018324,8.54630230998269
162,2,1,2,3.8761011266018324,3.8761011266018324,7.752202253203665
162,2,1,3,2.0,2.0,4.0
162,2,2,1,0.7941000567790231,3.8761011266018324,4.670201183380856
162,2,2,2,0.0,3.8761011266018324,3.8761011266018324
162,2,2,3,0.0,0.0,0.0
162,2,3,1,0.0,0.0,0.0
162,2,3,2,0.0,3.8761011266018324,3.8761011266018324
162,2,3,3,0.0,0.0,0.0
162,2,4,1,0.0,0.0,0.0
162,2,4,2,0.0,3.8761011266018324,3.8761011266018324
162,2,4,3,0.0,0.0,0.0
162,2,5,1,0.0,0.0,0.0
162,2,5,2,0.0,3.8761011266018324,3.8761011266018324
162,2,5,3,0.0,0.0,0.0
162,2,6,1,0.0,0.0,0.0
162,2,6,2,0.0,3.8761011266018324,3.8761011266018324
162,2,6,3,0.0,0.0,0.0
162,2,7,1,0.0,0.0,0.0
162,2,7,2,0.0,3.8761011266018324,3.8761011266018324
162,2,7,3,0.0,0.0,0.0
162,2,8,1,0.0,0.0,0.0
162,2,8,2,0.0,3.8761011266018324,3.8761011266018324
162,2,8,3,0.0,0.0,0.0
162,2,9,1,0.0,0.0,0.0
162,2,9,2,0.0,3.8761011266018324,3.8761011266018324
162,2,9,3,0.0,2.0,2.0
162,2,10,1,0.7941000567790231,3.8761011266018324,4.670201183380856
162,2,10,2,0.0,3.8761011266018324,3.8761011266018324
162,2,10,3,0.0,0.0,0.0
162,2,11,1,0.0,0.0,0.0
162,2,11,2,0.0,3.8761011266018324,3.8761011266018324
162,2,11,3,0.0,0.0,0.0
162,2,12,1,0.0,0.0,0.0
162,2,12,2,0.0,3.8761011266018324,3.8761011266018324
162,2,12,3,0.0,0.0,0.0
162,2,13,1,0.0,0.0,0.0
162,2,13,2,0.0,3.8761011266018324,3.8761011266018324
162,2,13,3,0.0,0.0,0.0
162,2,14,1,0.0,0.0,0.0
162,2,14,2,0.0,3.8761011266018324,3.8761011266018324
162,2,14,3,0.0,0.0,0.0
162,2,15,1,0.0,0.0,0.0
162,2,15,2,0.0,3.8761011266018324,3.8761011266018324
162,2,15,3,0.0,0.0,0.0
162,2,16,1,0.0,0.0,0.0
162,2,16,2,0.0,3.8761011266018324,3.8761011266018324
162,2,16,3,0.0,0.0,0.0
162,2,17,1,0.0,0.0,0.0
162,2,17,2,0.0,3.8761011266018324,3.8761011266018324
162,2,17,3,0.0,0.0,0.0
162,2,18,1,0.0,0.0,0.0
162,2,18,2,0.0,3.8761011266018324,3.8761011266018324
162,2,18,3,0.0,0.0,0.0
162,2,19,1,0.0,0.0,0.0
162,2,19,2,0.0,3.8761011266018324,3.8761011266018324
162,2,19,3,0.0,0.0,0.0
162,2,20,1,0.0,0.0,0.0
162,2,20,2,0.0,3.8761011266018324,3.8761011266018324
162,2,20,3,0.0,0.0,0.0
162,1,1,1,4.670201183380856,3.8761011266018324,8.54630230998269
162,1,1,2,0.0,0.0,0.0
162,1,1,3,0.0,0.0,0.0
162,1,2,1,0.7941000567790231,3.8761011266018324,4.670201183380856
162,1,2,2,0.0,0.0,0.0
162,1,2,3,0.0,0.0,0.0
162,1,3,1,0.7941000567790231,3.8761011266018324,4.670201183380856
162,1,3,2,0.0,0.0,0.0
162,1,3,3,0.0,0.0,0.0
162,1,4,1,0.0,3.8761011266018324,3.8761011266018324
162,1,4,2,2.794100056779023,2.0,4.794100056779023
162,1,4,3,0.0,0.0,0.0
162,1,5,1,0.0,0.0,0.0
162,1,5,2,0.7941000567790231,2.0,2.794100056779023
162,1,5,3,0.0,0.0,0.0
162,1,6,1,0.0,0.0,0.0
162,1,6,2,0.0,2.0,2.0
162,1,6,3,0.0,0.0,0.0
162,1,7,1,0.0,0.0,0.0
162,1,7,2,0.0,2.0,2.0
162,1,7,3,2.0,2.0,4.0
162,1,8,1,0.0,0.0,0.0
162,1,8,2,0.0,0.0,0.0
162,1,8,3,0.0,2.0,2.0
162,1,9,1,0.0,0.0,0.0
162,1,9,2,0.0,0.0,0.0
162,1,9,3,0.0,2.0,2.0
162,1,10,1,0.0,0.0,0.0
162,1,10,2,0.0,0.0,0.0
162,1,10,3,0.0,2.0,2.0
162,1,11,1,0.0,0.0,0.0
162,1,11,2,0.0,0.0,0.0
162,1,11,3,0.0,2.0,2.0
162,1,12,1,0.0,0.0,0.0
162,1,12,2,0.0,0.0,0.0
162,1,12,3,0.0,2.0,2.0
162,1,13,1,0.0,0.0,0.0
162,1,13,2,0.0,0.0,0.0
162,1,13,3,0.0,2.0,2.0
162,1,14,1,0.0,0.0,0.0
162,1,14,2,0.0,0.0,0.0
162,1,14,3,0.0,2.0,2.0
162,1,15,1,0.0,0.0,0.0
162,1,15,2,0.0,0.0,0.0
162,1,15,3,0.0,2.0,2.0
162,1,16,1,0.0,0.0,0.0
162,1,16,2,0.0,0.0,0.0
162,1,16,3,0.0,2.0,2.0
162,1,17,1,0.0,0.0,0.0
162,1,17,2,0.0,0.0,0.0
162,1,17,3,0.0,2.0,2.0
162,1,18,1,0.0,0.0,0.0
162,1,18,2,0.0,0.0,0.0
162,1,18,3,0.0,2.0,2.0
162,1,19,1,0.0,3.8761011266018324,3.8761011266018324
162,1,19,2,0.0,2.0,2.0
162,1,19,3,0.0,2.0,2.0
162,1,20,1,0.0,0.0,0.0
162,1,20,2,0.0,0.0,0.0
162,1,20,3,0.0,2.0,2.0
