sub,planning_depth,trial_num_within_goal,decision,rollouts,control,b1,b2,RT_sec,RT,delayed_planning,goal_switch,control_regressor
0,3,1,1,14.000427690388907,1,0.8750267306493067,0.2294427601939151,4.900128307116672,1.589261389899608,1,1,1.0
0,3,1,2,0.0,1,0.8750267306493067,0.2294427601939151,0.7,-0.35667494393873245,0,1,1.0
0,3,1,3,0.0,1,0.8750267306493067,0.2294427601939151,0.7,-0.35667494393873245,0,1,1.0
0,3,2,1,7.0002138451944536,1,0.8750267306493067,0.2294427601939151,2.8000641535583357,1.0296423289038026,1,0,1.0
0,3,2,2,0.0,1,0.8750267306493067,0.2294427601939151,0.7,-0.35667494393873245,0,0,1.0
0,3,2,3,0.0,1,0.8750267306493067,0.2294427601939151,0.7,-0.35667494393873245,0,0,1.0
0,3,3,1,7.0002138451944536,1,0.8750267306493067,0.2294427601939151,2.8000641535583357,1.0296423289038026,1,0,1.0
0,3,3,2,0.0,1,0.8750267306493067,0.2294427601939151,0.7,-0.35667494393873245,0,0,1.0
0,3,3,3,0.0,1,0.8750267306493067,0.2294427601939151,0.7,-0.35667494393873245,0,0,1.0
0,3,4,1,7.0002138451944536,1,0.8750267306493067,0.2294427601939151,2.8000641535583357,1.0296423289038026,1,0,1.0
0,3,4,2,0.0,1,0.8750267306493067,0.2294427601939151,0.7,-0.35667494393873245,0,0,1.0
0,3,4,3,0.0,1,0.8750267306493067,0.2294427601939151,0.7,-0.35667494393873245,0,0,1.0
0,3,5,1,7.0002138451944536,1,0.8750267306493067,0.2294427601939151,2.8000641535583357,1.0296423289038026,1,0,1.0
0,3,5,2,0.0,1,0.8750267306493067,0.2294427601939151,0.7,-0.35667494393873245,0,0,1.0
0,3,5,3,0.0,1,0.8750267306493067,0.2294427601939151,0.7,-0.35667494393873245,0,0,1.0
0,3,6,1,7.0002138451944536,1,0.8750267306493067,0.2294427601939151,2.8000641535583357,1.0296423289038026,1,0,1.0
0,3,6,2,0.0,1,0.8750267306493067,0.2294427601939151,0.7,-0.35667494393873245,0,0,1.0
0,3,6,3,0.0,1,0.8750267306493067,0.2294427601939151,0.7,-0.35667494393873245,0,0,1.0
0,3,7,1,7.0002138451944536,1,0.8750267306493067,0.2294427601939151,2.8000641535583357,1.0296423289038026,1,0,1.0
0,3,7,2,0.0,1,0.8750267306493067,0.2294427601939151,0.7,-0.35667494393873245,0,0,1.0
0,3,7,3,0.0,1,0.8750267306493067,0.2294427601939151,0.7,-0.35667494393873245,0,0,1.0
0,3,8,1,7.0002138451944536,1,0.8750267306493067,0.2294427601939151,2.8000641535583357,1.0296423289038026,1,0,1.0
0,3,8,2,0.0,1,0.8750267306493067,0.2294427601939151,0.7,-0.35667494393873245,0,0,1.0
0,3,8,3,0.0,1,0.8750267306493067,0.2294427601939151,0.7,-0.35667494393873245,0,0,1.0
0,3,9,1,7.0002138451944536,1,0.8750267306493067,0.2294427601939151,2.8000641535583357,1.0296423289038026,1,0,1.0
0,3,9,2,0.0,1,0.8750267306493067,0.2294427601939151,0.7,-0.35667494393873245,0,0,1.0
0,3,9,3,0.0,1,0.8750267306493067,0.2294427601939151,0.7,-0.35667494393873245,0,0,1.0
0,3,10,1,7.0002138451944536,1,0.8750267306493067,0.2294427601939151,2.8000641535583357,1.0296423289038026,1,0,1.0
0,3,10,2,0.0,1,0.8750267306493067,0.2294427601939151,0.7,-0.35667494393873245,0,0,1.0
0,3,10,3,0.0,1,0.8750267306493067,0.2294427601939151,0.7,-0.35667494393873245,0,0,1.0
0,3,11,1,7.0002138451944536,1,0.8750267306493067,0.2294427601939151,2.8000641535583357,1.0296423289038026,1,0,1.0
0,3,11,2,0.0,1,0.8750267306493067,0.2294427601939151,0.7,-0.35667494393873245,0,0,1.0
0,3,11,3,0.0,1,0.8750267306493067,0.2294427601939151,0.7,-0.35667494393873245,0,0,1.0
0,3,12,1,7.0002138451944536,1,0.8750267306493067,0.2294427601939151,2.8000641535583357,1.0296423289038026,1,0,1.0
0,3,12,2,0.0,1,0.8750267306493067,0.2294427601939151,0.7,-0.35667494393873245,0,0,1.0
0,3,12,3,0.0,1,0.8750267306493067,0.2294427601939151,0.7,-0.35667494393873245,0,0,1.0
0,3,13,1,7.0002138451944536,1,0.8750267306493067,0.2294427601939151,2.8000641535583357,1.0296423289038026,1,0,1.0
0,3,13,2,0.0,1,0.8750267306493067,0.2294427601939151,0.7,-0.35667494393873245,0,0,1.0
0,3,13,3,0.0,1,0.8750267306493067,0.2294427601939151,0.7,-0.35667494393873245,0,0,1.0
0,3,14,1,7.0002138451944536,1,0.8750267306493067,0.2294427601939151,2.8000641535583357,1.0296423289038026,1,0,1.0
0,3,14,2,0.0,1,0.8750267306493067,0.2294427601939151,0.7,-0.35667494393873245,0,0,1.0
0,3,14,3,0.0,1,0.8750267306493067,0.2294427601939151,0.7,-0.35667494393873245,0,0,1.0
0,3,15,1,7.0002138451944536,1,0.8750267306493067,0.2294427601939151,2.8000641535583357,1.0296423289038026,1,0,1.0
0,3,15,2,0.0,1,0.8750267306493067,0.2294427601939151,0.7,-0.35667494393873245,0,0,1.0
0,3,15,3,0.0,1,0.8750267306493067,0.2294427601939151,0.7,-0.35667494393873245,0,0,1.0
0,3,16,1,7.0002138451944536,1,0.8750267306493067,0.2294427601939151,2.8000641535583357,1.0296423289038026,1,0,1.0
0,3,16,2,0.0,1,0.8750267306493067,0.2294427601939151,0.7,-0.35667494393873245,0,0,1.0
0,3,16,3,0.0,1,0.8750267306493067,0.2294427601939151,0.7,-0.35667494393873245,0,0,1.0
0,3,17,1,7.0002138451944536,1,0.8750267306493067,0.2294427601939151,2.8000641535583357,1.0296423289038026,1,0,1.0
0,3,17,2,0.0,1,0.8750267306493067,0.2294427601939151,0.7,-0.35667494393873245,0,0,1.0
0,3,17,3,0.0,1,0.8750267306493067,0.2294427601939151,0.7,-0.35667494393873245,0,0,1.0
0,3,18,1,7.0002138451944536,1,0.8750267306493067,0.2294427601939151,2.8000641535583357,1.0296423289038026,1,0,1.0
0,3,18,2,0.0,1,0.8750267306493067,0.2294427601939151,0.7,-0.35667494393873245,0,0,1.0
0,3,18,3,0.0,1,0.8750267306493067,0.2294427601939151,0.7,-0.35667494393873245,0,0,1.0
0,3,19,1,7.0002138451944536,1,0.8750267306493067,0.2294427601939151,2.8000641535583357,1.0296423289038026,1,0,1.0
0,3,19,2,0.0,1,0.8750267306493067,0.2294427601939151,0.7,-0.35667494393873245,0,0,1.0
0,3,19,3,0.0,1,0.8750267306493067,0.2294427601939151,0.7,-0.35667494393873245,0,0,1.0
0,3,20,1,7.0002138451944536,1,0.8750267306493067,0.2294427601939151,2.8000641535583357,1.0296423289038026,1,0,1.0
0,3,20,2,0.0,1,0.8750267306493067,0.2294427601939151,0.7,-0.35667494393873245,0,0,1.0
0,3,20,3,0.0,1,0.8750267306493067,0.2294427601939151,0.7,-0.35667494393873245,0,0,1.0
0,2,1,1,8.91777104077566,1,0.8750267306493067,0.2294427601939151,3.3753313122326976,1.216493486093935,0,1,1.0
0,2,1,2,0.0,1,0.8750267306493067,0.2294427601939151,0.7,-0.35667494393873245,1,1,1.0
0,2,1,3,0.0,1,0.8750267306493067,0.2294427601939151,0.7,-0.35667494393873245,0,1,1.0
0,2,2,1,4.91777104077566,1,0.8750267306493067,0.2294427601939151,2.1753313122326983,0.777180980403307,0,0,1.0
0,2,2,2,0.0,1,0.8750267306493067,0.2294427601939151,0.7,-0.35667494393873245,1,0,1.0
0,2,2,3,0.0,1,0.8750267306493067,0.2294427601939151,0.7,-0.35667494393873245,0,0,1.0
0,2,3,1,4.91777104077566,0,0.8750267306493067,0.2294427601939151,2.1753313122326983,0.777180980403307,0,0,0.0
0,2,3,2,8.0,1,0.8750267306493067,0.2294427601939151,3.0999999999999996,1.1314021114911004,1,0,1.0
0,2,3,3,0.0,1,0.8750267306493067,0.2294427601939151,0.7,-0.35667494393873245,0,0,1.0
0,2,4,1,0.0,0,0.8750267306493067,0.2294427601939151,0.7,-0.35667494393873245,0,0,0.0
0,2,4,2,4.0,1,0.8750267306493067,0.2294427601939151,1.9,0.6418538861723947,1,0,1.0
0,2,4,3,0.0,1,0.8750267306493067,0.2294427601939151,0.7,-0.35667494393873245,0,0,1.0
0,2,5,1,0.0,0,0.8750267306493067,0.2294427601939151,0.7,-0.35667494393873245,0,0,0.0
0,2,5,2,4.0,1,0.8750267306493067,0.2294427601939151,1.9,0.6418538861723947,1,0,1.0
0,2,5,3,0.0,1,0.8750267306493067,0.2294427601939151,0.7,-0.35667494393873245,0,0,1.0
0,2,6,1,0.0,0,0.8750267306493067,0.2294427601939151,0.7,-0.35667494393873245,0,0,0.0
0,2,6,2,4.0,1,0.8750267306493067,0.2294427601939151,1.9,0.6418538861723947,1,0,1.0
0,2,6,3,0.0,1,0.8750267306493067,0.2294427601939151,0.7,-0.35667494393873245,0,0,1.0
0,2,7,1,0.0,0,0.8750267306493067,0.2294427601939151,0.7,-0.35667494393873245,0,0,0.0
0,2,7,2,4.0,1,0.8750267306493067,0.2294427601939151,1.9,0.6418538861723947,1,0,1.0
0,2,7,3,0.0,1,0.8750267306493067,0.2294427601939151,0.7,-0.35667494393873245,0,0,1.0
0,2,8,1,0.0,0,0.8750267306493067,0.2294427601939151,0.7,-0.35667494393873245,0,0,0.0
0,2,8,2,4.0,1,0.8750267306493067,0.2294427601939151,1.9,0.6418538861723947,1,0,1.0
0,2,8,3,0.0,1,0.8750267306493067,0.2294427601939151,0.7,-0.35667494393873245,0,0,1.0
0,2,9,1,0.0,0,0.8750267306493067,0.2294427601939151,0.7,-0.35667494393873245,0,0,0.0
0,2,9,2,4.0,1,0.8750267306493067,0.2294427601939151,1.9,0.6418538861723947,1,0,1.0
0,2,9,3,0.0,1,0.8750267306493067,0.2294427601939151,0.7,-0.35667494393873245,0,0,1.0
0,2,10,1,0.0,0,0.8750267306493067,0.2294427601939151,0.7,-0.35667494393873245,0,0,0.0
0,2,10,2,4.0,1,0.8750267306493067,0.2294427601939151,1.9,0.6418538861723947,1,0,1.0
0,2,10,3,0.0,1,0.8750267306493067,0.2294427601939151,0.7,-0.35667494393873245,0,0,1.0
0,2,11,1,0.0,0,0.8750267306493067,0.2294427601939151,0.7,-0.35667494393873245,0,0,0.0
0,2,11,2,4.0,1,0.8750267306493067,0.2294427601939151,1.9,0.6418538861723947,1,0,1.0
0,2,11,3,0.0,1,0.8750267306493067,0.2294427601939151,0.7,-0.35667494393873245,0,0,1.0
0,2,12,1,0.0,0,0.8750267306493067,0.2294427601939151,0.7,-0.35667494393873245,0,0,0.0
0,2,12,2,4.0,1,0.8750267306493067,0.2294427601939151,1.9,0.6418538861723947,1,0,1.0
0,2,12,3,0.0,1,0.8750267306493067,0.2294427601939151,0.7,-0.35667494393873245,0,0,1.0
0,2,13,1,0.0,0,0.8750267306493067,0.2294427601939151,0.7,-0.35667494393873245,0,0,0.0
0,2,13,2,4.0,1,0.8750267306493067,0.2294427601939151,1.9,0.6418538861723947,1,0,1.0
0,2,13,3,0.0,1,0.8750267306493067,0.2294427601939151,0.7,-0.35667494393873245,0,0,1.0
0,2,14,1,0.0,0,0.8750267306493067,0.2294427601939151,0.7,-0.35667494393873245,0,0,0.0
0,2,14,2,4.0,1,0.8750267306493067,0.2294427601939151,1.9,0.6418538861723947,1,0,1.0
0,2,14,3,0.0,1,0.8750267306493067,0.2294427601939151,0.7,-0.35667494393873245,0,0,1.0
0,2,15,1,0.0,0,0.8750267306493067,0.2294427601939151,0.7,-0.35667494393873245,0,0,0.0
0,2,15,2,4.0,1,0.8750267306493067,0.2294427601939151,1.9,0.6418538861723947,1,0,1.0
0,2,15,3,0.0,1,0.8750267306493067,0.2294427601939151,0.7,-0.35667494393873245,0,0,1.0
0,2,16,1,0.0,0,0.8750267306493067,0.2294427601939151,0.7,-0.35667494393873245,0,0,0.0
0,2,16,2,4.0,1,0.8750267306493067,0.2294427601939151,1.9,0.6418538861723947,1,0,1.0
0,2,16,3,0.0,1,0.8750267306493067,0.2294427601939151,0.7,-0.35667494393873245,0,0,1.0
0,2,17,1,0.0,0,0.8750267306493067,0.2294427601939151,0.7,-0.35667494393873245,0,0,0.0
0,2,17,2,4.0,1,0.8750267306493067,0.2294427601939151,1.9,0.6418538861723947,1,0,1.0
0,2,17,3,0.0,1,0.8750267306493067,0.2294427601939151,0.7,-0.35667494393873245,0,0,1.0
0,2,18,1,0.0,0,0.8750267306493067,0.2294427601939151,0.7,-0.35667494393873245,0,0,0.0
0,2,18,2,4.0,1,0.8750267306493067,0.2294427601939151,1.9,0.6418538861723947,1,0,1.0
0,2,18,3,0.0,1,0.8750267306493067,0.2294427601939151,0.7,-0.35667494393873245,0,0,1.0
0,2,19,1,0.0,0,0.8750267306493067,0.2294427601939151,0.7,-0.35667494393873245,0,0,0.0
0,2,19,2,4.0,1,0.8750267306493067,0.2294427601939151,1.9,0.6418538861723947,1,0,1.0
0,2,19,3,0.0,1,0.8750267306493067,0.2294427601939151,0.7,-0.35667494393873245,0,0,1.0
0,2,20,1,0.0,0,0.8750267306493067,0.2294427601939151,0.7,-0.35667494393873245,0,0,0.0
0,2,20,2,4.0,1,0.8750267306493067,0.2294427601939151,1.9,0.6418538861723947,1,0,1.0
0,2,20,3,0.0,1,0.8750267306493067,0.2294427601939151,0.7,-0.35667494393873245,0,0,1.0
0,1,1,1,8.91777104077566,1,0.8750267306493067,0.2294427601939151,3.3753313122326976,1.216493486093935,0,1,1.0
0,1,1,2,0.0,1,0.8750267306493067,0.2294427601939151,0.7,-0.35667494393873245,0,1,1.0
0,1,1,3,0.0,1,0.8750267306493067,0.2294427601939151,0.7,-0.35667494393873245,1,1,1.0
0,1,2,1,4.91777104077566,0,0.8750267306493067,0.2294427601939151,2.1753313122326983,0.777180980403307,0,0,0.0
0,1,2,2,4.91777104077566,0,0.8750267306493067,0.2294427601939151,2.1753313122326983,0.777180980403307,0,0,0.0
0,1,2,3,4.0,1,0.8750267306493067,0.2294427601939151,1.9,0.6418538861723947,1,0,1.0
0,1,3,1,0.0,0,0.8750267306493067,0.2294427601939151,0.7,-0.35667494393873245,0,0,0.0
0,1,3,2,0.0,0,0.8750267306493067,0.2294427601939151,0.7,-0.35667494393873245,0,0,0.0
0,1,3,3,2.0,1,0.8750267306493067,0.2294427601939151,1.2999999999999998,0.2623642644674909,1,0,1.0
0,1,4,1,0.0,0,0.8750267306493067,0.2294427601939151,0.7,-0.35667494393873245,0,0,0.0
0,1,4,2,0.0,0,0.8750267306493067,0.2294427601939151,0.7,-0.35667494393873245,0,0,0.0
0,1,4,3,2.0,1,0.8750267306493067,0.2294427601939151,1.2999999999999998,0.2623642644674909,1,0,1.0
0,1,5,1,0.0,0,0.8750267306493067,0.2294427601939151,0.7,-0.35667494393873245,0,0,0.0
0,1,5,2,0.0,0,0.8750267306493067,0.2294427601939151,0.7,-0.35667494393873245,0,0,0.0
0,1,5,3,2.0,1,0.8750267306493067,0.2294427601939151,1.2999999999999998,0.2623642644674909,1,0,1.0
0,1,6,1,0.0,0,0.8750267306493067,0.2294427601939151,0.7,-0.35667494393873245,0,0,0.0
0,1,6,2,0.0,0,0.8750267306493067,0.2294427601939151,0.7,-0.35667494393873245,0,0,0.0
0,1,6,3,2.0,1,0.8750267306493067,0.2294427601939151,1.2999999999999998,0.2623642644674909,1,0,1.0
0,1,7,1,0.0,0,0.8750267306493067,0.2294427601939151,0.7,-0.35667494393873245,0,0,0.0
0,1,7,2,0.0,0,0.8750267306493067,0.2294427601939151,0.7,-0.35667494393873245,0,0,0.0
0,1,7,3,2.0,1,0.8750267306493067,0.2294427601939151,1.2999999999999998,0.2623642644674909,1,0,1.0
0,1,8,1,0.0,0,0.8750267306493067,0.2294427601939151,0.7,-0.35667494393873245,0,0,0.0
0,1,8,2,0.0,0,0.8750267306493067,0.2294427601939151,0.7,-0.35667494393873245,0,0,0.0
0,1,8,3,2.0,1,0.8750267306493067,0.2294427601939151,1.2999999999999998,0.2623642644674909,1,0,1.0
0,1,9,1,0.0,0,0.8750267306493067,0.2294427601939151,0.7,-0.35667494393873245,0,0,0.0
0,1,9,2,0.0,0,0.8750267306493067,0.2294427601939151,0.7,-0.35667494393873245,0,0,0.0
0,1,9,3,2.0,1,0.8750267306493067,0.2294427601939151,1.2999999999999998,0.2623642644674909,1,0,1.0
0,1,10,1,0.0,0,0.8750267306493067,0.2294427601939151,0.7,-0.35667494393873245,0,0,0.0
0,1,10,2,0.0,0,0.8750267306493067,0.2294427601939151,0.7,-0.35667494393873245,0,0,0.0
0,1,10,3,2.0,1,0.8750267306493067,0.2294427601939151,1.2999999999999998,0.2623642644674909,1,0,1.0
0,1,11,1,0.0,0,0.8750267306493067,0.2294427601939151,0.7,-0.35667494393873245,0,0,0.0
0,1,11,2,0.0,0,0.8750267306493067,0.2294427601939151,0.7,-0.35667494393873245,0,0,0.0
0,1,11,3,2.0,1,0.8750267306493067,0.2294427601939151,1.2999999999999998,0.2623642644674909,1,0,1.0
0,1,12,1,0.0,0,0.8750267306493067,0.2294427601939151,0.7,-0.35667494393873245,0,0,0.0
0,1,12,2,0.0,0,0.8750267306493067,0.2294427601939151,0.7,-0.35667494393873245,0,0,0.0
0,1,12,3,2.0,1,0.8750267306493067,0.2294427601939151,1.2999999999999998,0.2623642644674909,1,0,1.0
0,1,13,1,0.0,0,0.8750267306493067,0.2294427601939151,0.7,-0.35667494393873245,0,0,0.0
0,1,13,2,0.0,0,0.8750267306493067,0.2294427601939151,0.7,-0.35667494393873245,0,0,0.0
0,1,13,3,2.0,1,0.8750267306493067,0.2294427601939151,1.2999999999999998,0.2623642644674909,1,0,1.0
0,1,14,1,0.0,0,0.8750267306493067,0.2294427601939151,0.7,-0.35667494393873245,0,0,0.0
0,1,14,2,0.0,0,0.8750267306493067,0.2294427601939151,0.7,-0.35667494393873245,0,0,0.0
0,1,14,3,2.0,1,0.8750267306493067,0.2294427601939151,1.2999999999999998,0.2623642644674909,1,0,1.0
0,1,15,1,0.0,0,0.8750267306493067,0.2294427601939151,0.7,-0.35667494393873245,0,0,0.0
0,1,15,2,0.0,0,0.8750267306493067,0.2294427601939151,0.7,-0.35667494393873245,0,0,0.0
0,1,15,3,2.0,1,0.8750267306493067,0.2294427601939151,1.2999999999999998,0.2623642644674909,1,0,1.0
0,1,16,1,0.0,0,0.8750267306493067,0.2294427601939151,0.7,-0.35667494393873245,0,0,0.0
0,1,16,2,0.0,0,0.8750267306493067,0.2294427601939151,0.7,-0.35667494393873245,0,0,0.0
0,1,16,3,2.0,1,0.8750267306493067,0.2294427601939151,1.2999999999999998,0.2623642644674909,1,0,1.0
0,1,17,1,0.0,0,0.8750267306493067,0.2294427601939151,0.7,-0.35667494393873245,0,0,0.0
0,1,17,2,0.0,0,0.8750267306493067,0.2294427601939151,0.7,-0.35667494393873245,0,0,0.0
0,1,17,3,2.0,1,0.8750267306493067,0.2294427601939151,1.2999999999999998,0.2623642644674909,1,0,1.0
0,1,18,1,0.0,0,0.8750267306493067,0.2294427601939151,0.7,-0.35667494393873245,0,0,0.0
0,1,18,2,0.0,0,0.8750267306493067,0.2294427601939151,0.7,-0.35667494393873245,0,0,0.0
0,1,18,3,2.0,1,0.8750267306493067,0.2294427601939151,1.2999999999999998,0.2623642644674909,1,0,1.0
0,1,19,1,0.0,0,0.8750267306493067,0.2294427601939151,0.7,-0.35667494393873245,0,0,0.0
0,1,19,2,0.0,0,0.8750267306493067,0.2294427601939151,0.7,-0.35667494393873245,0,0,0.0
0,1,19,3,2.0,1,0.8750267306493067,0.2294427601939151,1.2999999999999998,0.2623642644674909,1,0,1.0
0,1,20,1,0.0,0,0.8750267306493067,0.2294427601939151,0.7,-0.35667494393873245,0,0,0.0
0,1,20,2,0.0,0,0.8750267306493067,0.2294427601939151,0.7,-0.35667494393873245,0,0,0.0
0,1,20,3,2.0,1,0.8750267306493067,0.2294427601939151,1.2999999999999998,0.2623642644674909,1,0,1.0
1,3,1,1,12.003739003500815,0,0.750233687718801,0.1192122878224957,4.301121701050245,1.458875849390637,1,1,0.0
1,3,1,2,8.0,1,0.750233687718801,0.1192122878224957,3.0999999999999996,1.1314021114911004,0,1,1.0
1,3,1,3,0.0,1,0.750233687718801,0.1192122878224957,0.7,-0.35667494393873245,0,1,1.0
1,3,2,1,8.0,1,0.750233687718801,0.1192122878224957,3.0999999999999996,1.1314021114911004,1,0,1.0
1,3,2,2,0.0,1,0.750233687718801,0.1192122878224957,0.7,-0.35667494393873245,0,0,1.0
1,3,2,3,0.0,1,0.750233687718801,0.1192122878224957,0.7,-0.35667494393873245,0,0,1.0
1,3,3,1,6.001869501750408,1,0.750233687718801,0.1192122878224957,2.5005608505251224,0.9165150469237021,1,0,1.0
1,3,3,2,0.0,1,0.750233687718801,0.1192122878224957,0.7,-0.35667494393873245,0,0,1.0
1,3,3,3,0.0,1,0.750233687718801,0.1192122878224957,0.7,-0.35667494393873245,0,0,1.0
1,3,4,1,6.001869501750408,1,0.750233687718801,0.1192122878224957,2.5005608505251224,0.9165150469237021,1,0,1.0
1,3,4,2,0.0,1,0.750233687718801,0.1192122878224957,0.7,-0.35667494393873245,0,0,1.0
1,3,4,3,0.0,1,0.750233687718801,0.1192122878224957,0.7,-0.35667494393873245,0,0,1.0
1,3,5,1,6.001869501750408,1,0.750233687718801,0.1192122878224957,2.5005608505251224,0.9165150469237021,1,0,1.0
1,3,5,2,0.0,1,0.750233687718801,0.1192122878224957,0.7,-0.35667494393873245,0,0,1.0
1,3,5,3,0.0,1,0.750233687718801,0.1192122878224957,0.7,-0.35667494393873245,0,0,1.0
1,3,6,1,6.001869501750408,1,0.750233687718801,0.1192122878224957,2.5005608505251224,0.9165150469237021,1,0,1.0
1,3,6,2,0.0,1,0.750233687718801,0.1192122878224957,0.7,-0.35667494393873245,0,0,1.0
1,3,6,3,0.0,1,0.750233687718801,0.1192122878224957,0.7,-0.35667494393873245,0,0,1.0
1,3,7,1,6.001869501750408,1,0.750233687718801,0.1192122878224957,2.5005608505251224,0.9165150469237021,1,0,1.0
1,3,7,2,0.0,1,0.750233687718801,0.1192122878224957,0.7,-0.35667494393873245,0,0,1.0
1,3,7,3,0.0,1,0.750233687718801,0.1192122878224957,0.7,-0.35667494393873245,0,0,1.0
1,3,8,1,6.001869501750408,1,0.750233687718801,0.1192122878224957,2.5005608505251224,0.9165150469237021,1,0,1.0
1,3,8,2,0.0,1,0.750233687718801,0.1192122878224957,0.7,-0.35667494393873245,0,0,1.0
1,3,8,3,0.0,1,0.750233687718801,0.1192122878224957,0.7,-0.35667494393873245,0,0,1.0
1,3,9,1,6.001869501750408,1,0.750233687718801,0.1192122878224957,2.5005608505251224,0.9165150469237021,1,0,1.0
1,3,9,2,0.0,1,0.750233687718801,0.1192122878224957,0.7,-0.35667494393873245,0,0,1.0
1,3,9,3,0.0,1,0.750233687718801,0.1192122878224957,0.7,-0.35667494393873245,0,0,1.0
1,3,10,1,6.001869501750408,1,0.750233687718801,0.1192122878224957,2.5005608505251224,0.9165150469237021,1,0,1.0
1,3,10,2,0.0,1,0.750233687718801,0.1192122878224957,0.7,-0.35667494393873245,0,0,1.0
1,3,10,3,0.0,1,0.750233687718801,0.1192122878224957,0.7,-0.35667494393873245,0,0,1.0
1,3,11,1,6.001869501750408,1,0.750233687718801,0.1192122878224957,2.5005608505251224,0.9165150469237021,1,0,1.0
1,3,11,2,0.0,1,0.750233687718801,0.1192122878224957,0.7,-0.35667494393873245,0,0,1.0
1,3,11,3,0.0,1,0.750233687718801,0.1192122878224957,0.7,-0.35667494393873245,0,0,1.0
1,3,12,1,6.001869501750408,1,0.750233687718801,0.1192122878224957,2.5005608505251224,0.9165150469237021,1,0,1.0
1,3,12,2,0.0,1,0.750233687718801,0.1192122878224957,0.7,-0.35667494393873245,0,0,1.0
1,3,12,3,0.0,1,0.750233687718801,0.1192122878224957,0.7,-0.35667494393873245,0,0,1.0
1,3,13,1,6.001869501750408,1,0.750233687718801,0.1192122878224957,2.5005608505251224,0.9165150469237021,1,0,1.0
1,3,13,2,0.0,1,0.750233687718801,0.1192122878224957,0.7,-0.35667494393873245,0,0,1.0
1,3,13,3,0.0,1,0.750233687718801,0.1192122878224957,0.7,-0.35667494393873245,0,0,1.0
1,3,14,1,6.001869501750408,1,0.750233687718801,0.1192122878224957,2.5005608505251224,0.9165150469237021,1,0,1.0
1,3,14,2,0.0,1,0.750233687718801,0.1192122878224957,0.7,-0.35667494393873245,0,0,1.0
1,3,14,3,0.0,1,0.750233687718801,0.1192122878224957,0.7,-0.35667494393873245,0,0,1.0
1,3,15,1,6.001869501750408,1,0.750233687718801,0.1192122878224957,2.5005608505251224,0.9165150469237021,1,0,1.0
1,3,15,2,0.0,1,0.750233687718801,0.1192122878224957,0.7,-0.35667494393873245,0,0,1.0
1,3,15,3,0.0,1,0.750233687718801,0.1192122878224957,0.7,-0.35667494393873245,0,0,1.0
1,3,16,1,6.001869501750408,1,0.750233687718801,0.1192122878224957,2.5005608505251224,0.9165150469237021,1,0,1.0
1,3,16,2,0.0,1,0.750233687718801,0.1192122878224957,0.7,-0.35667494393873245,0,0,1.0
1,3,16,3,0.0,1,0.750233687718801,0.1192122878224957,0.7,-0.35667494393873245,0,0,1.0
1,3,17,1,6.001869501750408,1,0.750233687718801,0.1192122878224957,2.5005608505251224,0.9165150469237021,1,0,1.0
1,3,17,2,0.0,1,0.750233687718801,0.1192122878224957,0.7,-0.35667494393873245,0,0,1.0
1,3,17,3,0.0,1,0.750233687718801,0.1192122878224957,0.7,-0.35667494393873245,0,0,1.0
1,3,18,1,6.001869501750408,1,0.750233687718801,0.1192122878224957,2.5005608505251224,0.9165150469237021,1,0,1.0
1,3,18,2,0.0,1,0.750233687718801,0.1192122878224957,0.7,-0.35667494393873245,0,0,1.0
1,3,18,3,0.0,1,0.750233687718801,0.1192122878224957,0.7,-0.35667494393873245,0,0,1.0
1,3,19,1,6.001869501750408,1,0.750233687718801,0.1192122878224957,2.5005608505251224,0.9165150469237021,1,0,1.0
1,3,19,2,0.0,1,0.750233687718801,0.1192122878224957,0.7,-0.35667494393873245,0,0,1.0
1,3,19,3,0.0,1,0.750233687718801,0.1192122878224957,0.7,-0.35667494393873245,0,0,1.0
1,3,20,1,6.001869501750408,1,0.750233687718801,0.1192122878224957,2.5005608505251224,0.9165150469237021,1,0,1.0
1,3,20,2,0.0,1,0.750233687718801,0.1192122878224957,0.7,-0.35667494393873245,0,0,1.0
1,3,20,3,0.0,1,0.750233687718801,0.1192122878224957,0.7,-0.35667494393873245,0,0,1.0
1,2,1,1,8.476849151289983,1,0.750233687718801,0.1192122878224957,3.2430547453869947,1.1765157082764355,0,1,1.0
1,2,1,2,0.0,1,0.750233687718801,0.1192122878224957,0.7,-0.35667494393873245,1,1,1.0
1,2,1,3,0.0,1,0.750233687718801,0.1192122878224957,0.7,-0.35667494393873245,0,1,1.0
1,2,2,1,4.476849151289983,1,0.750233687718801,0.1192122878224957,2.0430547453869945,0.7144461120437637,0,0,1.0
1,2,2,2,0.0,1,0.750233687718801,0.1192122878224957,0.7,-0.35667494393873245,1,0,1.0
1,2,2,3,0.0,1,0.750233687718801,0.1192122878224957,0.7,-0.35667494393873245,0,0,1.0
1,2,3,1,4.476849151289983,1,0.750233687718801,0.1192122878224957,2.0430547453869945,0.7144461120437637,0,0,1.0
1,2,3,2,0.0,1,0.750233687718801,0.1192122878224957,0.7,-0.35667494393873245,1,0,1.0
1,2,3,3,0.0,1,0.750233687718801,0.1192122878224957,0.7,-0.35667494393873245,0,0,1.0
1,2,4,1,4.476849151289983,0,0.750233687718801,0.1192122878224957,2.0430547453869945,0.7144461120437637,0,0,0.0
1,2,4,2,8.0,1,0.750233687718801,0.1192122878224957,3.0999999999999996,1.1314021114911004,1,0,1.0
1,2,4,3,0.0,1,0.750233687718801,0.1192122878224957,0.7,-0.35667494393873245,0,0,1.0
1,2,5,1,0.0,0,0.750233687718801,0.1192122878224957,0.7,-0.35667494393873245,0,0,0.0
1,2,5,2,4.0,1,0.750233687718801,0.1192122878224957,1.9,0.6418538861723947,1,0,1.0
1,2,5,3,0.0,1,0.750233687718801,0.1192122878224957,0.7,-0.35667494393873245,0,0,1.0
1,2,6,1,0.0,0,0.750233687718801,0.1192122878224957,0.7,-0.35667494393873245,0,0,0.0
1,2,6,2,4.0,1,0.750233687718801,0.1192122878224957,1.9,0.6418538861723947,1,0,1.0
1,2,6,3,0.0,1,0.750233687718801,0.1192122878224957,0.7,-0.35667494393873245,0,0,1.0
1,2,7,1,0.0,0,0.750233687718801,0.1192122878224957,0.7,-0.35667494393873245,0,0,0.0
1,2,7,2,4.0,1,0.750233687718801,0.1192122878224957,1.9,0.6418538861723947,1,0,1.0
1,2,7,3,0.0,1,0.750233687718801,0.1192122878224957,0.7,-0.35667494393873245,0,0,1.0
1,2,8,1,0.0,0,0.750233687718801,0.1192122878224957,0.7,-0.35667494393873245,0,0,0.0
1,2,8,2,4.0,1,0.750233687718801,0.1192122878224957,1.9,0.6418538861723947,1,0,1.0
1,2,8,3,0.0,1,0.750233687718801,0.1192122878224957,0.7,-0.35667494393873245,0,0,1.0
1,2,9,1,0.0,0,0.750233687718801,0.1192122878224957,0.7,-0.35667494393873245,0,0,0.0
1,2,9,2,4.0,1,0.750233687718801,0.1192122878224957,1.9,0.6418538861723947,1,0,1.0
1,2,9,3,0.0,1,0.750233687718801,0.1192122878224957,0.7,-0.35667494393873245,0,0,1.0
1,2,10,1,0.0,0,0.750233687718801,0.1192122878224957,0.7,-0.35667494393873245,0,0,0.0
1,2,10,2,4.0,1,0.750233687718801,0.1192122878224957,1.9,0.6418538861723947,1,0,1.0
1,2,10,3,0.0,1,0.750233687718801,0.1192122878224957,0.7,-0.35667494393873245,0,0,1.0
1,2,11,1,0.0,0,0.750233687718801,0.1192122878224957,0.7,-0.35667494393873245,0,0,0.0
1,2,11,2,4.0,1,0.750233687718801,0.1192122878224957,1.9,0.6418538861723947,1,0,1.0
1,2,11,3,0.0,1,0.750233687718801,0.1192122878224957,0.7,-0.35667494393873245,0,0,1.0
1,2,12,1,0.0,0,0.750233687718801,0.1192122878224957,0.7,-0.35667494393873245,0,0,0.0
1,2,12,2,4.0,1,0.750233687718801,0.1192122878224957,1.9,0.6418538861723947,1,0,1.0
1,2,12,3,0.0,1,0.750233687718801,0.1192122878224957,0.7,-0.35667494393873245,0,0,1.0
1,2,13,1,0.0,0,0.750233687718801,0.1192122878224957,0.7,-0.35667494393873245,0,0,0.0
1,2,13,2,4.0,1,0.750233687718801,0.1192122878224957,1.9,0.6418538861723947,1,0,1.0
1,2,13,3,0.0,1,0.750233687718801,0.1192122878224957,0.7,-0.35667494393873245,0,0,1.0
1,2,14,1,0.0,0,0.750233687718801,0.1192122878224957,0.7,-0.35667494393873245,0,0,0.0
1,2,14,2,4.0,1,0.750233687718801,0.1192122878224957,1.9,0.6418538861723947,1,0,1.0
1,2,14,3,0.0,1,0.750233687718801,0.1192122878224957,0.7,-0.35667494393873245,0,0,1.0
1,2,15,1,0.0,0,0.750233687718801,0.1192122878224957,0.7,-0.35667494393873245,0,0,0.0
1,2,15,2,4.0,1,0.750233687718801,0.1192122878224957,1.9,0.6418538861723947,1,0,1.0
1,2,15,3,0.0,1,0.750233687718801,0.1192122878224957,0.7,-0.35667494393873245,0,0,1.0
1,2,16,1,0.0,0,0.750233687718801,0.1192122878224957,0.7,-0.35667494393873245,0,0,0.0
1,2,16,2,4.0,1,0.750233687718801,0.1192122878224957,1.9,0.6418538861723947,1,0,1.0
1,2,16,3,0.0,1,0.750233687718801,0.1192122878224957,0.7,-0.35667494393873245,0,0,1.0
1,2,17,1,0.0,0,0.750233687718801,0.1192122878224957,0.7,-0.35667494393873245,0,0,0.0
1,2,17,2,4.0,1,0.750233687718801,0.1192122878224957,1.9,0.6418538861723947,1,0,1.0
1,2,17,3,0.0,1,0.750233687718801,0.1192122878224957,0.7,-0.35667494393873245,0,0,1.0
1,2,18,1,0.0,0,0.750233687718801,0.1192122878224957,0.7,-0.35667494393873245,0,0,0.0
1,2,18,2,4.0,1,0.750233687718801,0.1192122878224957,1.9,0.6418538861723947,1,0,1.0
1,2,18,3,0.0,1,0.750233687718801,0.1192122878224957,0.7,-0.35667494393873245,0,0,1.0
1,2,19,1,0.0,0,0.750233687718801,0.1192122878224957,0.7,-0.35667494393873245,0,0,0.0
1,2,19,2,4.0,1,0.750233687718801,0.1192122878224957,1.9,0.6418538861723947,1,0,1.0
1,2,19,3,0.0,1,0.750233687718801,0.1192122878224957,0.7,-0.35667494393873245,0,0,1.0
1,2,20,1,0.0,0,0.750233687718801,0.1192122878224957,0.7,-0.35667494393873245,0,0,0.0
1,2,20,2,4.0,1,0.750233687718801,0.1192122878224957,1.9,0.6418538861723947,1,0,1.0
1,2,20,3,0.0,1,0.750233687718801,0.1192122878224957,0.7,-0.35667494393873245,0,0,1.0
1,1,1,1,8.476849151289983,1,0.750233687718801,0.1192122878224957,3.2430547453869947,1.1765157082764355,0,1,1.0
1,1,1,2,0.0,1,0.750233687718801,0.1192122878224957,0.7,-0.35667494393873245,0,1,1.0
1,1,1,3,0.0,1,0.750233687718801,0.1192122878224957,0.7,-0.35667494393873245,1,1,1.0
1,1,2,1,4.476849151289983,1,0.750233687718801,0.1192122878224957,2.0430547453869945,0.7144461120437637,0,0,1.0
1,1,2,2,0.0,1,0.750233687718801,0.1192122878224957,0.7,-0.35667494393873245,0,0,1.0
1,1,2,3,0.0,1,0.750233687718801,0.1192122878224957,0.7,-0.35667494393873245,1,0,1.0
1,1,3,1,4.476849151289983,1,0.750233687718801,0.1192122878224957,2.0430547453869945,0.7144461120437637,0,0,1.0
1,1,3,2,0.0,1,0.750233687718801,0.1192122878224957,0.7,-0.35667494393873245,0,0,1.0
1,1,3,3,0.0,1,0.750233687718801,0.1192122878224957,0.7,-0.35667494393873245,1,0,1.0
1,1,4,1,4.476849151289983,0,0.750233687718801,0.1192122878224957,2.0430547453869945,0.7144461120437637,0,0,0.0
1,1,4,2,4.476849151289983,1,0.750233687718801,0.1192122878224957,2.0430547453869945,0.7144461120437637,0,0,1.0
1,1,4,3,0.0,1,0.750233687718801,0.1192122878224957,0.7,-0.35667494393873245,1,0,1.0
1,1,5,1,0.0,0,0.750233687718801,0.1192122878224957,0.7,-0.35667494393873245,0,0,0.0
1,1,5,2,2.476849151289983,0,0.750233687718801,0.1192122878224957,1.4430547453869949,0.3667622176632097,0,0,0.0
1,1,5,3,4.0,1,0.750233687718801,0.1192122878224957,1.9,0.6418538861723947,1,0,1.0
1,1,6,1,0.0,0,0.750233687718801,0.1192122878224957,0.7,-0.35667494393873245,0,0,0.0
1,1,6,2,0.0,0,0.750233687718801,0.1192122878224957,0.7,-0.35667494393873245,0,0,0.0
1,1,6,3,2.0,1,0.750233687718801,0.1192122878224957,1.2999999999999998,0.2623642644674909,1,0,1.0
1,1,7,1,0.0,0,0.750233687718801,0.1192122878224957,0.7,-0.35667494393873245,0,0,0.0
1,1,7,2,0.0,0,0.750233687718801,0.1192122878224957,0.7,-0.35667494393873245,0,0,0.0
1,1,7,3,2.0,1,0.750233687718801,0.1192122878224957,1.2999999999999998,0.2623642644674909,1,0,1.0
1,1,8,1,0.0,0,0.750233687718801,0.1192122878224957,0.7,-0.35667494393873245,0,0,0.0
1,1,8,2,0.0,0,0.750233687718801,0.1192122878224957,0.7,-0.35667494393873245,0,0,0.0
1,1,8,3,2.0,1,0.750233687718801,0.1192122878224957,1.2999999999999998,0.2623642644674909,1,0,1.0
1,1,9,1,0.0,0,0.750233687718801,0.1192122878224957,0.7,-0.35667494393873245,0,0,0.0
1,1,9,2,0.0,0,0.750233687718801,0.1192122878224957,0.7,-0.35667494393873245,0,0,0.0
1,1,9,3,2.0,1,0.750233687718801,0.1192122878224957,1.2999999999999998,0.2623642644674909,1,0,1.0
1,1,10,1,0.0,0,0.750233687718801,0.1192122878224957,0.7,-0.35667494393873245,0,0,0.0
1,1,10,2,0.0,0,0.750233687718801,0.1192122878224957,0.7,-0.35667494393873245,0,0,0.0
1,1,10,3,2.0,1,0.750233687718801,0.1192122878224957,1.2999999999999998,0.2623642644674909,1,0,1.0
1,1,11,1,0.0,0,0.750233687718801,0.1192122878224957,0.7,-0.35667494393873245,0,0,0.0
1,1,11,2,0.0,0,0.750233687718801,0.1192122878224957,0.7,-0.35667494393873245,0,0,0.0
1,1,11,3,2.0,1,0.750233687718801,0.1192122878224957,1.2999999999999998,0.2623642644674909,1,0,1.0
1,1,12,1,0.0,0,0.750233687718801,0.1192122878224957,0.7,-0.35667494393873245,0,0,0.0
1,1,12,2,0.0,0,0.750233687718801,0.1192122878224957,0.7,-0.35667494393873245,0,0,0.0
1,1,12,3,2.0,1,0.750233687718801,0.1192122878224957,1.2999999999999998,0.2623642644674909,1,0,1.0
1,1,13,1,0.0,0,0.750233687718801,0.1192122878224957,0.7,-0.35667494393873245,0,0,0.0
1,1,13,2,0.0,0,0.750233687718801,0.1192122878224957,0.7,-0.35667494393873245,0,0,0.0
1,1,13,3,2.0,1,0.750233687718801,0.1192122878224957,1.2999999999999998,0.2623642644674909,1,0,1.0
1,1,14,1,0.0,0,0.750233687718801,0.1192122878224957,0.7,-0.35667494393873245,0,0,0.0
1,1,14,2,0.0,0,0.750233687718801,0.1192122878224957,0.7,-0.35667494393873245,0,0,0.0
1,1,14,3,2.0,1,0.750233687718801,0.1192122878224957,1.2999999999999998,0.2623642644674909,1,0,1.0
1,1,15,1,0.0,0,0.750233687718801,0.1192122878224957,0.7,-0.35667494393873245,0,0,0.0
1,1,15,2,0.0,0,0.750233687718801,0.1192122878224957,0.7,-0.35667494393873245,0,0,0.0
1,1,15,3,2.0,1,0.750233687718801,0.1192122878224957,1.2999999999999998,0.2623642644674909,1,0,1.0
1,1,16,1,0.0,0,0.750233687718801,0.1192122878224957,0.7,-0.35667494393873245,0,0,0.0
1,1,16,2,0.0,0,0.750233687718801,0.1192122878224957,0.7,-0.35667494393873245,0,0,0.0
1,1,16,3,2.0,1,0.750233687718801,0.1192122878224957,1.2999999999999998,0.2623642644674909,1,0,1.0
1,1,17,1,0.0,0,0.750233687718801,0.1192122878224957,0.7,-0.35667494393873245,0,0,0.0
1,1,17,2,0.0,0,0.750233687718801,0.1192122878224957,0.7,-0.35667494393873245,0,0,0.0
1,1,17,3,2.0,1,0.750233687718801,0.1192122878224957,1.2999999999999998,0.2623642644674909,1,0,1.0
1,1,18,1,0.0,0,0.750233687718801,0.1192122878224957,0.7,-0.35667494393873245,0,0,0.0
1,1,18,2,0.0,0,0.750233687718801,0.1192122878224957,0.7,-0.35667494393873245,0,0,0.0
1,1,18,3,2.0,1,0.750233687718801,0.1192122878224957,1.2999999999999998,0.2623642644674909,1,0,1.0
1,1,19,1,0.0,0,0.750233687718801,0.1192122878224957,0.7,-0.35667494393873245,0,0,0.0
1,1,19,2,0.0,0,0.750233687718801,0.1192122878224957,0.7,-0.35667494393873245,0,0,0.0
1,1,19,3,2.0,1,0.750233687718801,0.1192122878224957,1.2999999999999998,0.2623642644674909,1,0,1.0
1,1,20,1,0.0,0,0.750233687718801,0.1192122878224957,0.7,-0.35667494393873245,0,0,0.0
1,1,20,2,0.0,0,0.750233687718801,0.1192122878224957,0.7,-0.35667494393873245,0,0,0.0
1,1,20,3,2.0,1,0.750233687718801,0.1192122878224957,1.2999999999999998,0.2623642644674909,1,0,1.0
2,3,1,1,12.542628550549445,1,0.7839142844093403,0.06550931447020057,4.462788565164833,1.4957738094778088,1,1,1.0
2,3,1,2,0.0,1,0.7839142844093403,0.06550931447020057,0.7,-0.35667494393873245,0,1,1.0
2,3,1,3,0.0,1,0.7839142844093403,0.06550931447020057,0.7,-0.35667494393873245,0,1,1.0
2,3,2,1,8.0,1,0.7839142844093403,0.06550931447020057,3.0999999999999996,1.1314021114911004,1,0,1.0
2,3,2,2,0.0,1,0.7839142844093403,0.06550931447020057,0.7,-0.35667494393873245,0,0,1.0
2,3,2,3,0.0,1,0.7839142844093403,0.06550931447020057,0.7,-0.35667494393873245,0,0,1.0
2,3,3,1,6.271314275274722,1,0.7839142844093403,0.06550931447020057,2.5813942825824165,0.948329672565028,1,0,1.0
2,3,3,2,0.0,1,0.7839142844093403,0.06550931447020057,0.7,-0.35667494393873245,0,0,1.0
2,3,3,3,0.0,1,0.7839142844093403,0.06550931447020057,0.7,-0.35667494393873245,0,0,1.0
2,3,4,1,6.271314275274722,1,0.7839142844093403,0.06550931447020057,2.5813942825824165,0.948329672565028,1,0,1.0
2,3,4,2,0.0,1,0.7839142844093403,0.06550931447020057,0.7,-0.35667494393873245,0,0,1.0
2,3,4,3,0.0,1,0.7839142844093403,0.06550931447020057,0.7,-0.35667494393873245,0,0,1.0
2,3,5,1,6.271314275274722,1,0.7839142844093403,0.06550931447020057,2.5813942825824165,0.948329672565028,1,0,1.0
2,3,5,2,0.0,1,0.7839142844093403,0.06550931447020057,0.7,-0.35667494393873245,0,0,1.0
2,3,5,3,0.0,1,0.7839142844093403,0.06550931447020057,0.7,-0.35667494393873245,0,0,1.0
2,3,6,1,6.271314275274722,1,0.7839142844093403,0.06550931447020057,2.5813942825824165,0.948329672565028,1,0,1.0
2,3,6,2,0.0,1,0.7839142844093403,0.06550931447020057,0.7,-0.35667494393873245,0,0,1.0
2,3,6,3,0.0,1,0.7839142844093403,0.06550931447020057,0.7,-0.35667494393873245,0,0,1.0
2,3,7,1,6.271314275274722,1,0.7839142844093403,0.06550931447020057,2.5813942825824165,0.948329672565028,1,0,1.0
2,3,7,2,0.0,1,0.7839142844093403,0.06550931447020057,0.7,-0.35667494393873245,0,0,1.0
2,3,7,3,0.0,1,0.7839142844093403,0.06550931447020057,0.7,-0.35667494393873245,0,0,1.0
2,3,8,1,6.271314275274722,1,0.7839142844093403,0.06550931447020057,2.5813942825824165,0.948329672565028,1,0,1.0
2,3,8,2,0.0,1,0.7839142844093403,0.06550931447020057,0.7,-0.35667494393873245,0,0,1.0
2,3,8,3,0.0,1,0.7839142844093403,0.06550931447020057,0.7,-0.35667494393873245,0,0,1.0
2,3,9,1,6.271314275274722,1,0.7839142844093403,0.06550931447020057,2.5813942825824165,0.948329672565028,1,0,1.0
2,3,9,2,0.0,1,0.7839142844093403,0.06550931447020057,0.7,-0.35667494393873245,0,0,1.0
2,3,9,3,0.0,1,0.7839142844093403,0.06550931447020057,0.7,-0.35667494393873245,0,0,1.0
2,3,10,1,6.271314275274722,1,0.7839142844093403,0.06550931447020057,2.5813942825824165,0.948329672565028,1,0,1.0
2,3,10,2,0.0,1,0.7839142844093403,0.06550931447020057,0.7,-0.35667494393873245,0,0,1.0
2,3,10,3,0.0,1,0.7839142844093403,0.06550931447020057,0.7,-0.35667494393873245,0,0,1.0
2,3,11,1,6.271314275274722,1,0.7839142844093403,0.06550931447020057,2.5813942825824165,0.948329672565028,1,0,1.0
2,3,11,2,0.0,1,0.7839142844093403,0.06550931447020057,0.7,-0.35667494393873245,0,0,1.0
2,3,11,3,0.0,1,0.7839142844093403,0.06550931447020057,0.7,-0.35667494393873245,0,0,1.0
2,3,12,1,6.271314275274722,1,0.7839142844093403,0.06550931447020057,2.5813942825824165,0.948329672565028,1,0,1.0
2,3,12,2,0.0,1,0.7839142844093403,0.06550931447020057,0.7,-0.35667494393873245,0,0,1.0
2,3,12,3,0.0,1,0.7839142844093403,0.06550931447020057,0.7,-0.35667494393873245,0,0,1.0
2,3,13,1,6.271314275274722,1,0.7839142844093403,0.06550931447020057,2.5813942825824165,0.948329672565028,1,0,1.0
2,3,13,2,0.0,1,0.7839142844093403,0.06550931447020057,0.7,-0.35667494393873245,0,0,1.0
2,3,13,3,0.0,1,0.7839142844093403,0.06550931447020057,0.7,-0.35667494393873245,0,0,1.0
2,3,14,1,6.271314275274722,1,0.7839142844093403,0.06550931447020057,2.5813942825824165,0.948329672565028,1,0,1.0
2,3,14,2,0.0,1,0.7839142844093403,0.06550931447020057,0.7,-0.35667494393873245,0,0,1.0
2,3,14,3,0.0,1,0.7839142844093403,0.06550931447020057,0.7,-0.35667494393873245,0,0,1.0
2,3,15,1,6.271314275274722,1,0.7839142844093403,0.06550931447020057,2.5813942825824165,0.948329672565028,1,0,1.0
2,3,15,2,0.0,1,0.7839142844093403,0.06550931447020057,0.7,-0.35667494393873245,0,0,1.0
2,3,15,3,0.0,1,0.7839142844093403,0.06550931447020057,0.7,-0.35667494393873245,0,0,1.0
2,3,16,1,6.271314275274722,1,0.7839142844093403,0.06550931447020057,2.5813942825824165,0.948329672565028,1,0,1.0
2,3,16,2,0.0,1,0.7839142844093403,0.06550931447020057,0.7,-0.35667494393873245,0,0,1.0
2,3,16,3,0.0,1,0.7839142844093403,0.06550931447020057,0.7,-0.35667494393873245,0,0,1.0
2,3,17,1,6.271314275274722,1,0.7839142844093403,0.06550931447020057,2.5813942825824165,0.948329672565028,1,0,1.0
2,3,17,2,0.0,1,0.7839142844093403,0.06550931447020057,0.7,-0.35667494393873245,0,0,1.0
2,3,17,3,0.0,1,0.7839142844093403,0.06550931447020057,0.7,-0.35667494393873245,0,0,1.0
2,3,18,1,6.271314275274722,1,0.7839142844093403,0.06550931447020057,2.5813942825824165,0.948329672565028,1,0,1.0
2,3,18,2,0.0,1,0.7839142844093403,0.06550931447020057,0.7,-0.35667494393873245,0,0,1.0
2,3,18,3,0.0,1,0.7839142844093403,0.06550931447020057,0.7,-0.35667494393873245,0,0,1.0
2,3,19,1,6.271314275274722,1,0.7839142844093403,0.06550931447020057,2.5813942825824165,0.948329672565028,1,0,1.0
2,3,19,2,0.0,1,0.7839142844093403,0.06550931447020057,0.7,-0.35667494393873245,0,0,1.0
2,3,19,3,0.0,1,0.7839142844093403,0.06550931447020057,0.7,-0.35667494393873245,0,0,1.0
2,3,20,1,6.271314275274722,1,0.7839142844093403,0.06550931447020057,2.5813942825824165,0.948329672565028,1,0,1.0
2,3,20,2,0.0,1,0.7839142844093403,0.06550931447020057,0.7,-0.35667494393873245,0,0,1.0
2,3,20,3,0.0,1,0.7839142844093403,0.06550931447020057,0.7,-0.35667494393873245,0,0,1.0
2,2,1,1,8.262037257880802,1,0.7839142844093403,0.06550931447020057,3.1786111773642407,1.1564443647169342,0,1,1.0
2,2,1,2,0.0,1,0.7839142844093403,0.06550931447020057,0.7,-0.35667494393873245,1,1,1.0
2,2,1,3,0.0,1,0.7839142844093403,0.06550931447020057,0.7,-0.35667494393873245,0,1,1.0
2,2,2,1,4.262037257880802,1,0.7839142844093403,0.06550931447020057,1.9786111773642405,0.6823951730188165,0,0,1.0
2,2,2,2,0.0,1,0.7839142844093403,0.06550931447020057,0.7,-0.35667494393873245,1,0,1.0
2,2,2,3,0.0,1,0.7839142844093403,0.06550931447020057,0.7,-0.35667494393873245,0,0,1.0
2,2,3,1,4.262037257880802,1,0.7839142844093403,0.06550931447020057,1.9786111773642405,0.6823951730188165,0,0,1.0
2,2,3,2,0.0,1,0.7839142844093403,0.06550931447020057,0.7,-0.35667494393873245,1,0,1.0
2,2,3,3,0.0,1,0.7839142844093403,0.06550931447020057,0.7,-0.35667494393873245,0,0,1.0
2,2,4,1,4.262037257880802,1,0.7839142844093403,0.06550931447020057,1.9786111773642405,0.6823951730188165,0,0,1.0
2,2,4,2,0.0,1,0.7839142844093403,0.06550931447020057,0.7,-0.35667494393873245,1,0,1.0
2,2,4,3,0.0,1,0.7839142844093403,0.06550931447020057,0.7,-0.35667494393873245,0,0,1.0
2,2,5,1,4.262037257880802,1,0.7839142844093403,0.06550931447020057,1.9786111773642405,0.6823951730188165,0,0,1.0
2,2,5,2,0.0,1,0.7839142844093403,0.06550931447020057,0.7,-0.35667494393873245,1,0,1.0
2,2,5,3,0.0,1,0.7839142844093403,0.06550931447020057,0.7,-0.35667494393873245,0,0,1.0
2,2,6,1,4.262037257880802,0,0.7839142844093403,0.06550931447020057,1.9786111773642405,0.6823951730188165,0,0,0.0
2,2,6,2,8.0,1,0.7839142844093403,0.06550931447020057,3.0999999999999996,1.1314021114911004,1,0,1.0
2,2,6,3,0.0,1,0.7839142844093403,0.06550931447020057,0.7,-0.35667494393873245,0,0,1.0
2,2,7,1,0.0,0,0.7839142844093403,0.06550931447020057,0.7,-0.35667494393873245,0,0,0.0
2,2,7,2,4.0,1,0.7839142844093403,0.06550931447020057,1.9,0.6418538861723947,1,0,1.0
2,2,7,3,0.0,1,0.7839142844093403,0.06550931447020057,0.7,-0.35667494393873245,0,0,1.0
2,2,8,1,0.0,0,0.7839142844093403,0.06550931447020057,0.7,-0.35667494393873245,0,0,0.0
2,2,8,2,4.0,1,0.7839142844093403,0.06550931447020057,1.9,0.6418538861723947,1,0,1.0
2,2,8,3,0.0,1,0.7839142844093403,0.06550931447020057,0.7,-0.35667494393873245,0,0,1.0
2,2,9,1,0.0,0,0.7839142844093403,0.06550931447020057,0.7,-0.35667494393873245,0,0,0.0
2,2,9,2,4.0,1,0.7839142844093403,0.06550931447020057,1.9,0.6418538861723947,1,0,1.0
2,2,9,3,0.0,1,0.7839142844093403,0.06550931447020057,0.7,-0.35667494393873245,0,0,1.0
2,2,10,1,0.0,0,0.7839142844093403,0.06550931447020057,0.7,-0.35667494393873245,0,0,0.0
2,2,10,2,4.0,1,0.7839142844093403,0.06550931447020057,1.9,0.6418538861723947,1,0,1.0
2,2,10,3,0.0,1,0.7839142844093403,0.06550931447020057,0.7,-0.35667494393873245,0,0,1.0
2,2,11,1,0.0,0,0.7839142844093403,0.06550931447020057,0.7,-0.35667494393873245,0,0,0.0
2,2,11,2,4.0,1,0.7839142844093403,0.06550931447020057,1.9,0.6418538861723947,1,0,1.0
2,2,11,3,0.0,1,0.7839142844093403,0.06550931447020057,0.7,-0.35667494393873245,0,0,1.0
2,2,12,1,0.0,0,0.7839142844093403,0.06550931447020057,0.7,-0.35667494393873245,0,0,0.0
2,2,12,2,4.0,1,0.7839142844093403,0.06550931447020057,1.9,0.6418538861723947,1,0,1.0
2,2,12,3,0.0,1,0.7839142844093403,0.06550931447020057,0.7,-0.35667494393873245,0,0,1.0
2,2,13,1,0.0,0,0.7839142844093403,0.06550931447020057,0.7,-0.35667494393873245,0,0,0.0
2,2,13,2,4.0,1,0.7839142844093403,0.06550931447020057,1.9,0.6418538861723947,1,0,1.0
2,2,13,3,0.0,1,0.7839142844093403,0.06550931447020057,0.7,-0.35667494393873245,0,0,1.0
2,2,14,1,0.0,0,0.7839142844093403,0.06550931447020057,0.7,-0.35667494393873245,0,0,0.0
2,2,14,2,4.0,1,0.7839142844093403,0.06550931447020057,1.9,0.6418538861723947,1,0,1.0
2,2,14,3,0.0,1,0.7839142844093403,0.06550931447020057,0.7,-0.35667494393873245,0,0,1.0
2,2,15,1,0.0,0,0.7839142844093403,0.06550931447020057,0.7,-0.35667494393873245,0,0,0.0
2,2,15,2,4.0,1,0.7839142844093403,0.06550931447020057,1.9,0.6418538861723947,1,0,1.0
2,2,15,3,0.0,1,0.7839142844093403,0.06550931447020057,0.7,-0.35667494393873245,0,0,1.0
2,2,16,1,0.0,0,0.7839142844093403,0.06550931447020057,0.7,-0.35667494393873245,0,0,0.0
2,2,16,2,4.0,1,0.7839142844093403,0.06550931447020057,1.9,0.6418538861723947,1,0,1.0
2,2,16,3,0.0,1,0.7839142844093403,0.06550931447020057,0.7,-0.35667494393873245,0,0,1.0
2,2,17,1,0.0,0,0.7839142844093403,0.06550931447020057,0.7,-0.35667494393873245,0,0,0.0
2,2,17,2,4.0,1,0.7839142844093403,0.06550931447020057,1.9,0.6418538861723947,1,0,1.0
2,2,17,3,0.0,1,0.7839142844093403,0.06550931447020057,0.7,-0.35667494393873245,0,0,1.0
2,2,18,1,0.0,0,0.7839142844093403,0.06550931447020057,0.7,-0.35667494393873245,0,0,0.0
2,2,18,2,4.0,1,0.7839142844093403,0.06550931447020057,1.9,0.6418538861723947,1,0,1.0
2,2,18,3,0.0,1,0.7839142844093403,0.06550931447020057,0.7,-0.35667494393873245,0,0,1.0
2,2,19,1,0.0,0,0.7839142844093403,0.06550931447020057,0.7,-0.35667494393873245,0,0,0.0
2,2,19,2,4.0,1,0.7839142844093403,0.06550931447020057,1.9,0.6418538861723947,1,0,1.0
2,2,19,3,0.0,1,0.7839142844093403,0.06550931447020057,0.7,-0.35667494393873245,0,0,1.0
2,2,20,1,0.0,0,0.7839142844093403,0.06550931447020057,0.7,-0.35667494393873245,0,0,0.0
2,2,20,2,4.0,1,0.7839142844093403,0.06550931447020057,1.9,0.6418538861723947,1,0,1.0
2,2,20,3,0.0,1,0.7839142844093403,0.06550931447020057,0.7,-0.35667494393873245,0,0,1.0
2,1,1,1,8.262037257880802,1,0.7839142844093403,0.06550931447020057,3.1786111773642407,1.1564443647169342,0,1,1.0
2,1,1,2,0.0,1,0.7839142844093403,0.06550931447020057,0.7,-0.35667494393873245,0,1,1.0
2,1,1,3,0.0,1,0.7839142844093403,0.06550931447020057,0.7,-0.35667494393873245,1,1,1.0
2,1,2,1,4.262037257880802,1,0.7839142844093403,0.06550931447020057,1.9786111773642405,0.6823951730188165,0,0,1.0
2,1,2,2,0.0,1,0.7839142844093403,0.06550931447020057,0.7,-0.35667494393873245,0,0,1.0
2,1,2,3,0.0,1,0.7839142844093403,0.06550931447020057,0.7,-0.35667494393873245,1,0,1.0
2,1,3,1,4.262037257880802,1,0.7839142844093403,0.06550931447020057,1.9786111773642405,0.6823951730188165,0,0,1.0
2,1,3,2,0.0,1,0.7839142844093403,0.06550931447020057,0.7,-0.35667494393873245,0,0,1.0
2,1,3,3,0.0,1,0.7839142844093403,0.06550931447020057,0.7,-0.35667494393873245,1,0,1.0
2,1,4,1,4.262037257880802,0,0.7839142844093403,0.06550931447020057,1.9786111773642405,0.6823951730188165,0,0,0.0
2,1,4,2,4.262037257880802,0,0.7839142844093403,0.06550931447020057,1.9786111773642405,0.6823951730188165,0,0,0.0
2,1,4,3,4.0,1,0.7839142844093403,0.06550931447020057,1.9,0.6418538861723947,1,0,1.0
2,1,5,1,0.0,0,0.7839142844093403,0.06550931447020057,0.7,-0.35667494393873245,0,0,0.0
2,1,5,2,0.0,0,0.7839142844093403,0.06550931447020057,0.7,-0.35667494393873245,0,0,0.0
2,1,5,3,2.0,1,0.7839142844093403,0.06550931447020057,1.2999999999999998,0.2623642644674909,1,0,1.0
2,1,6,1,0.0,0,0.7839142844093403,0.06550931447020057,0.7,-0.35667494393873245,0,0,0.0
2,1,6,2,0.0,0,0.7839142844093403,0.06550931447020057,0.7,-0.35667494393873245,0,0,0.0
2,1,6,3,2.0,1,0.7839142844093403,0.06550931447020057,1.2999999999999998,0.2623642644674909,1,0,1.0
2,1,7,1,0.0,0,0.7839142844093403,0.06550931447020057,0.7,-0.35667494393873245,0,0,0.0
2,1,7,2,0.0,0,0.7839142844093403,0.06550931447020057,0.7,-0.35667494393873245,0,0,0.0
2,1,7,3,2.0,1,0.7839142844093403,0.06550931447020057,1.2999999999999998,0.2623642644674909,1,0,1.0
2,1,8,1,0.0,0,0.7839142844093403,0.06550931447020057,0.7,-0.35667494393873245,0,0,0.0
2,1,8,2,0.0,0,0.7839142844093403,0.06550931447020057,0.7,-0.35667494393873245,0,0,0.0
2,1,8,3,2.0,1,0.7839142844093403,0.06550931447020057,1.2999999999999998,0.2623642644674909,1,0,1.0
2,1,9,1,0.0,0,0.7839142844093403,0.06550931447020057,0.7,-0.35667494393873245,0,0,0.0
2,1,9,2,0.0,0,0.7839142844093403,0.06550931447020057,0.7,-0.35667494393873245,0,0,0.0
2,1,9,3,2.0,1,0.7839142844093403,0.06550931447020057,1.2999999999999998,0.2623642644674909,1,0,1.0
2,1,10,1,0.0,0,0.7839142844093403,0.06550931447020057,0.7,-0.35667494393873245,0,0,0.0
2,1,10,2,0.0,0,0.7839142844093403,0.06550931447020057,0.7,-0.35667494393873245,0,0,0.0
2,1,10,3,2.0,1,0.7839142844093403,0.06550931447020057,1.2999999999999998,0.2623642644674909,1,0,1.0
2,1,11,1,0.0,0,0.7839142844093403,0.06550931447020057,0.7,-0.35667494393873245,0,0,0.0
2,1,11,2,0.0,0,0.7839142844093403,0.06550931447020057,0.7,-0.35667494393873245,0,0,0.0
2,1,11,3,2.0,1,0.7839142844093403,0.06550931447020057,1.2999999999999998,0.2623642644674909,1,0,1.0
2,1,12,1,0.0,0,0.7839142844093403,0.06550931447020057,0.7,-0.35667494393873245,0,0,0.0
2,1,12,2,0.0,0,0.7839142844093403,0.06550931447020057,0.7,-0.35667494393873245,0,0,0.0
2,1,12,3,2.0,1,0.7839142844093403,0.06550931447020057,1.2999999999999998,0.2623642644674909,1,0,1.0
2,1,13,1,0.0,0,0.7839142844093403,0.06550931447020057,0.7,-0.35667494393873245,0,0,0.0
2,1,13,2,0.0,0,0.7839142844093403,0.06550931447020057,0.7,-0.35667494393873245,0,0,0.0
2,1,13,3,2.0,1,0.7839142844093403,0.06550931447020057,1.2999999999999998,0.2623642644674909,1,0,1.0
2,1,14,1,0.0,0,0.7839142844093403,0.06550931447020057,0.7,-0.35667494393873245,0,0,0.0
2,1,14,2,0.0,0,0.7839142844093403,0.06550931447020057,0.7,-0.35667494393873245,0,0,0.0
2,1,14,3,2.0,1,0.7839142844093403,0.06550931447020057,1.2999999999999998,0.2623642644674909,1,0,1.0
2,1,15,1,0.0,0,0.7839142844093403,0.06550931447020057,0.7,-0.35667494393873245,0,0,0.0
2,1,15,2,0.0,0,0.7839142844093403,0.06550931447020057,0.7,-0.35667494393873245,0,0,0.0
2,1,15,3,2.0,1,0.7839142844093403,0.06550931447020057,1.2999999999999998,0.2623642644674909,1,0,1.0
2,1,16,1,0.0,0,0.7839142844093403,0.06550931447020057,0.7,-0.35667494393873245,0,0,0.0
2,1,16,2,0.0,0,0.7839142844093403,0.06550931447020057,0.7,-0.35667494393873245,0,0,0.0
2,1,16,3,2.0,1,0.7839142844093403,0.06550931447020057,1.2999999999999998,0.2623642644674909,1,0,1.0
2,1,17,1,0.0,0,0.7839142844093403,0.06550931447020057,0.7,-0.35667494393873245,0,0,0.0
2,1,17,2,0.0,0,0.7839142844093403,0.06550931447020057,0.7,-0.35667494393873245,0,0,0.0
2,1,17,3,2.0,1,0.7839142844093403,0.06550931447020057,1.2999999999999998,0.2623642644674909,1,0,1.0
2,1,18,1,0.0,0,0.7839142844093403,0.06550931447020057,0.7,-0.35667494393873245,0,0,0.0
2,1,18,2,0.0,0,0.7839142844093403,0.06550931447020057,0.7,-0.35667494393873245,0,0,0.0
2,1,18,3,2.0,1,0.7839142844093403,0.06550931447020057,1.2999999999999998,0.2623642644674909,1,0,1.0
2,1,19,1,0.0,0,0.7839142844093403,0.06550931447020057,0.7,-0.35667494393873245,0,0,0.0
2,1,19,2,0.0,0,0.7839142844093403,0.06550931447020057,0.7,-0.35667494393873245,0,0,0.0
2,1,19,3,2.0,1,0.7839142844093403,0.06550931447020057,1.2999999999999998,0.2623642644674909,1,0,1.0
2,1,20,1,0.0,0,0.7839142844093403,0.06550931447020057,0.7,-0.35667494393873245,0,0,0.0
2,1,20,2,0.0,0,0.7839142844093403,0.06550931447020057,0.7,-0.35667494393873245,0,0,0.0
2,1,20,3,2.0,1,0.7839142844093403,0.06550931447020057,1.2999999999999998,0.2623642644674909,1,0,1.0
3,3,1,1,14.60909865702689,1,0.9130686660641806,0.2157960939123483,5.082729597108067,1.6258484395498398,1,1,1.0
3,3,1,2,0.0,1,0.9130686660641806,0.2157960939123483,0.7,-0.35667494393873245,0,1,1.0
3,3,1,3,0.0,1,0.9130686660641806,0.2157960939123483,0.7,-0.35667494393873245,0,1,1.0
3,3,2,1,7.304549328513445,1,0.9130686660641806,0.2157960939123483,2.891364798554033,1.061728639284662,1,0,1.0
3,3,2,2,0.0,1,0.9130686660641806,0.2157960939123483,0.7,-0.35667494393873245,0,0,1.0
3,3,2,3,0.0,1,0.9130686660641806,0.2157960939123483,0.7,-0.35667494393873245,0,0,1.0
3,3,3,1,7.304549328513445,1,0.9130686660641806,0.2157960939123483,2.891364798554033,1.061728639284662,1,0,1.0
3,3,3,2,0.0,1,0.9130686660641806,0.2157960939123483,0.7,-0.35667494393873245,0,0,1.0
3,3,3,3,0.0,1,0.9130686660641806,0.2157960939123483,0.7,-0.35667494393873245,0,0,1.0
3,3,4,1,7.304549328513445,1,0.9130686660641806,0.2157960939123483,2.891364798554033,1.061728639284662,1,0,1.0
3,3,4,2,0.0,1,0.9130686660641806,0.2157960939123483,0.7,-0.35667494393873245,0,0,1.0
3,3,4,3,0.0,1,0.9130686660641806,0.2157960939123483,0.7,-0.35667494393873245,0,0,1.0
3,3,5,1,7.304549328513445,1,0.9130686660641806,0.2157960939123483,2.891364798554033,1.061728639284662,1,0,1.0
3,3,5,2,0.0,1,0.9130686660641806,0.2157960939123483,0.7,-0.35667494393873245,0,0,1.0
3,3,5,3,0.0,1,0.9130686660641806,0.2157960939123483,0.7,-0.35667494393873245,0,0,1.0
3,3,6,1,7.304549328513445,1,0.9130686660641806,0.2157960939123483,2.891364798554033,1.061728639284662,1,0,1.0
3,3,6,2,0.0,1,0.9130686660641806,0.2157960939123483,0.7,-0.35667494393873245,0,0,1.0
3,3,6,3,0.0,1,0.9130686660641806,0.2157960939123483,0.7,-0.35667494393873245,0,0,1.0
3,3,7,1,7.304549328513445,1,0.9130686660641806,0.2157960939123483,2.891364798554033,1.061728639284662,1,0,1.0
3,3,7,2,0.0,1,0.9130686660641806,0.2157960939123483,0.7,-0.35667494393873245,0,0,1.0
3,3,7,3,0.0,1,0.9130686660641806,0.2157960939123483,0.7,-0.35667494393873245,0,0,1.0
3,3,8,1,7.304549328513445,1,0.9130686660641806,0.2157960939123483,2.891364798554033,1.061728639284662,1,0,1.0
3,3,8,2,0.0,1,0.9130686660641806,0.2157960939123483,0.7,-0.35667494393873245,0,0,1.0
3,3,8,3,0.0,1,0.9130686660641806,0.2157960939123483,0.7,-0.35667494393873245,0,0,1.0
3,3,9,1,7.304549328513445,1,0.9130686660641806,0.2157960939123483,2.891364798554033,1.061728639284662,1,0,1.0
3,3,9,2,0.0,1,0.9130686660641806,0.2157960939123483,0.7,-0.35667494393873245,0,0,1.0
3,3,9,3,0.0,1,0.9130686660641806,0.2157960939123483,0.7,-0.35667494393873245,0,0,1.0
3,3,10,1,7.304549328513445,1,0.9130686660641806,0.2157960939123483,2.891364798554033,1.061728639284662,1,0,1.0
3,3,10,2,0.0,1,0.9130686660641806,0.2157960939123483,0.7,-0.35667494393873245,0,0,1.0
3,3,10,3,0.0,1,0.9130686660641806,0.2157960939123483,0.7,-0.35667494393873245,0,0,1.0
3,3,11,1,7.304549328513445,1,0.9130686660641806,0.2157960939123483,2.891364798554033,1.061728639284662,1,0,1.0
3,3,11,2,0.0,1,0.9130686660641806,0.2157960939123483,0.7,-0.35667494393873245,0,0,1.0
3,3,11,3,0.0,1,0.9130686660641806,0.2157960939123483,0.7,-0.35667494393873245,0,0,1.0
3,3,12,1,7.304549328513445,1,0.9130686660641806,0.2157960939123483,2.891364798554033,1.061728639284662,1,0,1.0
3,3,12,2,0.0,1,0.9130686660641806,0.2157960939123483,0.7,-0.35667494393873245,0,0,1.0
3,3,12,3,0.0,1,0.9130686660641806,0.2157960939123483,0.7,-0.35667494393873245,0,0,1.0
3,3,13,1,7.304549328513445,1,0.9130686660641806,0.2157960939123483,2.891364798554033,1.061728639284662,1,0,1.0
3,3,13,2,0.0,1,0.9130686660641806,0.2157960939123483,0.7,-0.35667494393873245,0,0,1.0
3,3,13,3,0.0,1,0.9130686660641806,0.2157960939123483,0.7,-0.35667494393873245,0,0,1.0
3,3,14,1,7.304549328513445,1,0.9130686660641806,0.2157960939123483,2.891364798554033,1.061728639284662,1,0,1.0
3,3,14,2,0.0,1,0.9130686660641806,0.2157960939123483,0.7,-0.35667494393873245,0,0,1.0
3,3,14,3,0.0,1,0.9130686660641806,0.2157960939123483,0.7,-0.35667494393873245,0,0,1.0
3,3,15,1,7.304549328513445,1,0.9130686660641806,0.2157960939123483,2.891364798554033,1.061728639284662,1,0,1.0
3,3,15,2,0.0,1,0.9130686660641806,0.2157960939123483,0.7,-0.35667494393873245,0,0,1.0
3,3,15,3,0.0,1,0.9130686660641806,0.2157960939123483,0.7,-0.35667494393873245,0,0,1.0
3,3,16,1,7.304549328513445,1,0.9130686660641806,0.2157960939123483,2.891364798554033,1.061728639284662,1,0,1.0
3,3,16,2,0.0,1,0.9130686660641806,0.2157960939123483,0.7,-0.35667494393873245,0,0,1.0
3,3,16,3,0.0,1,0.9130686660641806,0.2157960939123483,0.7,-0.35667494393873245,0,0,1.0
3,3,17,1,7.304549328513445,1,0.9130686660641806,0.2157960939123483,2.891364798554033,1.061728639284662,1,0,1.0
3,3,17,2,0.0,1,0.9130686660641806,0.2157960939123483,0.7,-0.35667494393873245,0,0,1.0
3,3,17,3,0.0,1,0.9130686660641806,0.2157960939123483,0.7,-0.35667494393873245,0,0,1.0
3,3,18,1,7.304549328513445,1,0.9130686660641806,0.2157960939123483,2.891364798554033,1.061728639284662,1,0,1.0
3,3,18,2,0.0,1,0.9130686660641806,0.2157960939123483,0.7,-0.35667494393873245,0,0,1.0
3,3,18,3,0.0,1,0.9130686660641806,0.2157960939123483,0.7,-0.35667494393873245,0,0,1.0
3,3,19,1,7.304549328513445,1,0.9130686660641806,0.2157960939123483,2.891364798554033,1.061728639284662,1,0,1.0
3,3,19,2,0.0,1,0.9130686660641806,0.2157960939123483,0.7,-0.35667494393873245,0,0,1.0
3,3,19,3,0.0,1,0.9130686660641806,0.2157960939123483,0.7,-0.35667494393873245,0,0,1.0
3,3,20,1,7.304549328513445,1,0.9130686660641806,0.2157960939123483,2.891364798554033,1.061728639284662,1,0,1.0
3,3,20,2,0.0,1,0.9130686660641806,0.2157960939123483,0.7,-0.35667494393873245,0,0,1.0
3,3,20,3,0.0,1,0.9130686660641806,0.2157960939123483,0.7,-0.35667494393873245,0,0,1.0
3,2,1,1,8.863184375649393,1,0.9130686660641806,0.2157960939123483,3.3589553126948175,1.2116300067890007,0,1,1.0
3,2,1,2,0.0,1,0.9130686660641806,0.2157960939123483,0.7,-0.35667494393873245,1,1,1.0
3,2,1,3,0.0,1,0.9130686660641806,0.2157960939123483,0.7,-0.35667494393873245,0,1,1.0
3,2,2,1,4.863184375649393,0,0.9130686660641806,0.2157960939123483,2.1589553126948178,0.7696244531687699,0,0,0.0
3,2,2,2,8.0,1,0.9130686660641806,0.2157960939123483,3.0999999999999996,1.1314021114911004,1,0,1.0
3,2,2,3,0.0,1,0.9130686660641806,0.2157960939123483,0.7,-0.35667494393873245,0,0,1.0
3,2,3,1,0.0,0,0.9130686660641806,0.2157960939123483,0.7,-0.35667494393873245,0,0,0.0
3,2,3,2,4.0,1,0.9130686660641806,0.2157960939123483,1.9,0.6418538861723947,1,0,1.0
3,2,3,3,0.0,1,0.9130686660641806,0.2157960939123483,0.7,-0.35667494393873245,0,0,1.0
3,2,4,1,0.0,0,0.9130686660641806,0.2157960939123483,0.7,-0.35667494393873245,0,0,0.0
3,2,4,2,4.0,1,0.9130686660641806,0.2157960939123483,1.9,0.6418538861723947,1,0,1.0
3,2,4,3,0.0,1,0.9130686660641806,0.2157960939123483,0.7,-0.35667494393873245,0,0,1.0
3,2,5,1,0.0,0,0.9130686660641806,0.2157960939123483,0.7,-0.35667494393873245,0,0,0.0
3,2,5,2,4.0,1,0.9130686660641806,0.2157960939123483,1.9,0.6418538861723947,1,0,1.0
3,2,5,3,0.0,1,0.9130686660641806,0.2157960939123483,0.7,-0.35667494393873245,0,0,1.0
3,2,6,1,0.0,0,0.9130686660641806,0.2157960939123483,0.7,-0.35667494393873245,0,0,0.0
3,2,6,2,4.0,1,0.9130686660641806,0.2157960939123483,1.9,0.6418538861723947,1,0,1.0
3,2,6,3,0.0,1,0.9130686660641806,0.2157960939123483,0.7,-0.35667494393873245,0,0,1.0
3,2,7,1,0.0,0,0.9130686660641806,0.2157960939123483,0.7,-0.35667494393873245,0,0,0.0
3,2,7,2,4.0,1,0.9130686660641806,0.2157960939123483,1.9,0.6418538861723947,1,0,1.0
3,2,7,3,0.0,1,0.9130686660641806,0.2157960939123483,0.7,-0.35667494393873245,0,0,1.0
3,2,8,1,0.0,0,0.9130686660641806,0.2157960939123483,0.7,-0.35667494393873245,0,0,0.0
3,2,8,2,4.0,1,0.9130686660641806,0.2157960939123483,1.9,0.6418538861723947,1,0,1.0
3,2,8,3,0.0,1,0.9130686660641806,0.2157960939123483,0.7,-0.35667494393873245,0,0,1.0
3,2,9,1,0.0,0,0.9130686660641806,0.2157960939123483,0.7,-0.35667494393873245,0,0,0.0
3,2,9,2,4.0,1,0.9130686660641806,0.2157960939123483,1.9,0.6418538861723947,1,0,1.0
3,2,9,3,0.0,1,0.9130686660641806,0.2157960939123483,0.7,-0.35667494393873245,0,0,1.0
3,2,10,1,0.0,0,0.9130686660641806,0.2157960939123483,0.7,-0.35667494393873245,0,0,0.0
3,2,10,2,4.0,1,0.9130686660641806,0.2157960939123483,1.9,0.6418538861723947,1,0,1.0
3,2,10,3,0.0,1,0.9130686660641806,0.2157960939123483,0.7,-0.35667494393873245,0,0,1.0
3,2,11,1,0.0,0,0.9130686660641806,0.2157960939123483,0.7,-0.35667494393873245,0,0,0.0
3,2,11,2,4.0,1,0.9130686660641806,0.2157960939123483,1.9,0.6418538861723947,1,0,1.0
3,2,11,3,0.0,1,0.9130686660641806,0.2157960939123483,0.7,-0.35667494393873245,0,0,1.0
3,2,12,1,0.0,0,0.9130686660641806,0.2157960939123483,0.7,-0.35667494393873245,0,0,0.0
3,2,12,2,4.0,1,0.9130686660641806,0.2157960939123483,1.9,0.6418538861723947,1,0,1.0
3,2,12,3,0.0,1,0.9130686660641806,0.2157960939123483,0.7,-0.35667494393873245,0,0,1.0
3,2,13,1,0.0,0,0.9130686660641806,0.2157960939123483,0.7,-0.35667494393873245,0,0,0.0
3,2,13,2,4.0,1,0.9130686660641806,0.2157960939123483,1.9,0.6418538861723947,1,0,1.0
3,2,13,3,0.0,1,0.9130686660641806,0.2157960939123483,0.7,-0.35667494393873245,0,0,1.0
3,2,14,1,0.0,0,0.9130686660641806,0.2157960939123483,0.7,-0.35667494393873245,0,0,0.0
3,2,14,2,4.0,1,0.9130686660641806,0.2157960939123483,1.9,0.6418538861723947,1,0,1.0
3,2,14,3,0.0,1,0.9130686660641806,0.2157960939123483,0.7,-0.35667494393873245,0,0,1.0
3,2,15,1,0.0,0,0.9130686660641806,0.2157960939123483,0.7,-0.35667494393873245,0,0,0.0
3,2,15,2,4.0,1,0.9130686660641806,0.2157960939123483,1.9,0.6418538861723947,1,0,1.0
3,2,15,3,0.0,1,0.9130686660641806,0.2157960939123483,0.7,-0.35667494393873245,0,0,1.0
3,2,16,1,0.0,0,0.9130686660641806,0.2157960939123483,0.7,-0.35667494393873245,0,0,0.0
3,2,16,2,4.0,1,0.9130686660641806,0.2157960939123483,1.9,0.6418538861723947,1,0,1.0
3,2,16,3,0.0,1,0.9130686660641806,0.2157960939123483,0.7,-0.35667494393873245,0,0,1.0
3,2,17,1,0.0,0,0.9130686660641806,0.2157960939123483,0.7,-0.35667494393873245,0,0,0.0
3,2,17,2,4.0,1,0.9130686660641806,0.2157960939123483,1.9,0.6418538861723947,1,0,1.0
3,2,17,3,0.0,1,0.9130686660641806,0.2157960939123483,0.7,-0.35667494393873245,0,0,1.0
3,2,18,1,0.0,0,0.9130686660641806,0.2157960939123483,0.7,-0.35667494393873245,0,0,0.0
3,2,18,2,4.0,1,0.9130686660641806,0.2157960939123483,1.9,0.6418538861723947,1,0,1.0
3,2,18,3,0.0,1,0.9130686660641806,0.2157960939123483,0.7,-0.35667494393873245,0,0,1.0
3,2,19,1,0.0,0,0.9130686660641806,0.2157960939123483,0.7,-0.35667494393873245,0,0,0.0
3,2,19,2,4.0,1,0.9130686660641806,0.2157960939123483,1.9,0.6418538861723947,1,0,1.0
3,2,19,3,0.0,1,0.9130686660641806,0.2157960939123483,0.7,-0.35667494393873245,0,0,1.0
3,2,20,1,0.0,0,0.9130686660641806,0.2157960939123483,0.7,-0.35667494393873245,0,0,0.0
3,2,20,2,4.0,1,0.9130686660641806,0.2157960939123483,1.9,0.6418538861723947,1,0,1.0
3,2,20,3,0.0,1,0.9130686660641806,0.2157960939123483,0.7,-0.35667494393873245,0,0,1.0
3,1,1,1,8.863184375649393,0,0.9130686660641806,0.2157960939123483,3.3589553126948175,1.2116300067890007,0,1,0.0
3,1,1,2,4.863184375649393,1,0.9130686660641806,0.2157960939123483,2.1589553126948178,0.7696244531687699,0,1,1.0
3,1,1,3,0.0,1,0.9130686660641806,0.2157960939123483,0.7,-0.35667494393873245,1,1,1.0
3,1,2,1,0.0,0,0.9130686660641806,0.2157960939123483,0.7,-0.35667494393873245,0,0,0.0
3,1,2,2,2.8631843756493933,0,0.9130686660641806,0.2157960939123483,1.558955312694818,0.44401592558195463,0,0,0.0
3,1,2,3,4.0,1,0.9130686660641806,0.2157960939123483,1.9,0.6418538861723947,1,0,1.0
3,1,3,1,0.0,0,0.9130686660641806,0.2157960939123483,0.7,-0.35667494393873245,0,0,0.0
3,1,3,2,0.0,0,0.9130686660641806,0.2157960939123483,0.7,-0.35667494393873245,0,0,0.0
3,1,3,3,2.0,1,0.9130686660641806,0.2157960939123483,1.2999999999999998,0.2623642644674909,1,0,1.0
3,1,4,1,0.0,0,0.9130686660641806,0.2157960939123483,0.7,-0.35667494393873245,0,0,0.0
3,1,4,2,0.0,0,0.9130686660641806,0.2157960939123483,0.7,-0.35667494393873245,0,0,0.0
3,1,4,3,2.0,1,0.9130686660641806,0.2157960939123483,1.2999999999999998,0.2623642644674909,1,0,1.0
3,1,5,1,0.0,0,0.9130686660641806,0.2157960939123483,0.7,-0.35667494393873245,0,0,0.0
3,1,5,2,0.0,0,0.9130686660641806,0.2157960939123483,0.7,-0.35667494393873245,0,0,0.0
3,1,5,3,2.0,1,0.9130686660641806,0.2157960939123483,1.2999999999999998,0.2623642644674909,1,0,1.0
3,1,6,1,0.0,0,0.9130686660641806,0.2157960939123483,0.7,-0.35667494393873245,0,0,0.0
3,1,6,2,0.0,0,0.9130686660641806,0.2157960939123483,0.7,-0.35667494393873245,0,0,0.0
3,1,6,3,2.0,1,0.9130686660641806,0.2157960939123483,1.2999999999999998,0.2623642644674909,1,0,1.0
3,1,7,1,0.0,0,0.9130686660641806,0.2157960939123483,0.7,-0.35667494393873245,0,0,0.0
3,1,7,2,0.0,0,0.9130686660641806,0.2157960939123483,0.7,-0.35667494393873245,0,0,0.0
3,1,7,3,2.0,1,0.9130686660641806,0.2157960939123483,1.2999999999999998,0.2623642644674909,1,0,1.0
3,1,8,1,0.0,0,0.9130686660641806,0.2157960939123483,0.7,-0.35667494393873245,0,0,0.0
3,1,8,2,0.0,0,0.9130686660641806,0.2157960939123483,0.7,-0.35667494393873245,0,0,0.0
3,1,8,3,2.0,1,0.9130686660641806,0.2157960939123483,1.2999999999999998,0.2623642644674909,1,0,1.0
3,1,9,1,0.0,0,0.9130686660641806,0.2157960939123483,0.7,-0.35667494393873245,0,0,0.0
3,1,9,2,0.0,0,0.9130686660641806,0.2157960939123483,0.7,-0.35667494393873245,0,0,0.0
3,1,9,3,2.0,1,0.9130686660641806,0.2157960939123483,1.2999999999999998,0.2623642644674909,1,0,1.0
3,1,10,1,0.0,0,0.9130686660641806,0.2157960939123483,0.7,-0.35667494393873245,0,0,0.0
3,1,10,2,0.0,0,0.9130686660641806,0.2157960939123483,0.7,-0.35667494393873245,0,0,0.0
3,1,10,3,2.0,1,0.9130686660641806,0.2157960939123483,1.2999999999999998,0.2623642644674909,1,0,1.0
3,1,11,1,0.0,0,0.9130686660641806,0.2157960939123483,0.7,-0.35667494393873245,0,0,0.0
3,1,11,2,0.0,0,0.9130686660641806,0.2157960939123483,0.7,-0.35667494393873245,0,0,0.0
3,1,11,3,2.0,1,0.9130686660641806,0.2157960939123483,1.2999999999999998,0.2623642644674909,1,0,1.0
3,1,12,1,0.0,0,0.9130686660641806,0.2157960939123483,0.7,-0.35667494393873245,0,0,0.0
3,1,12,2,0.0,0,0.9130686660641806,0.2157960939123483,0.7,-0.35667494393873245,0,0,0.0
3,1,12,3,2.0,1,0.9130686660641806,0.2157960939123483,1.2999999999999998,0.2623642644674909,1,0,1.0
3,1,13,1,0.0,0,0.9130686660641806,0.2157960939123483,0.7,-0.35667494393873245,0,0,0.0
3,1,13,2,0.0,0,0.9130686660641806,0.2157960939123483,0.7,-0.35667494393873245,0,0,0.0
3,1,13,3,2.0,1,0.9130686660641806,0.2157960939123483,1.2999999999999998,0.2623642644674909,1,0,1.0
3,1,14,1,0.0,0,0.9130686660641806,0.2157960939123483,0.7,-0.35667494393873245,0,0,0.0
3,1,14,2,0.0,0,0.9130686660641806,0.2157960939123483,0.7,-0.35667494393873245,0,0,0.0
3,1,14,3,2.0,1,0.9130686660641806,0.2157960939123483,1.2999999999999998,0.2623642644674909,1,0,1.0
3,1,15,1,0.0,0,0.9130686660641806,0.2157960939123483,0.7,-0.35667494393873245,0,0,0.0
3,1,15,2,0.0,0,0.9130686660641806,0.2157960939123483,0.7,-0.35667494393873245,0,0,0.0
3,1,15,3,2.0,1,0.9130686660641806,0.2157960939123483,1.2999999999999998,0.2623642644674909,1,0,1.0
3,1,16,1,0.0,0,0.9130686660641806,0.2157960939123483,0.7,-0.35667494393873245,0,0,0.0
3,1,16,2,0.0,0,0.9130686660641806,0.2157960939123483,0.7,-0.35667494393873245,0,0,0.0
3,1,16,3,2.0,1,0.9130686660641806,0.2157960939123483,1.2999999999999998,0.2623642644674909,1,0,1.0
3,1,17,1,0.0,0,0.9130686660641806,0.2157960939123483,0.7,-0.35667494393873245,0,0,0.0
3,1,17,2,0.0,0,0.9130686660641806,0.2157960939123483,0.7,-0.35667494393873245,0,0,0.0
3,1,17,3,2.0,1,0.9130686660641806,0.2157960939123483,1.2999999999999998,0.2623642644674909,1,0,1.0
3,1,18,1,0.0,0,0.9130686660641806,0.2157960939123483,0.7,-0.35667494393873245,0,0,0.0
3,1,18,2,0.0,0,0.9130686660641806,0.2157960939123483,0.7,-0.35667494393873245,0,0,0.0
3,1,18,3,2.0,1,0.9130686660641806,0.2157960939123483,1.2999999999999998,0.2623642644674909,1,0,1.0
3,1,19,1,0.0,0,0.9130686660641806,0.2157960939123483,0.7,-0.35667494393873245,0,0,0.0
3,1,19,2,0.0,0,0.9130686660641806,0.2157960939123483,0.7,-0.35667494393873245,0,0,0.0
3,1,19,3,2.0,1,0.9130686660641806,0.2157960939123483,1.2999999999999998,0.2623642644674909,1,0,1.0
3,1,20,1,0.0,0,0.9130686660641806,0.2157960939123483,0.7,-0.35667494393873245,0,0,0.0
3,1,20,2,0.0,0,0.9130686660641806,0.2157960939123483,0.7,-0.35667494393873245,0,0,0.0
3,1,20,3,2.0,1,0.9130686660641806,0.2157960939123483,1.2999999999999998,0.2623642644674909,1,0,1.0
4,3,1,1,13.194467208152233,1,0.8246542005095145,0.06249078257218064,4.658340162445669,1.538659196371049,1,1,1.0
4,3,1,2,0.0,1,0.8246542005095145,0.06249078257218064,0.7,-0.35667494393873245,0,1,1.0
4,3,1,3,0.0,1,0.8246542005095145,0.06249078257218064,0.7,-0.35667494393873245,0,1,1.0
4,3,2,1,8.0,1,0.8246542005095145,0.06249078257218064,3.0999999999999996,1.1314021114911004,1,0,1.0
4,3,2,2,0.0,1,0.8246542005095145,0.06249078257218064,0.7,-0.35667494393873245,0,0,1.0
4,3,2,3,0.0,1,0.8246542005095145,0.06249078257218064,0.7,-0.35667494393873245,0,0,1.0
4,3,3,1,6.597233604076116,1,0.8246542005095145,0.06249078257218064,2.6791700812228347,0.9855070753792332,1,0,1.0
4,3,3,2,0.0,1,0.8246542005095145,0.06249078257218064,0.7,-0.35667494393873245,0,0,1.0
4,3,3,3,0.0,1,0.8246542005095145,0.06249078257218064,0.7,-0.35667494393873245,0,0,1.0
4,3,4,1,6.597233604076116,1,0.8246542005095145,0.06249078257218064,2.6791700812228347,0.9855070753792332,1,0,1.0
4,3,4,2,0.0,1,0.8246542005095145,0.06249078257218064,0.7,-0.35667494393873245,0,0,1.0
4,3,4,3,0.0,1,0.8246542005095145,0.06249078257218064,0.7,-0.35667494393873245,0,0,1.0
4,3,5,1,6.597233604076116,1,0.8246542005095145,0.06249078257218064,2.6791700812228347,0.9855070753792332,1,0,1.0
4,3,5,2,0.0,1,0.8246542005095145,0.06249078257218064,0.7,-0.35667494393873245,0,0,1.0
4,3,5,3,0.0,1,0.8246542005095145,0.06249078257218064,0.7,-0.35667494393873245,0,0,1.0
4,3,6,1,6.597233604076116,1,0.8246542005095145,0.06249078257218064,2.6791700812228347,0.9855070753792332,1,0,1.0
4,3,6,2,0.0,1,0.8246542005095145,0.06249078257218064,0.7,-0.35667494393873245,0,0,1.0
4,3,6,3,0.0,1,0.8246542005095145,0.06249078257218064,0.7,-0.35667494393873245,0,0,1.0
4,3,7,1,6.597233604076116,1,0.8246542005095145,0.06249078257218064,2.6791700812228347,0.9855070753792332,1,0,1.0
4,3,7,2,0.0,1,0.8246542005095145,0.06249078257218064,0.7,-0.35667494393873245,0,0,1.0
4,3,7,3,0.0,1,0.8246542005095145,0.06249078257218064,0.7,-0.35667494393873245,0,0,1.0
4,3,8,1,6.597233604076116,1,0.8246542005095145,0.06249078257218064,2.6791700812228347,0.9855070753792332,1,0,1.0
4,3,8,2,0.0,1,0.8246542005095145,0.06249078257218064,0.7,-0.35667494393873245,0,0,1.0
4,3,8,3,0.0,1,0.8246542005095145,0.06249078257218064,0.7,-0.35667494393873245,0,0,1.0
4,3,9,1,6.597233604076116,1,0.8246542005095145,0.06249078257218064,2.6791700812228347,0.9855070753792332,1,0,1.0
4,3,9,2,0.0,1,0.8246542005095145,0.06249078257218064,0.7,-0.35667494393873245,0,0,1.0
4,3,9,3,0.0,1,0.8246542005095145,0.06249078257218064,0.7,-0.35667494393873245,0,0,1.0
4,3,10,1,6.597233604076116,1,0.8246542005095145,0.06249078257218064,2.6791700812228347,0.9855070753792332,1,0,1.0
4,3,10,2,0.0,1,0.8246542005095145,0.06249078257218064,0.7,-0.35667494393873245,0,0,1.0
4,3,10,3,0.0,1,0.8246542005095145,0.06249078257218064,0.7,-0.35667494393873245,0,0,1.0
4,3,11,1,6.597233604076116,1,0.8246542005095145,0.06249078257218064,2.6791700812228347,0.9855070753792332,1,0,1.0
4,3,11,2,0.0,1,0.8246542005095145,0.06249078257218064,0.7,-0.35667494393873245,0,0,1.0
4,3,11,3,0.0,1,0.8246542005095145,0.06249078257218064,0.7,-0.35667494393873245,0,0,1.0
4,3,12,1,6.597233604076116,1,0.8246542005095145,0.06249078257218064,2.6791700812228347,0.9855070753792332,1,0,1.0
4,3,12,2,0.0,1,0.8246542005095145,0.06249078257218064,0.7,-0.35667494393873245,0,0,1.0
4,3,12,3,0.0,1,0.8246542005095145,0.06249078257218064,0.7,-0.35667494393873245,0,0,1.0
4,3,13,1,6.597233604076116,1,0.8246542005095145,0.06249078257218064,2.6791700812228347,0.9855070753792332,1,0,1.0
4,3,13,2,0.0,1,0.8246542005095145,0.06249078257218064,0.7,-0.35667494393873245,0,0,1.0
4,3,13,3,0.0,1,0.8246542005095145,0.06249078257218064,0.7,-0.35667494393873245,0,0,1.0
4,3,14,1,6.597233604076116,1,0.8246542005095145,0.06249078257218064,2.6791700812228347,0.9855070753792332,1,0,1.0
4,3,14,2,0.0,1,0.8246542005095145,0.06249078257218064,0.7,-0.35667494393873245,0,0,1.0
4,3,14,3,0.0,1,0.8246542005095145,0.06249078257218064,0.7,-0.35667494393873245,0,0,1.0
4,3,15,1,6.597233604076116,1,0.8246542005095145,0.06249078257218064,2.6791700812228347,0.9855070753792332,1,0,1.0
4,3,15,2,0.0,1,0.8246542005095145,0.06249078257218064,0.7,-0.35667494393873245,0,0,1.0
4,3,15,3,0.0,1,0.8246542005095145,0.06249078257218064,0.7,-0.35667494393873245,0,0,1.0
4,3,16,1,6.597233604076116,1,0.8246542005095145,0.06249078257218064,2.6791700812228347,0.9855070753792332,1,0,1.0
4,3,16,2,0.0,1,0.8246542005095145,0.06249078257218064,0.7,-0.35667494393873245,0,0,1.0
4,3,16,3,0.0,1,0.8246542005095145,0.06249078257218064,0.7,-0.35667494393873245,0,0,1.0
4,3,17,1,6.597233604076116,1,0.8246542005095145,0.06249078257218064,2.6791700812228347,0.9855070753792332,1,0,1.0
4,3,17,2,0.0,1,0.8246542005095145,0.06249078257218064,0.7,-0.35667494393873245,0,0,1.0
4,3,17,3,0.0,1,0.8246542005095145,0.06249078257218064,0.7,-0.35667494393873245,0,0,1.0
4,3,18,1,6.597233604076116,1,0.8246542005095145,0.06249078257218064,2.6791700812228347,0.9855070753792332,1,0,1.0
4,3,18,2,0.0,1,0.8246542005095145,0.06249078257218064,0.7,-0.35667494393873245,0,0,1.0
4,3,18,3,0.0,1,0.8246542005095145,0.06249078257218064,0.7,-0.35667494393873245,0,0,1.0
4,3,19,1,6.597233604076116,1,0.8246542005095145,0.06249078257218064,2.6791700812228347,0.9855070753792332,1,0,1.0
4,3,19,2,0.0,1,0.8246542005095145,0.06249078257218064,0.7,-0.35667494393873245,0,0,1.0
4,3,19,3,0.0,1,0.8246542005095145,0.06249078257218064,0.7,-0.35667494393873245,0,0,1.0
4,3,20,1,6.597233604076116,1,0.8246542005095145,0.06249078257218064,2.6791700812228347,0.9855070753792332,1,0,1.0
4,3,20,2,0.0,1,0.8246542005095145,0.06249078257218064,0.7,-0.35667494393873245,0,0,1.0
4,3,20,3,0.0,1,0.8246542005095145,0.06249078257218064,0.7,-0.35667494393873245,0,0,1.0
4,2,1,1,8.249963130288723,0,0.8246542005095145,0.06249078257218064,3.1749889390866164,1.1553041485863398,0,1,0.0
4,2,1,2,8.0,1,0.8246542005095145,0.06249078257218064,3.0999999999999996,1.1314021114911004,1,1,1.0
4,2,1,3,0.0,1,0.8246542005095145,0.06249078257218064,0.7,-0.35667494393873245,0,1,1.0
4,2,2,1,0.0,0,0.8246542005095145,0.06249078257218064,0.7,-0.35667494393873245,0,0,0.0
4,2,2,2,4.0,1,0.8246542005095145,0.06249078257218064,1.9,0.6418538861723947,1,0,1.0
4,2,2,3,0.0,1,0.8246542005095145,0.06249078257218064,0.7,-0.35667494393873245,0,0,1.0
4,2,3,1,0.0,0,0.8246542005095145,0.06249078257218064,0.7,-0.35667494393873245,0,0,0.0
4,2,3,2,4.0,1,0.8246542005095145,0.06249078257218064,1.9,0.6418538861723947,1,0,1.0
4,2,3,3,0.0,1,0.8246542005095145,0.06249078257218064,0.7,-0.35667494393873245,0,0,1.0
4,2,4,1,0.0,0,0.8246542005095145,0.06249078257218064,0.7,-0.35667494393873245,0,0,0.0
4,2,4,2,4.0,1,0.8246542005095145,0.06249078257218064,1.9,0.6418538861723947,1,0,1.0
4,2,4,3,0.0,1,0.8246542005095145,0.06249078257218064,0.7,-0.35667494393873245,0,0,1.0
4,2,5,1,0.0,0,0.8246542005095145,0.06249078257218064,0.7,-0.35667494393873245,0,0,0.0
4,2,5,2,4.0,1,0.8246542005095145,0.06249078257218064,1.9,0.6418538861723947,1,0,1.0
4,2,5,3,0.0,1,0.8246542005095145,0.06249078257218064,0.7,-0.35667494393873245,0,0,1.0
4,2,6,1,0.0,0,0.8246542005095145,0.06249078257218064,0.7,-0.35667494393873245,0,0,0.0
4,2,6,2,4.0,1,0.8246542005095145,0.06249078257218064,1.9,0.6418538861723947,1,0,1.0
4,2,6,3,0.0,1,0.8246542005095145,0.06249078257218064,0.7,-0.35667494393873245,0,0,1.0
4,2,7,1,0.0,0,0.8246542005095145,0.06249078257218064,0.7,-0.35667494393873245,0,0,0.0
4,2,7,2,4.0,1,0.8246542005095145,0.06249078257218064,1.9,0.6418538861723947,1,0,1.0
4,2,7,3,0.0,1,0.8246542005095145,0.06249078257218064,0.7,-0.35667494393873245,0,0,1.0
4,2,8,1,0.0,0,0.8246542005095145,0.06249078257218064,0.7,-0.35667494393873245,0,0,0.0
4,2,8,2,4.0,1,0.8246542005095145,0.06249078257218064,1.9,0.6418538861723947,1,0,1.0
4,2,8,3,0.0,1,0.8246542005095145,0.06249078257218064,0.7,-0.35667494393873245,0,0,1.0
4,2,9,1,0.0,0,0.8246542005095145,0.06249078257218064,0.7,-0.35667494393873245,0,0,0.0
4,2,9,2,4.0,1,0.8246542005095145,0.06249078257218064,1.9,0.6418538861723947,1,0,1.0
4,2,9,3,0.0,1,0.8246542005095145,0.06249078257218064,0.7,-0.35667494393873245,0,0,1.0
4,2,10,1,0.0,0,0.8246542005095145,0.06249078257218064,0.7,-0.35667494393873245,0,0,0.0
4,2,10,2,4.0,1,0.8246542005095145,0.06249078257218064,1.9,0.6418538861723947,1,0,1.0
4,2,10,3,0.0,1,0.8246542005095145,0.06249078257218064,0.7,-0.35667494393873245,0,0,1.0
4,2,11,1,0.0,0,0.8246542005095145,0.06249078257218064,0.7,-0.35667494393873245,0,0,0.0
4,2,11,2,4.0,1,0.8246542005095145,0.06249078257218064,1.9,0.6418538861723947,1,0,1.0
4,2,11,3,0.0,1,0.8246542005095145,0.06249078257218064,0.7,-0.35667494393873245,0,0,1.0
4,2,12,1,0.0,0,0.8246542005095145,0.06249078257218064,0.7,-0.35667494393873245,0,0,0.0
4,2,12,2,4.0,1,0.8246542005095145,0.06249078257218064,1.9,0.6418538861723947,1,0,1.0
4,2,12,3,0.0,1,0.8246542005095145,0.06249078257218064,0.7,-0.35667494393873245,0,0,1.0
4,2,13,1,0.0,0,0.8246542005095145,0.06249078257218064,0.7,-0.35667494393873245,0,0,0.0
4,2,13,2,4.0,1,0.8246542005095145,0.06249078257218064,1.9,0.6418538861723947,1,0,1.0
4,2,13,3,0.0,1,0.8246542005095145,0.06249078257218064,0.7,-0.35667494393873245,0,0,1.0
4,2,14,1,0.0,0,0.8246542005095145,0.06249078257218064,0.7,-0.35667494393873245,0,0,0.0
4,2,14,2,4.0,1,0.8246542005095145,0.06249078257218064,1.9,0.6418538861723947,1,0,1.0
4,2,14,3,0.0,1,0.8246542005095145,0.06249078257218064,0.7,-0.35667494393873245,0,0,1.0
4,2,15,1,0.0,0,0.8246542005095145,0.06249078257218064,0.7,-0.35667494393873245,0,0,0.0
4,2,15,2,4.0,1,0.8246542005095145,0.06249078257218064,1.9,0.6418538861723947,1,0,1.0
4,2,15,3,0.0,1,0.8246542005095145,0.06249078257218064,0.7,-0.35667494393873245,0,0,1.0
4,2,16,1,0.0,0,0.8246542005095145,0.06249078257218064,0.7,-0.35667494393873245,0,0,0.0
4,2,16,2,4.0,1,0.8246542005095145,0.06249078257218064,1.9,0.6418538861723947,1,0,1.0
4,2,16,3,0.0,1,0.8246542005095145,0.06249078257218064,0.7,-0.35667494393873245,0,0,1.0
4,2,17,1,0.0,0,0.8246542005095145,0.06249078257218064,0.7,-0.35667494393873245,0,0,0.0
4,2,17,2,4.0,1,0.8246542005095145,0.06249078257218064,1.9,0.6418538861723947,1,0,1.0
4,2,17,3,0.0,1,0.8246542005095145,0.06249078257218064,0.7,-0.35667494393873245,0,0,1.0
4,2,18,1,0.0,0,0.8246542005095145,0.06249078257218064,0.7,-0.35667494393873245,0,0,0.0
4,2,18,2,4.0,1,0.8246542005095145,0.06249078257218064,1.9,0.6418538861723947,1,0,1.0
4,2,18,3,0.0,1,0.8246542005095145,0.06249078257218064,0.7,-0.35667494393873245,0,0,1.0
4,2,19,1,0.0,0,0.8246542005095145,0.06249078257218064,0.7,-0.35667494393873245,0,0,0.0
4,2,19,2,4.0,1,0.8246542005095145,0.06249078257218064,1.9,0.6418538861723947,1,0,1.0
4,2,19,3,0.0,1,0.8246542005095145,0.06249078257218064,0.7,-0.35667494393873245,0,0,1.0
4,2,20,1,0.0,0,0.8246542005095145,0.06249078257218064,0.7,-0.35667494393873245,0,0,0.0
4,2,20,2,4.0,1,0.8246542005095145,0.06249078257218064,1.9,0.6418538861723947,1,0,1.0
4,2,20,3,0.0,1,0.8246542005095145,0.06249078257218064,0.7,-0.35667494393873245,0,0,1.0
4,1,1,1,8.249963130288723,1,0.8246542005095145,0.06249078257218064,3.1749889390866164,1.1553041485863398,0,1,1.0
4,1,1,2,0.0,1,0.8246542005095145,0.06249078257218064,0.7,-0.35667494393873245,0,1,1.0
4,1,1,3,0.0,1,0.8246542005095145,0.06249078257218064,0.7,-0.35667494393873245,1,1,1.0
4,1,2,1,4.249963130288722,1,0.8246542005095145,0.06249078257218064,1.9749889390866167,0.68056279787493,0,0,1.0
4,1,2,2,0.0,1,0.8246542005095145,0.06249078257218064,0.7,-0.35667494393873245,0,0,1.0
4,1,2,3,0.0,1,0.8246542005095145,0.06249078257218064,0.7,-0.35667494393873245,1,0,1.0
4,1,3,1,4.249963130288722,0,0.8246542005095145,0.06249078257218064,1.9749889390866167,0.68056279787493,0,0,0.0
4,1,3,2,4.249963130288723,1,0.8246542005095145,0.06249078257218064,1.9749889390866169,0.6805627978749301,0,0,1.0
4,1,3,3,0.0,1,0.8246542005095145,0.06249078257218064,0.7,-0.35667494393873245,1,0,1.0
4,1,4,1,0.0,0,0.8246542005095145,0.06249078257218064,0.7,-0.35667494393873245,0,0,0.0
4,1,4,2,2.2499631302887226,1,0.8246542005095145,0.06249078257218064,1.3749889390866166,0.3184456867855366,0,0,1.0
4,1,4,3,0.0,1,0.8246542005095145,0.06249078257218064,0.7,-0.35667494393873245,1,0,1.0
4,1,5,1,0.0,0,0.8246542005095145,0.06249078257218064,0.7,-0.35667494393873245,0,0,0.0
4,1,5,2,2.2499631302887226,0,0.8246542005095145,0.06249078257218064,1.3749889390866166,0.3184456867855366,0,0,0.0
4,1,5,3,4.0,1,0.8246542005095145,0.06249078257218064,1.9,0.6418538861723947,1,0,1.0
4,1,6,1,0.0,0,0.8246542005095145,0.06249078257218064,0.7,-0.35667494393873245,0,0,0.0
4,1,6,2,0.0,0,0.8246542005095145,0.06249078257218064,0.7,-0.35667494393873245,0,0,0.0
4,1,6,3,2.0,1,0.8246542005095145,0.06249078257218064,1.2999999999999998,0.2623642644674909,1,0,1.0
4,1,7,1,0.0,0,0.8246542005095145,0.06249078257218064,0.7,-0.35667494393873245,0,0,0.0
4,1,7,2,0.0,0,0.8246542005095145,0.06249078257218064,0.7,-0.35667494393873245,0,0,0.0
4,1,7,3,2.0,1,0.8246542005095145,0.06249078257218064,1.2999999999999998,0.2623642644674909,1,0,1.0
4,1,8,1,0.0,0,0.8246542005095145,0.06249078257218064,0.7,-0.35667494393873245,0,0,0.0
4,1,8,2,0.0,0,0.8246542005095145,0.06249078257218064,0.7,-0.35667494393873245,0,0,0.0
4,1,8,3,2.0,1,0.8246542005095145,0.06249078257218064,1.2999999999999998,0.2623642644674909,1,0,1.0
4,1,9,1,0.0,0,0.8246542005095145,0.06249078257218064,0.7,-0.35667494393873245,0,0,0.0
4,1,9,2,0.0,0,0.8246542005095145,0.06249078257218064,0.7,-0.35667494393873245,0,0,0.0
4,1,9,3,2.0,1,0.8246542005095145,0.06249078257218064,1.2999999999999998,0.2623642644674909,1,0,1.0
4,1,10,1,0.0,0,0.8246542005095145,0.06249078257218064,0.7,-0.35667494393873245,0,0,0.0
4,1,10,2,0.0,0,0.8246542005095145,0.06249078257218064,0.7,-0.35667494393873245,0,0,0.0
4,1,10,3,2.0,1,0.8246542005095145,0.06249078257218064,1.2999999999999998,0.2623642644674909,1,0,1.0
4,1,11,1,0.0,0,0.8246542005095145,0.06249078257218064,0.7,-0.35667494393873245,0,0,0.0
4,1,11,2,0.0,0,0.8246542005095145,0.06249078257218064,0.7,-0.35667494393873245,0,0,0.0
4,1,11,3,2.0,1,0.8246542005095145,0.06249078257218064,1.2999999999999998,0.2623642644674909,1,0,1.0
4,1,12,1,0.0,0,0.8246542005095145,0.06249078257218064,0.7,-0.35667494393873245,0,0,0.0
4,1,12,2,0.0,0,0.8246542005095145,0.06249078257218064,0.7,-0.35667494393873245,0,0,0.0
4,1,12,3,2.0,1,0.8246542005095145,0.06249078257218064,1.2999999999999998,0.2623642644674909,1,0,1.0
4,1,13,1,0.0,0,0.8246542005095145,0.06249078257218064,0.7,-0.35667494393873245,0,0,0.0
4,1,13,2,0.0,0,0.8246542005095145,0.06249078257218064,0.7,-0.35667494393873245,0,0,0.0
4,1,13,3,2.0,1,0.8246542005095145,0.06249078257218064,1.2999999999999998,0.2623642644674909,1,0,1.0
4,1,14,1,0.0,0,0.8246542005095145,0.06249078257218064,0.7,-0.35667494393873245,0,0,0.0
4,1,14,2,0.0,0,0.8246542005095145,0.06249078257218064,0.7,-0.35667494393873245,0,0,0.0
4,1,14,3,2.0,1,0.8246542005095145,0.06249078257218064,1.2999999999999998,0.2623642644674909,1,0,1.0
4,1,15,1,0.0,0,0.8246542005095145,0.06249078257218064,0.7,-0.35667494393873245,0,0,0.0
4,1,15,2,0.0,0,0.8246542005095145,0.06249078257218064,0.7,-0.35667494393873245,0,0,0.0
4,1,15,3,2.0,1,0.8246542005095145,0.06249078257218064,1.2999999999999998,0.2623642644674909,1,0,1.0
4,1,16,1,0.0,0,0.8246542005095145,0.06249078257218064,0.7,-0.35667494393873245,0,0,0.0
4,1,16,2,0.0,0,0.8246542005095145,0.06249078257218064,0.7,-0.35667494393873245,0,0,0.0
4,1,16,3,2.0,1,0.8246542005095145,0.06249078257218064,1.2999999999999998,0.2623642644674909,1,0,1.0
4,1,17,1,0.0,0,0.8246542005095145,0.06249078257218064,0.7,-0.35667494393873245,0,0,0.0
4,1,17,2,0.0,0,0.8246542005095145,0.06249078257218064,0.7,-0.35667494393873245,0,0,0.0
4,1,17,3,2.0,1,0.8246542005095145,0.06249078257218064,1.2999999999999998,0.2623642644674909,1,0,1.0
4,1,18,1,0.0,0,0.8246542005095145,0.06249078257218064,0.7,-0.35667494393873245,0,0,0.0
4,1,18,2,0.0,0,0.8246542005095145,0.06249078257218064,0.7,-0.35667494393873245,0,0,0.0
4,1,18,3,2.0,1,0.8246542005095145,0.06249078257218064,1.2999999999999998,0.2623642644674909,1,0,1.0
4,1,19,1,0.0,0,0.8246542005095145,0.06249078257218064,0.7,-0.35667494393873245,0,0,0.0
4,1,19,2,0.0,0,0.8246542005095145,0.06249078257218064,0.7,-0.35667494393873245,0,0,0.0
4,1,19,3,2.0,1,0.8246542005095145,0.06249078257218064,1.2999999999999998,0.2623642644674909,1,0,1.0
4,1,20,1,0.0,0,0.8246542005095145,0.06249078257218064,0.7,-0.35667494393873245,0,0,0.0
4,1,20,2,0.0,0,0.8246542005095145,0.06249078257218064,0.7,-0.35667494393873245,0,0,0.0
4,1,20,3,2.0,1,0.8246542005095145,0.06249078257218064,1.2999999999999998,0.2623642644674909,1,0,1.0
5,3,1,1,14.51712040043005,1,0.9073200250268781,0.12565232273985735,5.055136120129015,1.620404779929673,1,1,1.0
5,3,1,2,0.0,1,0.9073200250268781,0.12565232273985735,0.7,-0.35667494393873245,0,1,1.0
5,3,1,3,0.0,1,0.9073200250268781,0.12565232273985735,0.7,-0.35667494393873245,0,1,1.0
5,3,2,1,7.258560200215025,1,0.9073200250268781,0.12565232273985735,2.8775680600645073,1.0569455138327102,1,0,1.0
5,3,2,2,0.0,1,0.9073200250268781,0.12565232273985735,0.7,-0.35667494393873245,0,0,1.0
5,3,2,3,0.0,1,0.9073200250268781,0.12565232273985735,0.7,-0.35667494393873245,0,0,1.0
5,3,3,1,7.258560200215025,1,0.9073200250268781,0.12565232273985735,2.8775680600645073,1.0569455138327102,1,0,1.0
5,3,3,2,0.0,1,0.9073200250268781,0.12565232273985735,0.7,-0.35667494393873245,0,0,1.0
5,3,3,3,0.0,1,0.9073200250268781,0.12565232273985735,0.7,-0.35667494393873245,0,0,1.0
5,3,4,1,7.258560200215025,1,0.9073200250268781,0.12565232273985735,2.8775680600645073,1.0569455138327102,1,0,1.0
5,3,4,2,0.0,1,0.9073200250268781,0.12565232273985735,0.7,-0.35667494393873245,0,0,1.0
5,3,4,3,0.0,1,0.9073200250268781,0.12565232273985735,0.7,-0.35667494393873245,0,0,1.0
5,3,5,1,7.258560200215025,1,0.9073200250268781,0.12565232273985735,2.8775680600645073,1.0569455138327102,1,0,1.0
5,3,5,2,0.0,1,0.9073200250268781,0.12565232273985735,0.7,-0.35667494393873245,0,0,1.0
5,3,5,3,0.0,1,0.9073200250268781,0.12565232273985735,0.7,-0.35667494393873245,0,0,1.0
5,3,6,1,7.258560200215025,1,0.9073200250268781,0.12565232273985735,2.8775680600645073,1.0569455138327102,1,0,1.0
5,3,6,2,0.0,1,0.9073200250268781,0.12565232273985735,0.7,-0.35667494393873245,0,0,1.0
5,3,6,3,0.0,1,0.9073200250268781,0.12565232273985735,0.7,-0.35667494393873245,0,0,1.0
5,3,7,1,7.258560200215025,1,0.9073200250268781,0.12565232273985735,2.8775680600645073,1.0569455138327102,1,0,1.0
5,3,7,2,0.0,1,0.9073200250268781,0.12565232273985735,0.7,-0.35667494393873245,0,0,1.0
5,3,7,3,0.0,1,0.9073200250268781,0.12565232273985735,0.7,-0.35667494393873245,0,0,1.0
5,3,8,1,7.258560200215025,1,0.9073200250268781,0.12565232273985735,2.8775680600645073,1.0569455138327102,1,0,1.0
5,3,8,2,0.0,1,0.9073200250268781,0.12565232273985735,0.7,-0.35667494393873245,0,0,1.0
5,3,8,3,0.0,1,0.9073200250268781,0.12565232273985735,0.7,-0.35667494393873245,0,0,1.0
5,3,9,1,7.258560200215025,1,0.9073200250268781,0.12565232273985735,2.8775680600645073,1.0569455138327102,1,0,1.0
5,3,9,2,0.0,1,0.9073200250268781,0.12565232273985735,0.7,-0.35667494393873245,0,0,1.0
5,3,9,3,0.0,1,0.9073200250268781,0.12565232273985735,0.7,-0.35667494393873245,0,0,1.0
5,3,10,1,7.258560200215025,1,0.9073200250268781,0.12565232273985735,2.8775680600645073,1.0569455138327102,1,0,1.0
5,3,10,2,0.0,1,0.9073200250268781,0.12565232273985735,0.7,-0.35667494393873245,0,0,1.0
5,3,10,3,0.0,1,0.9073200250268781,0.12565232273985735,0.7,-0.35667494393873245,0,0,1.0
5,3,11,1,7.258560200215025,1,0.9073200250268781,0.12565232273985735,2.8775680600645073,1.0569455138327102,1,0,1.0
5,3,11,2,0.0,1,0.9073200250268781,0.12565232273985735,0.7,-0.35667494393873245,0,0,1.0
5,3,11,3,0.0,1,0.9073200250268781,0.12565232273985735,0.7,-0.35667494393873245,0,0,1.0
5,3,12,1,7.258560200215025,1,0.9073200250268781,0.12565232273985735,2.8775680600645073,1.0569455138327102,1,0,1.0
5,3,12,2,0.0,1,0.9073200250268781,0.12565232273985735,0.7,-0.35667494393873245,0,0,1.0
5,3,12,3,0.0,1,0.9073200250268781,0.12565232273985735,0.7,-0.35667494393873245,0,0,1.0
5,3,13,1,7.258560200215025,1,0.9073200250268781,0.12565232273985735,2.8775680600645073,1.0569455138327102,1,0,1.0
5,3,13,2,0.0,1,0.9073200250268781,0.12565232273985735,0.7,-0.35667494393873245,0,0,1.0
5,3,13,3,0.0,1,0.9073200250268781,0.12565232273985735,0.7,-0.35667494393873245,0,0,1.0
5,3,14,1,7.258560200215025,1,0.9073200250268781,0.12565232273985735,2.8775680600645073,1.0569455138327102,1,0,1.0
5,3,14,2,0.0,1,0.9073200250268781,0.12565232273985735,0.7,-0.35667494393873245,0,0,1.0
5,3,14,3,0.0,1,0.9073200250268781,0.12565232273985735,0.7,-0.35667494393873245,0,0,1.0
5,3,15,1,7.258560200215025,1,0.9073200250268781,0.12565232273985735,2.8775680600645073,1.0569455138327102,1,0,1.0
5,3,15,2,0.0,1,0.9073200250268781,0.12565232273985735,0.7,-0.35667494393873245,0,0,1.0
5,3,15,3,0.0,1,0.9073200250268781,0.12565232273985735,0.7,-0.35667494393873245,0,0,1.0
5,3,16,1,7.258560200215025,1,0.9073200250268781,0.12565232273985735,2.8775680600645073,1.0569455138327102,1,0,1.0
5,3,16,2,0.0,1,0.9073200250268781,0.12565232273985735,0.7,-0.35667494393873245,0,0,1.0
5,3,16,3,0.0,1,0.9073200250268781,0.12565232273985735,0.7,-0.35667494393873245,0,0,1.0
5,3,17,1,7.258560200215025,1,0.9073200250268781,0.12565232273985735,2.8775680600645073,1.0569455138327102,1,0,1.0
5,3,17,2,0.0,1,0.9073200250268781,0.12565232273985735,0.7,-0.35667494393873245,0,0,1.0
5,3,17,3,0.0,1,0.9073200250268781,0.12565232273985735,0.7,-0.35667494393873245,0,0,1.0
5,3,18,1,7.258560200215025,1,0.9073200250268781,0.12565232273985735,2.8775680600645073,1.0569455138327102,1,0,1.0
5,3,18,2,0.0,1,0.9073200250268781,0.12565232273985735,0.7,-0.35667494393873245,0,0,1.0
5,3,18,3,0.0,1,0.9073200250268781,0.12565232273985735,0.7,-0.35667494393873245,0,0,1.0
5,3,19,1,7.258560200215025,1,0.9073200250268781,0.12565232273985735,2.8775680600645073,1.0569455138327102,1,0,1.0
5,3,19,2,0.0,1,0.9073200250268781,0.12565232273985735,0.7,-0.35667494393873245,0,0,1.0
5,3,19,3,0.0,1,0.9073200250268781,0.12565232273985735,0.7,-0.35667494393873245,0,0,1.0
5,3,20,1,7.258560200215025,1,0.9073200250268781,0.12565232273985735,2.8775680600645073,1.0569455138327102,1,0,1.0
5,3,20,2,0.0,1,0.9073200250268781,0.12565232273985735,0.7,-0.35667494393873245,0,0,1.0
5,3,20,3,0.0,1,0.9073200250268781,0.12565232273985735,0.7,-0.35667494393873245,0,0,1.0
5,2,1,1,8.50260929095943,1,0.9073200250268781,0.12565232273985735,3.2507827872878288,1.1788958249671289,0,1,1.0
5,2,1,2,0.0,1,0.9073200250268781,0.12565232273985735,0.7,-0.35667494393873245,1,1,1.0
5,2,1,3,0.0,1,0.9073200250268781,0.12565232273985735,0.7,-0.35667494393873245,0,1,1.0
5,2,2,1,4.5026092909594295,1,0.9073200250268781,0.12565232273985735,2.0507827872878286,0.7182215677226073,0,0,1.0
5,2,2,2,0.0,1,0.9073200250268781,0.12565232273985735,0.7,-0.35667494393873245,1,0,1.0
5,2,2,3,0.0,1,0.9073200250268781,0.12565232273985735,0.7,-0.35667494393873245,0,0,1.0
5,2,3,1,4.5026092909594295,1,0.9073200250268781,0.12565232273985735,2.0507827872878286,0.7182215677226073,0,0,1.0
5,2,3,2,0.0,1,0.9073200250268781,0.12565232273985735,0.7,-0.35667494393873245,1,0,1.0
5,2,3,3,0.0,1,0.9073200250268781,0.12565232273985735,0.7,-0.35667494393873245,0,0,1.0
5,2,4,1,4.5026092909594295,0,0.9073200250268781,0.12565232273985735,2.0507827872878286,0.7182215677226073,0,0,0.0
5,2,4,2,8.0,1,0.9073200250268781,0.12565232273985735,3.0999999999999996,1.1314021114911004,1,0,1.0
5,2,4,3,0.0,1,0.9073200250268781,0.12565232273985735,0.7,-0.35667494393873245,0,0,1.0
5,2,5,1,0.0,0,0.9073200250268781,0.12565232273985735,0.7,-0.35667494393873245,0,0,0.0
5,2,5,2,4.0,1,0.9073200250268781,0.12565232273985735,1.9,0.6418538861723947,1,0,1.0
5,2,5,3,0.0,1,0.9073200250268781,0.12565232273985735,0.7,-0.35667494393873245,0,0,1.0
5,2,6,1,0.0,0,0.9073200250268781,0.12565232273985735,0.7,-0.35667494393873245,0,0,0.0
5,2,6,2,4.0,1,0.9073200250268781,0.12565232273985735,1.9,0.6418538861723947,1,0,1.0
5,2,6,3,0.0,1,0.9073200250268781,0.12565232273985735,0.7,-0.35667494393873245,0,0,1.0
5,2,7,1,0.0,0,0.9073200250268781,0.12565232273985735,0.7,-0.35667494393873245,0,0,0.0
5,2,7,2,4.0,1,0.9073200250268781,0.12565232273985735,1.9,0.6418538861723947,1,0,1.0
5,2,7,3,0.0,1,0.9073200250268781,0.12565232273985735,0.7,-0.35667494393873245,0,0,1.0
5,2,8,1,0.0,0,0.9073200250268781,0.12565232273985735,0.7,-0.35667494393873245,0,0,0.0
5,2,8,2,4.0,1,0.9073200250268781,0.12565232273985735,1.9,0.6418538861723947,1,0,1.0
5,2,8,3,0.0,1,0.9073200250268781,0.12565232273985735,0.7,-0.35667494393873245,0,0,1.0
5,2,9,1,0.0,0,0.9073200250268781,0.12565232273985735,0.7,-0.35667494393873245,0,0,0.0
5,2,9,2,4.0,1,0.9073200250268781,0.12565232273985735,1.9,0.6418538861723947,1,0,1.0
5,2,9,3,0.0,1,0.9073200250268781,0.12565232273985735,0.7,-0.35667494393873245,0,0,1.0
5,2,10,1,0.0,0,0.9073200250268781,0.12565232273985735,0.7,-0.35667494393873245,0,0,0.0
5,2,10,2,4.0,1,0.9073200250268781,0.12565232273985735,1.9,0.6418538861723947,1,0,1.0
5,2,10,3,0.0,1,0.9073200250268781,0.12565232273985735,0.7,-0.35667494393873245,0,0,1.0
5,2,11,1,0.0,0,0.9073200250268781,0.12565232273985735,0.7,-0.35667494393873245,0,0,0.0
5,2,11,2,4.0,1,0.9073200250268781,0.12565232273985735,1.9,0.6418538861723947,1,0,1.0
5,2,11,3,0.0,1,0.9073200250268781,0.12565232273985735,0.7,-0.35667494393873245,0,0,1.0
5,2,12,1,0.0,0,0.9073200250268781,0.12565232273985735,0.7,-0.35667494393873245,0,0,0.0
5,2,12,2,4.0,1,0.9073200250268781,0.12565232273985735,1.9,0.6418538861723947,1,0,1.0
5,2,12,3,0.0,1,0.9073200250268781,0.12565232273985735,0.7,-0.35667494393873245,0,0,1.0
5,2,13,1,0.0,0,0.9073200250268781,0.12565232273985735,0.7,-0.35667494393873245,0,0,0.0
5,2,13,2,4.0,1,0.9073200250268781,0.12565232273985735,1.9,0.6418538861723947,1,0,1.0
5,2,13,3,0.0,1,0.9073200250268781,0.12565232273985735,0.7,-0.35667494393873245,0,0,1.0
5,2,14,1,0.0,0,0.9073200250268781,0.12565232273985735,0.7,-0.35667494393873245,0,0,0.0
5,2,14,2,4.0,1,0.9073200250268781,0.12565232273985735,1.9,0.6418538861723947,1,0,1.0
5,2,14,3,0.0,1,0.9073200250268781,0.12565232273985735,0.7,-0.35667494393873245,0,0,1.0
5,2,15,1,0.0,0,0.9073200250268781,0.12565232273985735,0.7,-0.35667494393873245,0,0,0.0
5,2,15,2,4.0,1,0.9073200250268781,0.12565232273985735,1.9,0.6418538861723947,1,0,1.0
5,2,15,3,0.0,1,0.9073200250268781,0.12565232273985735,0.7,-0.35667494393873245,0,0,1.0
5,2,16,1,0.0,0,0.9073200250268781,0.12565232273985735,0.7,-0.35667494393873245,0,0,0.0
5,2,16,2,4.0,1,0.9073200250268781,0.12565232273985735,1.9,0.6418538861723947,1,0,1.0
5,2,16,3,0.0,1,0.9073200250268781,0.12565232273985735,0.7,-0.35667494393873245,0,0,1.0
5,2,17,1,0.0,0,0.9073200250268781,0.12565232273985735,0.7,-0.35667494393873245,0,0,0.0
5,2,17,2,4.0,1,0.9073200250268781,0.12565232273985735,1.9,0.6418538861723947,1,0,1.0
5,2,17,3,0.0,1,0.9073200250268781,0.12565232273985735,0.7,-0.35667494393873245,0,0,1.0
5,2,18,1,0.0,0,0.9073200250268781,0.12565232273985735,0.7,-0.35667494393873245,0,0,0.0
5,2,18,2,4.0,1,0.9073200250268781,0.12565232273985735,1.9,0.6418538861723947,1,0,1.0
5,2,18,3,0.0,1,0.9073200250268781,0.12565232273985735,0.7,-0.35667494393873245,0,0,1.0
5,2,19,1,0.0,0,0.9073200250268781,0.12565232273985735,0.7,-0.35667494393873245,0,0,0.0
5,2,19,2,4.0,1,0.9073200250268781,0.12565232273985735,1.9,0.6418538861723947,1,0,1.0
5,2,19,3,0.0,1,0.9073200250268781,0.12565232273985735,0.7,-0.35667494393873245,0,0,1.0
5,2,20,1,0.0,0,0.9073200250268781,0.12565232273985735,0.7,-0.35667494393873245,0,0,0.0
5,2,20,2,4.0,1,0.9073200250268781,0.12565232273985735,1.9,0.6418538861723947,1,0,1.0
5,2,20,3,0.0,1,0.9073200250268781,0.12565232273985735,0.7,-0.35667494393873245,0,0,1.0
5,1,1,1,8.50260929095943,1,0.9073200250268781,0.12565232273985735,3.2507827872878288,1.1788958249671289,0,1,1.0
5,1,1,2,0.0,1,0.9073200250268781,0.12565232273985735,0.7,-0.35667494393873245,0,1,1.0
5,1,1,3,0.0,1,0.9073200250268781,0.12565232273985735,0.7,-0.35667494393873245,1,1,1.0
5,1,2,1,4.5026092909594295,0,0.9073200250268781,0.12565232273985735,2.0507827872878286,0.7182215677226073,0,0,0.0
5,1,2,2,4.5026092909594295,1,0.9073200250268781,0.12565232273985735,2.0507827872878286,0.7182215677226073,0,0,1.0
5,1,2,3,0.0,1,0.9073200250268781,0.12565232273985735,0.7,-0.35667494393873245,1,0,1.0
5,1,3,1,0.0,0,0.9073200250268781,0.12565232273985735,0.7,-0.35667494393873245,0,0,0.0
5,1,3,2,2.5026092909594295,0,0.9073200250268781,0.12565232273985735,1.450782787287829,0.3721032640660642,0,0,0.0
5,1,3,3,4.0,1,0.9073200250268781,0.12565232273985735,1.9,0.6418538861723947,1,0,1.0
5,1,4,1,0.0,0,0.9073200250268781,0.12565232273985735,0.7,-0.35667494393873245,0,0,0.0
5,1,4,2,0.0,0,0.9073200250268781,0.12565232273985735,0.7,-0.35667494393873245,0,0,0.0
5,1,4,3,2.0,1,0.9073200250268781,0.12565232273985735,1.2999999999999998,0.2623642644674909,1,0,1.0
5,1,5,1,0.0,0,0.9073200250268781,0.12565232273985735,0.7,-0.35667494393873245,0,0,0.0
5,1,5,2,0.0,0,0.9073200250268781,0.12565232273985735,0.7,-0.35667494393873245,0,0,0.0
5,1,5,3,2.0,1,0.9073200250268781,0.12565232273985735,1.2999999999999998,0.2623642644674909,1,0,1.0
5,1,6,1,0.0,0,0.9073200250268781,0.12565232273985735,0.7,-0.35667494393873245,0,0,0.0
5,1,6,2,0.0,0,0.9073200250268781,0.12565232273985735,0.7,-0.35667494393873245,0,0,0.0
5,1,6,3,2.0,1,0.9073200250268781,0.12565232273985735,1.2999999999999998,0.2623642644674909,1,0,1.0
5,1,7,1,0.0,0,0.9073200250268781,0.12565232273985735,0.7,-0.35667494393873245,0,0,0.0
5,1,7,2,0.0,0,0.9073200250268781,0.12565232273985735,0.7,-0.35667494393873245,0,0,0.0
5,1,7,3,2.0,1,0.9073200250268781,0.12565232273985735,1.2999999999999998,0.2623642644674909,1,0,1.0
5,1,8,1,0.0,0,0.9073200250268781,0.12565232273985735,0.7,-0.35667494393873245,0,0,0.0
5,1,8,2,0.0,0,0.9073200250268781,0.12565232273985735,0.7,-0.35667494393873245,0,0,0.0
5,1,8,3,2.0,1,0.9073200250268781,0.12565232273985735,1.2999999999999998,0.2623642644674909,1,0,1.0
5,1,9,1,0.0,0,0.9073200250268781,0.12565232273985735,0.7,-0.35667494393873245,0,0,0.0
5,1,9,2,0.0,0,0.9073200250268781,0.12565232273985735,0.7,-0.35667494393873245,0,0,0.0
5,1,9,3,2.0,1,0.9073200250268781,0.12565232273985735,1.2999999999999998,0.2623642644674909,1,0,1.0
5,1,10,1,0.0,0,0.9073200250268781,0.12565232273985735,0.7,-0.35667494393873245,0,0,0.0
5,1,10,2,0.0,0,0.9073200250268781,0.12565232273985735,0.7,-0.35667494393873245,0,0,0.0
5,1,10,3,2.0,1,0.9073200250268781,0.12565232273985735,1.2999999999999998,0.2623642644674909,1,0,1.0
5,1,11,1,0.0,0,0.9073200250268781,0.12565232273985735,0.7,-0.35667494393873245,0,0,0.0
5,1,11,2,0.0,0,0.9073200250268781,0.12565232273985735,0.7,-0.35667494393873245,0,0,0.0
5,1,11,3,2.0,1,0.9073200250268781,0.12565232273985735,1.2999999999999998,0.2623642644674909,1,0,1.0
5,1,12,1,0.0,0,0.9073200250268781,0.12565232273985735,0.7,-0.35667494393873245,0,0,0.0
5,1,12,2,0.0,0,0.9073200250268781,0.12565232273985735,0.7,-0.35667494393873245,0,0,0.0
5,1,12,3,2.0,1,0.9073200250268781,0.12565232273985735,1.2999999999999998,0.2623642644674909,1,0,1.0
5,1,13,1,0.0,0,0.9073200250268781,0.12565232273985735,0.7,-0.35667494393873245,0,0,0.0
5,1,13,2,0.0,0,0.9073200250268781,0.12565232273985735,0.7,-0.35667494393873245,0,0,0.0
5,1,13,3,2.0,1,0.9073200250268781,0.12565232273985735,1.2999999999999998,0.2623642644674909,1,0,1.0
5,1,14,1,0.0,0,0.9073200250268781,0.12565232273985735,0.7,-0.35667494393873245,0,0,0.0
5,1,14,2,0.0,0,0.9073200250268781,0.12565232273985735,0.7,-0.35667494393873245,0,0,0.0
5,1,14,3,2.0,1,0.9073200250268781,0.12565232273985735,1.2999999999999998,0.2623642644674909,1,0,1.0
5,1,15,1,0.0,0,0.9073200250268781,0.12565232273985735,0.7,-0.35667494393873245,0,0,0.0
5,1,15,2,0.0,0,0.9073200250268781,0.12565232273985735,0.7,-0.35667494393873245,0,0,0.0
5,1,15,3,2.0,1,0.9073200250268781,0.12565232273985735,1.2999999999999998,0.2623642644674909,1,0,1.0
5,1,16,1,0.0,0,0.9073200250268781,0.12565232273985735,0.7,-0.35667494393873245,0,0,0.0
5,1,16,2,0.0,0,0.9073200250268781,0.12565232273985735,0.7,-0.35667494393873245,0,0,0.0
5,1,16,3,2.0,1,0.9073200250268781,0.12565232273985735,1.2999999999999998,0.2623642644674909,1,0,1.0
5,1,17,1,0.0,0,0.9073200250268781,0.12565232273985735,0.7,-0.35667494393873245,0,0,0.0
5,1,17,2,0.0,0,0.9073200250268781,0.12565232273985735,0.7,-0.35667494393873245,0,0,0.0
5,1,17,3,2.0,1,0.9073200250268781,0.12565232273985735,1.2999999999999998,0.2623642644674909,1,0,1.0
5,1,18,1,0.0,0,0.9073200250268781,0.12565232273985735,0.7,-0.35667494393873245,0,0,0.0
5,1,18,2,0.0,0,0.9073200250268781,0.12565232273985735,0.7,-0.35667494393873245,0,0,0.0
5,1,18,3,2.0,1,0.9073200250268781,0.12565232273985735,1.2999999999999998,0.2623642644674909,1,0,1.0
5,1,19,1,0.0,0,0.9073200250268781,0.12565232273985735,0.7,-0.35667494393873245,0,0,0.0
5,1,19,2,0.0,0,0.9073200250268781,0.12565232273985735,0.7,-0.35667494393873245,0,0,0.0
5,1,19,3,2.0,1,0.9073200250268781,0.12565232273985735,1.2999999999999998,0.2623642644674909,1,0,1.0
5,1,20,1,0.0,0,0.9073200250268781,0.12565232273985735,0.7,-0.35667494393873245,0,0,0.0
5,1,20,2,0.0,0,0.9073200250268781,0.12565232273985735,0.7,-0.35667494393873245,0,0,0.0
5,1,20,3,2.0,1,0.9073200250268781,0.12565232273985735,1.2999999999999998,0.2623642644674909,1,0,1.0
6,3,1,1,15.312946906649396,1,0.9570591816655872,0.11210592763451113,5.293884071994818,1.6665522055664328,1,1,1.0
6,3,1,2,0.0,1,0.9570591816655872,0.11210592763451113,0.7,-0.35667494393873245,0,1,1.0
6,3,1,3,0.0,1,0.9570591816655872,0.11210592763451113,0.7,-0.35667494393873245,0,1,1.0
6,3,2,1,7.656473453324698,1,0.9570591816655872,0.11210592763451113,2.9969420359974093,1.097592447472621,1,0,1.0
6,3,2,2,0.0,1,0.9570591816655872,0.11210592763451113,0.7,-0.35667494393873245,0,0,1.0
6,3,2,3,0.0,1,0.9570591816655872,0.11210592763451113,0.7,-0.35667494393873245,0,0,1.0
6,3,3,1,7.656473453324698,1,0.9570591816655872,0.11210592763451113,2.9969420359974093,1.097592447472621,1,0,1.0
6,3,3,2,0.0,1,0.9570591816655872,0.11210592763451113,0.7,-0.35667494393873245,0,0,1.0
6,3,3,3,0.0,1,0.9570591816655872,0.11210592763451113,0.7,-0.35667494393873245,0,0,1.0
6,3,4,1,7.656473453324698,1,0.9570591816655872,0.11210592763451113,2.9969420359974093,1.097592447472621,1,0,1.0
6,3,4,2,0.0,1,0.9570591816655872,0.11210592763451113,0.7,-0.35667494393873245,0,0,1.0
6,3,4,3,0.0,1,0.9570591816655872,0.11210592763451113,0.7,-0.35667494393873245,0,0,1.0
6,3,5,1,7.656473453324698,1,0.9570591816655872,0.11210592763451113,2.9969420359974093,1.097592447472621,1,0,1.0
6,3,5,2,0.0,1,0.9570591816655872,0.11210592763451113,0.7,-0.35667494393873245,0,0,1.0
6,3,5,3,0.0,1,0.9570591816655872,0.11210592763451113,0.7,-0.35667494393873245,0,0,1.0
6,3,6,1,7.656473453324698,1,0.9570591816655872,0.11210592763451113,2.9969420359974093,1.097592447472621,1,0,1.0
6,3,6,2,0.0,1,0.9570591816655872,0.11210592763451113,0.7,-0.35667494393873245,0,0,1.0
6,3,6,3,0.0,1,0.9570591816655872,0.11210592763451113,0.7,-0.35667494393873245,0,0,1.0
6,3,7,1,7.656473453324698,1,0.9570591816655872,0.11210592763451113,2.9969420359974093,1.097592447472621,1,0,1.0
6,3,7,2,0.0,1,0.9570591816655872,0.11210592763451113,0.7,-0.35667494393873245,0,0,1.0
6,3,7,3,0.0,1,0.9570591816655872,0.11210592763451113,0.7,-0.35667494393873245,0,0,1.0
6,3,8,1,7.656473453324698,1,0.9570591816655872,0.11210592763451113,2.9969420359974093,1.097592447472621,1,0,1.0
6,3,8,2,0.0,1,0.9570591816655872,0.11210592763451113,0.7,-0.35667494393873245,0,0,1.0
6,3,8,3,0.0,1,0.9570591816655872,0.11210592763451113,0.7,-0.35667494393873245,0,0,1.0
6,3,9,1,7.656473453324698,1,0.9570591816655872,0.11210592763451113,2.9969420359974093,1.097592447472621,1,0,1.0
6,3,9,2,0.0,1,0.9570591816655872,0.11210592763451113,0.7,-0.35667494393873245,0,0,1.0
6,3,9,3,0.0,1,0.9570591816655872,0.11210592763451113,0.7,-0.35667494393873245,0,0,1.0
6,3,10,1,7.656473453324698,1,0.9570591816655872,0.11210592763451113,2.9969420359974093,1.097592447472621,1,0,1.0
6,3,10,2,0.0,1,0.9570591816655872,0.11210592763451113,0.7,-0.35667494393873245,0,0,1.0
6,3,10,3,0.0,1,0.9570591816655872,0.11210592763451113,0.7,-0.35667494393873245,0,0,1.0
6,3,11,1,7.656473453324698,1,0.9570591816655872,0.11210592763451113,2.9969420359974093,1.097592447472621,1,0,1.0
6,3,11,2,0.0,1,0.9570591816655872,0.11210592763451113,0.7,-0.35667494393873245,0,0,1.0
6,3,11,3,0.0,1,0.9570591816655872,0.11210592763451113,0.7,-0.35667494393873245,0,0,1.0
6,3,12,1,7.656473453324698,1,0.9570591816655872,0.11210592763451113,2.9969420359974093,1.097592447472621,1,0,1.0
6,3,12,2,0.0,1,0.9570591816655872,0.11210592763451113,0.7,-0.35667494393873245,0,0,1.0
6,3,12,3,0.0,1,0.9570591816655872,0.11210592763451113,0.7,-0.35667494393873245,0,0,1.0
6,3,13,1,7.656473453324698,1,0.9570591816655872,0.11210592763451113,2.9969420359974093,1.097592447472621,1,0,1.0
6,3,13,2,0.0,1,0.9570591816655872,0.11210592763451113,0.7,-0.35667494393873245,0,0,1.0
6,3,13,3,0.0,1,0.9570591816655872,0.11210592763451113,0.7,-0.35667494393873245,0,0,1.0
6,3,14,1,7.656473453324698,1,0.9570591816655872,0.11210592763451113,2.9969420359974093,1.097592447472621,1,0,1.0
6,3,14,2,0.0,1,0.9570591816655872,0.11210592763451113,0.7,-0.35667494393873245,0,0,1.0
6,3,14,3,0.0,1,0.9570591816655872,0.11210592763451113,0.7,-0.35667494393873245,0,0,1.0
6,3,15,1,7.656473453324698,1,0.9570591816655872,0.11210592763451113,2.9969420359974093,1.097592447472621,1,0,1.0
6,3,15,2,0.0,1,0.9570591816655872,0.11210592763451113,0.7,-0.35667494393873245,0,0,1.0
6,3,15,3,0.0,1,0.9570591816655872,0.11210592763451113,0.7,-0.35667494393873245,0,0,1.0
6,3,16,1,7.656473453324698,1,0.9570591816655872,0.11210592763451113,2.9969420359974093,1.097592447472621,1,0,1.0
6,3,16,2,0.0,1,0.9570591816655872,0.11210592763451113,0.7,-0.35667494393873245,0,0,1.0
6,3,16,3,0.0,1,0.9570591816655872,0.11210592763451113,0.7,-0.35667494393873245,0,0,1.0
6,3,17,1,7.656473453324698,1,0.9570591816655872,0.11210592763451113,2.9969420359974093,1.097592447472621,1,0,1.0
6,3,17,2,0.0,1,0.9570591816655872,0.11210592763451113,0.7,-0.35667494393873245,0,0,1.0
6,3,17,3,0.0,1,0.9570591816655872,0.11210592763451113,0.7,-0.35667494393873245,0,0,1.0
6,3,18,1,7.656473453324698,1,0.9570591816655872,0.11210592763451113,2.9969420359974093,1.097592447472621,1,0,1.0
6,3,18,2,0.0,1,0.9570591816655872,0.11210592763451113,0.7,-0.35667494393873245,0,0,1.0
6,3,18,3,0.0,1,0.9570591816655872,0.11210592763451113,0.7,-0.35667494393873245,0,0,1.0
6,3,19,1,7.656473453324698,1,0.9570591816655872,0.11210592763451113,2.9969420359974093,1.097592447472621,1,0,1.0
6,3,19,2,0.0,1,0.9570591816655872,0.11210592763451113,0.7,-0.35667494393873245,0,0,1.0
6,3,19,3,0.0,1,0.9570591816655872,0.11210592763451113,0.7,-0.35667494393873245,0,0,1.0
6,3,20,1,7.656473453324698,1,0.9570591816655872,0.11210592763451113,2.9969420359974093,1.097592447472621,1,0,1.0
6,3,20,2,0.0,1,0.9570591816655872,0.11210592763451113,0.7,-0.35667494393873245,0,0,1.0
6,3,20,3,0.0,1,0.9570591816655872,0.11210592763451113,0.7,-0.35667494393873245,0,0,1.0
6,2,1,1,8.448423710538044,1,0.9570591816655872,0.11210592763451113,3.2345271131614135,1.1738827389559998,0,1,1.0
6,2,1,2,0.0,1,0.9570591816655872,0.11210592763451113,0.7,-0.35667494393873245,1,1,1.0
6,2,1,3,0.0,1,0.9570591816655872,0.11210592763451113,0.7,-0.35667494393873245,0,1,1.0
6,2,2,1,4.448423710538044,1,0.9570591816655872,0.11210592763451113,2.0345271131614133,0.7102634150660222,0,0,1.0
6,2,2,2,0.0,1,0.9570591816655872,0.11210592763451113,0.7,-0.35667494393873245,1,0,1.0
6,2,2,3,0.0,1,0.9570591816655872,0.11210592763451113,0.7,-0.35667494393873245,0,0,1.0
6,2,3,1,4.448423710538044,1,0.9570591816655872,0.11210592763451113,2.0345271131614133,0.7102634150660222,0,0,1.0
6,2,3,2,0.0,1,0.9570591816655872,0.11210592763451113,0.7,-0.35667494393873245,1,0,1.0
6,2,3,3,0.0,1,0.9570591816655872,0.11210592763451113,0.7,-0.35667494393873245,0,0,1.0
6,2,4,1,4.448423710538044,0,0.9570591816655872,0.11210592763451113,2.0345271131614133,0.7102634150660222,0,0,0.0
6,2,4,2,8.0,1,0.9570591816655872,0.11210592763451113,3.0999999999999996,1.1314021114911004,1,0,1.0
6,2,4,3,0.0,1,0.9570591816655872,0.11210592763451113,0.7,-0.35667494393873245,0,0,1.0
6,2,5,1,0.0,0,0.9570591816655872,0.11210592763451113,0.7,-0.35667494393873245,0,0,0.0
6,2,5,2,4.0,1,0.9570591816655872,0.11210592763451113,1.9,0.6418538861723947,1,0,1.0
6,2,5,3,0.0,1,0.9570591816655872,0.11210592763451113,0.7,-0.35667494393873245,0,0,1.0
6,2,6,1,0.0,0,0.9570591816655872,0.11210592763451113,0.7,-0.35667494393873245,0,0,0.0
6,2,6,2,4.0,1,0.9570591816655872,0.11210592763451113,1.9,0.6418538861723947,1,0,1.0
6,2,6,3,0.0,1,0.9570591816655872,0.11210592763451113,0.7,-0.35667494393873245,0,0,1.0
6,2,7,1,0.0,0,0.9570591816655872,0.11210592763451113,0.7,-0.35667494393873245,0,0,0.0
6,2,7,2,4.0,1,0.9570591816655872,0.11210592763451113,1.9,0.6418538861723947,1,0,1.0
6,2,7,3,0.0,1,0.9570591816655872,0.11210592763451113,0.7,-0.35667494393873245,0,0,1.0
6,2,8,1,0.0,0,0.9570591816655872,0.11210592763451113,0.7,-0.35667494393873245,0,0,0.0
6,2,8,2,4.0,1,0.9570591816655872,0.11210592763451113,1.9,0.6418538861723947,1,0,1.0
6,2,8,3,0.0,1,0.9570591816655872,0.11210592763451113,0.7,-0.35667494393873245,0,0,1.0
6,2,9,1,0.0,0,0.9570591816655872,0.11210592763451113,0.7,-0.35667494393873245,0,0,0.0
6,2,9,2,4.0,1,0.9570591816655872,0.11210592763451113,1.9,0.6418538861723947,1,0,1.0
6,2,9,3,0.0,1,0.9570591816655872,0.11210592763451113,0.7,-0.35667494393873245,0,0,1.0
6,2,10,1,0.0,0,0.9570591816655872,0.11210592763451113,0.7,-0.35667494393873245,0,0,0.0
6,2,10,2,4.0,1,0.9570591816655872,0.11210592763451113,1.9,0.6418538861723947,1,0,1.0
6,2,10,3,0.0,1,0.9570591816655872,0.11210592763451113,0.7,-0.35667494393873245,0,0,1.0
6,2,11,1,0.0,0,0.9570591816655872,0.11210592763451113,0.7,-0.35667494393873245,0,0,0.0
6,2,11,2,4.0,1,0.9570591816655872,0.11210592763451113,1.9,0.6418538861723947,1,0,1.0
6,2,11,3,0.0,1,0.9570591816655872,0.11210592763451113,0.7,-0.35667494393873245,0,0,1.0
6,2,12,1,0.0,0,0.9570591816655872,0.11210592763451113,0.7,-0.35667494393873245,0,0,0.0
6,2,12,2,4.0,1,0.9570591816655872,0.11210592763451113,1.9,0.6418538861723947,1,0,1.0
6,2,12,3,0.0,1,0.9570591816655872,0.11210592763451113,0.7,-0.35667494393873245,0,0,1.0
6,2,13,1,0.0,0,0.9570591816655872,0.11210592763451113,0.7,-0.35667494393873245,0,0,0.0
6,2,13,2,4.0,1,0.9570591816655872,0.11210592763451113,1.9,0.6418538861723947,1,0,1.0
6,2,13,3,0.0,1,0.9570591816655872,0.11210592763451113,0.7,-0.35667494393873245,0,0,1.0
6,2,14,1,0.0,0,0.9570591816655872,0.11210592763451113,0.7,-0.35667494393873245,0,0,0.0
6,2,14,2,4.0,1,0.9570591816655872,0.11210592763451113,1.9,0.6418538861723947,1,0,1.0
6,2,14,3,0.0,1,0.9570591816655872,0.11210592763451113,0.7,-0.35667494393873245,0,0,1.0
6,2,15,1,0.0,0,0.9570591816655872,0.11210592763451113,0.7,-0.35667494393873245,0,0,0.0
6,2,15,2,4.0,1,0.9570591816655872,0.11210592763451113,1.9,0.6418538861723947,1,0,1.0
6,2,15,3,0.0,1,0.9570591816655872,0.11210592763451113,0.7,-0.35667494393873245,0,0,1.0
6,2,16,1,0.0,0,0.9570591816655872,0.11210592763451113,0.7,-0.35667494393873245,0,0,0.0
6,2,16,2,4.0,1,0.9570591816655872,0.11210592763451113,1.9,0.6418538861723947,1,0,1.0
6,2,16,3,0.0,1,0.9570591816655872,0.11210592763451113,0.7,-0.35667494393873245,0,0,1.0
6,2,17,1,0.0,0,0.9570591816655872,0.11210592763451113,0.7,-0.35667494393873245,0,0,0.0
6,2,17,2,4.0,1,0.9570591816655872,0.11210592763451113,1.9,0.6418538861723947,1,0,1.0
6,2,17,3,0.0,1,0.9570591816655872,0.11210592763451113,0.7,-0.35667494393873245,0,0,1.0
6,2,18,1,0.0,0,0.9570591816655872,0.11210592763451113,0.7,-0.35667494393873245,0,0,0.0
6,2,18,2,4.0,1,0.9570591816655872,0.11210592763451113,1.9,0.6418538861723947,1,0,1.0
6,2,18,3,0.0,1,0.9570591816655872,0.11210592763451113,0.7,-0.35667494393873245,0,0,1.0
6,2,19,1,0.0,0,0.9570591816655872,0.11210592763451113,0.7,-0.35667494393873245,0,0,0.0
6,2,19,2,4.0,1,0.9570591816655872,0.11210592763451113,1.9,0.6418538861723947,1,0,1.0
6,2,19,3,0.0,1,0.9570591816655872,0.11210592763451113,0.7,-0.35667494393873245,0,0,1.0
6,2,20,1,0.0,0,0.9570591816655872,0.11210592763451113,0.7,-0.35667494393873245,0,0,0.0
6,2,20,2,4.0,1,0.9570591816655872,0.11210592763451113,1.9,0.6418538861723947,1,0,1.0
6,2,20,3,0.0,1,0.9570591816655872,0.11210592763451113,0.7,-0.35667494393873245,0,0,1.0
6,1,1,1,8.448423710538044,1,0.9570591816655872,0.11210592763451113,3.2345271131614135,1.1738827389559998,0,1,1.0
6,1,1,2,0.0,1,0.9570591816655872,0.11210592763451113,0.7,-0.35667494393873245,0,1,1.0
6,1,1,3,0.0,1,0.9570591816655872,0.11210592763451113,0.7,-0.35667494393873245,1,1,1.0
6,1,2,1,4.448423710538044,1,0.9570591816655872,0.11210592763451113,2.0345271131614133,0.7102634150660222,0,0,1.0
6,1,2,2,0.0,1,0.9570591816655872,0.11210592763451113,0.7,-0.35667494393873245,0,0,1.0
6,1,2,3,0.0,1,0.9570591816655872,0.11210592763451113,0.7,-0.35667494393873245,1,0,1.0
6,1,3,1,4.448423710538044,0,0.9570591816655872,0.11210592763451113,2.0345271131614133,0.7102634150660222,0,0,0.0
6,1,3,2,4.448423710538044,1,0.9570591816655872,0.11210592763451113,2.0345271131614133,0.7102634150660222,0,0,1.0
6,1,3,3,0.0,1,0.9570591816655872,0.11210592763451113,0.7,-0.35667494393873245,1,0,1.0
6,1,4,1,0.0,0,0.9570591816655872,0.11210592763451113,0.7,-0.35667494393873245,0,0,0.0
6,1,4,2,2.4484237105380444,0,0.9570591816655872,0.11210592763451113,1.4345271131614132,0.360835257035439,0,0,0.0
6,1,4,3,4.0,1,0.9570591816655872,0.11210592763451113,1.9,0.6418538861723947,1,0,1.0
6,1,5,1,0.0,0,0.9570591816655872,0.11210592763451113,0.7,-0.35667494393873245,0,0,0.0
6,1,5,2,0.0,0,0.9570591816655872,0.11210592763451113,0.7,-0.35667494393873245,0,0,0.0
6,1,5,3,2.0,1,0.9570591816655872,0.11210592763451113,1.2999999999999998,0.2623642644674909,1,0,1.0
6,1,6,1,0.0,0,0.9570591816655872,0.11210592763451113,0.7,-0.35667494393873245,0,0,0.0
6,1,6,2,0.0,0,0.9570591816655872,0.11210592763451113,0.7,-0.35667494393873245,0,0,0.0
6,1,6,3,2.0,1,0.9570591816655872,0.11210592763451113,1.2999999999999998,0.2623642644674909,1,0,1.0
6,1,7,1,0.0,0,0.9570591816655872,0.11210592763451113,0.7,-0.35667494393873245,0,0,0.0
6,1,7,2,0.0,0,0.9570591816655872,0.11210592763451113,0.7,-0.35667494393873245,0,0,0.0
6,1,7,3,2.0,1,0.9570591816655872,0.11210592763451113,1.2999999999999998,0.2623642644674909,1,0,1.0
6,1,8,1,0.0,0,0.9570591816655872,0.11210592763451113,0.7,-0.35667494393873245,0,0,0.0
6,1,8,2,0.0,0,0.9570591816655872,0.11210592763451113,0.7,-0.35667494393873245,0,0,0.0
6,1,8,3,2.0,1,0.9570591816655872,0.11210592763451113,1.2999999999999998,0.2623642644674909,1,0,1.0
6,1,9,1,0.0,0,0.9570591816655872,0.11210592763451113,0.7,-0.35667494393873245,0,0,0.0
6,1,9,2,0.0,0,0.9570591816655872,0.11210592763451113,0.7,-0.35667494393873245,0,0,0.0
6,1,9,3,2.0,1,0.9570591816655872,0.11210592763451113,1.2999999999999998,0.2623642644674909,1,0,1.0
6,1,10,1,0.0,0,0.9570591816655872,0.11210592763451113,0.7,-0.35667494393873245,0,0,0.0
6,1,10,2,0.0,0,0.9570591816655872,0.11210592763451113,0.7,-0.35667494393873245,0,0,0.0
6,1,10,3,2.0,1,0.9570591816655872,0.11210592763451113,1.2999999999999998,0.2623642644674909,1,0,1.0
6,1,11,1,0.0,0,0.9570591816655872,0.11210592763451113,0.7,-0.35667494393873245,0,0,0.0
6,1,11,2,0.0,0,0.9570591816655872,0.11210592763451113,0.7,-0.35667494393873245,0,0,0.0
6,1,11,3,2.0,1,0.9570591816655872,0.11210592763451113,1.2999999999999998,0.2623642644674909,1,0,1.0
6,1,12,1,0.0,0,0.9570591816655872,0.11210592763451113,0.7,-0.35667494393873245,0,0,0.0
6,1,12,2,0.0,0,0.9570591816655872,0.11210592763451113,0.7,-0.35667494393873245,0,0,0.0
6,1,12,3,2.0,1,0.9570591816655872,0.11210592763451113,1.2999999999999998,0.2623642644674909,1,0,1.0
6,1,13,1,0.0,0,0.9570591816655872,0.11210592763451113,0.7,-0.35667494393873245,0,0,0.0
6,1,13,2,0.0,0,0.9570591816655872,0.11210592763451113,0.7,-0.35667494393873245,0,0,0.0
6,1,13,3,2.0,1,0.9570591816655872,0.11210592763451113,1.2999999999999998,0.2623642644674909,1,0,1.0
6,1,14,1,0.0,0,0.9570591816655872,0.11210592763451113,0.7,-0.35667494393873245,0,0,0.0
6,1,14,2,0.0,0,0.9570591816655872,0.11210592763451113,0.7,-0.35667494393873245,0,0,0.0
6,1,14,3,2.0,1,0.9570591816655872,0.11210592763451113,1.2999999999999998,0.2623642644674909,1,0,1.0
6,1,15,1,0.0,0,0.9570591816655872,0.11210592763451113,0.7,-0.35667494393873245,0,0,0.0
6,1,15,2,0.0,0,0.9570591816655872,0.11210592763451113,0.7,-0.35667494393873245,0,0,0.0
6,1,15,3,2.0,1,0.9570591816655872,0.11210592763451113,1.2999999999999998,0.2623642644674909,1,0,1.0
6,1,16,1,0.0,0,0.9570591816655872,0.11210592763451113,0.7,-0.35667494393873245,0,0,0.0
6,1,16,2,0.0,0,0.9570591816655872,0.11210592763451113,0.7,-0.35667494393873245,0,0,0.0
6,1,16,3,2.0,1,0.9570591816655872,0.11210592763451113,1.2999999999999998,0.2623642644674909,1,0,1.0
6,1,17,1,0.0,0,0.9570591816655872,0.11210592763451113,0.7,-0.35667494393873245,0,0,0.0
6,1,17,2,0.0,0,0.9570591816655872,0.11210592763451113,0.7,-0.35667494393873245,0,0,0.0
6,1,17,3,2.0,1,0.9570591816655872,0.11210592763451113,1.2999999999999998,0.2623642644674909,1,0,1.0
6,1,18,1,0.0,0,0.9570591816655872,0.11210592763451113,0.7,-0.35667494393873245,0,0,0.0
6,1,18,2,0.0,0,0.9570591816655872,0.11210592763451113,0.7,-0.35667494393873245,0,0,0.0
6,1,18,3,2.0,1,0.9570591816655872,0.11210592763451113,1.2999999999999998,0.2623642644674909,1,0,1.0
6,1,19,1,0.0,0,0.9570591816655872,0.11210592763451113,0.7,-0.35667494393873245,0,0,0.0
6,1,19,2,0.0,0,0.9570591816655872,0.11210592763451113,0.7,-0.35667494393873245,0,0,0.0
6,1,19,3,2.0,1,0.9570591816655872,0.11210592763451113,1.2999999999999998,0.2623642644674909,1,0,1.0
6,1,20,1,0.0,0,0.9570591816655872,0.11210592763451113,0.7,-0.35667494393873245,0,0,0.0
6,1,20,2,0.0,0,0.9570591816655872,0.11210592763451113,0.7,-0.35667494393873245,0,0,0.0
6,1,20,3,2.0,1,0.9570591816655872,0.11210592763451113,1.2999999999999998,0.2623642644674909,1,0,1.0
7,3,1,1,11.649705501969585,1,0.7281065938730991,0.10206121336600696,4.194911650590876,1.4338722790515925,1,1,1.0
7,3,1,2,0.0,1,0.7281065938730991,0.10206121336600696,0.7,-0.35667494393873245,0,1,1.0
7,3,1,3,0.0,1,0.7281065938730991,0.10206121336600696,0.7,-0.35667494393873245,0,1,1.0
7,3,2,1,8.0,1,0.7281065938730991,0.10206121336600696,3.0999999999999996,1.1314021114911004,1,0,1.0
7,3,2,2,0.0,1,0.7281065938730991,0.10206121336600696,0.7,-0.35667494393873245,0,0,1.0
7,3,2,3,0.0,1,0.7281065938730991,0.10206121336600696,0.7,-0.35667494393873245,0,0,1.0
7,3,3,1,5.8248527509847925,1,0.7281065938730991,0.10206121336600696,2.447455825295438,0.8950490463507329,1,0,1.0
7,3,3,2,0.0,1,0.7281065938730991,0.10206121336600696,0.7,-0.35667494393873245,0,0,1.0
7,3,3,3,0.0,1,0.7281065938730991,0.10206121336600696,0.7,-0.35667494393873245,0,0,1.0
7,3,4,1,5.8248527509847925,1,0.7281065938730991,0.10206121336600696,2.447455825295438,0.8950490463507329,1,0,1.0
7,3,4,2,0.0,1,0.7281065938730991,0.10206121336600696,0.7,-0.35667494393873245,0,0,1.0
7,3,4,3,0.0,1,0.7281065938730991,0.10206121336600696,0.7,-0.35667494393873245,0,0,1.0
7,3,5,1,5.8248527509847925,1,0.7281065938730991,0.10206121336600696,2.447455825295438,0.8950490463507329,1,0,1.0
7,3,5,2,0.0,1,0.7281065938730991,0.10206121336600696,0.7,-0.35667494393873245,0,0,1.0
7,3,5,3,0.0,1,0.7281065938730991,0.10206121336600696,0.7,-0.35667494393873245,0,0,1.0
7,3,6,1,5.8248527509847925,1,0.7281065938730991,0.10206121336600696,2.447455825295438,0.8950490463507329,1,0,1.0
7,3,6,2,0.0,1,0.7281065938730991,0.10206121336600696,0.7,-0.35667494393873245,0,0,1.0
7,3,6,3,0.0,1,0.7281065938730991,0.10206121336600696,0.7,-0.35667494393873245,0,0,1.0
7,3,7,1,5.8248527509847925,1,0.7281065938730991,0.10206121336600696,2.447455825295438,0.8950490463507329,1,0,1.0
7,3,7,2,0.0,1,0.7281065938730991,0.10206121336600696,0.7,-0.35667494393873245,0,0,1.0
7,3,7,3,0.0,1,0.7281065938730991,0.10206121336600696,0.7,-0.35667494393873245,0,0,1.0
7,3,8,1,5.8248527509847925,1,0.7281065938730991,0.10206121336600696,2.447455825295438,0.8950490463507329,1,0,1.0
7,3,8,2,0.0,1,0.7281065938730991,0.10206121336600696,0.7,-0.35667494393873245,0,0,1.0
7,3,8,3,0.0,1,0.7281065938730991,0.10206121336600696,0.7,-0.35667494393873245,0,0,1.0
7,3,9,1,5.8248527509847925,1,0.7281065938730991,0.10206121336600696,2.447455825295438,0.8950490463507329,1,0,1.0
7,3,9,2,0.0,1,0.7281065938730991,0.10206121336600696,0.7,-0.35667494393873245,0,0,1.0
7,3,9,3,0.0,1,0.7281065938730991,0.10206121336600696,0.7,-0.35667494393873245,0,0,1.0
7,3,10,1,5.8248527509847925,1,0.7281065938730991,0.10206121336600696,2.447455825295438,0.8950490463507329,1,0,1.0
7,3,10,2,0.0,1,0.7281065938730991,0.10206121336600696,0.7,-0.35667494393873245,0,0,1.0
7,3,10,3,0.0,1,0.7281065938730991,0.10206121336600696,0.7,-0.35667494393873245,0,0,1.0
7,3,11,1,5.8248527509847925,1,0.7281065938730991,0.10206121336600696,2.447455825295438,0.8950490463507329,1,0,1.0
7,3,11,2,0.0,1,0.7281065938730991,0.10206121336600696,0.7,-0.35667494393873245,0,0,1.0
7,3,11,3,0.0,1,0.7281065938730991,0.10206121336600696,0.7,-0.35667494393873245,0,0,1.0
7,3,12,1,5.8248527509847925,1,0.7281065938730991,0.10206121336600696,2.447455825295438,0.8950490463507329,1,0,1.0
7,3,12,2,0.0,1,0.7281065938730991,0.10206121336600696,0.7,-0.35667494393873245,0,0,1.0
7,3,12,3,0.0,1,0.7281065938730991,0.10206121336600696,0.7,-0.35667494393873245,0,0,1.0
7,3,13,1,5.8248527509847925,1,0.7281065938730991,0.10206121336600696,2.447455825295438,0.8950490463507329,1,0,1.0
7,3,13,2,0.0,1,0.7281065938730991,0.10206121336600696,0.7,-0.35667494393873245,0,0,1.0
7,3,13,3,0.0,1,0.7281065938730991,0.10206121336600696,0.7,-0.35667494393873245,0,0,1.0
7,3,14,1,5.8248527509847925,1,0.7281065938730991,0.10206121336600696,2.447455825295438,0.8950490463507329,1,0,1.0
7,3,14,2,0.0,1,0.7281065938730991,0.10206121336600696,0.7,-0.35667494393873245,0,0,1.0
7,3,14,3,0.0,1,0.7281065938730991,0.10206121336600696,0.7,-0.35667494393873245,0,0,1.0
7,3,15,1,5.8248527509847925,1,0.7281065938730991,0.10206121336600696,2.447455825295438,0.8950490463507329,1,0,1.0
7,3,15,2,0.0,1,0.7281065938730991,0.10206121336600696,0.7,-0.35667494393873245,0,0,1.0
7,3,15,3,0.0,1,0.7281065938730991,0.10206121336600696,0.7,-0.35667494393873245,0,0,1.0
7,3,16,1,5.8248527509847925,1,0.7281065938730991,0.10206121336600696,2.447455825295438,0.8950490463507329,1,0,1.0
7,3,16,2,0.0,1,0.7281065938730991,0.10206121336600696,0.7,-0.35667494393873245,0,0,1.0
7,3,16,3,0.0,1,0.7281065938730991,0.10206121336600696,0.7,-0.35667494393873245,0,0,1.0
7,3,17,1,5.8248527509847925,1,0.7281065938730991,0.10206121336600696,2.447455825295438,0.8950490463507329,1,0,1.0
7,3,17,2,0.0,1,0.7281065938730991,0.10206121336600696,0.7,-0.35667494393873245,0,0,1.0
7,3,17,3,0.0,1,0.7281065938730991,0.10206121336600696,0.7,-0.35667494393873245,0,0,1.0
7,3,18,1,5.8248527509847925,1,0.7281065938730991,0.10206121336600696,2.447455825295438,0.8950490463507329,1,0,1.0
7,3,18,2,0.0,1,0.7281065938730991,0.10206121336600696,0.7,-0.35667494393873245,0,0,1.0
7,3,18,3,0.0,1,0.7281065938730991,0.10206121336600696,0.7,-0.35667494393873245,0,0,1.0
7,3,19,1,5.8248527509847925,1,0.7281065938730991,0.10206121336600696,2.447455825295438,0.8950490463507329,1,0,1.0
7,3,19,2,0.0,1,0.7281065938730991,0.10206121336600696,0.7,-0.35667494393873245,0,0,1.0
7,3,19,3,0.0,1,0.7281065938730991,0.10206121336600696,0.7,-0.35667494393873245,0,0,1.0
7,3,20,1,5.8248527509847925,1,0.7281065938730991,0.10206121336600696,2.447455825295438,0.8950490463507329,1,0,1.0
7,3,20,2,0.0,1,0.7281065938730991,0.10206121336600696,0.7,-0.35667494393873245,0,0,1.0
7,3,20,3,0.0,1,0.7281065938730991,0.10206121336600696,0.7,-0.35667494393873245,0,0,1.0
7,2,1,1,8.408244853464028,1,0.7281065938730991,0.10206121336600696,3.222473456039208,1.1701492187264375,0,1,1.0
7,2,1,2,0.0,1,0.7281065938730991,0.10206121336600696,0.7,-0.35667494393873245,1,1,1.0
7,2,1,3,0.0,1,0.7281065938730991,0.10206121336600696,0.7,-0.35667494393873245,0,1,1.0
7,2,2,1,4.408244853464028,1,0.7281065938730991,0.10206121336600696,2.0224734560392084,0.7043212455327204,0,0,1.0
7,2,2,2,0.0,1,0.7281065938730991,0.10206121336600696,0.7,-0.35667494393873245,1,0,1.0
7,2,2,3,0.0,1,0.7281065938730991,0.10206121336600696,0.7,-0.35667494393873245,0,0,1.0
7,2,3,1,4.408244853464028,0,0.7281065938730991,0.10206121336600696,2.0224734560392084,0.7043212455327204,0,0,0.0
7,2,3,2,8.0,1,0.7281065938730991,0.10206121336600696,3.0999999999999996,1.1314021114911004,1,0,1.0
7,2,3,3,0.0,1,0.7281065938730991,0.10206121336600696,0.7,-0.35667494393873245,0,0,1.0
7,2,4,1,0.0,0,0.7281065938730991,0.10206121336600696,0.7,-0.35667494393873245,0,0,0.0
7,2,4,2,4.0,1,0.7281065938730991,0.10206121336600696,1.9,0.6418538861723947,1,0,1.0
7,2,4,3,0.0,1,0.7281065938730991,0.10206121336600696,0.7,-0.35667494393873245,0,0,1.0
7,2,5,1,0.0,0,0.7281065938730991,0.10206121336600696,0.7,-0.35667494393873245,0,0,0.0
7,2,5,2,4.0,1,0.7281065938730991,0.10206121336600696,1.9,0.6418538861723947,1,0,1.0
7,2,5,3,0.0,1,0.7281065938730991,0.10206121336600696,0.7,-0.35667494393873245,0,0,1.0
7,2,6,1,0.0,0,0.7281065938730991,0.10206121336600696,0.7,-0.35667494393873245,0,0,0.0
7,2,6,2,4.0,1,0.7281065938730991,0.10206121336600696,1.9,0.6418538861723947,1,0,1.0
7,2,6,3,0.0,1,0.7281065938730991,0.10206121336600696,0.7,-0.35667494393873245,0,0,1.0
7,2,7,1,0.0,0,0.7281065938730991,0.10206121336600696,0.7,-0.35667494393873245,0,0,0.0
7,2,7,2,4.0,1,0.7281065938730991,0.10206121336600696,1.9,0.6418538861723947,1,0,1.0
7,2,7,3,0.0,1,0.7281065938730991,0.10206121336600696,0.7,-0.35667494393873245,0,0,1.0
7,2,8,1,0.0,0,0.7281065938730991,0.10206121336600696,0.7,-0.35667494393873245,0,0,0.0
7,2,8,2,4.0,1,0.7281065938730991,0.10206121336600696,1.9,0.6418538861723947,1,0,1.0
7,2,8,3,0.0,1,0.7281065938730991,0.10206121336600696,0.7,-0.35667494393873245,0,0,1.0
7,2,9,1,0.0,0,0.7281065938730991,0.10206121336600696,0.7,-0.35667494393873245,0,0,0.0
7,2,9,2,4.0,1,0.7281065938730991,0.10206121336600696,1.9,0.6418538861723947,1,0,1.0
7,2,9,3,0.0,1,0.7281065938730991,0.10206121336600696,0.7,-0.35667494393873245,0,0,1.0
7,2,10,1,0.0,0,0.7281065938730991,0.10206121336600696,0.7,-0.35667494393873245,0,0,0.0
7,2,10,2,4.0,1,0.7281065938730991,0.10206121336600696,1.9,0.6418538861723947,1,0,1.0
7,2,10,3,0.0,1,0.7281065938730991,0.10206121336600696,0.7,-0.35667494393873245,0,0,1.0
7,2,11,1,0.0,0,0.7281065938730991,0.10206121336600696,0.7,-0.35667494393873245,0,0,0.0
7,2,11,2,4.0,1,0.7281065938730991,0.10206121336600696,1.9,0.6418538861723947,1,0,1.0
7,2,11,3,0.0,1,0.7281065938730991,0.10206121336600696,0.7,-0.35667494393873245,0,0,1.0
7,2,12,1,0.0,0,0.7281065938730991,0.10206121336600696,0.7,-0.35667494393873245,0,0,0.0
7,2,12,2,4.0,1,0.7281065938730991,0.10206121336600696,1.9,0.6418538861723947,1,0,1.0
7,2,12,3,0.0,1,0.7281065938730991,0.10206121336600696,0.7,-0.35667494393873245,0,0,1.0
7,2,13,1,0.0,0,0.7281065938730991,0.10206121336600696,0.7,-0.35667494393873245,0,0,0.0
7,2,13,2,4.0,1,0.7281065938730991,0.10206121336600696,1.9,0.6418538861723947,1,0,1.0
7,2,13,3,0.0,1,0.7281065938730991,0.10206121336600696,0.7,-0.35667494393873245,0,0,1.0
7,2,14,1,0.0,0,0.7281065938730991,0.10206121336600696,0.7,-0.35667494393873245,0,0,0.0
7,2,14,2,4.0,1,0.7281065938730991,0.10206121336600696,1.9,0.6418538861723947,1,0,1.0
7,2,14,3,0.0,1,0.7281065938730991,0.10206121336600696,0.7,-0.35667494393873245,0,0,1.0
7,2,15,1,0.0,0,0.7281065938730991,0.10206121336600696,0.7,-0.35667494393873245,0,0,0.0
7,2,15,2,4.0,1,0.7281065938730991,0.10206121336600696,1.9,0.6418538861723947,1,0,1.0
7,2,15,3,0.0,1,0.7281065938730991,0.10206121336600696,0.7,-0.35667494393873245,0,0,1.0
7,2,16,1,0.0,0,0.7281065938730991,0.10206121336600696,0.7,-0.35667494393873245,0,0,0.0
7,2,16,2,4.0,1,0.7281065938730991,0.10206121336600696,1.9,0.6418538861723947,1,0,1.0
7,2,16,3,0.0,1,0.7281065938730991,0.10206121336600696,0.7,-0.35667494393873245,0,0,1.0
7,2,17,1,0.0,0,0.7281065938730991,0.10206121336600696,0.7,-0.35667494393873245,0,0,0.0
7,2,17,2,4.0,1,0.7281065938730991,0.10206121336600696,1.9,0.6418538861723947,1,0,1.0
7,2,17,3,0.0,1,0.7281065938730991,0.10206121336600696,0.7,-0.35667494393873245,0,0,1.0
7,2,18,1,0.0,0,0.7281065938730991,0.10206121336600696,0.7,-0.35667494393873245,0,0,0.0
7,2,18,2,4.0,1,0.7281065938730991,0.10206121336600696,1.9,0.6418538861723947,1,0,1.0
7,2,18,3,0.0,1,0.7281065938730991,0.10206121336600696,0.7,-0.35667494393873245,0,0,1.0
7,2,19,1,0.0,0,0.7281065938730991,0.10206121336600696,0.7,-0.35667494393873245,0,0,0.0
7,2,19,2,4.0,1,0.7281065938730991,0.10206121336600696,1.9,0.6418538861723947,1,0,1.0
7,2,19,3,0.0,1,0.7281065938730991,0.10206121336600696,0.7,-0.35667494393873245,0,0,1.0
7,2,20,1,0.0,0,0.7281065938730991,0.10206121336600696,0.7,-0.35667494393873245,0,0,0.0
7,2,20,2,4.0,1,0.7281065938730991,0.10206121336600696,1.9,0.6418538861723947,1,0,1.0
7,2,20,3,0.0,1,0.7281065938730991,0.10206121336600696,0.7,-0.35667494393873245,0,0,1.0
7,1,1,1,8.408244853464028,0,0.7281065938730991,0.10206121336600696,3.222473456039208,1.1701492187264375,0,1,0.0
7,1,1,2,4.408244853464028,1,0.7281065938730991,0.10206121336600696,2.0224734560392084,0.7043212455327204,0,1,1.0
7,1,1,3,0.0,1,0.7281065938730991,0.10206121336600696,0.7,-0.35667494393873245,1,1,1.0
7,1,2,1,0.0,0,0.7281065938730991,0.10206121336600696,0.7,-0.35667494393873245,0,0,0.0
7,1,2,2,2.4082448534640277,0,0.7281065938730991,0.10206121336600696,1.4224734560392083,0.3523972267663623,0,0,0.0
7,1,2,3,4.0,1,0.7281065938730991,0.10206121336600696,1.9,0.6418538861723947,1,0,1.0
7,1,3,1,0.0,0,0.7281065938730991,0.10206121336600696,0.7,-0.35667494393873245,0,0,0.0
7,1,3,2,0.0,0,0.7281065938730991,0.10206121336600696,0.7,-0.35667494393873245,0,0,0.0
7,1,3,3,2.0,1,0.7281065938730991,0.10206121336600696,1.2999999999999998,0.2623642644674909,1,0,1.0
7,1,4,1,0.0,0,0.7281065938730991,0.10206121336600696,0.7,-0.35667494393873245,0,0,0.0
7,1,4,2,0.0,0,0.7281065938730991,0.10206121336600696,0.7,-0.35667494393873245,0,0,0.0
7,1,4,3,2.0,1,0.7281065938730991,0.10206121336600696,1.2999999999999998,0.2623642644674909,1,0,1.0
7,1,5,1,0.0,0,0.7281065938730991,0.10206121336600696,0.7,-0.35667494393873245,0,0,0.0
7,1,5,2,0.0,0,0.7281065938730991,0.10206121336600696,0.7,-0.35667494393873245,0,0,0.0
7,1,5,3,2.0,1,0.7281065938730991,0.10206121336600696,1.2999999999999998,0.2623642644674909,1,0,1.0
7,1,6,1,0.0,0,0.7281065938730991,0.10206121336600696,0.7,-0.35667494393873245,0,0,0.0
7,1,6,2,0.0,0,0.7281065938730991,0.10206121336600696,0.7,-0.35667494393873245,0,0,0.0
7,1,6,3,2.0,1,0.7281065938730991,0.10206121336600696,1.2999999999999998,0.2623642644674909,1,0,1.0
7,1,7,1,0.0,0,0.7281065938730991,0.10206121336600696,0.7,-0.35667494393873245,0,0,0.0
7,1,7,2,0.0,0,0.7281065938730991,0.10206121336600696,0.7,-0.35667494393873245,0,0,0.0
7,1,7,3,2.0,1,0.7281065938730991,0.10206121336600696,1.2999999999999998,0.2623642644674909,1,0,1.0
7,1,8,1,0.0,0,0.7281065938730991,0.10206121336600696,0.7,-0.35667494393873245,0,0,0.0
7,1,8,2,0.0,0,0.7281065938730991,0.10206121336600696,0.7,-0.35667494393873245,0,0,0.0
7,1,8,3,2.0,1,0.7281065938730991,0.10206121336600696,1.2999999999999998,0.2623642644674909,1,0,1.0
7,1,9,1,0.0,0,0.7281065938730991,0.10206121336600696,0.7,-0.35667494393873245,0,0,0.0
7,1,9,2,0.0,0,0.7281065938730991,0.10206121336600696,0.7,-0.35667494393873245,0,0,0.0
7,1,9,3,2.0,1,0.7281065938730991,0.10206121336600696,1.2999999999999998,0.2623642644674909,1,0,1.0
7,1,10,1,0.0,0,0.7281065938730991,0.10206121336600696,0.7,-0.35667494393873245,0,0,0.0
7,1,10,2,0.0,0,0.7281065938730991,0.10206121336600696,0.7,-0.35667494393873245,0,0,0.0
7,1,10,3,2.0,1,0.7281065938730991,0.10206121336600696,1.2999999999999998,0.2623642644674909,1,0,1.0
7,1,11,1,0.0,0,0.7281065938730991,0.10206121336600696,0.7,-0.35667494393873245,0,0,0.0
7,1,11,2,0.0,0,0.7281065938730991,0.10206121336600696,0.7,-0.35667494393873245,0,0,0.0
7,1,11,3,2.0,1,0.7281065938730991,0.10206121336600696,1.2999999999999998,0.2623642644674909,1,0,1.0
7,1,12,1,0.0,0,0.7281065938730991,0.10206121336600696,0.7,-0.35667494393873245,0,0,0.0
7,1,12,2,0.0,0,0.7281065938730991,0.10206121336600696,0.7,-0.35667494393873245,0,0,0.0
7,1,12,3,2.0,1,0.7281065938730991,0.10206121336600696,1.2999999999999998,0.2623642644674909,1,0,1.0
7,1,13,1,0.0,0,0.7281065938730991,0.10206121336600696,0.7,-0.35667494393873245,0,0,0.0
7,1,13,2,0.0,0,0.7281065938730991,0.10206121336600696,0.7,-0.35667494393873245,0,0,0.0
7,1,13,3,2.0,1,0.7281065938730991,0.10206121336600696,1.2999999999999998,0.2623642644674909,1,0,1.0
7,1,14,1,0.0,0,0.7281065938730991,0.10206121336600696,0.7,-0.35667494393873245,0,0,0.0
7,1,14,2,0.0,0,0.7281065938730991,0.10206121336600696,0.7,-0.35667494393873245,0,0,0.0
7,1,14,3,2.0,1,0.7281065938730991,0.10206121336600696,1.2999999999999998,0.2623642644674909,1,0,1.0
7,1,15,1,0.0,0,0.7281065938730991,0.10206121336600696,0.7,-0.35667494393873245,0,0,0.0
7,1,15,2,0.0,0,0.7281065938730991,0.10206121336600696,0.7,-0.35667494393873245,0,0,0.0
7,1,15,3,2.0,1,0.7281065938730991,0.10206121336600696,1.2999999999999998,0.2623642644674909,1,0,1.0
7,1,16,1,0.0,0,0.7281065938730991,0.10206121336600696,0.7,-0.35667494393873245,0,0,0.0
7,1,16,2,0.0,0,0.7281065938730991,0.10206121336600696,0.7,-0.35667494393873245,0,0,0.0
7,1,16,3,2.0,1,0.7281065938730991,0.10206121336600696,1.2999999999999998,0.2623642644674909,1,0,1.0
7,1,17,1,0.0,0,0.7281065938730991,0.10206121336600696,0.7,-0.35667494393873245,0,0,0.0
7,1,17,2,0.0,0,0.7281065938730991,0.10206121336600696,0.7,-0.35667494393873245,0,0,0.0
7,1,17,3,2.0,1,0.7281065938730991,0.10206121336600696,1.2999999999999998,0.2623642644674909,1,0,1.0
7,1,18,1,0.0,0,0.7281065938730991,0.10206121336600696,0.7,-0.35667494393873245,0,0,0.0
7,1,18,2,0.0,0,0.7281065938730991,0.10206121336600696,0.7,-0.35667494393873245,0,0,0.0
7,1,18,3,2.0,1,0.7281065938730991,0.10206121336600696,1.2999999999999998,0.2623642644674909,1,0,1.0
7,1,19,1,0.0,0,0.7281065938730991,0.10206121336600696,0.7,-0.35667494393873245,0,0,0.0
7,1,19,2,0.0,0,0.7281065938730991,0.10206121336600696,0.7,-0.35667494393873245,0,0,0.0
7,1,19,3,2.0,1,0.7281065938730991,0.10206121336600696,1.2999999999999998,0.2623642644674909,1,0,1.0
7,1,20,1,0.0,0,0.7281065938730991,0.10206121336600696,0.7,-0.35667494393873245,0,0,0.0
7,1,20,2,0.0,0,0.7281065938730991,0.10206121336600696,0.7,-0.35667494393873245,0,0,0.0
7,1,20,3,2.0,1,0.7281065938730991,0.10206121336600696,1.2999999999999998,0.2623642644674909,1,0,1.0
8,3,1,1,12.585971881877464,1,0.7866232426173415,0.22888526262807324,4.475791564563239,1.4986832220202655,1,1,1.0
8,3,1,2,0.0,1,0.7866232426173415,0.22888526262807324,0.7,-0.35667494393873245,0,1,1.0
8,3,1,3,0.0,1,0.7866232426173415,0.22888526262807324,0.7,-0.35667494393873245,0,1,1.0
8,3,2,1,8.0,1,0.7866232426173415,0.22888526262807324,3.0999999999999996,1.1314021114911004,1,0,1.0
8,3,2,2,0.0,1,0.7866232426173415,0.22888526262807324,0.7,-0.35667494393873245,0,0,1.0
8,3,2,3,0.0,1,0.7866232426173415,0.22888526262807324,0.7,-0.35667494393873245,0,0,1.0
8,3,3,1,6.292985940938732,1,0.7866232426173415,0.22888526262807324,2.5878957822816195,0.9508451062302926,1,0,1.0
8,3,3,2,0.0,1,0.7866232426173415,0.22888526262807324,0.7,-0.35667494393873245,0,0,1.0
8,3,3,3,0.0,1,0.7866232426173415,0.22888526262807324,0.7,-0.35667494393873245,0,0,1.0
8,3,4,1,6.292985940938732,1,0.7866232426173415,0.22888526262807324,2.5878957822816195,0.9508451062302926,1,0,1.0
8,3,4,2,0.0,1,0.7866232426173415,0.22888526262807324,0.7,-0.35667494393873245,0,0,1.0
8,3,4,3,0.0,1,0.7866232426173415,0.22888526262807324,0.7,-0.35667494393873245,0,0,1.0
8,3,5,1,6.292985940938732,1,0.7866232426173415,0.22888526262807324,2.5878957822816195,0.9508451062302926,1,0,1.0
8,3,5,2,0.0,1,0.7866232426173415,0.22888526262807324,0.7,-0.35667494393873245,0,0,1.0
8,3,5,3,0.0,1,0.7866232426173415,0.22888526262807324,0.7,-0.35667494393873245,0,0,1.0
8,3,6,1,6.292985940938732,1,0.7866232426173415,0.22888526262807324,2.5878957822816195,0.9508451062302926,1,0,1.0
8,3,6,2,0.0,1,0.7866232426173415,0.22888526262807324,0.7,-0.35667494393873245,0,0,1.0
8,3,6,3,0.0,1,0.7866232426173415,0.22888526262807324,0.7,-0.35667494393873245,0,0,1.0
8,3,7,1,6.292985940938732,1,0.7866232426173415,0.22888526262807324,2.5878957822816195,0.9508451062302926,1,0,1.0
8,3,7,2,0.0,1,0.7866232426173415,0.22888526262807324,0.7,-0.35667494393873245,0,0,1.0
8,3,7,3,0.0,1,0.7866232426173415,0.22888526262807324,0.7,-0.35667494393873245,0,0,1.0
8,3,8,1,6.292985940938732,1,0.7866232426173415,0.22888526262807324,2.5878957822816195,0.9508451062302926,1,0,1.0
8,3,8,2,0.0,1,0.7866232426173415,0.22888526262807324,0.7,-0.35667494393873245,0,0,1.0
8,3,8,3,0.0,1,0.7866232426173415,0.22888526262807324,0.7,-0.35667494393873245,0,0,1.0
8,3,9,1,6.292985940938732,1,0.7866232426173415,0.22888526262807324,2.5878957822816195,0.9508451062302926,1,0,1.0
8,3,9,2,0.0,1,0.7866232426173415,0.22888526262807324,0.7,-0.35667494393873245,0,0,1.0
8,3,9,3,0.0,1,0.7866232426173415,0.22888526262807324,0.7,-0.35667494393873245,0,0,1.0
8,3,10,1,6.292985940938732,1,0.7866232426173415,0.22888526262807324,2.5878957822816195,0.9508451062302926,1,0,1.0
8,3,10,2,0.0,1,0.7866232426173415,0.22888526262807324,0.7,-0.35667494393873245,0,0,1.0
8,3,10,3,0.0,1,0.7866232426173415,0.22888526262807324,0.7,-0.35667494393873245,0,0,1.0
8,3,11,1,6.292985940938732,1,0.7866232426173415,0.22888526262807324,2.5878957822816195,0.9508451062302926,1,0,1.0
8,3,11,2,0.0,1,0.7866232426173415,0.22888526262807324,0.7,-0.35667494393873245,0,0,1.0
8,3,11,3,0.0,1,0.7866232426173415,0.22888526262807324,0.7,-0.35667494393873245,0,0,1.0
8,3,12,1,6.292985940938732,1,0.7866232426173415,0.22888526262807324,2.5878957822816195,0.9508451062302926,1,0,1.0
8,3,12,2,0.0,1,0.7866232426173415,0.22888526262807324,0.7,-0.35667494393873245,0,0,1.0
8,3,12,3,0.0,1,0.7866232426173415,0.22888526262807324,0.7,-0.35667494393873245,0,0,1.0
8,3,13,1,6.292985940938732,1,0.7866232426173415,0.22888526262807324,2.5878957822816195,0.9508451062302926,1,0,1.0
8,3,13,2,0.0,1,0.7866232426173415,0.22888526262807324,0.7,-0.35667494393873245,0,0,1.0
8,3,13,3,0.0,1,0.7866232426173415,0.22888526262807324,0.7,-0.35667494393873245,0,0,1.0
8,3,14,1,6.292985940938732,1,0.7866232426173415,0.22888526262807324,2.5878957822816195,0.9508451062302926,1,0,1.0
8,3,14,2,0.0,1,0.7866232426173415,0.22888526262807324,0.7,-0.35667494393873245,0,0,1.0
8,3,14,3,0.0,1,0.7866232426173415,0.22888526262807324,0.7,-0.35667494393873245,0,0,1.0
8,3,15,1,6.292985940938732,1,0.7866232426173415,0.22888526262807324,2.5878957822816195,0.9508451062302926,1,0,1.0
8,3,15,2,0.0,1,0.7866232426173415,0.22888526262807324,0.7,-0.35667494393873245,0,0,1.0
8,3,15,3,0.0,1,0.7866232426173415,0.22888526262807324,0.7,-0.35667494393873245,0,0,1.0
8,3,16,1,6.292985940938732,1,0.7866232426173415,0.22888526262807324,2.5878957822816195,0.9508451062302926,1,0,1.0
8,3,16,2,0.0,1,0.7866232426173415,0.22888526262807324,0.7,-0.35667494393873245,0,0,1.0
8,3,16,3,0.0,1,0.7866232426173415,0.22888526262807324,0.7,-0.35667494393873245,0,0,1.0
8,3,17,1,6.292985940938732,1,0.7866232426173415,0.22888526262807324,2.5878957822816195,0.9508451062302926,1,0,1.0
8,3,17,2,0.0,1,0.7866232426173415,0.22888526262807324,0.7,-0.35667494393873245,0,0,1.0
8,3,17,3,0.0,1,0.7866232426173415,0.22888526262807324,0.7,-0.35667494393873245,0,0,1.0
8,3,18,1,6.292985940938732,1,0.7866232426173415,0.22888526262807324,2.5878957822816195,0.9508451062302926,1,0,1.0
8,3,18,2,0.0,1,0.7866232426173415,0.22888526262807324,0.7,-0.35667494393873245,0,0,1.0
8,3,18,3,0.0,1,0.7866232426173415,0.22888526262807324,0.7,-0.35667494393873245,0,0,1.0
8,3,19,1,6.292985940938732,1,0.7866232426173415,0.22888526262807324,2.5878957822816195,0.9508451062302926,1,0,1.0
8,3,19,2,0.0,1,0.7866232426173415,0.22888526262807324,0.7,-0.35667494393873245,0,0,1.0
8,3,19,3,0.0,1,0.7866232426173415,0.22888526262807324,0.7,-0.35667494393873245,0,0,1.0
8,3,20,1,6.292985940938732,1,0.7866232426173415,0.22888526262807324,2.5878957822816195,0.9508451062302926,1,0,1.0
8,3,20,2,0.0,1,0.7866232426173415,0.22888526262807324,0.7,-0.35667494393873245,0,0,1.0
8,3,20,3,0.0,1,0.7866232426173415,0.22888526262807324,0.7,-0.35667494393873245,0,0,1.0
8,2,1,1,8.915541050512292,1,0.7866232426173415,0.22888526262807324,3.374662315153688,1.2162952645494032,0,1,1.0
8,2,1,2,0.0,1,0.7866232426173415,0.22888526262807324,0.7,-0.35667494393873245,1,1,1.0
8,2,1,3,0.0,1,0.7866232426173415,0.22888526262807324,0.7,-0.35667494393873245,0,1,1.0
8,2,2,1,4.915541050512293,1,0.7866232426173415,0.22888526262807324,2.1746623151536877,0.7768733950863662,0,0,1.0
8,2,2,2,0.0,1,0.7866232426173415,0.22888526262807324,0.7,-0.35667494393873245,1,0,1.0
8,2,2,3,0.0,1,0.7866232426173415,0.22888526262807324,0.7,-0.35667494393873245,0,0,1.0
8,2,3,1,4.915541050512293,0,0.7866232426173415,0.22888526262807324,2.1746623151536877,0.7768733950863662,0,0,0.0
8,2,3,2,8.0,1,0.7866232426173415,0.22888526262807324,3.0999999999999996,1.1314021114911004,1,0,1.0
8,2,3,3,0.0,1,0.7866232426173415,0.22888526262807324,0.7,-0.35667494393873245,0,0,1.0
8,2,4,1,0.0,0,0.7866232426173415,0.22888526262807324,0.7,-0.35667494393873245,0,0,0.0
8,2,4,2,4.0,1,0.7866232426173415,0.22888526262807324,1.9,0.6418538861723947,1,0,1.0
8,2,4,3,0.0,1,0.7866232426173415,0.22888526262807324,0.7,-0.35667494393873245,0,0,1.0
8,2,5,1,0.0,0,0.7866232426173415,0.22888526262807324,0.7,-0.35667494393873245,0,0,0.0
8,2,5,2,4.0,1,0.7866232426173415,0.22888526262807324,1.9,0.6418538861723947,1,0,1.0
8,2,5,3,0.0,1,0.7866232426173415,0.22888526262807324,0.7,-0.35667494393873245,0,0,1.0
8,2,6,1,0.0,0,0.7866232426173415,0.22888526262807324,0.7,-0.35667494393873245,0,0,0.0
8,2,6,2,4.0,1,0.7866232426173415,0.22888526262807324,1.9,0.6418538861723947,1,0,1.0
8,2,6,3,0.0,1,0.7866232426173415,0.22888526262807324,0.7,-0.35667494393873245,0,0,1.0
8,2,7,1,0.0,0,0.7866232426173415,0.22888526262807324,0.7,-0.35667494393873245,0,0,0.0
8,2,7,2,4.0,1,0.7866232426173415,0.22888526262807324,1.9,0.6418538861723947,1,0,1.0
8,2,7,3,0.0,1,0.7866232426173415,0.22888526262807324,0.7,-0.35667494393873245,0,0,1.0
8,2,8,1,0.0,0,0.7866232426173415,0.22888526262807324,0.7,-0.35667494393873245,0,0,0.0
8,2,8,2,4.0,1,0.7866232426173415,0.22888526262807324,1.9,0.6418538861723947,1,0,1.0
8,2,8,3,0.0,1,0.7866232426173415,0.22888526262807324,0.7,-0.35667494393873245,0,0,1.0
8,2,9,1,0.0,0,0.7866232426173415,0.22888526262807324,0.7,-0.35667494393873245,0,0,0.0
8,2,9,2,4.0,1,0.7866232426173415,0.22888526262807324,1.9,0.6418538861723947,1,0,1.0
8,2,9,3,0.0,1,0.7866232426173415,0.22888526262807324,0.7,-0.35667494393873245,0,0,1.0
8,2,10,1,0.0,0,0.7866232426173415,0.22888526262807324,0.7,-0.35667494393873245,0,0,0.0
8,2,10,2,4.0,1,0.7866232426173415,0.22888526262807324,1.9,0.6418538861723947,1,0,1.0
8,2,10,3,0.0,1,0.7866232426173415,0.22888526262807324,0.7,-0.35667494393873245,0,0,1.0
8,2,11,1,0.0,0,0.7866232426173415,0.22888526262807324,0.7,-0.35667494393873245,0,0,0.0
8,2,11,2,4.0,1,0.7866232426173415,0.22888526262807324,1.9,0.6418538861723947,1,0,1.0
8,2,11,3,0.0,1,0.7866232426173415,0.22888526262807324,0.7,-0.35667494393873245,0,0,1.0
8,2,12,1,0.0,0,0.7866232426173415,0.22888526262807324,0.7,-0.35667494393873245,0,0,0.0
8,2,12,2,4.0,1,0.7866232426173415,0.22888526262807324,1.9,0.6418538861723947,1,0,1.0
8,2,12,3,0.0,1,0.7866232426173415,0.22888526262807324,0.7,-0.35667494393873245,0,0,1.0
8,2,13,1,0.0,0,0.7866232426173415,0.22888526262807324,0.7,-0.35667494393873245,0,0,0.0
8,2,13,2,4.0,1,0.7866232426173415,0.22888526262807324,1.9,0.6418538861723947,1,0,1.0
8,2,13,3,0.0,1,0.7866232426173415,0.22888526262807324,0.7,-0.35667494393873245,0,0,1.0
8,2,14,1,0.0,0,0.7866232426173415,0.22888526262807324,0.7,-0.35667494393873245,0,0,0.0
8,2,14,2,4.0,1,0.7866232426173415,0.22888526262807324,1.9,0.6418538861723947,1,0,1.0
8,2,14,3,0.0,1,0.7866232426173415,0.22888526262807324,0.7,-0.35667494393873245,0,0,1.0
8,2,15,1,0.0,0,0.7866232426173415,0.22888526262807324,0.7,-0.35667494393873245,0,0,0.0
8,2,15,2,4.0,1,0.7866232426173415,0.22888526262807324,1.9,0.6418538861723947,1,0,1.0
8,2,15,3,0.0,1,0.7866232426173415,0.22888526262807324,0.7,-0.35667494393873245,0,0,1.0
8,2,16,1,0.0,0,0.7866232426173415,0.22888526262807324,0.7,-0.35667494393873245,0,0,0.0
8,2,16,2,4.0,1,0.7866232426173415,0.22888526262807324,1.9,0.6418538861723947,1,0,1.0
8,2,16,3,0.0,1,0.7866232426173415,0.22888526262807324,0.7,-0.35667494393873245,0,0,1.0
8,2,17,1,0.0,0,0.7866232426173415,0.22888526262807324,0.7,-0.35667494393873245,0,0,0.0
8,2,17,2,4.0,1,0.7866232426173415,0.22888526262807324,1.9,0.6418538861723947,1,0,1.0
8,2,17,3,0.0,1,0.7866232426173415,0.22888526262807324,0.7,-0.35667494393873245,0,0,1.0
8,2,18,1,0.0,0,0.7866232426173415,0.22888526262807324,0.7,-0.35667494393873245,0,0,0.0
8,2,18,2,4.0,1,0.7866232426173415,0.22888526262807324,1.9,0.6418538861723947,1,0,1.0
8,2,18,3,0.0,1,0.7866232426173415,0.22888526262807324,0.7,-0.35667494393873245,0,0,1.0
8,2,19,1,0.0,0,0.7866232426173415,0.22888526262807324,0.7,-0.35667494393873245,0,0,0.0
8,2,19,2,4.0,1,0.7866232426173415,0.22888526262807324,1.9,0.6418538861723947,1,0,1.0
8,2,19,3,0.0,1,0.7866232426173415,0.22888526262807324,0.7,-0.35667494393873245,0,0,1.0
8,2,20,1,0.0,0,0.7866232426173415,0.22888526262807324,0.7,-0.35667494393873245,0,0,0.0
8,2,20,2,4.0,1,0.7866232426173415,0.22888526262807324,1.9,0.6418538861723947,1,0,1.0
8,2,20,3,0.0,1,0.7866232426173415,0.22888526262807324,0.7,-0.35667494393873245,0,0,1.0
8,1,1,1,8.915541050512292,1,0.7866232426173415,0.22888526262807324,3.374662315153688,1.2162952645494032,0,1,1.0
8,1,1,2,0.0,1,0.7866232426173415,0.22888526262807324,0.7,-0.35667494393873245,0,1,1.0
8,1,1,3,0.0,1,0.7866232426173415,0.22888526262807324,0.7,-0.35667494393873245,1,1,1.0
8,1,2,1,4.915541050512293,0,0.7866232426173415,0.22888526262807324,2.1746623151536877,0.7768733950863662,0,0,0.0
8,1,2,2,4.915541050512293,1,0.7866232426173415,0.22888526262807324,2.1746623151536877,0.7768733950863662,0,0,1.0
8,1,2,3,0.0,1,0.7866232426173415,0.22888526262807324,0.7,-0.35667494393873245,1,0,1.0
8,1,3,1,0.0,0,0.7866232426173415,0.22888526262807324,0.7,-0.35667494393873245,0,0,0.0
8,1,3,2,2.915541050512293,0,0.7866232426173415,0.22888526262807324,1.574662315153688,0.4540408462129474,0,0,0.0
8,1,3,3,4.0,1,0.7866232426173415,0.22888526262807324,1.9,0.6418538861723947,1,0,1.0
8,1,4,1,0.0,0,0.7866232426173415,0.22888526262807324,0.7,-0.35667494393873245,0,0,0.0
8,1,4,2,0.0,0,0.7866232426173415,0.22888526262807324,0.7,-0.35667494393873245,0,0,0.0
8,1,4,3,2.0,1,0.7866232426173415,0.22888526262807324,1.2999999999999998,0.2623642644674909,1,0,1.0
8,1,5,1,0.0,0,0.7866232426173415,0.22888526262807324,0.7,-0.35667494393873245,0,0,0.0
8,1,5,2,0.0,0,0.7866232426173415,0.22888526262807324,0.7,-0.35667494393873245,0,0,0.0
8,1,5,3,2.0,1,0.7866232426173415,0.22888526262807324,1.2999999999999998,0.2623642644674909,1,0,1.0
8,1,6,1,0.0,0,0.7866232426173415,0.22888526262807324,0.7,-0.35667494393873245,0,0,0.0
8,1,6,2,0.0,0,0.7866232426173415,0.22888526262807324,0.7,-0.35667494393873245,0,0,0.0
8,1,6,3,2.0,1,0.7866232426173415,0.22888526262807324,1.2999999999999998,0.2623642644674909,1,0,1.0
8,1,7,1,0.0,0,0.7866232426173415,0.22888526262807324,0.7,-0.35667494393873245,0,0,0.0
8,1,7,2,0.0,0,0.7866232426173415,0.22888526262807324,0.7,-0.35667494393873245,0,0,0.0
8,1,7,3,2.0,1,0.7866232426173415,0.22888526262807324,1.2999999999999998,0.2623642644674909,1,0,1.0
8,1,8,1,0.0,0,0.7866232426173415,0.22888526262807324,0.7,-0.35667494393873245,0,0,0.0
8,1,8,2,0.0,0,0.7866232426173415,0.22888526262807324,0.7,-0.35667494393873245,0,0,0.0
8,1,8,3,2.0,1,0.7866232426173415,0.22888526262807324,1.2999999999999998,0.2623642644674909,1,0,1.0
8,1,9,1,0.0,0,0.7866232426173415,0.22888526262807324,0.7,-0.35667494393873245,0,0,0.0
8,1,9,2,0.0,0,0.7866232426173415,0.22888526262807324,0.7,-0.35667494393873245,0,0,0.0
8,1,9,3,2.0,1,0.7866232426173415,0.22888526262807324,1.2999999999999998,0.2623642644674909,1,0,1.0
8,1,10,1,0.0,0,0.7866232426173415,0.22888526262807324,0.7,-0.35667494393873245,0,0,0.0
8,1,10,2,0.0,0,0.7866232426173415,0.22888526262807324,0.7,-0.35667494393873245,0,0,0.0
8,1,10,3,2.0,1,0.7866232426173415,0.22888526262807324,1.2999999999999998,0.2623642644674909,1,0,1.0
8,1,11,1,0.0,0,0.7866232426173415,0.22888526262807324,0.7,-0.35667494393873245,0,0,0.0
8,1,11,2,0.0,0,0.7866232426173415,0.22888526262807324,0.7,-0.35667494393873245,0,0,0.0
8,1,11,3,2.0,1,0.7866232426173415,0.22888526262807324,1.2999999999999998,0.2623642644674909,1,0,1.0
8,1,12,1,0.0,0,0.7866232426173415,0.22888526262807324,0.7,-0.35667494393873245,0,0,0.0
8,1,12,2,0.0,0,0.7866232426173415,0.22888526262807324,0.7,-0.35667494393873245,0,0,0.0
8,1,12,3,2.0,1,0.7866232426173415,0.22888526262807324,1.2999999999999998,0.2623642644674909,1,0,1.0
8,1,13,1,0.0,0,0.7866232426173415,0.22888526262807324,0.7,-0.35667494393873245,0,0,0.0
8,1,13,2,0.0,0,0.7866232426173415,0.22888526262807324,0.7,-0.35667494393873245,0,0,0.0
8,1,13,3,2.0,1,0.7866232426173415,0.22888526262807324,1.2999999999999998,0.2623642644674909,1,0,1.0
8,1,14,1,0.0,0,0.7866232426173415,0.22888526262807324,0.7,-0.35667494393873245,0,0,0.0
8,1,14,2,0.0,0,0.7866232426173415,0.22888526262807324,0.7,-0.35667494393873245,0,0,0.0
8,1,14,3,2.0,1,0.7866232426173415,0.22888526262807324,1.2999999999999998,0.2623642644674909,1,0,1.0
8,1,15,1,0.0,0,0.7866232426173415,0.22888526262807324,0.7,-0.35667494393873245,0,0,0.0
8,1,15,2,0.0,0,0.7866232426173415,0.22888526262807324,0.7,-0.35667494393873245,0,0,0.0
8,1,15,3,2.0,1,0.7866232426173415,0.22888526262807324,1.2999999999999998,0.2623642644674909,1,0,1.0
8,1,16,1,0.0,0,0.7866232426173415,0.22888526262807324,0.7,-0.35667494393873245,0,0,0.0
8,1,16,2,0.0,0,0.7866232426173415,0.22888526262807324,0.7,-0.35667494393873245,0,0,0.0
8,1,16,3,2.0,1,0.7866232426173415,0.22888526262807324,1.2999999999999998,0.2623642644674909,1,0,1.0
8,1,17,1,0.0,0,0.7866232426173415,0.22888526262807324,0.7,-0.35667494393873245,0,0,0.0
8,1,17,2,0.0,0,0.7866232426173415,0.22888526262807324,0.7,-0.35667494393873245,0,0,0.0
8,1,17,3,2.0,1,0.7866232426173415,0.22888526262807324,1.2999999999999998,0.2623642644674909,1,0,1.0
8,1,18,1,0.0,0,0.7866232426173415,0.22888526262807324,0.7,-0.35667494393873245,0,0,0.0
8,1,18,2,0.0,0,0.7866232426173415,0.22888526262807324,0.7,-0.35667494393873245,0,0,0.0
8,1,18,3,2.0,1,0.7866232426173415,0.22888526262807324,1.2999999999999998,0.2623642644674909,1,0,1.0
8,1,19,1,0.0,0,0.7866232426173415,0.22888526262807324,0.7,-0.35667494393873245,0,0,0.0
8,1,19,2,0.0,0,0.7866232426173415,0.22888526262807324,0.7,-0.35667494393873245,0,0,0.0
8,1,19,3,2.0,1,0.7866232426173415,0.22888526262807324,1.2999999999999998,0.2623642644674909,1,0,1.0
8,1,20,1,0.0,0,0.7866232426173415,0.22888526262807324,0.7,-0.35667494393873245,0,0,0.0
8,1,20,2,0.0,0,0.7866232426173415,0.22888526262807324,0.7,-0.35667494393873245,0,0,0.0
8,1,20,3,2.0,1,0.7866232426173415,0.22888526262807324,1.2999999999999998,0.2623642644674909,1,0,1.0
9,3,1,1,13.028267822579396,0,0.8142667389112123,0.1727027821953382,4.608480346773819,1.5278981598821801,1,1,0.0
9,3,1,2,8.0,1,0.8142667389112123,0.1727027821953382,3.0999999999999996,1.1314021114911004,0,1,1.0
9,3,1,3,0.0,1,0.8142667389112123,0.1727027821953382,0.7,-0.35667494393873245,0,1,1.0
9,3,2,1,8.0,1,0.8142667389112123,0.1727027821953382,3.0999999999999996,1.1314021114911004,1,0,1.0
9,3,2,2,0.0,1,0.8142667389112123,0.1727027821953382,0.7,-0.35667494393873245,0,0,1.0
9,3,2,3,0.0,1,0.8142667389112123,0.1727027821953382,0.7,-0.35667494393873245,0,0,1.0
9,3,3,1,6.514133911289698,1,0.8142667389112123,0.1727027821953382,2.654240173386909,0.9761584266863288,1,0,1.0
9,3,3,2,0.0,1,0.8142667389112123,0.1727027821953382,0.7,-0.35667494393873245,0,0,1.0
9,3,3,3,0.0,1,0.8142667389112123,0.1727027821953382,0.7,-0.35667494393873245,0,0,1.0
9,3,4,1,6.514133911289698,1,0.8142667389112123,0.1727027821953382,2.654240173386909,0.9761584266863288,1,0,1.0
9,3,4,2,0.0,1,0.8142667389112123,0.1727027821953382,0.7,-0.35667494393873245,0,0,1.0
9,3,4,3,0.0,1,0.8142667389112123,0.1727027821953382,0.7,-0.35667494393873245,0,0,1.0
9,3,5,1,6.514133911289698,1,0.8142667389112123,0.1727027821953382,2.654240173386909,0.9761584266863288,1,0,1.0
9,3,5,2,0.0,1,0.8142667389112123,0.1727027821953382,0.7,-0.35667494393873245,0,0,1.0
9,3,5,3,0.0,1,0.8142667389112123,0.1727027821953382,0.7,-0.35667494393873245,0,0,1.0
9,3,6,1,6.514133911289698,1,0.8142667389112123,0.1727027821953382,2.654240173386909,0.9761584266863288,1,0,1.0
9,3,6,2,0.0,1,0.8142667389112123,0.1727027821953382,0.7,-0.35667494393873245,0,0,1.0
9,3,6,3,0.0,1,0.8142667389112123,0.1727027821953382,0.7,-0.35667494393873245,0,0,1.0
9,3,7,1,6.514133911289698,1,0.8142667389112123,0.1727027821953382,2.654240173386909,0.9761584266863288,1,0,1.0
9,3,7,2,0.0,1,0.8142667389112123,0.1727027821953382,0.7,-0.35667494393873245,0,0,1.0
9,3,7,3,0.0,1,0.8142667389112123,0.1727027821953382,0.7,-0.35667494393873245,0,0,1.0
9,3,8,1,6.514133911289698,1,0.8142667389112123,0.1727027821953382,2.654240173386909,0.9761584266863288,1,0,1.0
9,3,8,2,0.0,1,0.8142667389112123,0.1727027821953382,0.7,-0.35667494393873245,0,0,1.0
9,3,8,3,0.0,1,0.8142667389112123,0.1727027821953382,0.7,-0.35667494393873245,0,0,1.0
9,3,9,1,6.514133911289698,1,0.8142667389112123,0.1727027821953382,2.654240173386909,0.9761584266863288,1,0,1.0
9,3,9,2,0.0,1,0.8142667389112123,0.1727027821953382,0.7,-0.35667494393873245,0,0,1.0
9,3,9,3,0.0,1,0.8142667389112123,0.1727027821953382,0.7,-0.35667494393873245,0,0,1.0
9,3,10,1,6.514133911289698,1,0.8142667389112123,0.1727027821953382,2.654240173386909,0.9761584266863288,1,0,1.0
9,3,10,2,0.0,1,0.8142667389112123,0.1727027821953382,0.7,-0.35667494393873245,0,0,1.0
9,3,10,3,0.0,1,0.8142667389112123,0.1727027821953382,0.7,-0.35667494393873245,0,0,1.0
9,3,11,1,6.514133911289698,1,0.8142667389112123,0.1727027821953382,2.654240173386909,0.9761584266863288,1,0,1.0
9,3,11,2,0.0,1,0.8142667389112123,0.1727027821953382,0.7,-0.35667494393873245,0,0,1.0
9,3,11,3,0.0,1,0.8142667389112123,0.1727027821953382,0.7,-0.35667494393873245,0,0,1.0
9,3,12,1,6.514133911289698,1,0.8142667389112123,0.1727027821953382,2.654240173386909,0.9761584266863288,1,0,1.0
9,3,12,2,0.0,1,0.8142667389112123,0.1727027821953382,0.7,-0.35667494393873245,0,0,1.0
9,3,12,3,0.0,1,0.8142667389112123,0.1727027821953382,0.7,-0.35667494393873245,0,0,1.0
9,3,13,1,6.514133911289698,1,0.8142667389112123,0.1727027821953382,2.654240173386909,0.9761584266863288,1,0,1.0
9,3,13,2,0.0,1,0.8142667389112123,0.1727027821953382,0.7,-0.35667494393873245,0,0,1.0
9,3,13,3,0.0,1,0.8142667389112123,0.1727027821953382,0.7,-0.35667494393873245,0,0,1.0
9,3,14,1,6.514133911289698,1,0.8142667389112123,0.1727027821953382,2.654240173386909,0.9761584266863288,1,0,1.0
9,3,14,2,0.0,1,0.8142667389112123,0.1727027821953382,0.7,-0.35667494393873245,0,0,1.0
9,3,14,3,0.0,1,0.8142667389112123,0.1727027821953382,0.7,-0.35667494393873245,0,0,1.0
9,3,15,1,6.514133911289698,1,0.8142667389112123,0.1727027821953382,2.654240173386909,0.9761584266863288,1,0,1.0
9,3,15,2,0.0,1,0.8142667389112123,0.1727027821953382,0.7,-0.35667494393873245,0,0,1.0
9,3,15,3,0.0,1,0.8142667389112123,0.1727027821953382,0.7,-0.35667494393873245,0,0,1.0
9,3,16,1,6.514133911289698,1,0.8142667389112123,0.1727027821953382,2.654240173386909,0.9761584266863288,1,0,1.0
9,3,16,2,0.0,1,0.8142667389112123,0.1727027821953382,0.7,-0.35667494393873245,0,0,1.0
9,3,16,3,0.0,1,0.8142667389112123,0.1727027821953382,0.7,-0.35667494393873245,0,0,1.0
9,3,17,1,6.514133911289698,1,0.8142667389112123,0.1727027821953382,2.654240173386909,0.9761584266863288,1,0,1.0
9,3,17,2,0.0,1,0.8142667389112123,0.1727027821953382,0.7,-0.35667494393873245,0,0,1.0
9,3,17,3,0.0,1,0.8142667389112123,0.1727027821953382,0.7,-0.35667494393873245,0,0,1.0
9,3,18,1,6.514133911289698,1,0.8142667389112123,0.1727027821953382,2.654240173386909,0.9761584266863288,1,0,1.0
9,3,18,2,0.0,1,0.8142667389112123,0.1727027821953382,0.7,-0.35667494393873245,0,0,1.0
9,3,18,3,0.0,1,0.8142667389112123,0.1727027821953382,0.7,-0.35667494393873245,0,0,1.0
9,3,19,1,6.514133911289698,1,0.8142667389112123,0.1727027821953382,2.654240173386909,0.9761584266863288,1,0,1.0
9,3,19,2,0.0,1,0.8142667389112123,0.1727027821953382,0.7,-0.35667494393873245,0,0,1.0
9,3,19,3,0.0,1,0.8142667389112123,0.1727027821953382,0.7,-0.35667494393873245,0,0,1.0
9,3,20,1,6.514133911289698,1,0.8142667389112123,0.1727027821953382,2.654240173386909,0.9761584266863288,1,0,1.0
9,3,20,2,0.0,1,0.8142667389112123,0.1727027821953382,0.7,-0.35667494393873245,0,0,1.0
9,3,20,3,0.0,1,0.8142667389112123,0.1727027821953382,0.7,-0.35667494393873245,0,0,1.0
9,2,1,1,8.690811128781352,0,0.8142667389112123,0.1727027821953382,3.3072433386344056,1.196115014187761,0,1,0.0
9,2,1,2,8.0,1,0.8142667389112123,0.1727027821953382,3.0999999999999996,1.1314021114911004,1,1,1.0
9,2,1,3,0.0,1,0.8142667389112123,0.1727027821953382,0.7,-0.35667494393873245,0,1,1.0
9,2,2,1,0.0,0,0.8142667389112123,0.1727027821953382,0.7,-0.35667494393873245,0,0,0.0
9,2,2,2,4.0,1,0.8142667389112123,0.1727027821953382,1.9,0.6418538861723947,1,0,1.0
9,2,2,3,0.0,1,0.8142667389112123,0.1727027821953382,0.7,-0.35667494393873245,0,0,1.0
9,2,3,1,0.0,0,0.8142667389112123,0.1727027821953382,0.7,-0.35667494393873245,0,0,0.0
9,2,3,2,4.0,1,0.8142667389112123,0.1727027821953382,1.9,0.6418538861723947,1,0,1.0
9,2,3,3,0.0,1,0.8142667389112123,0.1727027821953382,0.7,-0.35667494393873245,0,0,1.0
9,2,4,1,0.0,0,0.8142667389112123,0.1727027821953382,0.7,-0.35667494393873245,0,0,0.0
9,2,4,2,4.0,1,0.8142667389112123,0.1727027821953382,1.9,0.6418538861723947,1,0,1.0
9,2,4,3,0.0,1,0.8142667389112123,0.1727027821953382,0.7,-0.35667494393873245,0,0,1.0
9,2,5,1,0.0,0,0.8142667389112123,0.1727027821953382,0.7,-0.35667494393873245,0,0,0.0
9,2,5,2,4.0,1,0.8142667389112123,0.1727027821953382,1.9,0.6418538861723947,1,0,1.0
9,2,5,3,0.0,1,0.8142667389112123,0.1727027821953382,0.7,-0.35667494393873245,0,0,1.0
9,2,6,1,0.0,0,0.8142667389112123,0.1727027821953382,0.7,-0.35667494393873245,0,0,0.0
9,2,6,2,4.0,1,0.8142667389112123,0.1727027821953382,1.9,0.6418538861723947,1,0,1.0
9,2,6,3,0.0,1,0.8142667389112123,0.1727027821953382,0.7,-0.35667494393873245,0,0,1.0
9,2,7,1,0.0,0,0.8142667389112123,0.1727027821953382,0.7,-0.35667494393873245,0,0,0.0
9,2,7,2,4.0,1,0.8142667389112123,0.1727027821953382,1.9,0.6418538861723947,1,0,1.0
9,2,7,3,0.0,1,0.8142667389112123,0.1727027821953382,0.7,-0.35667494393873245,0,0,1.0
9,2,8,1,0.0,0,0.8142667389112123,0.1727027821953382,0.7,-0.35667494393873245,0,0,0.0
9,2,8,2,4.0,1,0.8142667389112123,0.1727027821953382,1.9,0.6418538861723947,1,0,1.0
9,2,8,3,0.0,1,0.8142667389112123,0.1727027821953382,0.7,-0.35667494393873245,0,0,1.0
9,2,9,1,0.0,0,0.8142667389112123,0.1727027821953382,0.7,-0.35667494393873245,0,0,0.0
9,2,9,2,4.0,1,0.8142667389112123,0.1727027821953382,1.9,0.6418538861723947,1,0,1.0
9,2,9,3,0.0,1,0.8142667389112123,0.1727027821953382,0.7,-0.35667494393873245,0,0,1.0
9,2,10,1,0.0,0,0.8142667389112123,0.1727027821953382,0.7,-0.35667494393873245,0,0,0.0
9,2,10,2,4.0,1,0.8142667389112123,0.1727027821953382,1.9,0.6418538861723947,1,0,1.0
9,2,10,3,0.0,1,0.8142667389112123,0.1727027821953382,0.7,-0.35667494393873245,0,0,1.0
9,2,11,1,0.0,0,0.8142667389112123,0.1727027821953382,0.7,-0.35667494393873245,0,0,0.0
9,2,11,2,4.0,1,0.8142667389112123,0.1727027821953382,1.9,0.6418538861723947,1,0,1.0
9,2,11,3,0.0,1,0.8142667389112123,0.1727027821953382,0.7,-0.35667494393873245,0,0,1.0
9,2,12,1,0.0,0,0.8142667389112123,0.1727027821953382,0.7,-0.35667494393873245,0,0,0.0
9,2,12,2,4.0,1,0.8142667389112123,0.1727027821953382,1.9,0.6418538861723947,1,0,1.0
9,2,12,3,0.0,1,0.8142667389112123,0.1727027821953382,0.7,-0.35667494393873245,0,0,1.0
9,2,13,1,0.0,0,0.8142667389112123,0.1727027821953382,0.7,-0.35667494393873245,0,0,0.0
9,2,13,2,4.0,1,0.8142667389112123,0.1727027821953382,1.9,0.6418538861723947,1,0,1.0
9,2,13,3,0.0,1,0.8142667389112123,0.1727027821953382,0.7,-0.35667494393873245,0,0,1.0
9,2,14,1,0.0,0,0.8142667389112123,0.1727027821953382,0.7,-0.35667494393873245,0,0,0.0
9,2,14,2,4.0,1,0.8142667389112123,0.1727027821953382,1.9,0.6418538861723947,1,0,1.0
9,2,14,3,0.0,1,0.8142667389112123,0.1727027821953382,0.7,-0.35667494393873245,0,0,1.0
9,2,15,1,0.0,0,0.8142667389112123,0.1727027821953382,0.7,-0.35667494393873245,0,0,0.0
9,2,15,2,4.0,1,0.8142667389112123,0.1727027821953382,1.9,0.6418538861723947,1,0,1.0
9,2,15,3,0.0,1,0.8142667389112123,0.1727027821953382,0.7,-0.35667494393873245,0,0,1.0
9,2,16,1,0.0,0,0.8142667389112123,0.1727027821953382,0.7,-0.35667494393873245,0,0,0.0
9,2,16,2,4.0,1,0.8142667389112123,0.1727027821953382,1.9,0.6418538861723947,1,0,1.0
9,2,16,3,0.0,1,0.8142667389112123,0.1727027821953382,0.7,-0.35667494393873245,0,0,1.0
9,2,17,1,0.0,0,0.8142667389112123,0.1727027821953382,0.7,-0.35667494393873245,0,0,0.0
9,2,17,2,4.0,1,0.8142667389112123,0.1727027821953382,1.9,0.6418538861723947,1,0,1.0
9,2,17,3,0.0,1,0.8142667389112123,0.1727027821953382,0.7,-0.35667494393873245,0,0,1.0
9,2,18,1,0.0,0,0.8142667389112123,0.1727027821953382,0.7,-0.35667494393873245,0,0,0.0
9,2,18,2,4.0,1,0.8142667389112123,0.1727027821953382,1.9,0.6418538861723947,1,0,1.0
9,2,18,3,0.0,1,0.8142667389112123,0.1727027821953382,0.7,-0.35667494393873245,0,0,1.0
9,2,19,1,0.0,0,0.8142667389112123,0.1727027821953382,0.7,-0.35667494393873245,0,0,0.0
9,2,19,2,4.0,1,0.8142667389112123,0.1727027821953382,1.9,0.6418538861723947,1,0,1.0
9,2,19,3,0.0,1,0.8142667389112123,0.1727027821953382,0.7,-0.35667494393873245,0,0,1.0
9,2,20,1,0.0,0,0.8142667389112123,0.1727027821953382,0.7,-0.35667494393873245,0,0,0.0
9,2,20,2,4.0,1,0.8142667389112123,0.1727027821953382,1.9,0.6418538861723947,1,0,1.0
9,2,20,3,0.0,1,0.8142667389112123,0.1727027821953382,0.7,-0.35667494393873245,0,0,1.0
9,1,1,1,8.690811128781352,1,0.8142667389112123,0.1727027821953382,3.3072433386344056,1.196115014187761,0,1,1.0
9,1,1,2,0.0,1,0.8142667389112123,0.1727027821953382,0.7,-0.35667494393873245,0,1,1.0
9,1,1,3,0.0,1,0.8142667389112123,0.1727027821953382,0.7,-0.35667494393873245,1,1,1.0
9,1,2,1,4.690811128781353,0,0.8142667389112123,0.1727027821953382,2.107243338634406,0.7453806187251505,0,0,0.0
9,1,2,2,4.690811128781353,1,0.8142667389112123,0.1727027821953382,2.107243338634406,0.7453806187251505,0,0,1.0
9,1,2,3,0.0,1,0.8142667389112123,0.1727027821953382,0.7,-0.35667494393873245,1,0,1.0
9,1,3,1,0.0,0,0.8142667389112123,0.1727027821953382,0.7,-0.35667494393873245,0,0,0.0
9,1,3,2,2.6908111287813528,0,0.8142667389112123,0.1727027821953382,1.5072433386344057,0.41028237882837015,0,0,0.0
9,1,3,3,4.0,1,0.8142667389112123,0.1727027821953382,1.9,0.6418538861723947,1,0,1.0
9,1,4,1,0.0,0,0.8142667389112123,0.1727027821953382,0.7,-0.35667494393873245,0,0,0.0
9,1,4,2,0.0,0,0.8142667389112123,0.1727027821953382,0.7,-0.35667494393873245,0,0,0.0
9,1,4,3,2.0,1,0.8142667389112123,0.1727027821953382,1.2999999999999998,0.2623642644674909,1,0,1.0
9,1,5,1,0.0,0,0.8142667389112123,0.1727027821953382,0.7,-0.35667494393873245,0,0,0.0
9,1,5,2,0.0,0,0.8142667389112123,0.1727027821953382,0.7,-0.35667494393873245,0,0,0.0
9,1,5,3,2.0,1,0.8142667389112123,0.1727027821953382,1.2999999999999998,0.2623642644674909,1,0,1.0
9,1,6,1,0.0,0,0.8142667389112123,0.1727027821953382,0.7,-0.35667494393873245,0,0,0.0
9,1,6,2,0.0,0,0.8142667389112123,0.1727027821953382,0.7,-0.35667494393873245,0,0,0.0
9,1,6,3,2.0,1,0.8142667389112123,0.1727027821953382,1.2999999999999998,0.2623642644674909,1,0,1.0
9,1,7,1,0.0,0,0.8142667389112123,0.1727027821953382,0.7,-0.35667494393873245,0,0,0.0
9,1,7,2,0.0,0,0.8142667389112123,0.1727027821953382,0.7,-0.35667494393873245,0,0,0.0
9,1,7,3,2.0,1,0.8142667389112123,0.1727027821953382,1.2999999999999998,0.2623642644674909,1,0,1.0
9,1,8,1,0.0,0,0.8142667389112123,0.1727027821953382,0.7,-0.35667494393873245,0,0,0.0
9,1,8,2,0.0,0,0.8142667389112123,0.1727027821953382,0.7,-0.35667494393873245,0,0,0.0
9,1,8,3,2.0,1,0.8142667389112123,0.1727027821953382,1.2999999999999998,0.2623642644674909,1,0,1.0
9,1,9,1,0.0,0,0.8142667389112123,0.1727027821953382,0.7,-0.35667494393873245,0,0,0.0
9,1,9,2,0.0,0,0.8142667389112123,0.1727027821953382,0.7,-0.35667494393873245,0,0,0.0
9,1,9,3,2.0,1,0.8142667389112123,0.1727027821953382,1.2999999999999998,0.2623642644674909,1,0,1.0
9,1,10,1,0.0,0,0.8142667389112123,0.1727027821953382,0.7,-0.35667494393873245,0,0,0.0
9,1,10,2,0.0,0,0.8142667389112123,0.1727027821953382,0.7,-0.35667494393873245,0,0,0.0
9,1,10,3,2.0,1,0.8142667389112123,0.1727027821953382,1.2999999999999998,0.2623642644674909,1,0,1.0
9,1,11,1,0.0,0,0.8142667389112123,0.1727027821953382,0.7,-0.35667494393873245,0,0,0.0
9,1,11,2,0.0,0,0.8142667389112123,0.1727027821953382,0.7,-0.35667494393873245,0,0,0.0
9,1,11,3,2.0,1,0.8142667389112123,0.1727027821953382,1.2999999999999998,0.2623642644674909,1,0,1.0
9,1,12,1,0.0,0,0.8142667389112123,0.1727027821953382,0.7,-0.35667494393873245,0,0,0.0
9,1,12,2,0.0,0,0.8142667389112123,0.1727027821953382,0.7,-0.35667494393873245,0,0,0.0
9,1,12,3,2.0,1,0.8142667389112123,0.1727027821953382,1.2999999999999998,0.2623642644674909,1,0,1.0
9,1,13,1,0.0,0,0.8142667389112123,0.1727027821953382,0.7,-0.35667494393873245,0,0,0.0
9,1,13,2,0.0,0,0.8142667389112123,0.1727027821953382,0.7,-0.35667494393873245,0,0,0.0
9,1,13,3,2.0,1,0.8142667389112123,0.1727027821953382,1.2999999999999998,0.2623642644674909,1,0,1.0
9,1,14,1,0.0,0,0.8142667389112123,0.1727027821953382,0.7,-0.35667494393873245,0,0,0.0
9,1,14,2,0.0,0,0.8142667389112123,0.1727027821953382,0.7,-0.35667494393873245,0,0,0.0
9,1,14,3,2.0,1,0.8142667389112123,0.1727027821953382,1.2999999999999998,0.2623642644674909,1,0,1.0
9,1,15,1,0.0,0,0.8142667389112123,0.1727027821953382,0.7,-0.35667494393873245,0,0,0.0
9,1,15,2,0.0,0,0.8142667389112123,0.1727027821953382,0.7,-0.35667494393873245,0,0,0.0
9,1,15,3,2.0,1,0.8142667389112123,0.1727027821953382,1.2999999999999998,0.2623642644674909,1,0,1.0
9,1,16,1,0.0,0,0.8142667389112123,0.1727027821953382,0.7,-0.35667494393873245,0,0,0.0
9,1,16,2,0.0,0,0.8142667389112123,0.1727027821953382,0.7,-0.35667494393873245,0,0,0.0
9,1,16,3,2.0,1,0.8142667389112123,0.1727027821953382,1.2999999999999998,0.2623642644674909,1,0,1.0
9,1,17,1,0.0,0,0.8142667389112123,0.1727027821953382,0.7,-0.35667494393873245,0,0,0.0
9,1,17,2,0.0,0,0.8142667389112123,0.1727027821953382,0.7,-0.35667494393873245,0,0,0.0
9,1,17,3,2.0,1,0.8142667389112123,0.1727027821953382,1.2999999999999998,0.2623642644674909,1,0,1.0
9,1,18,1,0.0,0,0.8142667389112123,0.1727027821953382,0.7,-0.35667494393873245,0,0,0.0
9,1,18,2,0.0,0,0.8142667389112123,0.1727027821953382,0.7,-0.35667494393873245,0,0,0.0
9,1,18,3,2.0,1,0.8142667389112123,0.1727027821953382,1.2999999999999998,0.2623642644674909,1,0,1.0
9,1,19,1,0.0,0,0.8142667389112123,0.1727027821953382,0.7,-0.35667494393873245,0,0,0.0
9,1,19,2,0.0,0,0.8142667389112123,0.1727027821953382,0.7,-0.35667494393873245,0,0,0.0
9,1,19,3,2.0,1,0.8142667389112123,0.1727027821953382,1.2999999999999998,0.2623642644674909,1,0,1.0
9,1,20,1,0.0,0,0.8142667389112123,0.1727027821953382,0.7,-0.35667494393873245,0,0,0.0
9,1,20,2,0.0,0,0.8142667389112123,0.1727027821953382,0.7,-0.35667494393873245,0,0,0.0
9,1,20,3,2.0,1,0.8142667389112123,0.1727027821953382,1.2999999999999998,0.2623642644674909,1,0,1.0
10,3,1,1,12.740567488498716,0,0.7962854680311697,0.17382841696429774,4.5221702465496145,1.5089920216543034,1,1,0.0
10,3,1,2,8.0,1,0.7962854680311697,0.17382841696429774,3.0999999999999996,1.1314021114911004,0,1,1.0
10,3,1,3,0.0,1,0.7962854680311697,0.17382841696429774,0.7,-0.35667494393873245,0,1,1.0
10,3,2,1,0.0,0,0.7962854680311697,0.17382841696429774,0.7,-0.35667494393873245,1,0,0.0
10,3,2,2,4.0,1,0.7962854680311697,0.17382841696429774,1.9,0.6418538861723947,0,0,1.0
10,3,2,3,0.0,1,0.7962854680311697,0.17382841696429774,0.7,-0.35667494393873245,0,0,1.0
10,3,3,1,0.0,0,0.7962854680311697,0.17382841696429774,0.7,-0.35667494393873245,1,0,0.0
10,3,3,2,4.0,1,0.7962854680311697,0.17382841696429774,1.9,0.6418538861723947,0,0,1.0
10,3,3,3,0.0,1,0.7962854680311697,0.17382841696429774,0.7,-0.35667494393873245,0,0,1.0
10,3,4,1,0.0,0,0.7962854680311697,0.17382841696429774,0.7,-0.35667494393873245,1,0,0.0
10,3,4,2,4.0,1,0.7962854680311697,0.17382841696429774,1.9,0.6418538861723947,0,0,1.0
10,3,4,3,0.0,1,0.7962854680311697,0.17382841696429774,0.7,-0.35667494393873245,0,0,1.0
10,3,5,1,0.0,0,0.7962854680311697,0.17382841696429774,0.7,-0.35667494393873245,1,0,0.0
10,3,5,2,4.0,1,0.7962854680311697,0.17382841696429774,1.9,0.6418538861723947,0,0,1.0
10,3,5,3,0.0,1,0.7962854680311697,0.17382841696429774,0.7,-0.35667494393873245,0,0,1.0
10,3,6,1,8.0,1,0.7962854680311697,0.17382841696429774,3.0999999999999996,1.1314021114911004,1,0,1.0
10,3,6,2,0.0,1,0.7962854680311697,0.17382841696429774,0.7,-0.35667494393873245,0,0,1.0
10,3,6,3,0.0,1,0.7962854680311697,0.17382841696429774,0.7,-0.35667494393873245,0,0,1.0
10,3,7,1,6.370283744249358,1,0.7962854680311697,0.17382841696429774,2.6110851232748074,0.959765890975993,1,0,1.0
10,3,7,2,0.0,1,0.7962854680311697,0.17382841696429774,0.7,-0.35667494393873245,0,0,1.0
10,3,7,3,0.0,1,0.7962854680311697,0.17382841696429774,0.7,-0.35667494393873245,0,0,1.0
10,3,8,1,6.370283744249358,1,0.7962854680311697,0.17382841696429774,2.6110851232748074,0.959765890975993,1,0,1.0
10,3,8,2,0.0,1,0.7962854680311697,0.17382841696429774,0.7,-0.35667494393873245,0,0,1.0
10,3,8,3,0.0,1,0.7962854680311697,0.17382841696429774,0.7,-0.35667494393873245,0,0,1.0
10,3,9,1,6.370283744249358,1,0.7962854680311697,0.17382841696429774,2.6110851232748074,0.959765890975993,1,0,1.0
10,3,9,2,0.0,1,0.7962854680311697,0.17382841696429774,0.7,-0.35667494393873245,0,0,1.0
10,3,9,3,0.0,1,0.7962854680311697,0.17382841696429774,0.7,-0.35667494393873245,0,0,1.0
10,3,10,1,6.370283744249358,1,0.7962854680311697,0.17382841696429774,2.6110851232748074,0.959765890975993,1,0,1.0
10,3,10,2,0.0,1,0.7962854680311697,0.17382841696429774,0.7,-0.35667494393873245,0,0,1.0
10,3,10,3,0.0,1,0.7962854680311697,0.17382841696429774,0.7,-0.35667494393873245,0,0,1.0
10,3,11,1,6.370283744249358,1,0.7962854680311697,0.17382841696429774,2.6110851232748074,0.959765890975993,1,0,1.0
10,3,11,2,0.0,1,0.7962854680311697,0.17382841696429774,0.7,-0.35667494393873245,0,0,1.0
10,3,11,3,0.0,1,0.7962854680311697,0.17382841696429774,0.7,-0.35667494393873245,0,0,1.0
10,3,12,1,6.370283744249358,1,0.7962854680311697,0.17382841696429774,2.6110851232748074,0.959765890975993,1,0,1.0
10,3,12,2,0.0,1,0.7962854680311697,0.17382841696429774,0.7,-0.35667494393873245,0,0,1.0
10,3,12,3,0.0,1,0.7962854680311697,0.17382841696429774,0.7,-0.35667494393873245,0,0,1.0
10,3,13,1,6.370283744249358,1,0.7962854680311697,0.17382841696429774,2.6110851232748074,0.959765890975993,1,0,1.0
10,3,13,2,0.0,1,0.7962854680311697,0.17382841696429774,0.7,-0.35667494393873245,0,0,1.0
10,3,13,3,0.0,1,0.7962854680311697,0.17382841696429774,0.7,-0.35667494393873245,0,0,1.0
10,3,14,1,6.370283744249358,1,0.7962854680311697,0.17382841696429774,2.6110851232748074,0.959765890975993,1,0,1.0
10,3,14,2,0.0,1,0.7962854680311697,0.17382841696429774,0.7,-0.35667494393873245,0,0,1.0
10,3,14,3,0.0,1,0.7962854680311697,0.17382841696429774,0.7,-0.35667494393873245,0,0,1.0
10,3,15,1,6.370283744249358,1,0.7962854680311697,0.17382841696429774,2.6110851232748074,0.959765890975993,1,0,1.0
10,3,15,2,0.0,1,0.7962854680311697,0.17382841696429774,0.7,-0.35667494393873245,0,0,1.0
10,3,15,3,0.0,1,0.7962854680311697,0.17382841696429774,0.7,-0.35667494393873245,0,0,1.0
10,3,16,1,6.370283744249358,1,0.7962854680311697,0.17382841696429774,2.6110851232748074,0.959765890975993,1,0,1.0
10,3,16,2,0.0,1,0.7962854680311697,0.17382841696429774,0.7,-0.35667494393873245,0,0,1.0
10,3,16,3,0.0,1,0.7962854680311697,0.17382841696429774,0.7,-0.35667494393873245,0,0,1.0
10,3,17,1,6.370283744249358,1,0.7962854680311697,0.17382841696429774,2.6110851232748074,0.959765890975993,1,0,1.0
10,3,17,2,0.0,1,0.7962854680311697,0.17382841696429774,0.7,-0.35667494393873245,0,0,1.0
10,3,17,3,0.0,1,0.7962854680311697,0.17382841696429774,0.7,-0.35667494393873245,0,0,1.0
10,3,18,1,6.370283744249358,1,0.7962854680311697,0.17382841696429774,2.6110851232748074,0.959765890975993,1,0,1.0
10,3,18,2,0.0,1,0.7962854680311697,0.17382841696429774,0.7,-0.35667494393873245,0,0,1.0
10,3,18,3,0.0,1,0.7962854680311697,0.17382841696429774,0.7,-0.35667494393873245,0,0,1.0
10,3,19,1,6.370283744249358,1,0.7962854680311697,0.17382841696429774,2.6110851232748074,0.959765890975993,1,0,1.0
10,3,19,2,0.0,1,0.7962854680311697,0.17382841696429774,0.7,-0.35667494393873245,0,0,1.0
10,3,19,3,0.0,1,0.7962854680311697,0.17382841696429774,0.7,-0.35667494393873245,0,0,1.0
10,3,20,1,6.370283744249358,1,0.7962854680311697,0.17382841696429774,2.6110851232748074,0.959765890975993,1,0,1.0
10,3,20,2,0.0,1,0.7962854680311697,0.17382841696429774,0.7,-0.35667494393873245,0,0,1.0
10,3,20,3,0.0,1,0.7962854680311697,0.17382841696429774,0.7,-0.35667494393873245,0,0,1.0
10,2,1,1,8.69531366785719,1,0.7962854680311697,0.17382841696429774,3.3085941003571566,1.1965233560655584,0,1,1.0
10,2,1,2,0.0,1,0.7962854680311697,0.17382841696429774,0.7,-0.35667494393873245,1,1,1.0
10,2,1,3,0.0,1,0.7962854680311697,0.17382841696429774,0.7,-0.35667494393873245,0,1,1.0
10,2,2,1,4.6953136678571905,1,0.7962854680311697,0.17382841696429774,2.1085941003571573,0.7460214222611125,0,0,1.0
10,2,2,2,0.0,1,0.7962854680311697,0.17382841696429774,0.7,-0.35667494393873245,1,0,1.0
10,2,2,3,0.0,1,0.7962854680311697,0.17382841696429774,0.7,-0.35667494393873245,0,0,1.0
10,2,3,1,4.6953136678571905,1,0.7962854680311697,0.17382841696429774,2.1085941003571573,0.7460214222611125,0,0,1.0
10,2,3,2,0.0,1,0.7962854680311697,0.17382841696429774,0.7,-0.35667494393873245,1,0,1.0
10,2,3,3,0.0,1,0.7962854680311697,0.17382841696429774,0.7,-0.35667494393873245,0,0,1.0
10,2,4,1,4.6953136678571905,0,0.7962854680311697,0.17382841696429774,2.1085941003571573,0.7460214222611125,0,0,0.0
10,2,4,2,8.0,1,0.7962854680311697,0.17382841696429774,3.0999999999999996,1.1314021114911004,1,0,1.0
10,2,4,3,0.0,1,0.7962854680311697,0.17382841696429774,0.7,-0.35667494393873245,0,0,1.0
10,2,5,1,0.0,0,0.7962854680311697,0.17382841696429774,0.7,-0.35667494393873245,0,0,0.0
10,2,5,2,4.0,1,0.7962854680311697,0.17382841696429774,1.9,0.6418538861723947,1,0,1.0
10,2,5,3,0.0,1,0.7962854680311697,0.17382841696429774,0.7,-0.35667494393873245,0,0,1.0
10,2,6,1,0.0,0,0.7962854680311697,0.17382841696429774,0.7,-0.35667494393873245,0,0,0.0
10,2,6,2,4.0,1,0.7962854680311697,0.17382841696429774,1.9,0.6418538861723947,1,0,1.0
10,2,6,3,0.0,1,0.7962854680311697,0.17382841696429774,0.7,-0.35667494393873245,0,0,1.0
10,2,7,1,0.0,0,0.7962854680311697,0.17382841696429774,0.7,-0.35667494393873245,0,0,0.0
10,2,7,2,4.0,1,0.7962854680311697,0.17382841696429774,1.9,0.6418538861723947,1,0,1.0
10,2,7,3,0.0,1,0.7962854680311697,0.17382841696429774,0.7,-0.35667494393873245,0,0,1.0
10,2,8,1,0.0,0,0.7962854680311697,0.17382841696429774,0.7,-0.35667494393873245,0,0,0.0
10,2,8,2,4.0,1,0.7962854680311697,0.17382841696429774,1.9,0.6418538861723947,1,0,1.0
10,2,8,3,0.0,1,0.7962854680311697,0.17382841696429774,0.7,-0.35667494393873245,0,0,1.0
10,2,9,1,0.0,0,0.7962854680311697,0.17382841696429774,0.7,-0.35667494393873245,0,0,0.0
10,2,9,2,4.0,1,0.7962854680311697,0.17382841696429774,1.9,0.6418538861723947,1,0,1.0
10,2,9,3,0.0,1,0.7962854680311697,0.17382841696429774,0.7,-0.35667494393873245,0,0,1.0
10,2,10,1,0.0,0,0.7962854680311697,0.17382841696429774,0.7,-0.35667494393873245,0,0,0.0
10,2,10,2,4.0,1,0.7962854680311697,0.17382841696429774,1.9,0.6418538861723947,1,0,1.0
10,2,10,3,0.0,1,0.7962854680311697,0.17382841696429774,0.7,-0.35667494393873245,0,0,1.0
10,2,11,1,0.0,0,0.7962854680311697,0.17382841696429774,0.7,-0.35667494393873245,0,0,0.0
10,2,11,2,4.0,1,0.7962854680311697,0.17382841696429774,1.9,0.6418538861723947,1,0,1.0
10,2,11,3,0.0,1,0.7962854680311697,0.17382841696429774,0.7,-0.35667494393873245,0,0,1.0
10,2,12,1,0.0,0,0.7962854680311697,0.17382841696429774,0.7,-0.35667494393873245,0,0,0.0
10,2,12,2,4.0,1,0.7962854680311697,0.17382841696429774,1.9,0.6418538861723947,1,0,1.0
10,2,12,3,0.0,1,0.7962854680311697,0.17382841696429774,0.7,-0.35667494393873245,0,0,1.0
10,2,13,1,0.0,0,0.7962854680311697,0.17382841696429774,0.7,-0.35667494393873245,0,0,0.0
10,2,13,2,4.0,1,0.7962854680311697,0.17382841696429774,1.9,0.6418538861723947,1,0,1.0
10,2,13,3,0.0,1,0.7962854680311697,0.17382841696429774,0.7,-0.35667494393873245,0,0,1.0
10,2,14,1,0.0,0,0.7962854680311697,0.17382841696429774,0.7,-0.35667494393873245,0,0,0.0
10,2,14,2,4.0,1,0.7962854680311697,0.17382841696429774,1.9,0.6418538861723947,1,0,1.0
10,2,14,3,0.0,1,0.7962854680311697,0.17382841696429774,0.7,-0.35667494393873245,0,0,1.0
10,2,15,1,0.0,0,0.7962854680311697,0.17382841696429774,0.7,-0.35667494393873245,0,0,0.0
10,2,15,2,4.0,1,0.7962854680311697,0.17382841696429774,1.9,0.6418538861723947,1,0,1.0
10,2,15,3,0.0,1,0.7962854680311697,0.17382841696429774,0.7,-0.35667494393873245,0,0,1.0
10,2,16,1,0.0,0,0.7962854680311697,0.17382841696429774,0.7,-0.35667494393873245,0,0,0.0
10,2,16,2,4.0,1,0.7962854680311697,0.17382841696429774,1.9,0.6418538861723947,1,0,1.0
10,2,16,3,0.0,1,0.7962854680311697,0.17382841696429774,0.7,-0.35667494393873245,0,0,1.0
10,2,17,1,0.0,0,0.7962854680311697,0.17382841696429774,0.7,-0.35667494393873245,0,0,0.0
10,2,17,2,4.0,1,0.7962854680311697,0.17382841696429774,1.9,0.6418538861723947,1,0,1.0
10,2,17,3,0.0,1,0.7962854680311697,0.17382841696429774,0.7,-0.35667494393873245,0,0,1.0
10,2,18,1,0.0,0,0.7962854680311697,0.17382841696429774,0.7,-0.35667494393873245,0,0,0.0
10,2,18,2,4.0,1,0.7962854680311697,0.17382841696429774,1.9,0.6418538861723947,1,0,1.0
10,2,18,3,0.0,1,0.7962854680311697,0.17382841696429774,0.7,-0.35667494393873245,0,0,1.0
10,2,19,1,0.0,0,0.7962854680311697,0.17382841696429774,0.7,-0.35667494393873245,0,0,0.0
10,2,19,2,4.0,1,0.7962854680311697,0.17382841696429774,1.9,0.6418538861723947,1,0,1.0
10,2,19,3,0.0,1,0.7962854680311697,0.17382841696429774,0.7,-0.35667494393873245,0,0,1.0
10,2,20,1,0.0,0,0.7962854680311697,0.17382841696429774,0.7,-0.35667494393873245,0,0,0.0
10,2,20,2,4.0,1,0.7962854680311697,0.17382841696429774,1.9,0.6418538861723947,1,0,1.0
10,2,20,3,0.0,1,0.7962854680311697,0.17382841696429774,0.7,-0.35667494393873245,0,0,1.0
10,1,1,1,8.69531366785719,1,0.7962854680311697,0.17382841696429774,3.3085941003571566,1.1965233560655584,0,1,1.0
10,1,1,2,0.0,1,0.7962854680311697,0.17382841696429774,0.7,-0.35667494393873245,0,1,1.0
10,1,1,3,0.0,1,0.7962854680311697,0.17382841696429774,0.7,-0.35667494393873245,1,1,1.0
10,1,2,1,4.6953136678571905,1,0.7962854680311697,0.17382841696429774,2.1085941003571573,0.7460214222611125,0,0,1.0
10,1,2,2,0.0,1,0.7962854680311697,0.17382841696429774,0.7,-0.35667494393873245,0,0,1.0
10,1,2,3,0.0,1,0.7962854680311697,0.17382841696429774,0.7,-0.35667494393873245,1,0,1.0
10,1,3,1,4.6953136678571905,0,0.7962854680311697,0.17382841696429774,2.1085941003571573,0.7460214222611125,0,0,0.0
10,1,3,2,4.6953136678571905,1,0.7962854680311697,0.17382841696429774,2.1085941003571573,0.7460214222611125,0,0,1.0
10,1,3,3,0.0,1,0.7962854680311697,0.17382841696429774,0.7,-0.35667494393873245,1,0,1.0
10,1,4,1,0.0,0,0.7962854680311697,0.17382841696429774,0.7,-0.35667494393873245,0,0,0.0
10,1,4,2,2.695313667857191,0,0.7962854680311697,0.17382841696429774,1.5085941003571572,0.41117815775571603,0,0,0.0
10,1,4,3,4.0,1,0.7962854680311697,0.17382841696429774,1.9,0.6418538861723947,1,0,1.0
10,1,5,1,0.0,0,0.7962854680311697,0.17382841696429774,0.7,-0.35667494393873245,0,0,0.0
10,1,5,2,0.0,0,0.7962854680311697,0.17382841696429774,0.7,-0.35667494393873245,0,0,0.0
10,1,5,3,2.0,1,0.7962854680311697,0.17382841696429774,1.2999999999999998,0.2623642644674909,1,0,1.0
10,1,6,1,0.0,0,0.7962854680311697,0.17382841696429774,0.7,-0.35667494393873245,0,0,0.0
10,1,6,2,0.0,0,0.7962854680311697,0.17382841696429774,0.7,-0.35667494393873245,0,0,0.0
10,1,6,3,2.0,1,0.7962854680311697,0.17382841696429774,1.2999999999999998,0.2623642644674909,1,0,1.0
10,1,7,1,0.0,0,0.7962854680311697,0.17382841696429774,0.7,-0.35667494393873245,0,0,0.0
10,1,7,2,0.0,0,0.7962854680311697,0.17382841696429774,0.7,-0.35667494393873245,0,0,0.0
10,1,7,3,2.0,1,0.7962854680311697,0.17382841696429774,1.2999999999999998,0.2623642644674909,1,0,1.0
10,1,8,1,0.0,0,0.7962854680311697,0.17382841696429774,0.7,-0.35667494393873245,0,0,0.0
10,1,8,2,0.0,0,0.7962854680311697,0.17382841696429774,0.7,-0.35667494393873245,0,0,0.0
10,1,8,3,2.0,1,0.7962854680311697,0.17382841696429774,1.2999999999999998,0.2623642644674909,1,0,1.0
10,1,9,1,0.0,0,0.7962854680311697,0.17382841696429774,0.7,-0.35667494393873245,0,0,0.0
10,1,9,2,0.0,0,0.7962854680311697,0.17382841696429774,0.7,-0.35667494393873245,0,0,0.0
10,1,9,3,2.0,1,0.7962854680311697,0.17382841696429774,1.2999999999999998,0.2623642644674909,1,0,1.0
10,1,10,1,0.0,0,0.7962854680311697,0.17382841696429774,0.7,-0.35667494393873245,0,0,0.0
10,1,10,2,0.0,0,0.7962854680311697,0.17382841696429774,0.7,-0.35667494393873245,0,0,0.0
10,1,10,3,2.0,1,0.7962854680311697,0.17382841696429774,1.2999999999999998,0.2623642644674909,1,0,1.0
10,1,11,1,0.0,0,0.7962854680311697,0.17382841696429774,0.7,-0.35667494393873245,0,0,0.0
10,1,11,2,0.0,0,0.7962854680311697,0.17382841696429774,0.7,-0.35667494393873245,0,0,0.0
10,1,11,3,2.0,1,0.7962854680311697,0.17382841696429774,1.2999999999999998,0.2623642644674909,1,0,1.0
10,1,12,1,0.0,0,0.7962854680311697,0.17382841696429774,0.7,-0.35667494393873245,0,0,0.0
10,1,12,2,0.0,0,0.7962854680311697,0.17382841696429774,0.7,-0.35667494393873245,0,0,0.0
10,1,12,3,2.0,1,0.7962854680311697,0.17382841696429774,1.2999999999999998,0.2623642644674909,1,0,1.0
10,1,13,1,0.0,0,0.7962854680311697,0.17382841696429774,0.7,-0.35667494393873245,0,0,0.0
10,1,13,2,0.0,0,0.7962854680311697,0.17382841696429774,0.7,-0.35667494393873245,0,0,0.0
10,1,13,3,2.0,1,0.7962854680311697,0.17382841696429774,1.2999999999999998,0.2623642644674909,1,0,1.0
10,1,14,1,0.0,0,0.7962854680311697,0.17382841696429774,0.7,-0.35667494393873245,0,0,0.0
10,1,14,2,0.0,0,0.7962854680311697,0.17382841696429774,0.7,-0.35667494393873245,0,0,0.0
10,1,14,3,2.0,1,0.7962854680311697,0.17382841696429774,1.2999999999999998,0.2623642644674909,1,0,1.0
10,1,15,1,0.0,0,0.7962854680311697,0.17382841696429774,0.7,-0.35667494393873245,0,0,0.0
10,1,15,2,0.0,0,0.7962854680311697,0.17382841696429774,0.7,-0.35667494393873245,0,0,0.0
10,1,15,3,2.0,1,0.7962854680311697,0.17382841696429774,1.2999999999999998,0.2623642644674909,1,0,1.0
10,1,16,1,0.0,0,0.7962854680311697,0.17382841696429774,0.7,-0.35667494393873245,0,0,0.0
10,1,16,2,0.0,0,0.7962854680311697,0.17382841696429774,0.7,-0.35667494393873245,0,0,0.0
10,1,16,3,2.0,1,0.7962854680311697,0.17382841696429774,1.2999999999999998,0.2623642644674909,1,0,1.0
10,1,17,1,0.0,0,0.7962854680311697,0.17382841696429774,0.7,-0.35667494393873245,0,0,0.0
10,1,17,2,0.0,0,0.7962854680311697,0.17382841696429774,0.7,-0.35667494393873245,0,0,0.0
10,1,17,3,2.0,1,0.7962854680311697,0.17382841696429774,1.2999999999999998,0.2623642644674909,1,0,1.0
10,1,18,1,0.0,0,0.7962854680311697,0.17382841696429774,0.7,-0.35667494393873245,0,0,0.0
10,1,18,2,0.0,0,0.7962854680311697,0.17382841696429774,0.7,-0.35667494393873245,0,0,0.0
10,1,18,3,2.0,1,0.7962854680311697,0.17382841696429774,1.2999999999999998,0.2623642644674909,1,0,1.0
10,1,19,1,0.0,0,0.7962854680311697,0.17382841696429774,0.7,-0.35667494393873245,0,0,0.0
10,1,19,2,0.0,0,0.7962854680311697,0.17382841696429774,0.7,-0.35667494393873245,0,0,0.0
10,1,19,3,2.0,1,0.7962854680311697,0.17382841696429774,1.2999999999999998,0.2623642644674909,1,0,1.0
10,1,20,1,0.0,0,0.7962854680311697,0.17382841696429774,0.7,-0.35667494393873245,0,0,0.0
10,1,20,2,0.0,0,0.7962854680311697,0.17382841696429774,0.7,-0.35667494393873245,0,0,0.0
10,1,20,3,2.0,1,0.7962854680311697,0.17382841696429774,1.2999999999999998,0.2623642644674909,1,0,1.0
11,3,1,1,13.088393115544356,1,0.8180245697215223,0.22033358209125942,4.6265179346633065,1.5318045192072278,1,1,1.0
11,3,1,2,0.0,1,0.8180245697215223,0.22033358209125942,0.7,-0.35667494393873245,0,1,1.0
11,3,1,3,0.0,1,0.8180245697215223,0.22033358209125942,0.7,-0.35667494393873245,0,1,1.0
11,3,2,1,8.0,1,0.8180245697215223,0.22033358209125942,3.0999999999999996,1.1314021114911004,1,0,1.0
11,3,2,2,0.0,1,0.8180245697215223,0.22033358209125942,0.7,-0.35667494393873245,0,0,1.0
11,3,2,3,0.0,1,0.8180245697215223,0.22033358209125942,0.7,-0.35667494393873245,0,0,1.0
11,3,3,1,6.544196557772178,1,0.8180245697215223,0.22033358209125942,2.6632589673316533,0.9795505485669214,1,0,1.0
11,3,3,2,0.0,1,0.8180245697215223,0.22033358209125942,0.7,-0.35667494393873245,0,0,1.0
11,3,3,3,0.0,1,0.8180245697215223,0.22033358209125942,0.7,-0.35667494393873245,0,0,1.0
11,3,4,1,6.544196557772178,1,0.8180245697215223,0.22033358209125942,2.6632589673316533,0.9795505485669214,1,0,1.0
11,3,4,2,0.0,1,0.8180245697215223,0.22033358209125942,0.7,-0.35667494393873245,0,0,1.0
11,3,4,3,0.0,1,0.8180245697215223,0.22033358209125942,0.7,-0.35667494393873245,0,0,1.0
11,3,5,1,6.544196557772178,1,0.8180245697215223,0.22033358209125942,2.6632589673316533,0.9795505485669214,1,0,1.0
11,3,5,2,0.0,1,0.8180245697215223,0.22033358209125942,0.7,-0.35667494393873245,0,0,1.0
11,3,5,3,0.0,1,0.8180245697215223,0.22033358209125942,0.7,-0.35667494393873245,0,0,1.0
11,3,6,1,6.544196557772178,1,0.8180245697215223,0.22033358209125942,2.6632589673316533,0.9795505485669214,1,0,1.0
11,3,6,2,0.0,1,0.8180245697215223,0.22033358209125942,0.7,-0.35667494393873245,0,0,1.0
11,3,6,3,0.0,1,0.8180245697215223,0.22033358209125942,0.7,-0.35667494393873245,0,0,1.0
11,3,7,1,6.544196557772178,1,0.8180245697215223,0.22033358209125942,2.6632589673316533,0.9795505485669214,1,0,1.0
11,3,7,2,0.0,1,0.8180245697215223,0.22033358209125942,0.7,-0.35667494393873245,0,0,1.0
11,3,7,3,0.0,1,0.8180245697215223,0.22033358209125942,0.7,-0.35667494393873245,0,0,1.0
11,3,8,1,6.544196557772178,1,0.8180245697215223,0.22033358209125942,2.6632589673316533,0.9795505485669214,1,0,1.0
11,3,8,2,0.0,1,0.8180245697215223,0.22033358209125942,0.7,-0.35667494393873245,0,0,1.0
11,3,8,3,0.0,1,0.8180245697215223,0.22033358209125942,0.7,-0.35667494393873245,0,0,1.0
11,3,9,1,6.544196557772178,1,0.8180245697215223,0.22033358209125942,2.6632589673316533,0.9795505485669214,1,0,1.0
11,3,9,2,0.0,1,0.8180245697215223,0.22033358209125942,0.7,-0.35667494393873245,0,0,1.0
11,3,9,3,0.0,1,0.8180245697215223,0.22033358209125942,0.7,-0.35667494393873245,0,0,1.0
11,3,10,1,6.544196557772178,1,0.8180245697215223,0.22033358209125942,2.6632589673316533,0.9795505485669214,1,0,1.0
11,3,10,2,0.0,1,0.8180245697215223,0.22033358209125942,0.7,-0.35667494393873245,0,0,1.0
11,3,10,3,0.0,1,0.8180245697215223,0.22033358209125942,0.7,-0.35667494393873245,0,0,1.0
11,3,11,1,6.544196557772178,1,0.8180245697215223,0.22033358209125942,2.6632589673316533,0.9795505485669214,1,0,1.0
11,3,11,2,0.0,1,0.8180245697215223,0.22033358209125942,0.7,-0.35667494393873245,0,0,1.0
11,3,11,3,0.0,1,0.8180245697215223,0.22033358209125942,0.7,-0.35667494393873245,0,0,1.0
11,3,12,1,6.544196557772178,1,0.8180245697215223,0.22033358209125942,2.6632589673316533,0.9795505485669214,1,0,1.0
11,3,12,2,0.0,1,0.8180245697215223,0.22033358209125942,0.7,-0.35667494393873245,0,0,1.0
11,3,12,3,0.0,1,0.8180245697215223,0.22033358209125942,0.7,-0.35667494393873245,0,0,1.0
11,3,13,1,6.544196557772178,1,0.8180245697215223,0.22033358209125942,2.6632589673316533,0.9795505485669214,1,0,1.0
11,3,13,2,0.0,1,0.8180245697215223,0.22033358209125942,0.7,-0.35667494393873245,0,0,1.0
11,3,13,3,0.0,1,0.8180245697215223,0.22033358209125942,0.7,-0.35667494393873245,0,0,1.0
11,3,14,1,6.544196557772178,1,0.8180245697215223,0.22033358209125942,2.6632589673316533,0.9795505485669214,1,0,1.0
11,3,14,2,0.0,1,0.8180245697215223,0.22033358209125942,0.7,-0.35667494393873245,0,0,1.0
11,3,14,3,0.0,1,0.8180245697215223,0.22033358209125942,0.7,-0.35667494393873245,0,0,1.0
11,3,15,1,6.544196557772178,1,0.8180245697215223,0.22033358209125942,2.6632589673316533,0.9795505485669214,1,0,1.0
11,3,15,2,0.0,1,0.8180245697215223,0.22033358209125942,0.7,-0.35667494393873245,0,0,1.0
11,3,15,3,0.0,1,0.8180245697215223,0.22033358209125942,0.7,-0.35667494393873245,0,0,1.0
11,3,16,1,6.544196557772178,1,0.8180245697215223,0.22033358209125942,2.6632589673316533,0.9795505485669214,1,0,1.0
11,3,16,2,0.0,1,0.8180245697215223,0.22033358209125942,0.7,-0.35667494393873245,0,0,1.0
11,3,16,3,0.0,1,0.8180245697215223,0.22033358209125942,0.7,-0.35667494393873245,0,0,1.0
11,3,17,1,6.544196557772178,1,0.8180245697215223,0.22033358209125942,2.6632589673316533,0.9795505485669214,1,0,1.0
11,3,17,2,0.0,1,0.8180245697215223,0.22033358209125942,0.7,-0.35667494393873245,0,0,1.0
11,3,17,3,0.0,1,0.8180245697215223,0.22033358209125942,0.7,-0.35667494393873245,0,0,1.0
11,3,18,1,6.544196557772178,1,0.8180245697215223,0.22033358209125942,2.6632589673316533,0.9795505485669214,1,0,1.0
11,3,18,2,0.0,1,0.8180245697215223,0.22033358209125942,0.7,-0.35667494393873245,0,0,1.0
11,3,18,3,0.0,1,0.8180245697215223,0.22033358209125942,0.7,-0.35667494393873245,0,0,1.0
11,3,19,1,6.544196557772178,1,0.8180245697215223,0.22033358209125942,2.6632589673316533,0.9795505485669214,1,0,1.0
11,3,19,2,0.0,1,0.8180245697215223,0.22033358209125942,0.7,-0.35667494393873245,0,0,1.0
11,3,19,3,0.0,1,0.8180245697215223,0.22033358209125942,0.7,-0.35667494393873245,0,0,1.0
11,3,20,1,6.544196557772178,1,0.8180245697215223,0.22033358209125942,2.6632589673316533,0.9795505485669214,1,0,1.0
11,3,20,2,0.0,1,0.8180245697215223,0.22033358209125942,0.7,-0.35667494393873245,0,0,1.0
11,3,20,3,0.0,1,0.8180245697215223,0.22033358209125942,0.7,-0.35667494393873245,0,0,1.0
11,2,1,1,8.881334328365037,0,0.8180245697215223,0.22033358209125942,3.364400298509511,1.213249729832069,0,1,0.0
11,2,1,2,8.0,1,0.8180245697215223,0.22033358209125942,3.0999999999999996,1.1314021114911004,1,1,1.0
11,2,1,3,0.0,1,0.8180245697215223,0.22033358209125942,0.7,-0.35667494393873245,0,1,1.0
11,2,2,1,0.0,0,0.8180245697215223,0.22033358209125942,0.7,-0.35667494393873245,0,0,0.0
11,2,2,2,4.0,1,0.8180245697215223,0.22033358209125942,1.9,0.6418538861723947,1,0,1.0
11,2,2,3,0.0,1,0.8180245697215223,0.22033358209125942,0.7,-0.35667494393873245,0,0,1.0
11,2,3,1,0.0,0,0.8180245697215223,0.22033358209125942,0.7,-0.35667494393873245,0,0,0.0
11,2,3,2,4.0,1,0.8180245697215223,0.22033358209125942,1.9,0.6418538861723947,1,0,1.0
11,2,3,3,0.0,1,0.8180245697215223,0.22033358209125942,0.7,-0.35667494393873245,0,0,1.0
11,2,4,1,0.0,0,0.8180245697215223,0.22033358209125942,0.7,-0.35667494393873245,0,0,0.0
11,2,4,2,4.0,1,0.8180245697215223,0.22033358209125942,1.9,0.6418538861723947,1,0,1.0
11,2,4,3,0.0,1,0.8180245697215223,0.22033358209125942,0.7,-0.35667494393873245,0,0,1.0
11,2,5,1,0.0,0,0.8180245697215223,0.22033358209125942,0.7,-0.35667494393873245,0,0,0.0
11,2,5,2,4.0,1,0.8180245697215223,0.22033358209125942,1.9,0.6418538861723947,1,0,1.0
11,2,5,3,0.0,1,0.8180245697215223,0.22033358209125942,0.7,-0.35667494393873245,0,0,1.0
11,2,6,1,0.0,0,0.8180245697215223,0.22033358209125942,0.7,-0.35667494393873245,0,0,0.0
11,2,6,2,4.0,1,0.8180245697215223,0.22033358209125942,1.9,0.6418538861723947,1,0,1.0
11,2,6,3,0.0,1,0.8180245697215223,0.22033358209125942,0.7,-0.35667494393873245,0,0,1.0
11,2,7,1,0.0,0,0.8180245697215223,0.22033358209125942,0.7,-0.35667494393873245,0,0,0.0
11,2,7,2,4.0,1,0.8180245697215223,0.22033358209125942,1.9,0.6418538861723947,1,0,1.0
11,2,7,3,0.0,1,0.8180245697215223,0.22033358209125942,0.7,-0.35667494393873245,0,0,1.0
11,2,8,1,0.0,0,0.8180245697215223,0.22033358209125942,0.7,-0.35667494393873245,0,0,0.0
11,2,8,2,4.0,1,0.8180245697215223,0.22033358209125942,1.9,0.6418538861723947,1,0,1.0
11,2,8,3,0.0,1,0.8180245697215223,0.22033358209125942,0.7,-0.35667494393873245,0,0,1.0
11,2,9,1,0.0,0,0.8180245697215223,0.22033358209125942,0.7,-0.35667494393873245,0,0,0.0
11,2,9,2,4.0,1,0.8180245697215223,0.22033358209125942,1.9,0.6418538861723947,1,0,1.0
11,2,9,3,0.0,1,0.8180245697215223,0.22033358209125942,0.7,-0.35667494393873245,0,0,1.0
11,2,10,1,0.0,0,0.8180245697215223,0.22033358209125942,0.7,-0.35667494393873245,0,0,0.0
11,2,10,2,4.0,1,0.8180245697215223,0.22033358209125942,1.9,0.6418538861723947,1,0,1.0
11,2,10,3,0.0,1,0.8180245697215223,0.22033358209125942,0.7,-0.35667494393873245,0,0,1.0
11,2,11,1,0.0,0,0.8180245697215223,0.22033358209125942,0.7,-0.35667494393873245,0,0,0.0
11,2,11,2,4.0,1,0.8180245697215223,0.22033358209125942,1.9,0.6418538861723947,1,0,1.0
11,2,11,3,0.0,1,0.8180245697215223,0.22033358209125942,0.7,-0.35667494393873245,0,0,1.0
11,2,12,1,0.0,0,0.8180245697215223,0.22033358209125942,0.7,-0.35667494393873245,0,0,0.0
11,2,12,2,4.0,1,0.8180245697215223,0.22033358209125942,1.9,0.6418538861723947,1,0,1.0
11,2,12,3,0.0,1,0.8180245697215223,0.22033358209125942,0.7,-0.35667494393873245,0,0,1.0
11,2,13,1,0.0,0,0.8180245697215223,0.22033358209125942,0.7,-0.35667494393873245,0,0,0.0
11,2,13,2,4.0,1,0.8180245697215223,0.22033358209125942,1.9,0.6418538861723947,1,0,1.0
11,2,13,3,0.0,1,0.8180245697215223,0.22033358209125942,0.7,-0.35667494393873245,0,0,1.0
11,2,14,1,0.0,0,0.8180245697215223,0.22033358209125942,0.7,-0.35667494393873245,0,0,0.0
11,2,14,2,4.0,1,0.8180245697215223,0.22033358209125942,1.9,0.6418538861723947,1,0,1.0
11,2,14,3,0.0,1,0.8180245697215223,0.22033358209125942,0.7,-0.35667494393873245,0,0,1.0
11,2,15,1,0.0,0,0.8180245697215223,0.22033358209125942,0.7,-0.35667494393873245,0,0,0.0
11,2,15,2,4.0,1,0.8180245697215223,0.22033358209125942,1.9,0.6418538861723947,1,0,1.0
11,2,15,3,0.0,1,0.8180245697215223,0.22033358209125942,0.7,-0.35667494393873245,0,0,1.0
11,2,16,1,0.0,0,0.8180245697215223,0.22033358209125942,0.7,-0.35667494393873245,0,0,0.0
11,2,16,2,4.0,1,0.8180245697215223,0.22033358209125942,1.9,0.6418538861723947,1,0,1.0
11,2,16,3,0.0,1,0.8180245697215223,0.22033358209125942,0.7,-0.35667494393873245,0,0,1.0
11,2,17,1,0.0,0,0.8180245697215223,0.22033358209125942,0.7,-0.35667494393873245,0,0,0.0
11,2,17,2,4.0,1,0.8180245697215223,0.22033358209125942,1.9,0.6418538861723947,1,0,1.0
11,2,17,3,0.0,1,0.8180245697215223,0.22033358209125942,0.7,-0.35667494393873245,0,0,1.0
11,2,18,1,0.0,0,0.8180245697215223,0.22033358209125942,0.7,-0.35667494393873245,0,0,0.0
11,2,18,2,4.0,1,0.8180245697215223,0.22033358209125942,1.9,0.6418538861723947,1,0,1.0
11,2,18,3,0.0,1,0.8180245697215223,0.22033358209125942,0.7,-0.35667494393873245,0,0,1.0
11,2,19,1,0.0,0,0.8180245697215223,0.22033358209125942,0.7,-0.35667494393873245,0,0,0.0
11,2,19,2,4.0,1,0.8180245697215223,0.22033358209125942,1.9,0.6418538861723947,1,0,1.0
11,2,19,3,0.0,1,0.8180245697215223,0.22033358209125942,0.7,-0.35667494393873245,0,0,1.0
11,2,20,1,0.0,0,0.8180245697215223,0.22033358209125942,0.7,-0.35667494393873245,0,0,0.0
11,2,20,2,4.0,1,0.8180245697215223,0.22033358209125942,1.9,0.6418538861723947,1,0,1.0
11,2,20,3,0.0,1,0.8180245697215223,0.22033358209125942,0.7,-0.35667494393873245,0,0,1.0
11,1,1,1,8.881334328365037,0,0.8180245697215223,0.22033358209125942,3.364400298509511,1.213249729832069,0,1,0.0
11,1,1,2,4.881334328365037,1,0.8180245697215223,0.22033358209125942,2.164400298509511,0.7721433247043374,0,1,1.0
11,1,1,3,0.0,1,0.8180245697215223,0.22033358209125942,0.7,-0.35667494393873245,1,1,1.0
11,1,2,1,0.0,0,0.8180245697215223,0.22033358209125942,0.7,-0.35667494393873245,0,0,0.0
11,1,2,2,2.8813343283650377,0,0.8180245697215223,0.22033358209125942,1.5644002985095113,0.44750255471326117,0,0,0.0
11,1,2,3,4.0,1,0.8180245697215223,0.22033358209125942,1.9,0.6418538861723947,1,0,1.0
11,1,3,1,0.0,0,0.8180245697215223,0.22033358209125942,0.7,-0.35667494393873245,0,0,0.0
11,1,3,2,0.0,0,0.8180245697215223,0.22033358209125942,0.7,-0.35667494393873245,0,0,0.0
11,1,3,3,2.0,1,0.8180245697215223,0.22033358209125942,1.2999999999999998,0.2623642644674909,1,0,1.0
11,1,4,1,0.0,0,0.8180245697215223,0.22033358209125942,0.7,-0.35667494393873245,0,0,0.0
11,1,4,2,0.0,0,0.8180245697215223,0.22033358209125942,0.7,-0.35667494393873245,0,0,0.0
11,1,4,3,2.0,1,0.8180245697215223,0.22033358209125942,1.2999999999999998,0.2623642644674909,1,0,1.0
11,1,5,1,0.0,0,0.8180245697215223,0.22033358209125942,0.7,-0.35667494393873245,0,0,0.0
11,1,5,2,0.0,0,0.8180245697215223,0.22033358209125942,0.7,-0.35667494393873245,0,0,0.0
11,1,5,3,2.0,1,0.8180245697215223,0.22033358209125942,1.2999999999999998,0.2623642644674909,1,0,1.0
11,1,6,1,0.0,0,0.8180245697215223,0.22033358209125942,0.7,-0.35667494393873245,0,0,0.0
11,1,6,2,0.0,0,0.8180245697215223,0.22033358209125942,0.7,-0.35667494393873245,0,0,0.0
11,1,6,3,2.0,1,0.8180245697215223,0.22033358209125942,1.2999999999999998,0.2623642644674909,1,0,1.0
11,1,7,1,0.0,0,0.8180245697215223,0.22033358209125942,0.7,-0.35667494393873245,0,0,0.0
11,1,7,2,0.0,0,0.8180245697215223,0.22033358209125942,0.7,-0.35667494393873245,0,0,0.0
11,1,7,3,2.0,1,0.8180245697215223,0.22033358209125942,1.2999999999999998,0.2623642644674909,1,0,1.0
11,1,8,1,0.0,0,0.8180245697215223,0.22033358209125942,0.7,-0.35667494393873245,0,0,0.0
11,1,8,2,0.0,0,0.8180245697215223,0.22033358209125942,0.7,-0.35667494393873245,0,0,0.0
11,1,8,3,2.0,1,0.8180245697215223,0.22033358209125942,1.2999999999999998,0.2623642644674909,1,0,1.0
11,1,9,1,0.0,0,0.8180245697215223,0.22033358209125942,0.7,-0.35667494393873245,0,0,0.0
11,1,9,2,0.0,0,0.8180245697215223,0.22033358209125942,0.7,-0.35667494393873245,0,0,0.0
11,1,9,3,2.0,1,0.8180245697215223,0.22033358209125942,1.2999999999999998,0.2623642644674909,1,0,1.0
11,1,10,1,0.0,0,0.8180245697215223,0.22033358209125942,0.7,-0.35667494393873245,0,0,0.0
11,1,10,2,0.0,0,0.8180245697215223,0.22033358209125942,0.7,-0.35667494393873245,0,0,0.0
11,1,10,3,2.0,1,0.8180245697215223,0.22033358209125942,1.2999999999999998,0.2623642644674909,1,0,1.0
11,1,11,1,0.0,0,0.8180245697215223,0.22033358209125942,0.7,-0.35667494393873245,0,0,0.0
11,1,11,2,0.0,0,0.8180245697215223,0.22033358209125942,0.7,-0.35667494393873245,0,0,0.0
11,1,11,3,2.0,1,0.8180245697215223,0.22033358209125942,1.2999999999999998,0.2623642644674909,1,0,1.0
11,1,12,1,0.0,0,0.8180245697215223,0.22033358209125942,0.7,-0.35667494393873245,0,0,0.0
11,1,12,2,0.0,0,0.8180245697215223,0.22033358209125942,0.7,-0.35667494393873245,0,0,0.0
11,1,12,3,2.0,1,0.8180245697215223,0.22033358209125942,1.2999999999999998,0.2623642644674909,1,0,1.0
11,1,13,1,0.0,0,0.8180245697215223,0.22033358209125942,0.7,-0.35667494393873245,0,0,0.0
11,1,13,2,0.0,0,0.8180245697215223,0.22033358209125942,0.7,-0.35667494393873245,0,0,0.0
11,1,13,3,2.0,1,0.8180245697215223,0.22033358209125942,1.2999999999999998,0.2623642644674909,1,0,1.0
11,1,14,1,0.0,0,0.8180245697215223,0.22033358209125942,0.7,-0.35667494393873245,0,0,0.0
11,1,14,2,0.0,0,0.8180245697215223,0.22033358209125942,0.7,-0.35667494393873245,0,0,0.0
11,1,14,3,2.0,1,0.8180245697215223,0.22033358209125942,1.2999999999999998,0.2623642644674909,1,0,1.0
11,1,15,1,0.0,0,0.8180245697215223,0.22033358209125942,0.7,-0.35667494393873245,0,0,0.0
11,1,15,2,0.0,0,0.8180245697215223,0.22033358209125942,0.7,-0.35667494393873245,0,0,0.0
11,1,15,3,2.0,1,0.8180245697215223,0.22033358209125942,1.2999999999999998,0.2623642644674909,1,0,1.0
11,1,16,1,0.0,0,0.8180245697215223,0.22033358209125942,0.7,-0.35667494393873245,0,0,0.0
11,1,16,2,0.0,0,0.8180245697215223,0.22033358209125942,0.7,-0.35667494393873245,0,0,0.0
11,1,16,3,2.0,1,0.8180245697215223,0.22033358209125942,1.2999999999999998,0.2623642644674909,1,0,1.0
11,1,17,1,0.0,0,0.8180245697215223,0.22033358209125942,0.7,-0.35667494393873245,0,0,0.0
11,1,17,2,0.0,0,0.8180245697215223,0.22033358209125942,0.7,-0.35667494393873245,0,0,0.0
11,1,17,3,2.0,1,0.8180245697215223,0.22033358209125942,1.2999999999999998,0.2623642644674909,1,0,1.0
11,1,18,1,0.0,0,0.8180245697215223,0.22033358209125942,0.7,-0.35667494393873245,0,0,0.0
11,1,18,2,0.0,0,0.8180245697215223,0.22033358209125942,0.7,-0.35667494393873245,0,0,0.0
11,1,18,3,2.0,1,0.8180245697215223,0.22033358209125942,1.2999999999999998,0.2623642644674909,1,0,1.0
11,1,19,1,0.0,0,0.8180245697215223,0.22033358209125942,0.7,-0.35667494393873245,0,0,0.0
11,1,19,2,0.0,0,0.8180245697215223,0.22033358209125942,0.7,-0.35667494393873245,0,0,0.0
11,1,19,3,2.0,1,0.8180245697215223,0.22033358209125942,1.2999999999999998,0.2623642644674909,1,0,1.0
11,1,20,1,0.0,0,0.8180245697215223,0.22033358209125942,0.7,-0.35667494393873245,0,0,0.0
11,1,20,2,0.0,0,0.8180245697215223,0.22033358209125942,0.7,-0.35667494393873245,0,0,0.0
11,1,20,3,2.0,1,0.8180245697215223,0.22033358209125942,1.2999999999999998,0.2623642644674909,1,0,1.0
12,3,1,1,11.663211662823366,1,0.7289507289264604,0.21156060246883923,4.19896349884701,1.4348377088438424,1,1,1.0
12,3,1,2,0.0,1,0.7289507289264604,0.21156060246883923,0.7,-0.35667494393873245,0,1,1.0
12,3,1,3,0.0,1,0.7289507289264604,0.21156060246883923,0.7,-0.35667494393873245,0,1,1.0
12,3,2,1,8.0,1,0.7289507289264604,0.21156060246883923,3.0999999999999996,1.1314021114911004,1,0,1.0
12,3,2,2,0.0,1,0.7289507289264604,0.21156060246883923,0.7,-0.35667494393873245,0,0,1.0
12,3,2,3,0.0,1,0.7289507289264604,0.21156060246883923,0.7,-0.35667494393873245,0,0,1.0
12,3,3,1,5.831605831411683,1,0.7289507289264604,0.21156060246883923,2.449481749423505,0.8958764713332814,1,0,1.0
12,3,3,2,0.0,1,0.7289507289264604,0.21156060246883923,0.7,-0.35667494393873245,0,0,1.0
12,3,3,3,0.0,1,0.7289507289264604,0.21156060246883923,0.7,-0.35667494393873245,0,0,1.0
12,3,4,1,5.831605831411683,1,0.7289507289264604,0.21156060246883923,2.449481749423505,0.8958764713332814,1,0,1.0
12,3,4,2,0.0,1,0.7289507289264604,0.21156060246883923,0.7,-0.35667494393873245,0,0,1.0
12,3,4,3,0.0,1,0.7289507289264604,0.21156060246883923,0.7,-0.35667494393873245,0,0,1.0
12,3,5,1,5.831605831411683,1,0.7289507289264604,0.21156060246883923,2.449481749423505,0.8958764713332814,1,0,1.0
12,3,5,2,0.0,1,0.7289507289264604,0.21156060246883923,0.7,-0.35667494393873245,0,0,1.0
12,3,5,3,0.0,1,0.7289507289264604,0.21156060246883923,0.7,-0.35667494393873245,0,0,1.0
12,3,6,1,5.831605831411683,1,0.7289507289264604,0.21156060246883923,2.449481749423505,0.8958764713332814,1,0,1.0
12,3,6,2,0.0,1,0.7289507289264604,0.21156060246883923,0.7,-0.35667494393873245,0,0,1.0
12,3,6,3,0.0,1,0.7289507289264604,0.21156060246883923,0.7,-0.35667494393873245,0,0,1.0
12,3,7,1,5.831605831411683,1,0.7289507289264604,0.21156060246883923,2.449481749423505,0.8958764713332814,1,0,1.0
12,3,7,2,0.0,1,0.7289507289264604,0.21156060246883923,0.7,-0.35667494393873245,0,0,1.0
12,3,7,3,0.0,1,0.7289507289264604,0.21156060246883923,0.7,-0.35667494393873245,0,0,1.0
12,3,8,1,5.831605831411683,1,0.7289507289264604,0.21156060246883923,2.449481749423505,0.8958764713332814,1,0,1.0
12,3,8,2,0.0,1,0.7289507289264604,0.21156060246883923,0.7,-0.35667494393873245,0,0,1.0
12,3,8,3,0.0,1,0.7289507289264604,0.21156060246883923,0.7,-0.35667494393873245,0,0,1.0
12,3,9,1,5.831605831411683,1,0.7289507289264604,0.21156060246883923,2.449481749423505,0.8958764713332814,1,0,1.0
12,3,9,2,0.0,1,0.7289507289264604,0.21156060246883923,0.7,-0.35667494393873245,0,0,1.0
12,3,9,3,0.0,1,0.7289507289264604,0.21156060246883923,0.7,-0.35667494393873245,0,0,1.0
12,3,10,1,5.831605831411683,1,0.7289507289264604,0.21156060246883923,2.449481749423505,0.8958764713332814,1,0,1.0
12,3,10,2,0.0,1,0.7289507289264604,0.21156060246883923,0.7,-0.35667494393873245,0,0,1.0
12,3,10,3,0.0,1,0.7289507289264604,0.21156060246883923,0.7,-0.35667494393873245,0,0,1.0
12,3,11,1,5.831605831411683,1,0.7289507289264604,0.21156060246883923,2.449481749423505,0.8958764713332814,1,0,1.0
12,3,11,2,0.0,1,0.7289507289264604,0.21156060246883923,0.7,-0.35667494393873245,0,0,1.0
12,3,11,3,0.0,1,0.7289507289264604,0.21156060246883923,0.7,-0.35667494393873245,0,0,1.0
12,3,12,1,5.831605831411683,1,0.7289507289264604,0.21156060246883923,2.449481749423505,0.8958764713332814,1,0,1.0
12,3,12,2,0.0,1,0.7289507289264604,0.21156060246883923,0.7,-0.35667494393873245,0,0,1.0
12,3,12,3,0.0,1,0.7289507289264604,0.21156060246883923,0.7,-0.35667494393873245,0,0,1.0
12,3,13,1,5.831605831411683,1,0.7289507289264604,0.21156060246883923,2.449481749423505,0.8958764713332814,1,0,1.0
12,3,13,2,0.0,1,0.7289507289264604,0.21156060246883923,0.7,-0.35667494393873245,0,0,1.0
12,3,13,3,0.0,1,0.7289507289264604,0.21156060246883923,0.7,-0.35667494393873245,0,0,1.0
12,3,14,1,5.831605831411683,1,0.7289507289264604,0.21156060246883923,2.449481749423505,0.8958764713332814,1,0,1.0
12,3,14,2,0.0,1,0.7289507289264604,0.21156060246883923,0.7,-0.35667494393873245,0,0,1.0
12,3,14,3,0.0,1,0.7289507289264604,0.21156060246883923,0.7,-0.35667494393873245,0,0,1.0
12,3,15,1,5.831605831411683,1,0.7289507289264604,0.21156060246883923,2.449481749423505,0.8958764713332814,1,0,1.0
12,3,15,2,0.0,1,0.7289507289264604,0.21156060246883923,0.7,-0.35667494393873245,0,0,1.0
12,3,15,3,0.0,1,0.7289507289264604,0.21156060246883923,0.7,-0.35667494393873245,0,0,1.0
12,3,16,1,5.831605831411683,1,0.7289507289264604,0.21156060246883923,2.449481749423505,0.8958764713332814,1,0,1.0
12,3,16,2,0.0,1,0.7289507289264604,0.21156060246883923,0.7,-0.35667494393873245,0,0,1.0
12,3,16,3,0.0,1,0.7289507289264604,0.21156060246883923,0.7,-0.35667494393873245,0,0,1.0
12,3,17,1,5.831605831411683,1,0.7289507289264604,0.21156060246883923,2.449481749423505,0.8958764713332814,1,0,1.0
12,3,17,2,0.0,1,0.7289507289264604,0.21156060246883923,0.7,-0.35667494393873245,0,0,1.0
12,3,17,3,0.0,1,0.7289507289264604,0.21156060246883923,0.7,-0.35667494393873245,0,0,1.0
12,3,18,1,5.831605831411683,1,0.7289507289264604,0.21156060246883923,2.449481749423505,0.8958764713332814,1,0,1.0
12,3,18,2,0.0,1,0.7289507289264604,0.21156060246883923,0.7,-0.35667494393873245,0,0,1.0
12,3,18,3,0.0,1,0.7289507289264604,0.21156060246883923,0.7,-0.35667494393873245,0,0,1.0
12,3,19,1,5.831605831411683,1,0.7289507289264604,0.21156060246883923,2.449481749423505,0.8958764713332814,1,0,1.0
12,3,19,2,0.0,1,0.7289507289264604,0.21156060246883923,0.7,-0.35667494393873245,0,0,1.0
12,3,19,3,0.0,1,0.7289507289264604,0.21156060246883923,0.7,-0.35667494393873245,0,0,1.0
12,3,20,1,5.831605831411683,1,0.7289507289264604,0.21156060246883923,2.449481749423505,0.8958764713332814,1,0,1.0
12,3,20,2,0.0,1,0.7289507289264604,0.21156060246883923,0.7,-0.35667494393873245,0,0,1.0
12,3,20,3,0.0,1,0.7289507289264604,0.21156060246883923,0.7,-0.35667494393873245,0,0,1.0
12,2,1,1,8.846242409875357,1,0.7289507289264604,0.21156060246883923,3.353872722962607,1.2101157148463366,0,1,1.0
12,2,1,2,0.0,1,0.7289507289264604,0.21156060246883923,0.7,-0.35667494393873245,1,1,1.0
12,2,1,3,0.0,1,0.7289507289264604,0.21156060246883923,0.7,-0.35667494393873245,0,1,1.0
12,2,2,1,4.846242409875357,0,0.7289507289264604,0.21156060246883923,2.153872722962607,0.7672674882987939,0,0,0.0
12,2,2,2,8.0,1,0.7289507289264604,0.21156060246883923,3.0999999999999996,1.1314021114911004,1,0,1.0
12,2,2,3,0.0,1,0.7289507289264604,0.21156060246883923,0.7,-0.35667494393873245,0,0,1.0
12,2,3,1,0.0,0,0.7289507289264604,0.21156060246883923,0.7,-0.35667494393873245,0,0,0.0
12,2,3,2,4.0,1,0.7289507289264604,0.21156060246883923,1.9,0.6418538861723947,1,0,1.0
12,2,3,3,0.0,1,0.7289507289264604,0.21156060246883923,0.7,-0.35667494393873245,0,0,1.0
12,2,4,1,0.0,0,0.7289507289264604,0.21156060246883923,0.7,-0.35667494393873245,0,0,0.0
12,2,4,2,4.0,1,0.7289507289264604,0.21156060246883923,1.9,0.6418538861723947,1,0,1.0
12,2,4,3,0.0,1,0.7289507289264604,0.21156060246883923,0.7,-0.35667494393873245,0,0,1.0
12,2,5,1,0.0,0,0.7289507289264604,0.21156060246883923,0.7,-0.35667494393873245,0,0,0.0
12,2,5,2,4.0,1,0.7289507289264604,0.21156060246883923,1.9,0.6418538861723947,1,0,1.0
12,2,5,3,0.0,1,0.7289507289264604,0.21156060246883923,0.7,-0.35667494393873245,0,0,1.0
12,2,6,1,0.0,0,0.7289507289264604,0.21156060246883923,0.7,-0.35667494393873245,0,0,0.0
12,2,6,2,4.0,1,0.7289507289264604,0.21156060246883923,1.9,0.6418538861723947,1,0,1.0
12,2,6,3,0.0,1,0.7289507289264604,0.21156060246883923,0.7,-0.35667494393873245,0,0,1.0
12,2,7,1,0.0,0,0.7289507289264604,0.21156060246883923,0.7,-0.35667494393873245,0,0,0.0
12,2,7,2,4.0,1,0.7289507289264604,0.21156060246883923,1.9,0.6418538861723947,1,0,1.0
12,2,7,3,0.0,1,0.7289507289264604,0.21156060246883923,0.7,-0.35667494393873245,0,0,1.0
12,2,8,1,0.0,0,0.7289507289264604,0.21156060246883923,0.7,-0.35667494393873245,0,0,0.0
12,2,8,2,4.0,1,0.7289507289264604,0.21156060246883923,1.9,0.6418538861723947,1,0,1.0
12,2,8,3,0.0,1,0.7289507289264604,0.21156060246883923,0.7,-0.35667494393873245,0,0,1.0
12,2,9,1,0.0,0,0.7289507289264604,0.21156060246883923,0.7,-0.35667494393873245,0,0,0.0
12,2,9,2,4.0,1,0.7289507289264604,0.21156060246883923,1.9,0.6418538861723947,1,0,1.0
12,2,9,3,0.0,1,0.7289507289264604,0.21156060246883923,0.7,-0.35667494393873245,0,0,1.0
12,2,10,1,0.0,0,0.7289507289264604,0.21156060246883923,0.7,-0.35667494393873245,0,0,0.0
12,2,10,2,4.0,1,0.7289507289264604,0.21156060246883923,1.9,0.6418538861723947,1,0,1.0
12,2,10,3,0.0,1,0.7289507289264604,0.21156060246883923,0.7,-0.35667494393873245,0,0,1.0
12,2,11,1,0.0,0,0.7289507289264604,0.21156060246883923,0.7,-0.35667494393873245,0,0,0.0
12,2,11,2,4.0,1,0.7289507289264604,0.21156060246883923,1.9,0.6418538861723947,1,0,1.0
12,2,11,3,0.0,1,0.7289507289264604,0.21156060246883923,0.7,-0.35667494393873245,0,0,1.0
12,2,12,1,0.0,0,0.7289507289264604,0.21156060246883923,0.7,-0.35667494393873245,0,0,0.0
12,2,12,2,4.0,1,0.7289507289264604,0.21156060246883923,1.9,0.6418538861723947,1,0,1.0
12,2,12,3,0.0,1,0.7289507289264604,0.21156060246883923,0.7,-0.35667494393873245,0,0,1.0
12,2,13,1,0.0,0,0.7289507289264604,0.21156060246883923,0.7,-0.35667494393873245,0,0,0.0
12,2,13,2,4.0,1,0.7289507289264604,0.21156060246883923,1.9,0.6418538861723947,1,0,1.0
12,2,13,3,0.0,1,0.7289507289264604,0.21156060246883923,0.7,-0.35667494393873245,0,0,1.0
12,2,14,1,0.0,0,0.7289507289264604,0.21156060246883923,0.7,-0.35667494393873245,0,0,0.0
12,2,14,2,4.0,1,0.7289507289264604,0.21156060246883923,1.9,0.6418538861723947,1,0,1.0
12,2,14,3,0.0,1,0.7289507289264604,0.21156060246883923,0.7,-0.35667494393873245,0,0,1.0
12,2,15,1,0.0,0,0.7289507289264604,0.21156060246883923,0.7,-0.35667494393873245,0,0,0.0
12,2,15,2,4.0,1,0.7289507289264604,0.21156060246883923,1.9,0.6418538861723947,1,0,1.0
12,2,15,3,0.0,1,0.7289507289264604,0.21156060246883923,0.7,-0.35667494393873245,0,0,1.0
12,2,16,1,0.0,0,0.7289507289264604,0.21156060246883923,0.7,-0.35667494393873245,0,0,0.0
12,2,16,2,4.0,1,0.7289507289264604,0.21156060246883923,1.9,0.6418538861723947,1,0,1.0
12,2,16,3,0.0,1,0.7289507289264604,0.21156060246883923,0.7,-0.35667494393873245,0,0,1.0
12,2,17,1,0.0,0,0.7289507289264604,0.21156060246883923,0.7,-0.35667494393873245,0,0,0.0
12,2,17,2,4.0,1,0.7289507289264604,0.21156060246883923,1.9,0.6418538861723947,1,0,1.0
12,2,17,3,0.0,1,0.7289507289264604,0.21156060246883923,0.7,-0.35667494393873245,0,0,1.0
12,2,18,1,0.0,0,0.7289507289264604,0.21156060246883923,0.7,-0.35667494393873245,0,0,0.0
12,2,18,2,4.0,1,0.7289507289264604,0.21156060246883923,1.9,0.6418538861723947,1,0,1.0
12,2,18,3,0.0,1,0.7289507289264604,0.21156060246883923,0.7,-0.35667494393873245,0,0,1.0
12,2,19,1,0.0,0,0.7289507289264604,0.21156060246883923,0.7,-0.35667494393873245,0,0,0.0
12,2,19,2,4.0,1,0.7289507289264604,0.21156060246883923,1.9,0.6418538861723947,1,0,1.0
12,2,19,3,0.0,1,0.7289507289264604,0.21156060246883923,0.7,-0.35667494393873245,0,0,1.0
12,2,20,1,0.0,0,0.7289507289264604,0.21156060246883923,0.7,-0.35667494393873245,0,0,0.0
12,2,20,2,4.0,1,0.7289507289264604,0.21156060246883923,1.9,0.6418538861723947,1,0,1.0
12,2,20,3,0.0,1,0.7289507289264604,0.21156060246883923,0.7,-0.35667494393873245,0,0,1.0
12,1,1,1,8.846242409875357,1,0.7289507289264604,0.21156060246883923,3.353872722962607,1.2101157148463366,0,1,1.0
12,1,1,2,0.0,1,0.7289507289264604,0.21156060246883923,0.7,-0.35667494393873245,0,1,1.0
12,1,1,3,0.0,1,0.7289507289264604,0.21156060246883923,0.7,-0.35667494393873245,1,1,1.0
12,1,2,1,4.846242409875357,0,0.7289507289264604,0.21156060246883923,2.153872722962607,0.7672674882987939,0,0,0.0
12,1,2,2,4.846242409875357,1,0.7289507289264604,0.21156060246883923,2.153872722962607,0.7672674882987939,0,0,1.0
12,1,2,3,0.0,1,0.7289507289264604,0.21156060246883923,0.7,-0.35667494393873245,1,0,1.0
12,1,3,1,0.0,0,0.7289507289264604,0.21156060246883923,0.7,-0.35667494393873245,0,0,0.0
12,1,3,2,2.846242409875357,0,0.7289507289264604,0.21156060246883923,1.553872722962607,0.44075034573576843,0,0,0.0
12,1,3,3,4.0,1,0.7289507289264604,0.21156060246883923,1.9,0.6418538861723947,1,0,1.0
12,1,4,1,0.0,0,0.7289507289264604,0.21156060246883923,0.7,-0.35667494393873245,0,0,0.0
12,1,4,2,0.0,0,0.7289507289264604,0.21156060246883923,0.7,-0.35667494393873245,0,0,0.0
12,1,4,3,2.0,1,0.7289507289264604,0.21156060246883923,1.2999999999999998,0.2623642644674909,1,0,1.0
12,1,5,1,0.0,0,0.7289507289264604,0.21156060246883923,0.7,-0.35667494393873245,0,0,0.0
12,1,5,2,0.0,0,0.7289507289264604,0.21156060246883923,0.7,-0.35667494393873245,0,0,0.0
12,1,5,3,2.0,1,0.7289507289264604,0.21156060246883923,1.2999999999999998,0.2623642644674909,1,0,1.0
12,1,6,1,0.0,0,0.7289507289264604,0.21156060246883923,0.7,-0.35667494393873245,0,0,0.0
12,1,6,2,0.0,0,0.7289507289264604,0.21156060246883923,0.7,-0.35667494393873245,0,0,0.0
12,1,6,3,2.0,1,0.7289507289264604,0.21156060246883923,1.2999999999999998,0.2623642644674909,1,0,1.0
12,1,7,1,0.0,0,0.7289507289264604,0.21156060246883923,0.7,-0.35667494393873245,0,0,0.0
12,1,7,2,0.0,0,0.7289507289264604,0.21156060246883923,0.7,-0.35667494393873245,0,0,0.0
12,1,7,3,2.0,1,0.7289507289264604,0.21156060246883923,1.2999999999999998,0.2623642644674909,1,0,1.0
12,1,8,1,0.0,0,0.7289507289264604,0.21156060246883923,0.7,-0.35667494393873245,0,0,0.0
12,1,8,2,0.0,0,0.7289507289264604,0.21156060246883923,0.7,-0.35667494393873245,0,0,0.0
12,1,8,3,2.0,1,0.7289507289264604,0.21156060246883923,1.2999999999999998,0.2623642644674909,1,0,1.0
12,1,9,1,0.0,0,0.7289507289264604,0.21156060246883923,0.7,-0.35667494393873245,0,0,0.0
12,1,9,2,0.0,0,0.7289507289264604,0.21156060246883923,0.7,-0.35667494393873245,0,0,0.0
12,1,9,3,2.0,1,0.7289507289264604,0.21156060246883923,1.2999999999999998,0.2623642644674909,1,0,1.0
12,1,10,1,0.0,0,0.7289507289264604,0.21156060246883923,0.7,-0.35667494393873245,0,0,0.0
12,1,10,2,0.0,0,0.7289507289264604,0.21156060246883923,0.7,-0.35667494393873245,0,0,0.0
12,1,10,3,2.0,1,0.7289507289264604,0.21156060246883923,1.2999999999999998,0.2623642644674909,1,0,1.0
12,1,11,1,0.0,0,0.7289507289264604,0.21156060246883923,0.7,-0.35667494393873245,0,0,0.0
12,1,11,2,0.0,0,0.7289507289264604,0.21156060246883923,0.7,-0.35667494393873245,0,0,0.0
12,1,11,3,2.0,1,0.7289507289264604,0.21156060246883923,1.2999999999999998,0.2623642644674909,1,0,1.0
12,1,12,1,0.0,0,0.7289507289264604,0.21156060246883923,0.7,-0.35667494393873245,0,0,0.0
12,1,12,2,0.0,0,0.7289507289264604,0.21156060246883923,0.7,-0.35667494393873245,0,0,0.0
12,1,12,3,2.0,1,0.7289507289264604,0.21156060246883923,1.2999999999999998,0.2623642644674909,1,0,1.0
12,1,13,1,0.0,0,0.7289507289264604,0.21156060246883923,0.7,-0.35667494393873245,0,0,0.0
12,1,13,2,0.0,0,0.7289507289264604,0.21156060246883923,0.7,-0.35667494393873245,0,0,0.0
12,1,13,3,2.0,1,0.7289507289264604,0.21156060246883923,1.2999999999999998,0.2623642644674909,1,0,1.0
12,1,14,1,0.0,0,0.7289507289264604,0.21156060246883923,0.7,-0.35667494393873245,0,0,0.0
12,1,14,2,0.0,0,0.7289507289264604,0.21156060246883923,0.7,-0.35667494393873245,0,0,0.0
12,1,14,3,2.0,1,0.7289507289264604,0.21156060246883923,1.2999999999999998,0.2623642644674909,1,0,1.0
12,1,15,1,0.0,0,0.7289507289264604,0.21156060246883923,0.7,-0.35667494393873245,0,0,0.0
12,1,15,2,0.0,0,0.7289507289264604,0.21156060246883923,0.7,-0.35667494393873245,0,0,0.0
12,1,15,3,2.0,1,0.7289507289264604,0.21156060246883923,1.2999999999999998,0.2623642644674909,1,0,1.0
12,1,16,1,0.0,0,0.7289507289264604,0.21156060246883923,0.7,-0.35667494393873245,0,0,0.0
12,1,16,2,0.0,0,0.7289507289264604,0.21156060246883923,0.7,-0.35667494393873245,0,0,0.0
12,1,16,3,2.0,1,0.7289507289264604,0.21156060246883923,1.2999999999999998,0.2623642644674909,1,0,1.0
12,1,17,1,0.0,0,0.7289507289264604,0.21156060246883923,0.7,-0.35667494393873245,0,0,0.0
12,1,17,2,0.0,0,0.7289507289264604,0.21156060246883923,0.7,-0.35667494393873245,0,0,0.0
12,1,17,3,2.0,1,0.7289507289264604,0.21156060246883923,1.2999999999999998,0.2623642644674909,1,0,1.0
12,1,18,1,0.0,0,0.7289507289264604,0.21156060246883923,0.7,-0.35667494393873245,0,0,0.0
12,1,18,2,0.0,0,0.7289507289264604,0.21156060246883923,0.7,-0.35667494393873245,0,0,0.0
12,1,18,3,2.0,1,0.7289507289264604,0.21156060246883923,1.2999999999999998,0.2623642644674909,1,0,1.0
12,1,19,1,0.0,0,0.7289507289264604,0.21156060246883923,0.7,-0.35667494393873245,0,0,0.0
12,1,19,2,0.0,0,0.7289507289264604,0.21156060246883923,0.7,-0.35667494393873245,0,0,0.0
12,1,19,3,2.0,1,0.7289507289264604,0.21156060246883923,1.2999999999999998,0.2623642644674909,1,0,1.0
12,1,20,1,0.0,0,0.7289507289264604,0.21156060246883923,0.7,-0.35667494393873245,0,0,0.0
12,1,20,2,0.0,0,0.7289507289264604,0.21156060246883923,0.7,-0.35667494393873245,0,0,0.0
12,1,20,3,2.0,1,0.7289507289264604,0.21156060246883923,1.2999999999999998,0.2623642644674909,1,0,1.0
13,3,1,1,12.873910546428354,1,0.8046194091517721,0.08344339848181702,4.562173163928506,1.5177990810393378,1,1,1.0
13,3,1,2,0.0,1,0.8046194091517721,0.08344339848181702,0.7,-0.35667494393873245,0,1,1.0
13,3,1,3,0.0,1,0.8046194091517721,0.08344339848181702,0.7,-0.35667494393873245,0,1,1.0
13,3,2,1,8.0,1,0.8046194091517721,0.08344339848181702,3.0999999999999996,1.1314021114911004,1,0,1.0
13,3,2,2,0.0,1,0.8046194091517721,0.08344339848181702,0.7,-0.35667494393873245,0,0,1.0
13,3,2,3,0.0,1,0.8046194091517721,0.08344339848181702,0.7,-0.35667494393873245,0,0,1.0
13,3,3,1,6.436955273214177,1,0.8046194091517721,0.08344339848181702,2.6310865819642526,0.9673969099029476,1,0,1.0
13,3,3,2,0.0,1,0.8046194091517721,0.08344339848181702,0.7,-0.35667494393873245,0,0,1.0
13,3,3,3,0.0,1,0.8046194091517721,0.08344339848181702,0.7,-0.35667494393873245,0,0,1.0
13,3,4,1,6.436955273214177,1,0.8046194091517721,0.08344339848181702,2.6310865819642526,0.9673969099029476,1,0,1.0
13,3,4,2,0.0,1,0.8046194091517721,0.08344339848181702,0.7,-0.35667494393873245,0,0,1.0
13,3,4,3,0.0,1,0.8046194091517721,0.08344339848181702,0.7,-0.35667494393873245,0,0,1.0
13,3,5,1,6.436955273214177,1,0.8046194091517721,0.08344339848181702,2.6310865819642526,0.9673969099029476,1,0,1.0
13,3,5,2,0.0,1,0.8046194091517721,0.08344339848181702,0.7,-0.35667494393873245,0,0,1.0
13,3,5,3,0.0,1,0.8046194091517721,0.08344339848181702,0.7,-0.35667494393873245,0,0,1.0
13,3,6,1,6.436955273214177,1,0.8046194091517721,0.08344339848181702,2.6310865819642526,0.9673969099029476,1,0,1.0
13,3,6,2,0.0,1,0.8046194091517721,0.08344339848181702,0.7,-0.35667494393873245,0,0,1.0
13,3,6,3,0.0,1,0.8046194091517721,0.08344339848181702,0.7,-0.35667494393873245,0,0,1.0
13,3,7,1,6.436955273214177,1,0.8046194091517721,0.08344339848181702,2.6310865819642526,0.9673969099029476,1,0,1.0
13,3,7,2,0.0,1,0.8046194091517721,0.08344339848181702,0.7,-0.35667494393873245,0,0,1.0
13,3,7,3,0.0,1,0.8046194091517721,0.08344339848181702,0.7,-0.35667494393873245,0,0,1.0
13,3,8,1,6.436955273214177,1,0.8046194091517721,0.08344339848181702,2.6310865819642526,0.9673969099029476,1,0,1.0
13,3,8,2,0.0,1,0.8046194091517721,0.08344339848181702,0.7,-0.35667494393873245,0,0,1.0
13,3,8,3,0.0,1,0.8046194091517721,0.08344339848181702,0.7,-0.35667494393873245,0,0,1.0
13,3,9,1,6.436955273214177,1,0.8046194091517721,0.08344339848181702,2.6310865819642526,0.9673969099029476,1,0,1.0
13,3,9,2,0.0,1,0.8046194091517721,0.08344339848181702,0.7,-0.35667494393873245,0,0,1.0
13,3,9,3,0.0,1,0.8046194091517721,0.08344339848181702,0.7,-0.35667494393873245,0,0,1.0
13,3,10,1,6.436955273214177,1,0.8046194091517721,0.08344339848181702,2.6310865819642526,0.9673969099029476,1,0,1.0
13,3,10,2,0.0,1,0.8046194091517721,0.08344339848181702,0.7,-0.35667494393873245,0,0,1.0
13,3,10,3,0.0,1,0.8046194091517721,0.08344339848181702,0.7,-0.35667494393873245,0,0,1.0
13,3,11,1,6.436955273214177,1,0.8046194091517721,0.08344339848181702,2.6310865819642526,0.9673969099029476,1,0,1.0
13,3,11,2,0.0,1,0.8046194091517721,0.08344339848181702,0.7,-0.35667494393873245,0,0,1.0
13,3,11,3,0.0,1,0.8046194091517721,0.08344339848181702,0.7,-0.35667494393873245,0,0,1.0
13,3,12,1,6.436955273214177,1,0.8046194091517721,0.08344339848181702,2.6310865819642526,0.9673969099029476,1,0,1.0
13,3,12,2,0.0,1,0.8046194091517721,0.08344339848181702,0.7,-0.35667494393873245,0,0,1.0
13,3,12,3,0.0,1,0.8046194091517721,0.08344339848181702,0.7,-0.35667494393873245,0,0,1.0
13,3,13,1,6.436955273214177,1,0.8046194091517721,0.08344339848181702,2.6310865819642526,0.9673969099029476,1,0,1.0
13,3,13,2,0.0,1,0.8046194091517721,0.08344339848181702,0.7,-0.35667494393873245,0,0,1.0
13,3,13,3,0.0,1,0.8046194091517721,0.08344339848181702,0.7,-0.35667494393873245,0,0,1.0
13,3,14,1,6.436955273214177,1,0.8046194091517721,0.08344339848181702,2.6310865819642526,0.9673969099029476,1,0,1.0
13,3,14,2,0.0,1,0.8046194091517721,0.08344339848181702,0.7,-0.35667494393873245,0,0,1.0
13,3,14,3,0.0,1,0.8046194091517721,0.08344339848181702,0.7,-0.35667494393873245,0,0,1.0
13,3,15,1,6.436955273214177,1,0.8046194091517721,0.08344339848181702,2.6310865819642526,0.9673969099029476,1,0,1.0
13,3,15,2,0.0,1,0.8046194091517721,0.08344339848181702,0.7,-0.35667494393873245,0,0,1.0
13,3,15,3,0.0,1,0.8046194091517721,0.08344339848181702,0.7,-0.35667494393873245,0,0,1.0
13,3,16,1,6.436955273214177,1,0.8046194091517721,0.08344339848181702,2.6310865819642526,0.9673969099029476,1,0,1.0
13,3,16,2,0.0,1,0.8046194091517721,0.08344339848181702,0.7,-0.35667494393873245,0,0,1.0
13,3,16,3,0.0,1,0.8046194091517721,0.08344339848181702,0.7,-0.35667494393873245,0,0,1.0
13,3,17,1,6.436955273214177,1,0.8046194091517721,0.08344339848181702,2.6310865819642526,0.9673969099029476,1,0,1.0
13,3,17,2,0.0,1,0.8046194091517721,0.08344339848181702,0.7,-0.35667494393873245,0,0,1.0
13,3,17,3,0.0,1,0.8046194091517721,0.08344339848181702,0.7,-0.35667494393873245,0,0,1.0
13,3,18,1,6.436955273214177,1,0.8046194091517721,0.08344339848181702,2.6310865819642526,0.9673969099029476,1,0,1.0
13,3,18,2,0.0,1,0.8046194091517721,0.08344339848181702,0.7,-0.35667494393873245,0,0,1.0
13,3,18,3,0.0,1,0.8046194091517721,0.08344339848181702,0.7,-0.35667494393873245,0,0,1.0
13,3,19,1,6.436955273214177,1,0.8046194091517721,0.08344339848181702,2.6310865819642526,0.9673969099029476,1,0,1.0
13,3,19,2,0.0,1,0.8046194091517721,0.08344339848181702,0.7,-0.35667494393873245,0,0,1.0
13,3,19,3,0.0,1,0.8046194091517721,0.08344339848181702,0.7,-0.35667494393873245,0,0,1.0
13,3,20,1,6.436955273214177,1,0.8046194091517721,0.08344339848181702,2.6310865819642526,0.9673969099029476,1,0,1.0
13,3,20,2,0.0,1,0.8046194091517721,0.08344339848181702,0.7,-0.35667494393873245,0,0,1.0
13,3,20,3,0.0,1,0.8046194091517721,0.08344339848181702,0.7,-0.35667494393873245,0,0,1.0
13,2,1,1,8.333773593927269,1,0.8046194091517721,0.08344339848181702,3.2001320781781804,1.1631920833845963,0,1,1.0
13,2,1,2,0.0,1,0.8046194091517721,0.08344339848181702,0.7,-0.35667494393873245,1,1,1.0
13,2,1,3,0.0,1,0.8046194091517721,0.08344339848181702,0.7,-0.35667494393873245,0,1,1.0
13,2,2,1,4.333773593927268,1,0.8046194091517721,0.08344339848181702,2.00013207817818,0.6932132174685508,0,0,1.0
13,2,2,2,0.0,1,0.8046194091517721,0.08344339848181702,0.7,-0.35667494393873245,1,0,1.0
13,2,2,3,0.0,1,0.8046194091517721,0.08344339848181702,0.7,-0.35667494393873245,0,0,1.0
13,2,3,1,4.333773593927268,0,0.8046194091517721,0.08344339848181702,2.00013207817818,0.6932132174685508,0,0,0.0
13,2,3,2,8.0,1,0.8046194091517721,0.08344339848181702,3.0999999999999996,1.1314021114911004,1,0,1.0
13,2,3,3,0.0,1,0.8046194091517721,0.08344339848181702,0.7,-0.35667494393873245,0,0,1.0
13,2,4,1,0.0,0,0.8046194091517721,0.08344339848181702,0.7,-0.35667494393873245,0,0,0.0
13,2,4,2,4.0,1,0.8046194091517721,0.08344339848181702,1.9,0.6418538861723947,1,0,1.0
13,2,4,3,0.0,1,0.8046194091517721,0.08344339848181702,0.7,-0.35667494393873245,0,0,1.0
13,2,5,1,0.0,0,0.8046194091517721,0.08344339848181702,0.7,-0.35667494393873245,0,0,0.0
13,2,5,2,4.0,1,0.8046194091517721,0.08344339848181702,1.9,0.6418538861723947,1,0,1.0
13,2,5,3,0.0,1,0.8046194091517721,0.08344339848181702,0.7,-0.35667494393873245,0,0,1.0
13,2,6,1,0.0,0,0.8046194091517721,0.08344339848181702,0.7,-0.35667494393873245,0,0,0.0
13,2,6,2,4.0,1,0.8046194091517721,0.08344339848181702,1.9,0.6418538861723947,1,0,1.0
13,2,6,3,0.0,1,0.8046194091517721,0.08344339848181702,0.7,-0.35667494393873245,0,0,1.0
13,2,7,1,0.0,0,0.8046194091517721,0.08344339848181702,0.7,-0.35667494393873245,0,0,0.0
13,2,7,2,4.0,1,0.8046194091517721,0.08344339848181702,1.9,0.6418538861723947,1,0,1.0
13,2,7,3,0.0,1,0.8046194091517721,0.08344339848181702,0.7,-0.35667494393873245,0,0,1.0
13,2,8,1,0.0,0,0.8046194091517721,0.08344339848181702,0.7,-0.35667494393873245,0,0,0.0
13,2,8,2,4.0,1,0.8046194091517721,0.08344339848181702,1.9,0.6418538861723947,1,0,1.0
13,2,8,3,0.0,1,0.8046194091517721,0.08344339848181702,0.7,-0.35667494393873245,0,0,1.0
13,2,9,1,0.0,0,0.8046194091517721,0.08344339848181702,0.7,-0.35667494393873245,0,0,0.0
13,2,9,2,4.0,1,0.8046194091517721,0.08344339848181702,1.9,0.6418538861723947,1,0,1.0
13,2,9,3,0.0,1,0.8046194091517721,0.08344339848181702,0.7,-0.35667494393873245,0,0,1.0
13,2,10,1,0.0,0,0.8046194091517721,0.08344339848181702,0.7,-0.35667494393873245,0,0,0.0
13,2,10,2,4.0,1,0.8046194091517721,0.08344339848181702,1.9,0.6418538861723947,1,0,1.0
13,2,10,3,0.0,1,0.8046194091517721,0.08344339848181702,0.7,-0.35667494393873245,0,0,1.0
13,2,11,1,0.0,0,0.8046194091517721,0.08344339848181702,0.7,-0.35667494393873245,0,0,0.0
13,2,11,2,4.0,1,0.8046194091517721,0.08344339848181702,1.9,0.6418538861723947,1,0,1.0
13,2,11,3,0.0,1,0.8046194091517721,0.08344339848181702,0.7,-0.35667494393873245,0,0,1.0
13,2,12,1,0.0,0,0.8046194091517721,0.08344339848181702,0.7,-0.35667494393873245,0,0,0.0
13,2,12,2,4.0,1,0.8046194091517721,0.08344339848181702,1.9,0.6418538861723947,1,0,1.0
13,2,12,3,0.0,1,0.8046194091517721,0.08344339848181702,0.7,-0.35667494393873245,0,0,1.0
13,2,13,1,0.0,0,0.8046194091517721,0.08344339848181702,0.7,-0.35667494393873245,0,0,0.0
13,2,13,2,4.0,1,0.8046194091517721,0.08344339848181702,1.9,0.6418538861723947,1,0,1.0
13,2,13,3,0.0,1,0.8046194091517721,0.08344339848181702,0.7,-0.35667494393873245,0,0,1.0
13,2,14,1,0.0,0,0.8046194091517721,0.08344339848181702,0.7,-0.35667494393873245,0,0,0.0
13,2,14,2,4.0,1,0.8046194091517721,0.08344339848181702,1.9,0.6418538861723947,1,0,1.0
13,2,14,3,0.0,1,0.8046194091517721,0.08344339848181702,0.7,-0.35667494393873245,0,0,1.0
13,2,15,1,0.0,0,0.8046194091517721,0.08344339848181702,0.7,-0.35667494393873245,0,0,0.0
13,2,15,2,4.0,1,0.8046194091517721,0.08344339848181702,1.9,0.6418538861723947,1,0,1.0
13,2,15,3,0.0,1,0.8046194091517721,0.08344339848181702,0.7,-0.35667494393873245,0,0,1.0
13,2,16,1,0.0,0,0.8046194091517721,0.08344339848181702,0.7,-0.35667494393873245,0,0,0.0
13,2,16,2,4.0,1,0.8046194091517721,0.08344339848181702,1.9,0.6418538861723947,1,0,1.0
13,2,16,3,0.0,1,0.8046194091517721,0.08344339848181702,0.7,-0.35667494393873245,0,0,1.0
13,2,17,1,0.0,0,0.8046194091517721,0.08344339848181702,0.7,-0.35667494393873245,0,0,0.0
13,2,17,2,4.0,1,0.8046194091517721,0.08344339848181702,1.9,0.6418538861723947,1,0,1.0
13,2,17,3,0.0,1,0.8046194091517721,0.08344339848181702,0.7,-0.35667494393873245,0,0,1.0
13,2,18,1,0.0,0,0.8046194091517721,0.08344339848181702,0.7,-0.35667494393873245,0,0,0.0
13,2,18,2,4.0,1,0.8046194091517721,0.08344339848181702,1.9,0.6418538861723947,1,0,1.0
13,2,18,3,0.0,1,0.8046194091517721,0.08344339848181702,0.7,-0.35667494393873245,0,0,1.0
13,2,19,1,0.0,0,0.8046194091517721,0.08344339848181702,0.7,-0.35667494393873245,0,0,0.0
13,2,19,2,4.0,1,0.8046194091517721,0.08344339848181702,1.9,0.6418538861723947,1,0,1.0
13,2,19,3,0.0,1,0.8046194091517721,0.08344339848181702,0.7,-0.35667494393873245,0,0,1.0
13,2,20,1,0.0,0,0.8046194091517721,0.08344339848181702,0.7,-0.35667494393873245,0,0,0.0
13,2,20,2,4.0,1,0.8046194091517721,0.08344339848181702,1.9,0.6418538861723947,1,0,1.0
13,2,20,3,0.0,1,0.8046194091517721,0.08344339848181702,0.7,-0.35667494393873245,0,0,1.0
13,1,1,1,8.333773593927269,1,0.8046194091517721,0.08344339848181702,3.2001320781781804,1.1631920833845963,0,1,1.0
13,1,1,2,0.0,1,0.8046194091517721,0.08344339848181702,0.7,-0.35667494393873245,0,1,1.0
13,1,1,3,0.0,1,0.8046194091517721,0.08344339848181702,0.7,-0.35667494393873245,1,1,1.0
13,1,2,1,4.333773593927268,1,0.8046194091517721,0.08344339848181702,2.00013207817818,0.6932132174685508,0,0,1.0
13,1,2,2,0.0,1,0.8046194091517721,0.08344339848181702,0.7,-0.35667494393873245,0,0,1.0
13,1,2,3,0.0,1,0.8046194091517721,0.08344339848181702,0.7,-0.35667494393873245,1,0,1.0
13,1,3,1,4.333773593927268,1,0.8046194091517721,0.08344339848181702,2.00013207817818,0.6932132174685508,0,0,1.0
13,1,3,2,0.0,1,0.8046194091517721,0.08344339848181702,0.7,-0.35667494393873245,0,0,1.0
13,1,3,3,0.0,1,0.8046194091517721,0.08344339848181702,0.7,-0.35667494393873245,1,0,1.0
13,1,4,1,4.333773593927268,0,0.8046194091517721,0.08344339848181702,2.00013207817818,0.6932132174685508,0,0,0.0
13,1,4,2,4.333773593927268,1,0.8046194091517721,0.08344339848181702,2.00013207817818,0.6932132174685508,0,0,1.0
13,1,4,3,0.0,1,0.8046194091517721,0.08344339848181702,0.7,-0.35667494393873245,1,0,1.0
13,1,5,1,0.0,0,0.8046194091517721,0.08344339848181702,0.7,-0.35667494393873245,0,0,0.0
13,1,5,2,2.333773593927268,1,0.8046194091517721,0.08344339848181702,1.4001320781781805,0.33656657372717147,0,0,1.0
13,1,5,3,0.0,1,0.8046194091517721,0.08344339848181702,0.7,-0.35667494393873245,1,0,1.0
13,1,6,1,0.0,0,0.8046194091517721,0.08344339848181702,0.7,-0.35667494393873245,0,0,0.0
13,1,6,2,2.333773593927268,0,0.8046194091517721,0.08344339848181702,1.4001320781781805,0.33656657372717147,0,0,0.0
13,1,6,3,4.0,1,0.8046194091517721,0.08344339848181702,1.9,0.6418538861723947,1,0,1.0
13,1,7,1,0.0,0,0.8046194091517721,0.08344339848181702,0.7,-0.35667494393873245,0,0,0.0
13,1,7,2,0.0,0,0.8046194091517721,0.08344339848181702,0.7,-0.35667494393873245,0,0,0.0
13,1,7,3,2.0,1,0.8046194091517721,0.08344339848181702,1.2999999999999998,0.2623642644674909,1,0,1.0
13,1,8,1,0.0,0,0.8046194091517721,0.08344339848181702,0.7,-0.35667494393873245,0,0,0.0
13,1,8,2,0.0,0,0.8046194091517721,0.08344339848181702,0.7,-0.35667494393873245,0,0,0.0
13,1,8,3,2.0,1,0.8046194091517721,0.08344339848181702,1.2999999999999998,0.2623642644674909,1,0,1.0
13,1,9,1,0.0,0,0.8046194091517721,0.08344339848181702,0.7,-0.35667494393873245,0,0,0.0
13,1,9,2,0.0,0,0.8046194091517721,0.08344339848181702,0.7,-0.35667494393873245,0,0,0.0
13,1,9,3,2.0,1,0.8046194091517721,0.08344339848181702,1.2999999999999998,0.2623642644674909,1,0,1.0
13,1,10,1,0.0,0,0.8046194091517721,0.08344339848181702,0.7,-0.35667494393873245,0,0,0.0
13,1,10,2,0.0,0,0.8046194091517721,0.08344339848181702,0.7,-0.35667494393873245,0,0,0.0
13,1,10,3,2.0,1,0.8046194091517721,0.08344339848181702,1.2999999999999998,0.2623642644674909,1,0,1.0
13,1,11,1,0.0,0,0.8046194091517721,0.08344339848181702,0.7,-0.35667494393873245,0,0,0.0
13,1,11,2,0.0,0,0.8046194091517721,0.08344339848181702,0.7,-0.35667494393873245,0,0,0.0
13,1,11,3,2.0,1,0.8046194091517721,0.08344339848181702,1.2999999999999998,0.2623642644674909,1,0,1.0
13,1,12,1,0.0,0,0.8046194091517721,0.08344339848181702,0.7,-0.35667494393873245,0,0,0.0
13,1,12,2,0.0,0,0.8046194091517721,0.08344339848181702,0.7,-0.35667494393873245,0,0,0.0
13,1,12,3,2.0,1,0.8046194091517721,0.08344339848181702,1.2999999999999998,0.2623642644674909,1,0,1.0
13,1,13,1,0.0,0,0.8046194091517721,0.08344339848181702,0.7,-0.35667494393873245,0,0,0.0
13,1,13,2,0.0,0,0.8046194091517721,0.08344339848181702,0.7,-0.35667494393873245,0,0,0.0
13,1,13,3,2.0,1,0.8046194091517721,0.08344339848181702,1.2999999999999998,0.2623642644674909,1,0,1.0
13,1,14,1,0.0,0,0.8046194091517721,0.08344339848181702,0.7,-0.35667494393873245,0,0,0.0
13,1,14,2,0.0,0,0.8046194091517721,0.08344339848181702,0.7,-0.35667494393873245,0,0,0.0
13,1,14,3,2.0,1,0.8046194091517721,0.08344339848181702,1.2999999999999998,0.2623642644674909,1,0,1.0
13,1,15,1,0.0,0,0.8046194091517721,0.08344339848181702,0.7,-0.35667494393873245,0,0,0.0
13,1,15,2,0.0,0,0.8046194091517721,0.08344339848181702,0.7,-0.35667494393873245,0,0,0.0
13,1,15,3,2.0,1,0.8046194091517721,0.08344339848181702,1.2999999999999998,0.2623642644674909,1,0,1.0
13,1,16,1,0.0,0,0.8046194091517721,0.08344339848181702,0.7,-0.35667494393873245,0,0,0.0
13,1,16,2,0.0,0,0.8046194091517721,0.08344339848181702,0.7,-0.35667494393873245,0,0,0.0
13,1,16,3,2.0,1,0.8046194091517721,0.08344339848181702,1.2999999999999998,0.2623642644674909,1,0,1.0
13,1,17,1,0.0,0,0.8046194091517721,0.08344339848181702,0.7,-0.35667494393873245,0,0,0.0
13,1,17,2,0.0,0,0.8046194091517721,0.08344339848181702,0.7,-0.35667494393873245,0,0,0.0
13,1,17,3,2.0,1,0.8046194091517721,0.08344339848181702,1.2999999999999998,0.2623642644674909,1,0,1.0
13,1,18,1,0.0,0,0.8046194091517721,0.08344339848181702,0.7,-0.35667494393873245,0,0,0.0
13,1,18,2,0.0,0,0.8046194091517721,0.08344339848181702,0.7,-0.35667494393873245,0,0,0.0
13,1,18,3,2.0,1,0.8046194091517721,0.08344339848181702,1.2999999999999998,0.2623642644674909,1,0,1.0
13,1,19,1,0.0,0,0.8046194091517721,0.08344339848181702,0.7,-0.35667494393873245,0,0,0.0
13,1,19,2,0.0,0,0.8046194091517721,0.08344339848181702,0.7,-0.35667494393873245,0,0,0.0
13,1,19,3,2.0,1,0.8046194091517721,0.08344339848181702,1.2999999999999998,0.2623642644674909,1,0,1.0
13,1,20,1,0.0,0,0.8046194091517721,0.08344339848181702,0.7,-0.35667494393873245,0,0,0.0
13,1,20,2,0.0,0,0.8046194091517721,0.08344339848181702,0.7,-0.35667494393873245,0,0,0.0
13,1,20,3,2.0,1,0.8046194091517721,0.08344339848181702,1.2999999999999998,0.2623642644674909,1,0,1.0
14,3,1,1,12.27878862313188,1,0.7674242889457425,0.10837989896439647,4.383636586939564,1.4778786508948274,1,1,1.0
14,3,1,2,0.0,1,0.7674242889457425,0.10837989896439647,0.7,-0.35667494393873245,0,1,1.0
14,3,1,3,0.0,1,0.7674242889457425,0.10837989896439647,0.7,-0.35667494393873245,0,1,1.0
14,3,2,1,8.0,1,0.7674242889457425,0.10837989896439647,3.0999999999999996,1.1314021114911004,1,0,1.0
14,3,2,2,0.0,1,0.7674242889457425,0.10837989896439647,0.7,-0.35667494393873245,0,0,1.0
14,3,2,3,0.0,1,0.7674242889457425,0.10837989896439647,0.7,-0.35667494393873245,0,0,1.0
14,3,3,1,6.13939431156594,1,0.7674242889457425,0.10837989896439647,2.541818293469782,0.9328796884931179,1,0,1.0
14,3,3,2,0.0,1,0.7674242889457425,0.10837989896439647,0.7,-0.35667494393873245,0,0,1.0
14,3,3,3,0.0,1,0.7674242889457425,0.10837989896439647,0.7,-0.35667494393873245,0,0,1.0
14,3,4,1,6.13939431156594,1,0.7674242889457425,0.10837989896439647,2.541818293469782,0.9328796884931179,1,0,1.0
14,3,4,2,0.0,1,0.7674242889457425,0.10837989896439647,0.7,-0.35667494393873245,0,0,1.0
14,3,4,3,0.0,1,0.7674242889457425,0.10837989896439647,0.7,-0.35667494393873245,0,0,1.0
14,3,5,1,6.13939431156594,1,0.7674242889457425,0.10837989896439647,2.541818293469782,0.9328796884931179,1,0,1.0
14,3,5,2,0.0,1,0.7674242889457425,0.10837989896439647,0.7,-0.35667494393873245,0,0,1.0
14,3,5,3,0.0,1,0.7674242889457425,0.10837989896439647,0.7,-0.35667494393873245,0,0,1.0
14,3,6,1,6.13939431156594,1,0.7674242889457425,0.10837989896439647,2.541818293469782,0.9328796884931179,1,0,1.0
14,3,6,2,0.0,1,0.7674242889457425,0.10837989896439647,0.7,-0.35667494393873245,0,0,1.0
14,3,6,3,0.0,1,0.7674242889457425,0.10837989896439647,0.7,-0.35667494393873245,0,0,1.0
14,3,7,1,6.13939431156594,1,0.7674242889457425,0.10837989896439647,2.541818293469782,0.9328796884931179,1,0,1.0
14,3,7,2,0.0,1,0.7674242889457425,0.10837989896439647,0.7,-0.35667494393873245,0,0,1.0
14,3,7,3,0.0,1,0.7674242889457425,0.10837989896439647,0.7,-0.35667494393873245,0,0,1.0
14,3,8,1,6.13939431156594,1,0.7674242889457425,0.10837989896439647,2.541818293469782,0.9328796884931179,1,0,1.0
14,3,8,2,0.0,1,0.7674242889457425,0.10837989896439647,0.7,-0.35667494393873245,0,0,1.0
14,3,8,3,0.0,1,0.7674242889457425,0.10837989896439647,0.7,-0.35667494393873245,0,0,1.0
14,3,9,1,6.13939431156594,1,0.7674242889457425,0.10837989896439647,2.541818293469782,0.9328796884931179,1,0,1.0
14,3,9,2,0.0,1,0.7674242889457425,0.10837989896439647,0.7,-0.35667494393873245,0,0,1.0
14,3,9,3,0.0,1,0.7674242889457425,0.10837989896439647,0.7,-0.35667494393873245,0,0,1.0
14,3,10,1,6.13939431156594,1,0.7674242889457425,0.10837989896439647,2.541818293469782,0.9328796884931179,1,0,1.0
14,3,10,2,0.0,1,0.7674242889457425,0.10837989896439647,0.7,-0.35667494393873245,0,0,1.0
14,3,10,3,0.0,1,0.7674242889457425,0.10837989896439647,0.7,-0.35667494393873245,0,0,1.0
14,3,11,1,6.13939431156594,1,0.7674242889457425,0.10837989896439647,2.541818293469782,0.9328796884931179,1,0,1.0
14,3,11,2,0.0,1,0.7674242889457425,0.10837989896439647,0.7,-0.35667494393873245,0,0,1.0
14,3,11,3,0.0,1,0.7674242889457425,0.10837989896439647,0.7,-0.35667494393873245,0,0,1.0
14,3,12,1,6.13939431156594,1,0.7674242889457425,0.10837989896439647,2.541818293469782,0.9328796884931179,1,0,1.0
14,3,12,2,0.0,1,0.7674242889457425,0.10837989896439647,0.7,-0.35667494393873245,0,0,1.0
14,3,12,3,0.0,1,0.7674242889457425,0.10837989896439647,0.7,-0.35667494393873245,0,0,1.0
14,3,13,1,6.13939431156594,1,0.7674242889457425,0.10837989896439647,2.541818293469782,0.9328796884931179,1,0,1.0
14,3,13,2,0.0,1,0.7674242889457425,0.10837989896439647,0.7,-0.35667494393873245,0,0,1.0
14,3,13,3,0.0,1,0.7674242889457425,0.10837989896439647,0.7,-0.35667494393873245,0,0,1.0
14,3,14,1,6.13939431156594,1,0.7674242889457425,0.10837989896439647,2.541818293469782,0.9328796884931179,1,0,1.0
14,3,14,2,0.0,1,0.7674242889457425,0.10837989896439647,0.7,-0.35667494393873245,0,0,1.0
14,3,14,3,0.0,1,0.7674242889457425,0.10837989896439647,0.7,-0.35667494393873245,0,0,1.0
14,3,15,1,6.13939431156594,1,0.7674242889457425,0.10837989896439647,2.541818293469782,0.9328796884931179,1,0,1.0
14,3,15,2,0.0,1,0.7674242889457425,0.10837989896439647,0.7,-0.35667494393873245,0,0,1.0
14,3,15,3,0.0,1,0.7674242889457425,0.10837989896439647,0.7,-0.35667494393873245,0,0,1.0
14,3,16,1,6.13939431156594,1,0.7674242889457425,0.10837989896439647,2.541818293469782,0.9328796884931179,1,0,1.0
14,3,16,2,0.0,1,0.7674242889457425,0.10837989896439647,0.7,-0.35667494393873245,0,0,1.0
14,3,16,3,0.0,1,0.7674242889457425,0.10837989896439647,0.7,-0.35667494393873245,0,0,1.0
14,3,17,1,6.13939431156594,1,0.7674242889457425,0.10837989896439647,2.541818293469782,0.9328796884931179,1,0,1.0
14,3,17,2,0.0,1,0.7674242889457425,0.10837989896439647,0.7,-0.35667494393873245,0,0,1.0
14,3,17,3,0.0,1,0.7674242889457425,0.10837989896439647,0.7,-0.35667494393873245,0,0,1.0
14,3,18,1,6.13939431156594,1,0.7674242889457425,0.10837989896439647,2.541818293469782,0.9328796884931179,1,0,1.0
14,3,18,2,0.0,1,0.7674242889457425,0.10837989896439647,0.7,-0.35667494393873245,0,0,1.0
14,3,18,3,0.0,1,0.7674242889457425,0.10837989896439647,0.7,-0.35667494393873245,0,0,1.0
14,3,19,1,6.13939431156594,1,0.7674242889457425,0.10837989896439647,2.541818293469782,0.9328796884931179,1,0,1.0
14,3,19,2,0.0,1,0.7674242889457425,0.10837989896439647,0.7,-0.35667494393873245,0,0,1.0
14,3,19,3,0.0,1,0.7674242889457425,0.10837989896439647,0.7,-0.35667494393873245,0,0,1.0
14,3,20,1,6.13939431156594,1,0.7674242889457425,0.10837989896439647,2.541818293469782,0.9328796884931179,1,0,1.0
14,3,20,2,0.0,1,0.7674242889457425,0.10837989896439647,0.7,-0.35667494393873245,0,0,1.0
14,3,20,3,0.0,1,0.7674242889457425,0.10837989896439647,0.7,-0.35667494393873245,0,0,1.0
14,2,1,1,8.433519595857586,1,0.7674242889457425,0.10837989896439647,3.230055878757276,1.1724994370097765,0,1,1.0
14,2,1,2,0.0,1,0.7674242889457425,0.10837989896439647,0.7,-0.35667494393873245,1,1,1.0
14,2,1,3,0.0,1,0.7674242889457425,0.10837989896439647,0.7,-0.35667494393873245,0,1,1.0
14,2,2,1,4.433519595857586,1,0.7674242889457425,0.10837989896439647,2.030055878757276,0.708063319156266,0,0,1.0
14,2,2,2,0.0,1,0.7674242889457425,0.10837989896439647,0.7,-0.35667494393873245,1,0,1.0
14,2,2,3,0.0,1,0.7674242889457425,0.10837989896439647,0.7,-0.35667494393873245,0,0,1.0
14,2,3,1,4.433519595857586,1,0.7674242889457425,0.10837989896439647,2.030055878757276,0.708063319156266,0,0,1.0
14,2,3,2,0.0,1,0.7674242889457425,0.10837989896439647,0.7,-0.35667494393873245,1,0,1.0
14,2,3,3,0.0,1,0.7674242889457425,0.10837989896439647,0.7,-0.35667494393873245,0,0,1.0
14,2,4,1,4.433519595857586,0,0.7674242889457425,0.10837989896439647,2.030055878757276,0.708063319156266,0,0,0.0
14,2,4,2,8.0,1,0.7674242889457425,0.10837989896439647,3.0999999999999996,1.1314021114911004,1,0,1.0
14,2,4,3,0.0,1,0.7674242889457425,0.10837989896439647,0.7,-0.35667494393873245,0,0,1.0
14,2,5,1,0.0,0,0.7674242889457425,0.10837989896439647,0.7,-0.35667494393873245,0,0,0.0
14,2,5,2,4.0,1,0.7674242889457425,0.10837989896439647,1.9,0.6418538861723947,1,0,1.0
14,2,5,3,0.0,1,0.7674242889457425,0.10837989896439647,0.7,-0.35667494393873245,0,0,1.0
14,2,6,1,0.0,0,0.7674242889457425,0.10837989896439647,0.7,-0.35667494393873245,0,0,0.0
14,2,6,2,4.0,1,0.7674242889457425,0.10837989896439647,1.9,0.6418538861723947,1,0,1.0
14,2,6,3,0.0,1,0.7674242889457425,0.10837989896439647,0.7,-0.35667494393873245,0,0,1.0
14,2,7,1,0.0,0,0.7674242889457425,0.10837989896439647,0.7,-0.35667494393873245,0,0,0.0
14,2,7,2,4.0,1,0.7674242889457425,0.10837989896439647,1.9,0.6418538861723947,1,0,1.0
14,2,7,3,0.0,1,0.7674242889457425,0.10837989896439647,0.7,-0.35667494393873245,0,0,1.0
14,2,8,1,0.0,0,0.7674242889457425,0.10837989896439647,0.7,-0.35667494393873245,0,0,0.0
14,2,8,2,4.0,1,0.7674242889457425,0.10837989896439647,1.9,0.6418538861723947,1,0,1.0
14,2,8,3,0.0,1,0.7674242889457425,0.10837989896439647,0.7,-0.35667494393873245,0,0,1.0
14,2,9,1,0.0,0,0.7674242889457425,0.10837989896439647,0.7,-0.35667494393873245,0,0,0.0
14,2,9,2,4.0,1,0.7674242889457425,0.10837989896439647,1.9,0.6418538861723947,1,0,1.0
14,2,9,3,0.0,1,0.7674242889457425,0.10837989896439647,0.7,-0.35667494393873245,0,0,1.0
14,2,10,1,0.0,0,0.7674242889457425,0.10837989896439647,0.7,-0.35667494393873245,0,0,0.0
14,2,10,2,4.0,1,0.7674242889457425,0.10837989896439647,1.9,0.6418538861723947,1,0,1.0
14,2,10,3,0.0,1,0.7674242889457425,0.10837989896439647,0.7,-0.35667494393873245,0,0,1.0
14,2,11,1,0.0,0,0.7674242889457425,0.10837989896439647,0.7,-0.35667494393873245,0,0,0.0
14,2,11,2,4.0,1,0.7674242889457425,0.10837989896439647,1.9,0.6418538861723947,1,0,1.0
14,2,11,3,0.0,1,0.7674242889457425,0.10837989896439647,0.7,-0.35667494393873245,0,0,1.0
14,2,12,1,0.0,0,0.7674242889457425,0.10837989896439647,0.7,-0.35667494393873245,0,0,0.0
14,2,12,2,4.0,1,0.7674242889457425,0.10837989896439647,1.9,0.6418538861723947,1,0,1.0
14,2,12,3,0.0,1,0.7674242889457425,0.10837989896439647,0.7,-0.35667494393873245,0,0,1.0
14,2,13,1,0.0,0,0.7674242889457425,0.10837989896439647,0.7,-0.35667494393873245,0,0,0.0
14,2,13,2,4.0,1,0.7674242889457425,0.10837989896439647,1.9,0.6418538861723947,1,0,1.0
14,2,13,3,0.0,1,0.7674242889457425,0.10837989896439647,0.7,-0.35667494393873245,0,0,1.0
14,2,14,1,0.0,0,0.7674242889457425,0.10837989896439647,0.7,-0.35667494393873245,0,0,0.0
14,2,14,2,4.0,1,0.7674242889457425,0.10837989896439647,1.9,0.6418538861723947,1,0,1.0
14,2,14,3,0.0,1,0.7674242889457425,0.10837989896439647,0.7,-0.35667494393873245,0,0,1.0
14,2,15,1,0.0,0,0.7674242889457425,0.10837989896439647,0.7,-0.35667494393873245,0,0,0.0
14,2,15,2,4.0,1,0.7674242889457425,0.10837989896439647,1.9,0.6418538861723947,1,0,1.0
14,2,15,3,0.0,1,0.7674242889457425,0.10837989896439647,0.7,-0.35667494393873245,0,0,1.0
14,2,16,1,0.0,0,0.7674242889457425,0.10837989896439647,0.7,-0.35667494393873245,0,0,0.0
14,2,16,2,4.0,1,0.7674242889457425,0.10837989896439647,1.9,0.6418538861723947,1,0,1.0
14,2,16,3,0.0,1,0.7674242889457425,0.10837989896439647,0.7,-0.35667494393873245,0,0,1.0
14,2,17,1,0.0,0,0.7674242889457425,0.10837989896439647,0.7,-0.35667494393873245,0,0,0.0
14,2,17,2,4.0,1,0.7674242889457425,0.10837989896439647,1.9,0.6418538861723947,1,0,1.0
14,2,17,3,0.0,1,0.7674242889457425,0.10837989896439647,0.7,-0.35667494393873245,0,0,1.0
14,2,18,1,0.0,0,0.7674242889457425,0.10837989896439647,0.7,-0.35667494393873245,0,0,0.0
14,2,18,2,4.0,1,0.7674242889457425,0.10837989896439647,1.9,0.6418538861723947,1,0,1.0
14,2,18,3,0.0,1,0.7674242889457425,0.10837989896439647,0.7,-0.35667494393873245,0,0,1.0
14,2,19,1,0.0,0,0.7674242889457425,0.10837989896439647,0.7,-0.35667494393873245,0,0,0.0
14,2,19,2,4.0,1,0.7674242889457425,0.10837989896439647,1.9,0.6418538861723947,1,0,1.0
14,2,19,3,0.0,1,0.7674242889457425,0.10837989896439647,0.7,-0.35667494393873245,0,0,1.0
14,2,20,1,0.0,0,0.7674242889457425,0.10837989896439647,0.7,-0.35667494393873245,0,0,0.0
14,2,20,2,4.0,1,0.7674242889457425,0.10837989896439647,1.9,0.6418538861723947,1,0,1.0
14,2,20,3,0.0,1,0.7674242889457425,0.10837989896439647,0.7,-0.35667494393873245,0,0,1.0
14,1,1,1,8.433519595857586,1,0.7674242889457425,0.10837989896439647,3.230055878757276,1.1724994370097765,0,1,1.0
14,1,1,2,0.0,1,0.7674242889457425,0.10837989896439647,0.7,-0.35667494393873245,0,1,1.0
14,1,1,3,0.0,1,0.7674242889457425,0.10837989896439647,0.7,-0.35667494393873245,1,1,1.0
14,1,2,1,4.433519595857586,0,0.7674242889457425,0.10837989896439647,2.030055878757276,0.708063319156266,0,0,0.0
14,1,2,2,4.433519595857586,1,0.7674242889457425,0.10837989896439647,2.030055878757276,0.708063319156266,0,0,1.0
14,1,2,3,0.0,1,0.7674242889457425,0.10837989896439647,0.7,-0.35667494393873245,1,0,1.0
14,1,3,1,0.0,0,0.7674242889457425,0.10837989896439647,0.7,-0.35667494393873245,0,0,0.0
14,1,3,2,2.433519595857586,1,0.7674242889457425,0.10837989896439647,1.4300558787572757,0.35771351956240577,0,0,1.0
14,1,3,3,0.0,1,0.7674242889457425,0.10837989896439647,0.7,-0.35667494393873245,1,0,1.0
14,1,4,1,0.0,0,0.7674242889457425,0.10837989896439647,0.7,-0.35667494393873245,0,0,0.0
14,1,4,2,2.433519595857586,0,0.7674242889457425,0.10837989896439647,1.4300558787572757,0.35771351956240577,0,0,0.0
14,1,4,3,4.0,1,0.7674242889457425,0.10837989896439647,1.9,0.6418538861723947,1,0,1.0
14,1,5,1,0.0,0,0.7674242889457425,0.10837989896439647,0.7,-0.35667494393873245,0,0,0.0
14,1,5,2,0.0,0,0.7674242889457425,0.10837989896439647,0.7,-0.35667494393873245,0,0,0.0
14,1,5,3,2.0,1,0.7674242889457425,0.10837989896439647,1.2999999999999998,0.2623642644674909,1,0,1.0
14,1,6,1,0.0,0,0.7674242889457425,0.10837989896439647,0.7,-0.35667494393873245,0,0,0.0
14,1,6,2,0.0,0,0.7674242889457425,0.10837989896439647,0.7,-0.35667494393873245,0,0,0.0
14,1,6,3,2.0,1,0.7674242889457425,0.10837989896439647,1.2999999999999998,0.2623642644674909,1,0,1.0
14,1,7,1,0.0,0,0.7674242889457425,0.10837989896439647,0.7,-0.35667494393873245,0,0,0.0
14,1,7,2,0.0,0,0.7674242889457425,0.10837989896439647,0.7,-0.35667494393873245,0,0,0.0
14,1,7,3,2.0,1,0.7674242889457425,0.10837989896439647,1.2999999999999998,0.2623642644674909,1,0,1.0
14,1,8,1,0.0,0,0.7674242889457425,0.10837989896439647,0.7,-0.35667494393873245,0,0,0.0
14,1,8,2,0.0,0,0.7674242889457425,0.10837989896439647,0.7,-0.35667494393873245,0,0,0.0
14,1,8,3,2.0,1,0.7674242889457425,0.10837989896439647,1.2999999999999998,0.2623642644674909,1,0,1.0
14,1,9,1,0.0,0,0.7674242889457425,0.10837989896439647,0.7,-0.35667494393873245,0,0,0.0
14,1,9,2,0.0,0,0.7674242889457425,0.10837989896439647,0.7,-0.35667494393873245,0,0,0.0
14,1,9,3,2.0,1,0.7674242889457425,0.10837989896439647,1.2999999999999998,0.2623642644674909,1,0,1.0
14,1,10,1,0.0,0,0.7674242889457425,0.10837989896439647,0.7,-0.35667494393873245,0,0,0.0
14,1,10,2,0.0,0,0.7674242889457425,0.10837989896439647,0.7,-0.35667494393873245,0,0,0.0
14,1,10,3,2.0,1,0.7674242889457425,0.10837989896439647,1.2999999999999998,0.2623642644674909,1,0,1.0
14,1,11,1,0.0,0,0.7674242889457425,0.10837989896439647,0.7,-0.35667494393873245,0,0,0.0
14,1,11,2,0.0,0,0.7674242889457425,0.10837989896439647,0.7,-0.35667494393873245,0,0,0.0
14,1,11,3,2.0,1,0.7674242889457425,0.10837989896439647,1.2999999999999998,0.2623642644674909,1,0,1.0
14,1,12,1,0.0,0,0.7674242889457425,0.10837989896439647,0.7,-0.35667494393873245,0,0,0.0
14,1,12,2,0.0,0,0.7674242889457425,0.10837989896439647,0.7,-0.35667494393873245,0,0,0.0
14,1,12,3,2.0,1,0.7674242889457425,0.10837989896439647,1.2999999999999998,0.2623642644674909,1,0,1.0
14,1,13,1,0.0,0,0.7674242889457425,0.10837989896439647,0.7,-0.35667494393873245,0,0,0.0
14,1,13,2,0.0,0,0.7674242889457425,0.10837989896439647,0.7,-0.35667494393873245,0,0,0.0
14,1,13,3,2.0,1,0.7674242889457425,0.10837989896439647,1.2999999999999998,0.2623642644674909,1,0,1.0
14,1,14,1,0.0,0,0.7674242889457425,0.10837989896439647,0.7,-0.35667494393873245,0,0,0.0
14,1,14,2,0.0,0,0.7674242889457425,0.10837989896439647,0.7,-0.35667494393873245,0,0,0.0
14,1,14,3,2.0,1,0.7674242889457425,0.10837989896439647,1.2999999999999998,0.2623642644674909,1,0,1.0
14,1,15,1,0.0,0,0.7674242889457425,0.10837989896439647,0.7,-0.35667494393873245,0,0,0.0
14,1,15,2,0.0,0,0.7674242889457425,0.10837989896439647,0.7,-0.35667494393873245,0,0,0.0
14,1,15,3,2.0,1,0.7674242889457425,0.10837989896439647,1.2999999999999998,0.2623642644674909,1,0,1.0
14,1,16,1,0.0,0,0.7674242889457425,0.10837989896439647,0.7,-0.35667494393873245,0,0,0.0
14,1,16,2,0.0,0,0.7674242889457425,0.10837989896439647,0.7,-0.35667494393873245,0,0,0.0
14,1,16,3,2.0,1,0.7674242889457425,0.10837989896439647,1.2999999999999998,0.2623642644674909,1,0,1.0
14,1,17,1,0.0,0,0.7674242889457425,0.10837989896439647,0.7,-0.35667494393873245,0,0,0.0
14,1,17,2,0.0,0,0.7674242889457425,0.10837989896439647,0.7,-0.35667494393873245,0,0,0.0
14,1,17,3,2.0,1,0.7674242889457425,0.10837989896439647,1.2999999999999998,0.2623642644674909,1,0,1.0
14,1,18,1,0.0,0,0.7674242889457425,0.10837989896439647,0.7,-0.35667494393873245,0,0,0.0
14,1,18,2,0.0,0,0.7674242889457425,0.10837989896439647,0.7,-0.35667494393873245,0,0,0.0
14,1,18,3,2.0,1,0.7674242889457425,0.10837989896439647,1.2999999999999998,0.2623642644674909,1,0,1.0
14,1,19,1,0.0,0,0.7674242889457425,0.10837989896439647,0.7,-0.35667494393873245,0,0,0.0
14,1,19,2,0.0,0,0.7674242889457425,0.10837989896439647,0.7,-0.35667494393873245,0,0,0.0
14,1,19,3,2.0,1,0.7674242889457425,0.10837989896439647,1.2999999999999998,0.2623642644674909,1,0,1.0
14,1,20,1,0.0,0,0.7674242889457425,0.10837989896439647,0.7,-0.35667494393873245,0,0,0.0
14,1,20,2,0.0,0,0.7674242889457425,0.10837989896439647,0.7,-0.35667494393873245,0,0,0.0
14,1,20,3,2.0,1,0.7674242889457425,0.10837989896439647,1.2999999999999998,0.2623642644674909,1,0,1.0
15,3,1,1,13.68110504861763,0,0.8550690655386018,0.18078104062683753,4.8043315145852885,1.5695179098687009,1,1,0.0
15,3,1,2,8.0,1,0.8550690655386018,0.18078104062683753,3.0999999999999996,1.1314021114911004,0,1,1.0
15,3,1,3,0.0,1,0.8550690655386018,0.18078104062683753,0.7,-0.35667494393873245,0,1,1.0
15,3,2,1,8.0,1,0.8550690655386018,0.18078104062683753,3.0999999999999996,1.1314021114911004,1,0,1.0
15,3,2,2,0.0,1,0.8550690655386018,0.18078104062683753,0.7,-0.35667494393873245,0,0,1.0
15,3,2,3,0.0,1,0.8550690655386018,0.18078104062683753,0.7,-0.35667494393873245,0,0,1.0
15,3,3,1,6.840552524308815,1,0.8550690655386018,0.18078104062683753,2.7521657572926443,1.0123881498316107,1,0,1.0
15,3,3,2,0.0,1,0.8550690655386018,0.18078104062683753,0.7,-0.35667494393873245,0,0,1.0
15,3,3,3,0.0,1,0.8550690655386018,0.18078104062683753,0.7,-0.35667494393873245,0,0,1.0
15,3,4,1,6.840552524308815,1,0.8550690655386018,0.18078104062683753,2.7521657572926443,1.0123881498316107,1,0,1.0
15,3,4,2,0.0,1,0.8550690655386018,0.18078104062683753,0.7,-0.35667494393873245,0,0,1.0
15,3,4,3,0.0,1,0.8550690655386018,0.18078104062683753,0.7,-0.35667494393873245,0,0,1.0
15,3,5,1,6.840552524308815,1,0.8550690655386018,0.18078104062683753,2.7521657572926443,1.0123881498316107,1,0,1.0
15,3,5,2,0.0,1,0.8550690655386018,0.18078104062683753,0.7,-0.35667494393873245,0,0,1.0
15,3,5,3,0.0,1,0.8550690655386018,0.18078104062683753,0.7,-0.35667494393873245,0,0,1.0
15,3,6,1,6.840552524308815,1,0.8550690655386018,0.18078104062683753,2.7521657572926443,1.0123881498316107,1,0,1.0
15,3,6,2,0.0,1,0.8550690655386018,0.18078104062683753,0.7,-0.35667494393873245,0,0,1.0
15,3,6,3,0.0,1,0.8550690655386018,0.18078104062683753,0.7,-0.35667494393873245,0,0,1.0
15,3,7,1,6.840552524308815,1,0.8550690655386018,0.18078104062683753,2.7521657572926443,1.0123881498316107,1,0,1.0
15,3,7,2,0.0,1,0.8550690655386018,0.18078104062683753,0.7,-0.35667494393873245,0,0,1.0
15,3,7,3,0.0,1,0.8550690655386018,0.18078104062683753,0.7,-0.35667494393873245,0,0,1.0
15,3,8,1,6.840552524308815,1,0.8550690655386018,0.18078104062683753,2.7521657572926443,1.0123881498316107,1,0,1.0
15,3,8,2,0.0,1,0.8550690655386018,0.18078104062683753,0.7,-0.35667494393873245,0,0,1.0
15,3,8,3,0.0,1,0.8550690655386018,0.18078104062683753,0.7,-0.35667494393873245,0,0,1.0
15,3,9,1,6.840552524308815,1,0.8550690655386018,0.18078104062683753,2.7521657572926443,1.0123881498316107,1,0,1.0
15,3,9,2,0.0,1,0.8550690655386018,0.18078104062683753,0.7,-0.35667494393873245,0,0,1.0
15,3,9,3,0.0,1,0.8550690655386018,0.18078104062683753,0.7,-0.35667494393873245,0,0,1.0
15,3,10,1,6.840552524308815,1,0.8550690655386018,0.18078104062683753,2.7521657572926443,1.0123881498316107,1,0,1.0
15,3,10,2,0.0,1,0.8550690655386018,0.18078104062683753,0.7,-0.35667494393873245,0,0,1.0
15,3,10,3,0.0,1,0.8550690655386018,0.18078104062683753,0.7,-0.35667494393873245,0,0,1.0
15,3,11,1,6.840552524308815,1,0.8550690655386018,0.18078104062683753,2.7521657572926443,1.0123881498316107,1,0,1.0
15,3,11,2,0.0,1,0.8550690655386018,0.18078104062683753,0.7,-0.35667494393873245,0,0,1.0
15,3,11,3,0.0,1,0.8550690655386018,0.18078104062683753,0.7,-0.35667494393873245,0,0,1.0
15,3,12,1,6.840552524308815,1,0.8550690655386018,0.18078104062683753,2.7521657572926443,1.0123881498316107,1,0,1.0
15,3,12,2,0.0,1,0.8550690655386018,0.18078104062683753,0.7,-0.35667494393873245,0,0,1.0
15,3,12,3,0.0,1,0.8550690655386018,0.18078104062683753,0.7,-0.35667494393873245,0,0,1.0
15,3,13,1,6.840552524308815,1,0.8550690655386018,0.18078104062683753,2.7521657572926443,1.0123881498316107,1,0,1.0
15,3,13,2,0.0,1,0.8550690655386018,0.18078104062683753,0.7,-0.35667494393873245,0,0,1.0
15,3,13,3,0.0,1,0.8550690655386018,0.18078104062683753,0.7,-0.35667494393873245,0,0,1.0
15,3,14,1,6.840552524308815,1,0.8550690655386018,0.18078104062683753,2.7521657572926443,1.0123881498316107,1,0,1.0
15,3,14,2,0.0,1,0.8550690655386018,0.18078104062683753,0.7,-0.35667494393873245,0,0,1.0
15,3,14,3,0.0,1,0.8550690655386018,0.18078104062683753,0.7,-0.35667494393873245,0,0,1.0
15,3,15,1,6.840552524308815,1,0.8550690655386018,0.18078104062683753,2.7521657572926443,1.0123881498316107,1,0,1.0
15,3,15,2,0.0,1,0.8550690655386018,0.18078104062683753,0.7,-0.35667494393873245,0,0,1.0
15,3,15,3,0.0,1,0.8550690655386018,0.18078104062683753,0.7,-0.35667494393873245,0,0,1.0
15,3,16,1,6.840552524308815,1,0.8550690655386018,0.18078104062683753,2.7521657572926443,1.0123881498316107,1,0,1.0
15,3,16,2,0.0,1,0.8550690655386018,0.18078104062683753,0.7,-0.35667494393873245,0,0,1.0
15,3,16,3,0.0,1,0.8550690655386018,0.18078104062683753,0.7,-0.35667494393873245,0,0,1.0
15,3,17,1,6.840552524308815,1,0.8550690655386018,0.18078104062683753,2.7521657572926443,1.0123881498316107,1,0,1.0
15,3,17,2,0.0,1,0.8550690655386018,0.18078104062683753,0.7,-0.35667494393873245,0,0,1.0
15,3,17,3,0.0,1,0.8550690655386018,0.18078104062683753,0.7,-0.35667494393873245,0,0,1.0
15,3,18,1,6.840552524308815,1,0.8550690655386018,0.18078104062683753,2.7521657572926443,1.0123881498316107,1,0,1.0
15,3,18,2,0.0,1,0.8550690655386018,0.18078104062683753,0.7,-0.35667494393873245,0,0,1.0
15,3,18,3,0.0,1,0.8550690655386018,0.18078104062683753,0.7,-0.35667494393873245,0,0,1.0
15,3,19,1,6.840552524308815,1,0.8550690655386018,0.18078104062683753,2.7521657572926443,1.0123881498316107,1,0,1.0
15,3,19,2,0.0,1,0.8550690655386018,0.18078104062683753,0.7,-0.35667494393873245,0,0,1.0
15,3,19,3,0.0,1,0.8550690655386018,0.18078104062683753,0.7,-0.35667494393873245,0,0,1.0
15,3,20,1,6.840552524308815,1,0.8550690655386018,0.18078104062683753,2.7521657572926443,1.0123881498316107,1,0,1.0
15,3,20,2,0.0,1,0.8550690655386018,0.18078104062683753,0.7,-0.35667494393873245,0,0,1.0
15,3,20,3,0.0,1,0.8550690655386018,0.18078104062683753,0.7,-0.35667494393873245,0,0,1.0
15,2,1,1,8.72312416250735,1,0.8550690655386018,0.18078104062683753,3.316937248752205,1.1990418417130706,0,1,1.0
15,2,1,2,0.0,1,0.8550690655386018,0.18078104062683753,0.7,-0.35667494393873245,1,1,1.0
15,2,1,3,0.0,1,0.8550690655386018,0.18078104062683753,0.7,-0.35667494393873245,0,1,1.0
15,2,2,1,4.72312416250735,1,0.8550690655386018,0.18078104062683753,2.1169372487522047,0.7499703501225736,0,0,1.0
15,2,2,2,0.0,1,0.8550690655386018,0.18078104062683753,0.7,-0.35667494393873245,1,0,1.0
15,2,2,3,0.0,1,0.8550690655386018,0.18078104062683753,0.7,-0.35667494393873245,0,0,1.0
15,2,3,1,4.72312416250735,1,0.8550690655386018,0.18078104062683753,2.1169372487522047,0.7499703501225736,0,0,1.0
15,2,3,2,0.0,1,0.8550690655386018,0.18078104062683753,0.7,-0.35667494393873245,1,0,1.0
15,2,3,3,0.0,1,0.8550690655386018,0.18078104062683753,0.7,-0.35667494393873245,0,0,1.0
15,2,4,1,4.72312416250735,1,0.8550690655386018,0.18078104062683753,2.1169372487522047,0.7499703501225736,0,0,1.0
15,2,4,2,0.0,1,0.8550690655386018,0.18078104062683753,0.7,-0.35667494393873245,1,0,1.0
15,2,4,3,0.0,1,0.8550690655386018,0.18078104062683753,0.7,-0.35667494393873245,0,0,1.0
15,2,5,1,4.72312416250735,0,0.8550690655386018,0.18078104062683753,2.1169372487522047,0.7499703501225736,0,0,0.0
15,2,5,2,8.0,1,0.8550690655386018,0.18078104062683753,3.0999999999999996,1.1314021114911004,1,0,1.0
15,2,5,3,0.0,1,0.8550690655386018,0.18078104062683753,0.7,-0.35667494393873245,0,0,1.0
15,2,6,1,0.0,0,0.8550690655386018,0.18078104062683753,0.7,-0.35667494393873245,0,0,0.0
15,2,6,2,4.0,1,0.8550690655386018,0.18078104062683753,1.9,0.6418538861723947,1,0,1.0
15,2,6,3,0.0,1,0.8550690655386018,0.18078104062683753,0.7,-0.35667494393873245,0,0,1.0
15,2,7,1,0.0,0,0.8550690655386018,0.18078104062683753,0.7,-0.35667494393873245,0,0,0.0
15,2,7,2,4.0,1,0.8550690655386018,0.18078104062683753,1.9,0.6418538861723947,1,0,1.0
15,2,7,3,0.0,1,0.8550690655386018,0.18078104062683753,0.7,-0.35667494393873245,0,0,1.0
15,2,8,1,0.0,0,0.8550690655386018,0.18078104062683753,0.7,-0.35667494393873245,0,0,0.0
15,2,8,2,4.0,1,0.8550690655386018,0.18078104062683753,1.9,0.6418538861723947,1,0,1.0
15,2,8,3,0.0,1,0.8550690655386018,0.18078104062683753,0.7,-0.35667494393873245,0,0,1.0
15,2,9,1,0.0,0,0.8550690655386018,0.18078104062683753,0.7,-0.35667494393873245,0,0,0.0
15,2,9,2,4.0,1,0.8550690655386018,0.18078104062683753,1.9,0.6418538861723947,1,0,1.0
15,2,9,3,0.0,1,0.8550690655386018,0.18078104062683753,0.7,-0.35667494393873245,0,0,1.0
15,2,10,1,0.0,0,0.8550690655386018,0.18078104062683753,0.7,-0.35667494393873245,0,0,0.0
15,2,10,2,4.0,1,0.8550690655386018,0.18078104062683753,1.9,0.6418538861723947,1,0,1.0
15,2,10,3,0.0,1,0.8550690655386018,0.18078104062683753,0.7,-0.35667494393873245,0,0,1.0
15,2,11,1,0.0,0,0.8550690655386018,0.18078104062683753,0.7,-0.35667494393873245,0,0,0.0
15,2,11,2,4.0,1,0.8550690655386018,0.18078104062683753,1.9,0.6418538861723947,1,0,1.0
15,2,11,3,0.0,1,0.8550690655386018,0.18078104062683753,0.7,-0.35667494393873245,0,0,1.0
15,2,12,1,0.0,0,0.8550690655386018,0.18078104062683753,0.7,-0.35667494393873245,0,0,0.0
15,2,12,2,4.0,1,0.8550690655386018,0.18078104062683753,1.9,0.6418538861723947,1,0,1.0
15,2,12,3,0.0,1,0.8550690655386018,0.18078104062683753,0.7,-0.35667494393873245,0,0,1.0
15,2,13,1,0.0,0,0.8550690655386018,0.18078104062683753,0.7,-0.35667494393873245,0,0,0.0
15,2,13,2,4.0,1,0.8550690655386018,0.18078104062683753,1.9,0.6418538861723947,1,0,1.0
15,2,13,3,0.0,1,0.8550690655386018,0.18078104062683753,0.7,-0.35667494393873245,0,0,1.0
15,2,14,1,0.0,0,0.8550690655386018,0.18078104062683753,0.7,-0.35667494393873245,0,0,0.0
15,2,14,2,4.0,1,0.8550690655386018,0.18078104062683753,1.9,0.6418538861723947,1,0,1.0
15,2,14,3,0.0,1,0.8550690655386018,0.18078104062683753,0.7,-0.35667494393873245,0,0,1.0
15,2,15,1,0.0,0,0.8550690655386018,0.18078104062683753,0.7,-0.35667494393873245,0,0,0.0
15,2,15,2,4.0,1,0.8550690655386018,0.18078104062683753,1.9,0.6418538861723947,1,0,1.0
15,2,15,3,0.0,1,0.8550690655386018,0.18078104062683753,0.7,-0.35667494393873245,0,0,1.0
15,2,16,1,0.0,0,0.8550690655386018,0.18078104062683753,0.7,-0.35667494393873245,0,0,0.0
15,2,16,2,4.0,1,0.8550690655386018,0.18078104062683753,1.9,0.6418538861723947,1,0,1.0
15,2,16,3,0.0,1,0.8550690655386018,0.18078104062683753,0.7,-0.35667494393873245,0,0,1.0
15,2,17,1,0.0,0,0.8550690655386018,0.18078104062683753,0.7,-0.35667494393873245,0,0,0.0
15,2,17,2,4.0,1,0.8550690655386018,0.18078104062683753,1.9,0.6418538861723947,1,0,1.0
15,2,17,3,0.0,1,0.8550690655386018,0.18078104062683753,0.7,-0.35667494393873245,0,0,1.0
15,2,18,1,0.0,0,0.8550690655386018,0.18078104062683753,0.7,-0.35667494393873245,0,0,0.0
15,2,18,2,4.0,1,0.8550690655386018,0.18078104062683753,1.9,0.6418538861723947,1,0,1.0
15,2,18,3,0.0,1,0.8550690655386018,0.18078104062683753,0.7,-0.35667494393873245,0,0,1.0
15,2,19,1,0.0,0,0.8550690655386018,0.18078104062683753,0.7,-0.35667494393873245,0,0,0.0
15,2,19,2,4.0,1,0.8550690655386018,0.18078104062683753,1.9,0.6418538861723947,1,0,1.0
15,2,19,3,0.0,1,0.8550690655386018,0.18078104062683753,0.7,-0.35667494393873245,0,0,1.0
15,2,20,1,0.0,0,0.8550690655386018,0.18078104062683753,0.7,-0.35667494393873245,0,0,0.0
15,2,20,2,4.0,1,0.8550690655386018,0.18078104062683753,1.9,0.6418538861723947,1,0,1.0
15,2,20,3,0.0,1,0.8550690655386018,0.18078104062683753,0.7,-0.35667494393873245,0,0,1.0
15,1,1,1,8.72312416250735,1,0.8550690655386018,0.18078104062683753,3.316937248752205,1.1990418417130706,0,1,1.0
15,1,1,2,0.0,1,0.8550690655386018,0.18078104062683753,0.7,-0.35667494393873245,0,1,1.0
15,1,1,3,0.0,1,0.8550690655386018,0.18078104062683753,0.7,-0.35667494393873245,1,1,1.0
15,1,2,1,4.72312416250735,1,0.8550690655386018,0.18078104062683753,2.1169372487522047,0.7499703501225736,0,0,1.0
15,1,2,2,0.0,1,0.8550690655386018,0.18078104062683753,0.7,-0.35667494393873245,0,0,1.0
15,1,2,3,0.0,1,0.8550690655386018,0.18078104062683753,0.7,-0.35667494393873245,1,0,1.0
15,1,3,1,4.72312416250735,0,0.8550690655386018,0.18078104062683753,2.1169372487522047,0.7499703501225736,0,0,0.0
15,1,3,2,4.72312416250735,0,0.8550690655386018,0.18078104062683753,2.1169372487522047,0.7499703501225736,0,0,0.0
15,1,3,3,4.0,1,0.8550690655386018,0.18078104062683753,1.9,0.6418538861723947,1,0,1.0
15,1,4,1,0.0,0,0.8550690655386018,0.18078104062683753,0.7,-0.35667494393873245,0,0,0.0
15,1,4,2,0.0,0,0.8550690655386018,0.18078104062683753,0.7,-0.35667494393873245,0,0,0.0
15,1,4,3,2.0,1,0.8550690655386018,0.18078104062683753,1.2999999999999998,0.2623642644674909,1,0,1.0
15,1,5,1,0.0,0,0.8550690655386018,0.18078104062683753,0.7,-0.35667494393873245,0,0,0.0
15,1,5,2,0.0,0,0.8550690655386018,0.18078104062683753,0.7,-0.35667494393873245,0,0,0.0
15,1,5,3,2.0,1,0.8550690655386018,0.18078104062683753,1.2999999999999998,0.2623642644674909,1,0,1.0
15,1,6,1,0.0,0,0.8550690655386018,0.18078104062683753,0.7,-0.35667494393873245,0,0,0.0
15,1,6,2,0.0,0,0.8550690655386018,0.18078104062683753,0.7,-0.35667494393873245,0,0,0.0
15,1,6,3,2.0,1,0.8550690655386018,0.18078104062683753,1.2999999999999998,0.2623642644674909,1,0,1.0
15,1,7,1,0.0,0,0.8550690655386018,0.18078104062683753,0.7,-0.35667494393873245,0,0,0.0
15,1,7,2,0.0,0,0.8550690655386018,0.18078104062683753,0.7,-0.35667494393873245,0,0,0.0
15,1,7,3,2.0,1,0.8550690655386018,0.18078104062683753,1.2999999999999998,0.2623642644674909,1,0,1.0
15,1,8,1,0.0,0,0.8550690655386018,0.18078104062683753,0.7,-0.35667494393873245,0,0,0.0
15,1,8,2,0.0,0,0.8550690655386018,0.18078104062683753,0.7,-0.35667494393873245,0,0,0.0
15,1,8,3,2.0,1,0.8550690655386018,0.18078104062683753,1.2999999999999998,0.2623642644674909,1,0,1.0
15,1,9,1,0.0,0,0.8550690655386018,0.18078104062683753,0.7,-0.35667494393873245,0,0,0.0
15,1,9,2,0.0,0,0.8550690655386018,0.18078104062683753,0.7,-0.35667494393873245,0,0,0.0
15,1,9,3,2.0,1,0.8550690655386018,0.18078104062683753,1.2999999999999998,0.2623642644674909,1,0,1.0
15,1,10,1,0.0,0,0.8550690655386018,0.18078104062683753,0.7,-0.35667494393873245,0,0,0.0
15,1,10,2,0.0,0,0.8550690655386018,0.18078104062683753,0.7,-0.35667494393873245,0,0,0.0
15,1,10,3,2.0,1,0.8550690655386018,0.18078104062683753,1.2999999999999998,0.2623642644674909,1,0,1.0
15,1,11,1,0.0,0,0.8550690655386018,0.18078104062683753,0.7,-0.35667494393873245,0,0,0.0
15,1,11,2,0.0,0,0.8550690655386018,0.18078104062683753,0.7,-0.35667494393873245,0,0,0.0
15,1,11,3,2.0,1,0.8550690655386018,0.18078104062683753,1.2999999999999998,0.2623642644674909,1,0,1.0
15,1,12,1,0.0,0,0.8550690655386018,0.18078104062683753,0.7,-0.35667494393873245,0,0,0.0
15,1,12,2,0.0,0,0.8550690655386018,0.18078104062683753,0.7,-0.35667494393873245,0,0,0.0
15,1,12,3,2.0,1,0.8550690655386018,0.18078104062683753,1.2999999999999998,0.2623642644674909,1,0,1.0
15,1,13,1,0.0,0,0.8550690655386018,0.18078104062683753,0.7,-0.35667494393873245,0,0,0.0
15,1,13,2,0.0,0,0.8550690655386018,0.18078104062683753,0.7,-0.35667494393873245,0,0,0.0
15,1,13,3,2.0,1,0.8550690655386018,0.18078104062683753,1.2999999999999998,0.2623642644674909,1,0,1.0
15,1,14,1,0.0,0,0.8550690655386018,0.18078104062683753,0.7,-0.35667494393873245,0,0,0.0
15,1,14,2,0.0,0,0.8550690655386018,0.18078104062683753,0.7,-0.35667494393873245,0,0,0.0
15,1,14,3,2.0,1,0.8550690655386018,0.18078104062683753,1.2999999999999998,0.2623642644674909,1,0,1.0
15,1,15,1,0.0,0,0.8550690655386018,0.18078104062683753,0.7,-0.35667494393873245,0,0,0.0
15,1,15,2,0.0,0,0.8550690655386018,0.18078104062683753,0.7,-0.35667494393873245,0,0,0.0
15,1,15,3,2.0,1,0.8550690655386018,0.18078104062683753,1.2999999999999998,0.2623642644674909,1,0,1.0
15,1,16,1,0.0,0,0.8550690655386018,0.18078104062683753,0.7,-0.35667494393873245,0,0,0.0
15,1,16,2,0.0,0,0.8550690655386018,0.18078104062683753,0.7,-0.35667494393873245,0,0,0.0
15,1,16,3,2.0,1,0.8550690655386018,0.18078104062683753,1.2999999999999998,0.2623642644674909,1,0,1.0
15,1,17,1,0.0,0,0.8550690655386018,0.18078104062683753,0.7,-0.35667494393873245,0,0,0.0
15,1,17,2,0.0,0,0.8550690655386018,0.18078104062683753,0.7,-0.35667494393873245,0,0,0.0
15,1,17,3,2.0,1,0.8550690655386018,0.18078104062683753,1.2999999999999998,0.2623642644674909,1,0,1.0
15,1,18,1,0.0,0,0.8550690655386018,0.18078104062683753,0.7,-0.35667494393873245,0,0,0.0
15,1,18,2,0.0,0,0.8550690655386018,0.18078104062683753,0.7,-0.35667494393873245,0,0,0.0
15,1,18,3,2.0,1,0.8550690655386018,0.18078104062683753,1.2999999999999998,0.2623642644674909,1,0,1.0
15,1,19,1,0.0,0,0.8550690655386018,0.18078104062683753,0.7,-0.35667494393873245,0,0,0.0
15,1,19,2,0.0,0,0.8550690655386018,0.18078104062683753,0.7,-0.35667494393873245,0,0,0.0
15,1,19,3,2.0,1,0.8550690655386018,0.18078104062683753,1.2999999999999998,0.2623642644674909,1,0,1.0
15,1,20,1,0.0,0,0.8550690655386018,0.18078104062683753,0.7,-0.35667494393873245,0,0,0.0
15,1,20,2,0.0,0,0.8550690655386018,0.18078104062683753,0.7,-0.35667494393873245,0,0,0.0
15,1,20,3,2.0,1,0.8550690655386018,0.18078104062683753,1.2999999999999998,0.2623642644674909,1,0,1.0
16,3,1,1,14.633249234893896,1,0.9145780771808685,0.15004774142176758,5.089974770468169,1.627272873864129,1,1,1.0
16,3,1,2,0.0,1,0.9145780771808685,0.15004774142176758,0.7,-0.35667494393873245,0,1,1.0
16,3,1,3,0.0,1,0.9145780771808685,0.15004774142176758,0.7,-0.35667494393873245,0,1,1.0
16,3,2,1,7.316624617446948,1,0.9145780771808685,0.15004774142176758,2.894987385234084,1.0629807535833697,1,0,1.0
16,3,2,2,0.0,1,0.9145780771808685,0.15004774142176758,0.7,-0.35667494393873245,0,0,1.0
16,3,2,3,0.0,1,0.9145780771808685,0.15004774142176758,0.7,-0.35667494393873245,0,0,1.0
16,3,3,1,7.316624617446948,1,0.9145780771808685,0.15004774142176758,2.894987385234084,1.0629807535833697,1,0,1.0
16,3,3,2,0.0,1,0.9145780771808685,0.15004774142176758,0.7,-0.35667494393873245,0,0,1.0
16,3,3,3,0.0,1,0.9145780771808685,0.15004774142176758,0.7,-0.35667494393873245,0,0,1.0
16,3,4,1,7.316624617446948,1,0.9145780771808685,0.15004774142176758,2.894987385234084,1.0629807535833697,1,0,1.0
16,3,4,2,0.0,1,0.9145780771808685,0.15004774142176758,0.7,-0.35667494393873245,0,0,1.0
16,3,4,3,0.0,1,0.9145780771808685,0.15004774142176758,0.7,-0.35667494393873245,0,0,1.0
16,3,5,1,7.316624617446948,1,0.9145780771808685,0.15004774142176758,2.894987385234084,1.0629807535833697,1,0,1.0
16,3,5,2,0.0,1,0.9145780771808685,0.15004774142176758,0.7,-0.35667494393873245,0,0,1.0
16,3,5,3,0.0,1,0.9145780771808685,0.15004774142176758,0.7,-0.35667494393873245,0,0,1.0
16,3,6,1,7.316624617446948,1,0.9145780771808685,0.15004774142176758,2.894987385234084,1.0629807535833697,1,0,1.0
16,3,6,2,0.0,1,0.9145780771808685,0.15004774142176758,0.7,-0.35667494393873245,0,0,1.0
16,3,6,3,0.0,1,0.9145780771808685,0.15004774142176758,0.7,-0.35667494393873245,0,0,1.0
16,3,7,1,7.316624617446948,1,0.9145780771808685,0.15004774142176758,2.894987385234084,1.0629807535833697,1,0,1.0
16,3,7,2,0.0,1,0.9145780771808685,0.15004774142176758,0.7,-0.35667494393873245,0,0,1.0
16,3,7,3,0.0,1,0.9145780771808685,0.15004774142176758,0.7,-0.35667494393873245,0,0,1.0
16,3,8,1,7.316624617446948,1,0.9145780771808685,0.15004774142176758,2.894987385234084,1.0629807535833697,1,0,1.0
16,3,8,2,0.0,1,0.9145780771808685,0.15004774142176758,0.7,-0.35667494393873245,0,0,1.0
16,3,8,3,0.0,1,0.9145780771808685,0.15004774142176758,0.7,-0.35667494393873245,0,0,1.0
16,3,9,1,7.316624617446948,1,0.9145780771808685,0.15004774142176758,2.894987385234084,1.0629807535833697,1,0,1.0
16,3,9,2,0.0,1,0.9145780771808685,0.15004774142176758,0.7,-0.35667494393873245,0,0,1.0
16,3,9,3,0.0,1,0.9145780771808685,0.15004774142176758,0.7,-0.35667494393873245,0,0,1.0
16,3,10,1,7.316624617446948,1,0.9145780771808685,0.15004774142176758,2.894987385234084,1.0629807535833697,1,0,1.0
16,3,10,2,0.0,1,0.9145780771808685,0.15004774142176758,0.7,-0.35667494393873245,0,0,1.0
16,3,10,3,0.0,1,0.9145780771808685,0.15004774142176758,0.7,-0.35667494393873245,0,0,1.0
16,3,11,1,7.316624617446948,1,0.9145780771808685,0.15004774142176758,2.894987385234084,1.0629807535833697,1,0,1.0
16,3,11,2,0.0,1,0.9145780771808685,0.15004774142176758,0.7,-0.35667494393873245,0,0,1.0
16,3,11,3,0.0,1,0.9145780771808685,0.15004774142176758,0.7,-0.35667494393873245,0,0,1.0
16,3,12,1,7.316624617446948,1,0.9145780771808685,0.15004774142176758,2.894987385234084,1.0629807535833697,1,0,1.0
16,3,12,2,0.0,1,0.9145780771808685,0.15004774142176758,0.7,-0.35667494393873245,0,0,1.0
16,3,12,3,0.0,1,0.9145780771808685,0.15004774142176758,0.7,-0.35667494393873245,0,0,1.0
16,3,13,1,7.316624617446948,1,0.9145780771808685,0.15004774142176758,2.894987385234084,1.0629807535833697,1,0,1.0
16,3,13,2,0.0,1,0.9145780771808685,0.15004774142176758,0.7,-0.35667494393873245,0,0,1.0
16,3,13,3,0.0,1,0.9145780771808685,0.15004774142176758,0.7,-0.35667494393873245,0,0,1.0
16,3,14,1,7.316624617446948,1,0.9145780771808685,0.15004774142176758,2.894987385234084,1.0629807535833697,1,0,1.0
16,3,14,2,0.0,1,0.9145780771808685,0.15004774142176758,0.7,-0.35667494393873245,0,0,1.0
16,3,14,3,0.0,1,0.9145780771808685,0.15004774142176758,0.7,-0.35667494393873245,0,0,1.0
16,3,15,1,7.316624617446948,1,0.9145780771808685,0.15004774142176758,2.894987385234084,1.0629807535833697,1,0,1.0
16,3,15,2,0.0,1,0.9145780771808685,0.15004774142176758,0.7,-0.35667494393873245,0,0,1.0
16,3,15,3,0.0,1,0.9145780771808685,0.15004774142176758,0.7,-0.35667494393873245,0,0,1.0
16,3,16,1,7.316624617446948,1,0.9145780771808685,0.15004774142176758,2.894987385234084,1.0629807535833697,1,0,1.0
16,3,16,2,0.0,1,0.9145780771808685,0.15004774142176758,0.7,-0.35667494393873245,0,0,1.0
16,3,16,3,0.0,1,0.9145780771808685,0.15004774142176758,0.7,-0.35667494393873245,0,0,1.0
16,3,17,1,7.316624617446948,1,0.9145780771808685,0.15004774142176758,2.894987385234084,1.0629807535833697,1,0,1.0
16,3,17,2,0.0,1,0.9145780771808685,0.15004774142176758,0.7,-0.35667494393873245,0,0,1.0
16,3,17,3,0.0,1,0.9145780771808685,0.15004774142176758,0.7,-0.35667494393873245,0,0,1.0
16,3,18,1,7.316624617446948,1,0.9145780771808685,0.15004774142176758,2.894987385234084,1.0629807535833697,1,0,1.0
16,3,18,2,0.0,1,0.9145780771808685,0.15004774142176758,0.7,-0.35667494393873245,0,0,1.0
16,3,18,3,0.0,1,0.9145780771808685,0.15004774142176758,0.7,-0.35667494393873245,0,0,1.0
16,3,19,1,7.316624617446948,1,0.9145780771808685,0.15004774142176758,2.894987385234084,1.0629807535833697,1,0,1.0
16,3,19,2,0.0,1,0.9145780771808685,0.15004774142176758,0.7,-0.35667494393873245,0,0,1.0
16,3,19,3,0.0,1,0.9145780771808685,0.15004774142176758,0.7,-0.35667494393873245,0,0,1.0
16,3,20,1,7.316624617446948,1,0.9145780771808685,0.15004774142176758,2.894987385234084,1.0629807535833697,1,0,1.0
16,3,20,2,0.0,1,0.9145780771808685,0.15004774142176758,0.7,-0.35667494393873245,0,0,1.0
16,3,20,3,0.0,1,0.9145780771808685,0.15004774142176758,0.7,-0.35667494393873245,0,0,1.0
16,2,1,1,8.60019096568707,1,0.9145780771808685,0.15004774142176758,3.2800572897061206,1.1878608886173343,0,1,1.0
16,2,1,2,0.0,1,0.9145780771808685,0.15004774142176758,0.7,-0.35667494393873245,1,1,1.0
16,2,1,3,0.0,1,0.9145780771808685,0.15004774142176758,0.7,-0.35667494393873245,0,1,1.0
16,2,2,1,4.60019096568707,1,0.9145780771808685,0.15004774142176758,2.080057289706121,0.7323954364618643,0,0,1.0
16,2,2,2,0.0,1,0.9145780771808685,0.15004774142176758,0.7,-0.35667494393873245,1,0,1.0
16,2,2,3,0.0,1,0.9145780771808685,0.15004774142176758,0.7,-0.35667494393873245,0,0,1.0
16,2,3,1,4.60019096568707,0,0.9145780771808685,0.15004774142176758,2.080057289706121,0.7323954364618643,0,0,0.0
16,2,3,2,8.0,1,0.9145780771808685,0.15004774142176758,3.0999999999999996,1.1314021114911004,1,0,1.0
16,2,3,3,0.0,1,0.9145780771808685,0.15004774142176758,0.7,-0.35667494393873245,0,0,1.0
16,2,4,1,0.0,0,0.9145780771808685,0.15004774142176758,0.7,-0.35667494393873245,0,0,0.0
16,2,4,2,4.0,1,0.9145780771808685,0.15004774142176758,1.9,0.6418538861723947,1,0,1.0
16,2,4,3,0.0,1,0.9145780771808685,0.15004774142176758,0.7,-0.35667494393873245,0,0,1.0
16,2,5,1,0.0,0,0.9145780771808685,0.15004774142176758,0.7,-0.35667494393873245,0,0,0.0
16,2,5,2,4.0,1,0.9145780771808685,0.15004774142176758,1.9,0.6418538861723947,1,0,1.0
16,2,5,3,0.0,1,0.9145780771808685,0.15004774142176758,0.7,-0.35667494393873245,0,0,1.0
16,2,6,1,0.0,0,0.9145780771808685,0.15004774142176758,0.7,-0.35667494393873245,0,0,0.0
16,2,6,2,4.0,1,0.9145780771808685,0.15004774142176758,1.9,0.6418538861723947,1,0,1.0
16,2,6,3,0.0,1,0.9145780771808685,0.15004774142176758,0.7,-0.35667494393873245,0,0,1.0
16,2,7,1,0.0,0,0.9145780771808685,0.15004774142176758,0.7,-0.35667494393873245,0,0,0.0
16,2,7,2,4.0,1,0.9145780771808685,0.15004774142176758,1.9,0.6418538861723947,1,0,1.0
16,2,7,3,0.0,1,0.9145780771808685,0.15004774142176758,0.7,-0.35667494393873245,0,0,1.0
16,2,8,1,0.0,0,0.9145780771808685,0.15004774142176758,0.7,-0.35667494393873245,0,0,0.0
16,2,8,2,4.0,1,0.9145780771808685,0.15004774142176758,1.9,0.6418538861723947,1,0,1.0
16,2,8,3,0.0,1,0.9145780771808685,0.15004774142176758,0.7,-0.35667494393873245,0,0,1.0
16,2,9,1,0.0,0,0.9145780771808685,0.15004774142176758,0.7,-0.35667494393873245,0,0,0.0
16,2,9,2,4.0,1,0.9145780771808685,0.15004774142176758,1.9,0.6418538861723947,1,0,1.0
16,2,9,3,0.0,1,0.9145780771808685,0.15004774142176758,0.7,-0.35667494393873245,0,0,1.0
16,2,10,1,0.0,0,0.9145780771808685,0.15004774142176758,0.7,-0.35667494393873245,0,0,0.0
16,2,10,2,4.0,1,0.9145780771808685,0.15004774142176758,1.9,0.6418538861723947,1,0,1.0
16,2,10,3,0.0,1,0.9145780771808685,0.15004774142176758,0.7,-0.35667494393873245,0,0,1.0
16,2,11,1,0.0,0,0.9145780771808685,0.15004774142176758,0.7,-0.35667494393873245,0,0,0.0
16,2,11,2,4.0,1,0.9145780771808685,0.15004774142176758,1.9,0.6418538861723947,1,0,1.0
16,2,11,3,0.0,1,0.9145780771808685,0.15004774142176758,0.7,-0.35667494393873245,0,0,1.0
16,2,12,1,0.0,0,0.9145780771808685,0.15004774142176758,0.7,-0.35667494393873245,0,0,0.0
16,2,12,2,4.0,1,0.9145780771808685,0.15004774142176758,1.9,0.6418538861723947,1,0,1.0
16,2,12,3,0.0,1,0.9145780771808685,0.15004774142176758,0.7,-0.35667494393873245,0,0,1.0
16,2,13,1,0.0,0,0.9145780771808685,0.15004774142176758,0.7,-0.35667494393873245,0,0,0.0
16,2,13,2,4.0,1,0.9145780771808685,0.15004774142176758,1.9,0.6418538861723947,1,0,1.0
16,2,13,3,0.0,1,0.9145780771808685,0.15004774142176758,0.7,-0.35667494393873245,0,0,1.0
16,2,14,1,0.0,0,0.9145780771808685,0.15004774142176758,0.7,-0.35667494393873245,0,0,0.0
16,2,14,2,4.0,1,0.9145780771808685,0.15004774142176758,1.9,0.6418538861723947,1,0,1.0
16,2,14,3,0.0,1,0.9145780771808685,0.15004774142176758,0.7,-0.35667494393873245,0,0,1.0
16,2,15,1,0.0,0,0.9145780771808685,0.15004774142176758,0.7,-0.35667494393873245,0,0,0.0
16,2,15,2,4.0,1,0.9145780771808685,0.15004774142176758,1.9,0.6418538861723947,1,0,1.0
16,2,15,3,0.0,1,0.9145780771808685,0.15004774142176758,0.7,-0.35667494393873245,0,0,1.0
16,2,16,1,0.0,0,0.9145780771808685,0.15004774142176758,0.7,-0.35667494393873245,0,0,0.0
16,2,16,2,4.0,1,0.9145780771808685,0.15004774142176758,1.9,0.6418538861723947,1,0,1.0
16,2,16,3,0.0,1,0.9145780771808685,0.15004774142176758,0.7,-0.35667494393873245,0,0,1.0
16,2,17,1,0.0,0,0.9145780771808685,0.15004774142176758,0.7,-0.35667494393873245,0,0,0.0
16,2,17,2,4.0,1,0.9145780771808685,0.15004774142176758,1.9,0.6418538861723947,1,0,1.0
16,2,17,3,0.0,1,0.9145780771808685,0.15004774142176758,0.7,-0.35667494393873245,0,0,1.0
16,2,18,1,0.0,0,0.9145780771808685,0.15004774142176758,0.7,-0.35667494393873245,0,0,0.0
16,2,18,2,4.0,1,0.9145780771808685,0.15004774142176758,1.9,0.6418538861723947,1,0,1.0
16,2,18,3,0.0,1,0.9145780771808685,0.15004774142176758,0.7,-0.35667494393873245,0,0,1.0
16,2,19,1,0.0,0,0.9145780771808685,0.15004774142176758,0.7,-0.35667494393873245,0,0,0.0
16,2,19,2,4.0,1,0.9145780771808685,0.15004774142176758,1.9,0.6418538861723947,1,0,1.0
16,2,19,3,0.0,1,0.9145780771808685,0.15004774142176758,0.7,-0.35667494393873245,0,0,1.0
16,2,20,1,0.0,0,0.9145780771808685,0.15004774142176758,0.7,-0.35667494393873245,0,0,0.0
16,2,20,2,4.0,1,0.9145780771808685,0.15004774142176758,1.9,0.6418538861723947,1,0,1.0
16,2,20,3,0.0,1,0.9145780771808685,0.15004774142176758,0.7,-0.35667494393873245,0,0,1.0
16,1,1,1,8.60019096568707,1,0.9145780771808685,0.15004774142176758,3.2800572897061206,1.1878608886173343,0,1,1.0
16,1,1,2,0.0,1,0.9145780771808685,0.15004774142176758,0.7,-0.35667494393873245,0,1,1.0
16,1,1,3,0.0,1,0.9145780771808685,0.15004774142176758,0.7,-0.35667494393873245,1,1,1.0
16,1,2,1,4.60019096568707,1,0.9145780771808685,0.15004774142176758,2.080057289706121,0.7323954364618643,0,0,1.0
16,1,2,2,0.0,1,0.9145780771808685,0.15004774142176758,0.7,-0.35667494393873245,0,0,1.0
16,1,2,3,0.0,1,0.9145780771808685,0.15004774142176758,0.7,-0.35667494393873245,1,0,1.0
16,1,3,1,4.60019096568707,0,0.9145780771808685,0.15004774142176758,2.080057289706121,0.7323954364618643,0,0,0.0
16,1,3,2,4.60019096568707,1,0.9145780771808685,0.15004774142176758,2.080057289706121,0.7323954364618643,0,0,1.0
16,1,3,3,0.0,1,0.9145780771808685,0.15004774142176758,0.7,-0.35667494393873245,1,0,1.0
16,1,4,1,0.0,0,0.9145780771808685,0.15004774142176758,0.7,-0.35667494393873245,0,0,0.0
16,1,4,2,2.6001909656870703,0,0.9145780771808685,0.15004774142176758,1.480057289706121,0.3920807962877322,0,0,0.0
16,1,4,3,4.0,1,0.9145780771808685,0.15004774142176758,1.9,0.6418538861723947,1,0,1.0
16,1,5,1,0.0,0,0.9145780771808685,0.15004774142176758,0.7,-0.35667494393873245,0,0,0.0
16,1,5,2,0.0,0,0.9145780771808685,0.15004774142176758,0.7,-0.35667494393873245,0,0,0.0
16,1,5,3,2.0,1,0.9145780771808685,0.15004774142176758,1.2999999999999998,0.2623642644674909,1,0,1.0
16,1,6,1,0.0,0,0.9145780771808685,0.15004774142176758,0.7,-0.35667494393873245,0,0,0.0
16,1,6,2,0.0,0,0.9145780771808685,0.15004774142176758,0.7,-0.35667494393873245,0,0,0.0
16,1,6,3,2.0,1,0.9145780771808685,0.15004774142176758,1.2999999999999998,0.2623642644674909,1,0,1.0
16,1,7,1,0.0,0,0.9145780771808685,0.15004774142176758,0.7,-0.35667494393873245,0,0,0.0
16,1,7,2,0.0,0,0.9145780771808685,0.15004774142176758,0.7,-0.35667494393873245,0,0,0.0
16,1,7,3,2.0,1,0.9145780771808685,0.15004774142176758,1.2999999999999998,0.2623642644674909,1,0,1.0
16,1,8,1,0.0,0,0.9145780771808685,0.15004774142176758,0.7,-0.35667494393873245,0,0,0.0
16,1,8,2,0.0,0,0.9145780771808685,0.15004774142176758,0.7,-0.35667494393873245,0,0,0.0
16,1,8,3,2.0,1,0.9145780771808685,0.15004774142176758,1.2999999999999998,0.2623642644674909,1,0,1.0
16,1,9,1,0.0,0,0.9145780771808685,0.15004774142176758,0.7,-0.35667494393873245,0,0,0.0
16,1,9,2,0.0,0,0.9145780771808685,0.15004774142176758,0.7,-0.35667494393873245,0,0,0.0
16,1,9,3,2.0,1,0.9145780771808685,0.15004774142176758,1.2999999999999998,0.2623642644674909,1,0,1.0
16,1,10,1,0.0,0,0.9145780771808685,0.15004774142176758,0.7,-0.35667494393873245,0,0,0.0
16,1,10,2,0.0,0,0.9145780771808685,0.15004774142176758,0.7,-0.35667494393873245,0,0,0.0
16,1,10,3,2.0,1,0.9145780771808685,0.15004774142176758,1.2999999999999998,0.2623642644674909,1,0,1.0
16,1,11,1,0.0,0,0.9145780771808685,0.15004774142176758,0.7,-0.35667494393873245,0,0,0.0
16,1,11,2,0.0,0,0.9145780771808685,0.15004774142176758,0.7,-0.35667494393873245,0,0,0.0
16,1,11,3,2.0,1,0.9145780771808685,0.15004774142176758,1.2999999999999998,0.2623642644674909,1,0,1.0
16,1,12,1,0.0,0,0.9145780771808685,0.15004774142176758,0.7,-0.35667494393873245,0,0,0.0
16,1,12,2,0.0,0,0.9145780771808685,0.15004774142176758,0.7,-0.35667494393873245,0,0,0.0
16,1,12,3,2.0,1,0.9145780771808685,0.15004774142176758,1.2999999999999998,0.2623642644674909,1,0,1.0
16,1,13,1,0.0,0,0.9145780771808685,0.15004774142176758,0.7,-0.35667494393873245,0,0,0.0
16,1,13,2,0.0,0,0.9145780771808685,0.15004774142176758,0.7,-0.35667494393873245,0,0,0.0
16,1,13,3,2.0,1,0.9145780771808685,0.15004774142176758,1.2999999999999998,0.2623642644674909,1,0,1.0
16,1,14,1,0.0,0,0.9145780771808685,0.15004774142176758,0.7,-0.35667494393873245,0,0,0.0
16,1,14,2,0.0,0,0.9145780771808685,0.15004774142176758,0.7,-0.35667494393873245,0,0,0.0
16,1,14,3,2.0,1,0.9145780771808685,0.15004774142176758,1.2999999999999998,0.2623642644674909,1,0,1.0
16,1,15,1,0.0,0,0.9145780771808685,0.15004774142176758,0.7,-0.35667494393873245,0,0,0.0
16,1,15,2,0.0,0,0.9145780771808685,0.15004774142176758,0.7,-0.35667494393873245,0,0,0.0
16,1,15,3,2.0,1,0.9145780771808685,0.15004774142176758,1.2999999999999998,0.2623642644674909,1,0,1.0
16,1,16,1,0.0,0,0.9145780771808685,0.15004774142176758,0.7,-0.35667494393873245,0,0,0.0
16,1,16,2,0.0,0,0.9145780771808685,0.15004774142176758,0.7,-0.35667494393873245,0,0,0.0
16,1,16,3,2.0,1,0.9145780771808685,0.15004774142176758,1.2999999999999998,0.2623642644674909,1,0,1.0
16,1,17,1,0.0,0,0.9145780771808685,0.15004774142176758,0.7,-0.35667494393873245,0,0,0.0
16,1,17,2,0.0,0,0.9145780771808685,0.15004774142176758,0.7,-0.35667494393873245,0,0,0.0
16,1,17,3,2.0,1,0.9145780771808685,0.15004774142176758,1.2999999999999998,0.2623642644674909,1,0,1.0
16,1,18,1,0.0,0,0.9145780771808685,0.15004774142176758,0.7,-0.35667494393873245,0,0,0.0
16,1,18,2,0.0,0,0.9145780771808685,0.15004774142176758,0.7,-0.35667494393873245,0,0,0.0
16,1,18,3,2.0,1,0.9145780771808685,0.15004774142176758,1.2999999999999998,0.2623642644674909,1,0,1.0
16,1,19,1,0.0,0,0.9145780771808685,0.15004774142176758,0.7,-0.35667494393873245,0,0,0.0
16,1,19,2,0.0,0,0.9145780771808685,0.15004774142176758,0.7,-0.35667494393873245,0,0,0.0
16,1,19,3,2.0,1,0.9145780771808685,0.15004774142176758,1.2999999999999998,0.2623642644674909,1,0,1.0
16,1,20,1,0.0,0,0.9145780771808685,0.15004774142176758,0.7,-0.35667494393873245,0,0,0.0
16,1,20,2,0.0,0,0.9145780771808685,0.15004774142176758,0.7,-0.35667494393873245,0,0,0.0
16,1,20,3,2.0,1,0.9145780771808685,0.15004774142176758,1.2999999999999998,0.2623642644674909,1,0,1.0
17,3,1,1,12.844293796345536,0,0.802768362271596,0.22305003685313762,4.55328813890366,1.5158496398550692,1,1,0.0
17,3,1,2,8.0,1,0.802768362271596,0.22305003685313762,3.0999999999999996,1.1314021114911004,0,1,1.0
17,3,1,3,0.0,1,0.802768362271596,0.22305003685313762,0.7,-0.35667494393873245,0,1,1.0
17,3,2,1,0.0,0,0.802768362271596,0.22305003685313762,0.7,-0.35667494393873245,1,0,0.0
17,3,2,2,4.0,1,0.802768362271596,0.22305003685313762,1.9,0.6418538861723947,0,0,1.0
17,3,2,3,0.0,1,0.802768362271596,0.22305003685313762,0.7,-0.35667494393873245,0,0,1.0
17,3,3,1,8.0,1,0.802768362271596,0.22305003685313762,3.0999999999999996,1.1314021114911004,1,0,1.0
17,3,3,2,0.0,1,0.802768362271596,0.22305003685313762,0.7,-0.35667494393873245,0,0,1.0
17,3,3,3,0.0,1,0.802768362271596,0.22305003685313762,0.7,-0.35667494393873245,0,0,1.0
17,3,4,1,6.422146898172768,1,0.802768362271596,0.22305003685313762,2.6266440694518303,0.9657070121640998,1,0,1.0
17,3,4,2,0.0,1,0.802768362271596,0.22305003685313762,0.7,-0.35667494393873245,0,0,1.0
17,3,4,3,0.0,1,0.802768362271596,0.22305003685313762,0.7,-0.35667494393873245,0,0,1.0
17,3,5,1,6.422146898172768,1,0.802768362271596,0.22305003685313762,2.6266440694518303,0.9657070121640998,1,0,1.0
17,3,5,2,0.0,1,0.802768362271596,0.22305003685313762,0.7,-0.35667494393873245,0,0,1.0
17,3,5,3,0.0,1,0.802768362271596,0.22305003685313762,0.7,-0.35667494393873245,0,0,1.0
17,3,6,1,6.422146898172768,1,0.802768362271596,0.22305003685313762,2.6266440694518303,0.9657070121640998,1,0,1.0
17,3,6,2,0.0,1,0.802768362271596,0.22305003685313762,0.7,-0.35667494393873245,0,0,1.0
17,3,6,3,0.0,1,0.802768362271596,0.22305003685313762,0.7,-0.35667494393873245,0,0,1.0
17,3,7,1,6.422146898172768,1,0.802768362271596,0.22305003685313762,2.6266440694518303,0.9657070121640998,1,0,1.0
17,3,7,2,0.0,1,0.802768362271596,0.22305003685313762,0.7,-0.35667494393873245,0,0,1.0
17,3,7,3,0.0,1,0.802768362271596,0.22305003685313762,0.7,-0.35667494393873245,0,0,1.0
17,3,8,1,6.422146898172768,1,0.802768362271596,0.22305003685313762,2.6266440694518303,0.9657070121640998,1,0,1.0
17,3,8,2,0.0,1,0.802768362271596,0.22305003685313762,0.7,-0.35667494393873245,0,0,1.0
17,3,8,3,0.0,1,0.802768362271596,0.22305003685313762,0.7,-0.35667494393873245,0,0,1.0
17,3,9,1,6.422146898172768,1,0.802768362271596,0.22305003685313762,2.6266440694518303,0.9657070121640998,1,0,1.0
17,3,9,2,0.0,1,0.802768362271596,0.22305003685313762,0.7,-0.35667494393873245,0,0,1.0
17,3,9,3,0.0,1,0.802768362271596,0.22305003685313762,0.7,-0.35667494393873245,0,0,1.0
17,3,10,1,6.422146898172768,1,0.802768362271596,0.22305003685313762,2.6266440694518303,0.9657070121640998,1,0,1.0
17,3,10,2,0.0,1,0.802768362271596,0.22305003685313762,0.7,-0.35667494393873245,0,0,1.0
17,3,10,3,0.0,1,0.802768362271596,0.22305003685313762,0.7,-0.35667494393873245,0,0,1.0
17,3,11,1,6.422146898172768,1,0.802768362271596,0.22305003685313762,2.6266440694518303,0.9657070121640998,1,0,1.0
17,3,11,2,0.0,1,0.802768362271596,0.22305003685313762,0.7,-0.35667494393873245,0,0,1.0
17,3,11,3,0.0,1,0.802768362271596,0.22305003685313762,0.7,-0.35667494393873245,0,0,1.0
17,3,12,1,6.422146898172768,1,0.802768362271596,0.22305003685313762,2.6266440694518303,0.9657070121640998,1,0,1.0
17,3,12,2,0.0,1,0.802768362271596,0.22305003685313762,0.7,-0.35667494393873245,0,0,1.0
17,3,12,3,0.0,1,0.802768362271596,0.22305003685313762,0.7,-0.35667494393873245,0,0,1.0
17,3,13,1,6.422146898172768,1,0.802768362271596,0.22305003685313762,2.6266440694518303,0.9657070121640998,1,0,1.0
17,3,13,2,0.0,1,0.802768362271596,0.22305003685313762,0.7,-0.35667494393873245,0,0,1.0
17,3,13,3,0.0,1,0.802768362271596,0.22305003685313762,0.7,-0.35667494393873245,0,0,1.0
17,3,14,1,6.422146898172768,1,0.802768362271596,0.22305003685313762,2.6266440694518303,0.9657070121640998,1,0,1.0
17,3,14,2,0.0,1,0.802768362271596,0.22305003685313762,0.7,-0.35667494393873245,0,0,1.0
17,3,14,3,0.0,1,0.802768362271596,0.22305003685313762,0.7,-0.35667494393873245,0,0,1.0
17,3,15,1,6.422146898172768,1,0.802768362271596,0.22305003685313762,2.6266440694518303,0.9657070121640998,1,0,1.0
17,3,15,2,0.0,1,0.802768362271596,0.22305003685313762,0.7,-0.35667494393873245,0,0,1.0
17,3,15,3,0.0,1,0.802768362271596,0.22305003685313762,0.7,-0.35667494393873245,0,0,1.0
17,3,16,1,6.422146898172768,1,0.802768362271596,0.22305003685313762,2.6266440694518303,0.9657070121640998,1,0,1.0
17,3,16,2,0.0,1,0.802768362271596,0.22305003685313762,0.7,-0.35667494393873245,0,0,1.0
17,3,16,3,0.0,1,0.802768362271596,0.22305003685313762,0.7,-0.35667494393873245,0,0,1.0
17,3,17,1,6.422146898172768,1,0.802768362271596,0.22305003685313762,2.6266440694518303,0.9657070121640998,1,0,1.0
17,3,17,2,0.0,1,0.802768362271596,0.22305003685313762,0.7,-0.35667494393873245,0,0,1.0
17,3,17,3,0.0,1,0.802768362271596,0.22305003685313762,0.7,-0.35667494393873245,0,0,1.0
17,3,18,1,6.422146898172768,1,0.802768362271596,0.22305003685313762,2.6266440694518303,0.9657070121640998,1,0,1.0
17,3,18,2,0.0,1,0.802768362271596,0.22305003685313762,0.7,-0.35667494393873245,0,0,1.0
17,3,18,3,0.0,1,0.802768362271596,0.22305003685313762,0.7,-0.35667494393873245,0,0,1.0
17,3,19,1,6.422146898172768,1,0.802768362271596,0.22305003685313762,2.6266440694518303,0.9657070121640998,1,0,1.0
17,3,19,2,0.0,1,0.802768362271596,0.22305003685313762,0.7,-0.35667494393873245,0,0,1.0
17,3,19,3,0.0,1,0.802768362271596,0.22305003685313762,0.7,-0.35667494393873245,0,0,1.0
17,3,20,1,6.422146898172768,1,0.802768362271596,0.22305003685313762,2.6266440694518303,0.9657070121640998,1,0,1.0
17,3,20,2,0.0,1,0.802768362271596,0.22305003685313762,0.7,-0.35667494393873245,0,0,1.0
17,3,20,3,0.0,1,0.802768362271596,0.22305003685313762,0.7,-0.35667494393873245,0,0,1.0
17,2,1,1,8.89220014741255,1,0.802768362271596,0.22305003685313762,3.367660044223765,1.2142181542974064,0,1,1.0
17,2,1,2,0.0,1,0.802768362271596,0.22305003685313762,0.7,-0.35667494393873245,1,1,1.0
17,2,1,3,0.0,1,0.802768362271596,0.22305003685313762,0.7,-0.35667494393873245,0,1,1.0
17,2,2,1,4.8922001474125505,1,0.802768362271596,0.22305003685313762,2.167660044223765,0.7736482651121768,0,0,1.0
17,2,2,2,0.0,1,0.802768362271596,0.22305003685313762,0.7,-0.35667494393873245,1,0,1.0
17,2,2,3,0.0,1,0.802768362271596,0.22305003685313762,0.7,-0.35667494393873245,0,0,1.0
17,2,3,1,4.8922001474125505,0,0.802768362271596,0.22305003685313762,2.167660044223765,0.7736482651121768,0,0,0.0
17,2,3,2,8.0,1,0.802768362271596,0.22305003685313762,3.0999999999999996,1.1314021114911004,1,0,1.0
17,2,3,3,0.0,1,0.802768362271596,0.22305003685313762,0.7,-0.35667494393873245,0,0,1.0
17,2,4,1,0.0,0,0.802768362271596,0.22305003685313762,0.7,-0.35667494393873245,0,0,0.0
17,2,4,2,4.0,1,0.802768362271596,0.22305003685313762,1.9,0.6418538861723947,1,0,1.0
17,2,4,3,0.0,1,0.802768362271596,0.22305003685313762,0.7,-0.35667494393873245,0,0,1.0
17,2,5,1,0.0,0,0.802768362271596,0.22305003685313762,0.7,-0.35667494393873245,0,0,0.0
17,2,5,2,4.0,1,0.802768362271596,0.22305003685313762,1.9,0.6418538861723947,1,0,1.0
17,2,5,3,0.0,1,0.802768362271596,0.22305003685313762,0.7,-0.35667494393873245,0,0,1.0
17,2,6,1,0.0,0,0.802768362271596,0.22305003685313762,0.7,-0.35667494393873245,0,0,0.0
17,2,6,2,4.0,1,0.802768362271596,0.22305003685313762,1.9,0.6418538861723947,1,0,1.0
17,2,6,3,0.0,1,0.802768362271596,0.22305003685313762,0.7,-0.35667494393873245,0,0,1.0
17,2,7,1,0.0,0,0.802768362271596,0.22305003685313762,0.7,-0.35667494393873245,0,0,0.0
17,2,7,2,4.0,1,0.802768362271596,0.22305003685313762,1.9,0.6418538861723947,1,0,1.0
17,2,7,3,0.0,1,0.802768362271596,0.22305003685313762,0.7,-0.35667494393873245,0,0,1.0
17,2,8,1,0.0,0,0.802768362271596,0.22305003685313762,0.7,-0.35667494393873245,0,0,0.0
17,2,8,2,4.0,1,0.802768362271596,0.22305003685313762,1.9,0.6418538861723947,1,0,1.0
17,2,8,3,0.0,1,0.802768362271596,0.22305003685313762,0.7,-0.35667494393873245,0,0,1.0
17,2,9,1,0.0,0,0.802768362271596,0.22305003685313762,0.7,-0.35667494393873245,0,0,0.0
17,2,9,2,4.0,1,0.802768362271596,0.22305003685313762,1.9,0.6418538861723947,1,0,1.0
17,2,9,3,0.0,1,0.802768362271596,0.22305003685313762,0.7,-0.35667494393873245,0,0,1.0
17,2,10,1,0.0,0,0.802768362271596,0.22305003685313762,0.7,-0.35667494393873245,0,0,0.0
17,2,10,2,4.0,1,0.802768362271596,0.22305003685313762,1.9,0.6418538861723947,1,0,1.0
17,2,10,3,0.0,1,0.802768362271596,0.22305003685313762,0.7,-0.35667494393873245,0,0,1.0
17,2,11,1,0.0,0,0.802768362271596,0.22305003685313762,0.7,-0.35667494393873245,0,0,0.0
17,2,11,2,4.0,1,0.802768362271596,0.22305003685313762,1.9,0.6418538861723947,1,0,1.0
17,2,11,3,0.0,1,0.802768362271596,0.22305003685313762,0.7,-0.35667494393873245,0,0,1.0
17,2,12,1,0.0,0,0.802768362271596,0.22305003685313762,0.7,-0.35667494393873245,0,0,0.0
17,2,12,2,4.0,1,0.802768362271596,0.22305003685313762,1.9,0.6418538861723947,1,0,1.0
17,2,12,3,0.0,1,0.802768362271596,0.22305003685313762,0.7,-0.35667494393873245,0,0,1.0
17,2,13,1,0.0,0,0.802768362271596,0.22305003685313762,0.7,-0.35667494393873245,0,0,0.0
17,2,13,2,4.0,1,0.802768362271596,0.22305003685313762,1.9,0.6418538861723947,1,0,1.0
17,2,13,3,0.0,1,0.802768362271596,0.22305003685313762,0.7,-0.35667494393873245,0,0,1.0
17,2,14,1,0.0,0,0.802768362271596,0.22305003685313762,0.7,-0.35667494393873245,0,0,0.0
17,2,14,2,4.0,1,0.802768362271596,0.22305003685313762,1.9,0.6418538861723947,1,0,1.0
17,2,14,3,0.0,1,0.802768362271596,0.22305003685313762,0.7,-0.35667494393873245,0,0,1.0
17,2,15,1,0.0,0,0.802768362271596,0.22305003685313762,0.7,-0.35667494393873245,0,0,0.0
17,2,15,2,4.0,1,0.802768362271596,0.22305003685313762,1.9,0.6418538861723947,1,0,1.0
17,2,15,3,0.0,1,0.802768362271596,0.22305003685313762,0.7,-0.35667494393873245,0,0,1.0
17,2,16,1,0.0,0,0.802768362271596,0.22305003685313762,0.7,-0.35667494393873245,0,0,0.0
17,2,16,2,4.0,1,0.802768362271596,0.22305003685313762,1.9,0.6418538861723947,1,0,1.0
17,2,16,3,0.0,1,0.802768362271596,0.22305003685313762,0.7,-0.35667494393873245,0,0,1.0
17,2,17,1,0.0,0,0.802768362271596,0.22305003685313762,0.7,-0.35667494393873245,0,0,0.0
17,2,17,2,4.0,1,0.802768362271596,0.22305003685313762,1.9,0.6418538861723947,1,0,1.0
17,2,17,3,0.0,1,0.802768362271596,0.22305003685313762,0.7,-0.35667494393873245,0,0,1.0
17,2,18,1,0.0,0,0.802768362271596,0.22305003685313762,0.7,-0.35667494393873245,0,0,0.0
17,2,18,2,4.0,1,0.802768362271596,0.22305003685313762,1.9,0.6418538861723947,1,0,1.0
17,2,18,3,0.0,1,0.802768362271596,0.22305003685313762,0.7,-0.35667494393873245,0,0,1.0
17,2,19,1,0.0,0,0.802768362271596,0.22305003685313762,0.7,-0.35667494393873245,0,0,0.0
17,2,19,2,4.0,1,0.802768362271596,0.22305003685313762,1.9,0.6418538861723947,1,0,1.0
17,2,19,3,0.0,1,0.802768362271596,0.22305003685313762,0.7,-0.35667494393873245,0,0,1.0
17,2,20,1,0.0,0,0.802768362271596,0.22305003685313762,0.7,-0.35667494393873245,0,0,0.0
17,2,20,2,4.0,1,0.802768362271596,0.22305003685313762,1.9,0.6418538861723947,1,0,1.0
17,2,20,3,0.0,1,0.802768362271596,0.22305003685313762,0.7,-0.35667494393873245,0,0,1.0
17,1,1,1,8.89220014741255,0,0.802768362271596,0.22305003685313762,3.367660044223765,1.2142181542974064,0,1,0.0
17,1,1,2,4.8922001474125505,1,0.802768362271596,0.22305003685313762,2.167660044223765,0.7736482651121768,0,1,1.0
17,1,1,3,0.0,1,0.802768362271596,0.22305003685313762,0.7,-0.35667494393873245,1,1,1.0
17,1,2,1,0.0,0,0.802768362271596,0.22305003685313762,0.7,-0.35667494393873245,0,0,0.0
17,1,2,2,2.8922001474125505,0,0.802768362271596,0.22305003685313762,1.5676600442237651,0.44958408989108695,0,0,0.0
17,1,2,3,4.0,1,0.802768362271596,0.22305003685313762,1.9,0.6418538861723947,1,0,1.0
17,1,3,1,0.0,0,0.802768362271596,0.22305003685313762,0.7,-0.35667494393873245,0,0,0.0
17,1,3,2,0.0,0,0.802768362271596,0.22305003685313762,0.7,-0.35667494393873245,0,0,0.0
17,1,3,3,2.0,1,0.802768362271596,0.22305003685313762,1.2999999999999998,0.2623642644674909,1,0,1.0
17,1,4,1,0.0,0,0.802768362271596,0.22305003685313762,0.7,-0.35667494393873245,0,0,0.0
17,1,4,2,0.0,0,0.802768362271596,0.22305003685313762,0.7,-0.35667494393873245,0,0,0.0
17,1,4,3,2.0,1,0.802768362271596,0.22305003685313762,1.2999999999999998,0.2623642644674909,1,0,1.0
17,1,5,1,0.0,0,0.802768362271596,0.22305003685313762,0.7,-0.35667494393873245,0,0,0.0
17,1,5,2,0.0,0,0.802768362271596,0.22305003685313762,0.7,-0.35667494393873245,0,0,0.0
17,1,5,3,2.0,1,0.802768362271596,0.22305003685313762,1.2999999999999998,0.2623642644674909,1,0,1.0
17,1,6,1,0.0,0,0.802768362271596,0.22305003685313762,0.7,-0.35667494393873245,0,0,0.0
17,1,6,2,0.0,0,0.802768362271596,0.22305003685313762,0.7,-0.35667494393873245,0,0,0.0
17,1,6,3,2.0,1,0.802768362271596,0.22305003685313762,1.2999999999999998,0.2623642644674909,1,0,1.0
17,1,7,1,0.0,0,0.802768362271596,0.22305003685313762,0.7,-0.35667494393873245,0,0,0.0
17,1,7,2,0.0,0,0.802768362271596,0.22305003685313762,0.7,-0.35667494393873245,0,0,0.0
17,1,7,3,2.0,1,0.802768362271596,0.22305003685313762,1.2999999999999998,0.2623642644674909,1,0,1.0
17,1,8,1,0.0,0,0.802768362271596,0.22305003685313762,0.7,-0.35667494393873245,0,0,0.0
17,1,8,2,0.0,0,0.802768362271596,0.22305003685313762,0.7,-0.35667494393873245,0,0,0.0
17,1,8,3,2.0,1,0.802768362271596,0.22305003685313762,1.2999999999999998,0.2623642644674909,1,0,1.0
17,1,9,1,0.0,0,0.802768362271596,0.22305003685313762,0.7,-0.35667494393873245,0,0,0.0
17,1,9,2,0.0,0,0.802768362271596,0.22305003685313762,0.7,-0.35667494393873245,0,0,0.0
17,1,9,3,2.0,1,0.802768362271596,0.22305003685313762,1.2999999999999998,0.2623642644674909,1,0,1.0
17,1,10,1,0.0,0,0.802768362271596,0.22305003685313762,0.7,-0.35667494393873245,0,0,0.0
17,1,10,2,0.0,0,0.802768362271596,0.22305003685313762,0.7,-0.35667494393873245,0,0,0.0
17,1,10,3,2.0,1,0.802768362271596,0.22305003685313762,1.2999999999999998,0.2623642644674909,1,0,1.0
17,1,11,1,0.0,0,0.802768362271596,0.22305003685313762,0.7,-0.35667494393873245,0,0,0.0
17,1,11,2,0.0,0,0.802768362271596,0.22305003685313762,0.7,-0.35667494393873245,0,0,0.0
17,1,11,3,2.0,1,0.802768362271596,0.22305003685313762,1.2999999999999998,0.2623642644674909,1,0,1.0
17,1,12,1,0.0,0,0.802768362271596,0.22305003685313762,0.7,-0.35667494393873245,0,0,0.0
17,1,12,2,0.0,0,0.802768362271596,0.22305003685313762,0.7,-0.35667494393873245,0,0,0.0
17,1,12,3,2.0,1,0.802768362271596,0.22305003685313762,1.2999999999999998,0.2623642644674909,1,0,1.0
17,1,13,1,0.0,0,0.802768362271596,0.22305003685313762,0.7,-0.35667494393873245,0,0,0.0
17,1,13,2,0.0,0,0.802768362271596,0.22305003685313762,0.7,-0.35667494393873245,0,0,0.0
17,1,13,3,2.0,1,0.802768362271596,0.22305003685313762,1.2999999999999998,0.2623642644674909,1,0,1.0
17,1,14,1,0.0,0,0.802768362271596,0.22305003685313762,0.7,-0.35667494393873245,0,0,0.0
17,1,14,2,0.0,0,0.802768362271596,0.22305003685313762,0.7,-0.35667494393873245,0,0,0.0
17,1,14,3,2.0,1,0.802768362271596,0.22305003685313762,1.2999999999999998,0.2623642644674909,1,0,1.0
17,1,15,1,0.0,0,0.802768362271596,0.22305003685313762,0.7,-0.35667494393873245,0,0,0.0
17,1,15,2,0.0,0,0.802768362271596,0.22305003685313762,0.7,-0.35667494393873245,0,0,0.0
17,1,15,3,2.0,1,0.802768362271596,0.22305003685313762,1.2999999999999998,0.2623642644674909,1,0,1.0
17,1,16,1,0.0,0,0.802768362271596,0.22305003685313762,0.7,-0.35667494393873245,0,0,0.0
17,1,16,2,0.0,0,0.802768362271596,0.22305003685313762,0.7,-0.35667494393873245,0,0,0.0
17,1,16,3,2.0,1,0.802768362271596,0.22305003685313762,1.2999999999999998,0.2623642644674909,1,0,1.0
17,1,17,1,0.0,0,0.802768362271596,0.22305003685313762,0.7,-0.35667494393873245,0,0,0.0
17,1,17,2,0.0,0,0.802768362271596,0.22305003685313762,0.7,-0.35667494393873245,0,0,0.0
17,1,17,3,2.0,1,0.802768362271596,0.22305003685313762,1.2999999999999998,0.2623642644674909,1,0,1.0
17,1,18,1,0.0,0,0.802768362271596,0.22305003685313762,0.7,-0.35667494393873245,0,0,0.0
17,1,18,2,0.0,0,0.802768362271596,0.22305003685313762,0.7,-0.35667494393873245,0,0,0.0
17,1,18,3,2.0,1,0.802768362271596,0.22305003685313762,1.2999999999999998,0.2623642644674909,1,0,1.0
17,1,19,1,0.0,0,0.802768362271596,0.22305003685313762,0.7,-0.35667494393873245,0,0,0.0
17,1,19,2,0.0,0,0.802768362271596,0.22305003685313762,0.7,-0.35667494393873245,0,0,0.0
17,1,19,3,2.0,1,0.802768362271596,0.22305003685313762,1.2999999999999998,0.2623642644674909,1,0,1.0
17,1,20,1,0.0,0,0.802768362271596,0.22305003685313762,0.7,-0.35667494393873245,0,0,0.0
17,1,20,2,0.0,0,0.802768362271596,0.22305003685313762,0.7,-0.35667494393873245,0,0,0.0
17,1,20,3,2.0,1,0.802768362271596,0.22305003685313762,1.2999999999999998,0.2623642644674909,1,0,1.0
18,3,1,1,15.320185663475481,1,0.9575116039672176,0.17531716697254562,5.296055699042644,1.6669623357702334,1,1,1.0
18,3,1,2,0.0,1,0.9575116039672176,0.17531716697254562,0.7,-0.35667494393873245,0,1,1.0
18,3,1,3,0.0,1,0.9575116039672176,0.17531716697254562,0.7,-0.35667494393873245,0,1,1.0
18,3,2,1,7.660092831737741,1,0.9575116039672176,0.17531716697254562,2.998027849521322,1.0979546890039453,1,0,1.0
18,3,2,2,0.0,1,0.9575116039672176,0.17531716697254562,0.7,-0.35667494393873245,0,0,1.0
18,3,2,3,0.0,1,0.9575116039672176,0.17531716697254562,0.7,-0.35667494393873245,0,0,1.0
18,3,3,1,7.660092831737741,1,0.9575116039672176,0.17531716697254562,2.998027849521322,1.0979546890039453,1,0,1.0
18,3,3,2,0.0,1,0.9575116039672176,0.17531716697254562,0.7,-0.35667494393873245,0,0,1.0
18,3,3,3,0.0,1,0.9575116039672176,0.17531716697254562,0.7,-0.35667494393873245,0,0,1.0
18,3,4,1,7.660092831737741,1,0.9575116039672176,0.17531716697254562,2.998027849521322,1.0979546890039453,1,0,1.0
18,3,4,2,0.0,1,0.9575116039672176,0.17531716697254562,0.7,-0.35667494393873245,0,0,1.0
18,3,4,3,0.0,1,0.9575116039672176,0.17531716697254562,0.7,-0.35667494393873245,0,0,1.0
18,3,5,1,7.660092831737741,1,0.9575116039672176,0.17531716697254562,2.998027849521322,1.0979546890039453,1,0,1.0
18,3,5,2,0.0,1,0.9575116039672176,0.17531716697254562,0.7,-0.35667494393873245,0,0,1.0
18,3,5,3,0.0,1,0.9575116039672176,0.17531716697254562,0.7,-0.35667494393873245,0,0,1.0
18,3,6,1,7.660092831737741,1,0.9575116039672176,0.17531716697254562,2.998027849521322,1.0979546890039453,1,0,1.0
18,3,6,2,0.0,1,0.9575116039672176,0.17531716697254562,0.7,-0.35667494393873245,0,0,1.0
18,3,6,3,0.0,1,0.9575116039672176,0.17531716697254562,0.7,-0.35667494393873245,0,0,1.0
18,3,7,1,7.660092831737741,1,0.9575116039672176,0.17531716697254562,2.998027849521322,1.0979546890039453,1,0,1.0
18,3,7,2,0.0,1,0.9575116039672176,0.17531716697254562,0.7,-0.35667494393873245,0,0,1.0
18,3,7,3,0.0,1,0.9575116039672176,0.17531716697254562,0.7,-0.35667494393873245,0,0,1.0
18,3,8,1,7.660092831737741,1,0.9575116039672176,0.17531716697254562,2.998027849521322,1.0979546890039453,1,0,1.0
18,3,8,2,0.0,1,0.9575116039672176,0.17531716697254562,0.7,-0.35667494393873245,0,0,1.0
18,3,8,3,0.0,1,0.9575116039672176,0.17531716697254562,0.7,-0.35667494393873245,0,0,1.0
18,3,9,1,7.660092831737741,1,0.9575116039672176,0.17531716697254562,2.998027849521322,1.0979546890039453,1,0,1.0
18,3,9,2,0.0,1,0.9575116039672176,0.17531716697254562,0.7,-0.35667494393873245,0,0,1.0
18,3,9,3,0.0,1,0.9575116039672176,0.17531716697254562,0.7,-0.35667494393873245,0,0,1.0
18,3,10,1,7.660092831737741,1,0.9575116039672176,0.17531716697254562,2.998027849521322,1.0979546890039453,1,0,1.0
18,3,10,2,0.0,1,0.9575116039672176,0.17531716697254562,0.7,-0.35667494393873245,0,0,1.0
18,3,10,3,0.0,1,0.9575116039672176,0.17531716697254562,0.7,-0.35667494393873245,0,0,1.0
18,3,11,1,7.660092831737741,1,0.9575116039672176,0.17531716697254562,2.998027849521322,1.0979546890039453,1,0,1.0
18,3,11,2,0.0,1,0.9575116039672176,0.17531716697254562,0.7,-0.35667494393873245,0,0,1.0
18,3,11,3,0.0,1,0.9575116039672176,0.17531716697254562,0.7,-0.35667494393873245,0,0,1.0
18,3,12,1,7.660092831737741,1,0.9575116039672176,0.17531716697254562,2.998027849521322,1.0979546890039453,1,0,1.0
18,3,12,2,0.0,1,0.9575116039672176,0.17531716697254562,0.7,-0.35667494393873245,0,0,1.0
18,3,12,3,0.0,1,0.9575116039672176,0.17531716697254562,0.7,-0.35667494393873245,0,0,1.0
18,3,13,1,7.660092831737741,1,0.9575116039672176,0.17531716697254562,2.998027849521322,1.0979546890039453,1,0,1.0
18,3,13,2,0.0,1,0.9575116039672176,0.17531716697254562,0.7,-0.35667494393873245,0,0,1.0
18,3,13,3,0.0,1,0.9575116039672176,0.17531716697254562,0.7,-0.35667494393873245,0,0,1.0
18,3,14,1,7.660092831737741,1,0.9575116039672176,0.17531716697254562,2.998027849521322,1.0979546890039453,1,0,1.0
18,3,14,2,0.0,1,0.9575116039672176,0.17531716697254562,0.7,-0.35667494393873245,0,0,1.0
18,3,14,3,0.0,1,0.9575116039672176,0.17531716697254562,0.7,-0.35667494393873245,0,0,1.0
18,3,15,1,7.660092831737741,1,0.9575116039672176,0.17531716697254562,2.998027849521322,1.0979546890039453,1,0,1.0
18,3,15,2,0.0,1,0.9575116039672176,0.17531716697254562,0.7,-0.35667494393873245,0,0,1.0
18,3,15,3,0.0,1,0.9575116039672176,0.17531716697254562,0.7,-0.35667494393873245,0,0,1.0
18,3,16,1,7.660092831737741,1,0.9575116039672176,0.17531716697254562,2.998027849521322,1.0979546890039453,1,0,1.0
18,3,16,2,0.0,1,0.9575116039672176,0.17531716697254562,0.7,-0.35667494393873245,0,0,1.0
18,3,16,3,0.0,1,0.9575116039672176,0.17531716697254562,0.7,-0.35667494393873245,0,0,1.0
18,3,17,1,7.660092831737741,1,0.9575116039672176,0.17531716697254562,2.998027849521322,1.0979546890039453,1,0,1.0
18,3,17,2,0.0,1,0.9575116039672176,0.17531716697254562,0.7,-0.35667494393873245,0,0,1.0
18,3,17,3,0.0,1,0.9575116039672176,0.17531716697254562,0.7,-0.35667494393873245,0,0,1.0
18,3,18,1,7.660092831737741,1,0.9575116039672176,0.17531716697254562,2.998027849521322,1.0979546890039453,1,0,1.0
18,3,18,2,0.0,1,0.9575116039672176,0.17531716697254562,0.7,-0.35667494393873245,0,0,1.0
18,3,18,3,0.0,1,0.9575116039672176,0.17531716697254562,0.7,-0.35667494393873245,0,0,1.0
18,3,19,1,7.660092831737741,1,0.9575116039672176,0.17531716697254562,2.998027849521322,1.0979546890039453,1,0,1.0
18,3,19,2,0.0,1,0.9575116039672176,0.17531716697254562,0.7,-0.35667494393873245,0,0,1.0
18,3,19,3,0.0,1,0.9575116039672176,0.17531716697254562,0.7,-0.35667494393873245,0,0,1.0
18,3,20,1,7.660092831737741,1,0.9575116039672176,0.17531716697254562,2.998027849521322,1.0979546890039453,1,0,1.0
18,3,20,2,0.0,1,0.9575116039672176,0.17531716697254562,0.7,-0.35667494393873245,0,0,1.0
18,3,20,3,0.0,1,0.9575116039672176,0.17531716697254562,0.7,-0.35667494393873245,0,0,1.0
18,2,1,1,8.701268667890183,0,0.9575116039672176,0.17531716697254562,3.310380600367055,1.197063167783855,0,1,0.0
18,2,1,2,8.0,1,0.9575116039672176,0.17531716697254562,3.0999999999999996,1.1314021114911004,1,1,1.0
18,2,1,3,0.0,1,0.9575116039672176,0.17531716697254562,0.7,-0.35667494393873245,0,1,1.0
18,2,2,1,0.0,0,0.9575116039672176,0.17531716697254562,0.7,-0.35667494393873245,0,0,0.0
18,2,2,2,4.0,1,0.9575116039672176,0.17531716697254562,1.9,0.6418538861723947,1,0,1.0
18,2,2,3,0.0,1,0.9575116039672176,0.17531716697254562,0.7,-0.35667494393873245,0,0,1.0
18,2,3,1,0.0,0,0.9575116039672176,0.17531716697254562,0.7,-0.35667494393873245,0,0,0.0
18,2,3,2,4.0,1,0.9575116039672176,0.17531716697254562,1.9,0.6418538861723947,1,0,1.0
18,2,3,3,0.0,1,0.9575116039672176,0.17531716697254562,0.7,-0.35667494393873245,0,0,1.0
18,2,4,1,0.0,0,0.9575116039672176,0.17531716697254562,0.7,-0.35667494393873245,0,0,0.0
18,2,4,2,4.0,1,0.9575116039672176,0.17531716697254562,1.9,0.6418538861723947,1,0,1.0
18,2,4,3,0.0,1,0.9575116039672176,0.17531716697254562,0.7,-0.35667494393873245,0,0,1.0
18,2,5,1,0.0,0,0.9575116039672176,0.17531716697254562,0.7,-0.35667494393873245,0,0,0.0
18,2,5,2,4.0,1,0.9575116039672176,0.17531716697254562,1.9,0.6418538861723947,1,0,1.0
18,2,5,3,0.0,1,0.9575116039672176,0.17531716697254562,0.7,-0.35667494393873245,0,0,1.0
18,2,6,1,0.0,0,0.9575116039672176,0.17531716697254562,0.7,-0.35667494393873245,0,0,0.0
18,2,6,2,4.0,1,0.9575116039672176,0.17531716697254562,1.9,0.6418538861723947,1,0,1.0
18,2,6,3,0.0,1,0.9575116039672176,0.17531716697254562,0.7,-0.35667494393873245,0,0,1.0
18,2,7,1,0.0,0,0.9575116039672176,0.17531716697254562,0.7,-0.35667494393873245,0,0,0.0
18,2,7,2,4.0,1,0.9575116039672176,0.17531716697254562,1.9,0.6418538861723947,1,0,1.0
18,2,7,3,0.0,1,0.9575116039672176,0.17531716697254562,0.7,-0.35667494393873245,0,0,1.0
18,2,8,1,0.0,0,0.9575116039672176,0.17531716697254562,0.7,-0.35667494393873245,0,0,0.0
18,2,8,2,4.0,1,0.9575116039672176,0.17531716697254562,1.9,0.6418538861723947,1,0,1.0
18,2,8,3,0.0,1,0.9575116039672176,0.17531716697254562,0.7,-0.35667494393873245,0,0,1.0
18,2,9,1,0.0,0,0.9575116039672176,0.17531716697254562,0.7,-0.35667494393873245,0,0,0.0
18,2,9,2,4.0,1,0.9575116039672176,0.17531716697254562,1.9,0.6418538861723947,1,0,1.0
18,2,9,3,0.0,1,0.9575116039672176,0.17531716697254562,0.7,-0.35667494393873245,0,0,1.0
18,2,10,1,0.0,0,0.9575116039672176,0.17531716697254562,0.7,-0.35667494393873245,0,0,0.0
18,2,10,2,4.0,1,0.9575116039672176,0.17531716697254562,1.9,0.6418538861723947,1,0,1.0
18,2,10,3,0.0,1,0.9575116039672176,0.17531716697254562,0.7,-0.35667494393873245,0,0,1.0
18,2,11,1,0.0,0,0.9575116039672176,0.17531716697254562,0.7,-0.35667494393873245,0,0,0.0
18,2,11,2,4.0,1,0.9575116039672176,0.17531716697254562,1.9,0.6418538861723947,1,0,1.0
18,2,11,3,0.0,1,0.9575116039672176,0.17531716697254562,0.7,-0.35667494393873245,0,0,1.0
18,2,12,1,0.0,0,0.9575116039672176,0.17531716697254562,0.7,-0.35667494393873245,0,0,0.0
18,2,12,2,4.0,1,0.9575116039672176,0.17531716697254562,1.9,0.6418538861723947,1,0,1.0
18,2,12,3,0.0,1,0.9575116039672176,0.17531716697254562,0.7,-0.35667494393873245,0,0,1.0
18,2,13,1,0.0,0,0.9575116039672176,0.17531716697254562,0.7,-0.35667494393873245,0,0,0.0
18,2,13,2,4.0,1,0.9575116039672176,0.17531716697254562,1.9,0.6418538861723947,1,0,1.0
18,2,13,3,0.0,1,0.9575116039672176,0.17531716697254562,0.7,-0.35667494393873245,0,0,1.0
18,2,14,1,0.0,0,0.9575116039672176,0.17531716697254562,0.7,-0.35667494393873245,0,0,0.0
18,2,14,2,4.0,1,0.9575116039672176,0.17531716697254562,1.9,0.6418538861723947,1,0,1.0
18,2,14,3,0.0,1,0.9575116039672176,0.17531716697254562,0.7,-0.35667494393873245,0,0,1.0
18,2,15,1,0.0,0,0.9575116039672176,0.17531716697254562,0.7,-0.35667494393873245,0,0,0.0
18,2,15,2,4.0,1,0.9575116039672176,0.17531716697254562,1.9,0.6418538861723947,1,0,1.0
18,2,15,3,0.0,1,0.9575116039672176,0.17531716697254562,0.7,-0.35667494393873245,0,0,1.0
18,2,16,1,0.0,0,0.9575116039672176,0.17531716697254562,0.7,-0.35667494393873245,0,0,0.0
18,2,16,2,4.0,1,0.9575116039672176,0.17531716697254562,1.9,0.6418538861723947,1,0,1.0
18,2,16,3,0.0,1,0.9575116039672176,0.17531716697254562,0.7,-0.35667494393873245,0,0,1.0
18,2,17,1,0.0,0,0.9575116039672176,0.17531716697254562,0.7,-0.35667494393873245,0,0,0.0
18,2,17,2,4.0,1,0.9575116039672176,0.17531716697254562,1.9,0.6418538861723947,1,0,1.0
18,2,17,3,0.0,1,0.9575116039672176,0.17531716697254562,0.7,-0.35667494393873245,0,0,1.0
18,2,18,1,0.0,0,0.9575116039672176,0.17531716697254562,0.7,-0.35667494393873245,0,0,0.0
18,2,18,2,4.0,1,0.9575116039672176,0.17531716697254562,1.9,0.6418538861723947,1,0,1.0
18,2,18,3,0.0,1,0.9575116039672176,0.17531716697254562,0.7,-0.35667494393873245,0,0,1.0
18,2,19,1,0.0,0,0.9575116039672176,0.17531716697254562,0.7,-0.35667494393873245,0,0,0.0
18,2,19,2,4.0,1,0.9575116039672176,0.17531716697254562,1.9,0.6418538861723947,1,0,1.0
18,2,19,3,0.0,1,0.9575116039672176,0.17531716697254562,0.7,-0.35667494393873245,0,0,1.0
18,2,20,1,0.0,0,0.9575116039672176,0.17531716697254562,0.7,-0.35667494393873245,0,0,0.0
18,2,20,2,4.0,1,0.9575116039672176,0.17531716697254562,1.9,0.6418538861723947,1,0,1.0
18,2,20,3,0.0,1,0.9575116039672176,0.17531716697254562,0.7,-0.35667494393873245,0,0,1.0
18,1,1,1,8.701268667890183,1,0.9575116039672176,0.17531716697254562,3.310380600367055,1.197063167783855,0,1,1.0
18,1,1,2,0.0,1,0.9575116039672176,0.17531716697254562,0.7,-0.35667494393873245,0,1,1.0
18,1,1,3,0.0,1,0.9575116039672176,0.17531716697254562,0.7,-0.35667494393873245,1,1,1.0
18,1,2,1,4.701268667890183,0,0.9575116039672176,0.17531716697254562,2.110380600367055,0.7468683105424606,0,0,0.0
18,1,2,2,4.701268667890183,1,0.9575116039672176,0.17531716697254562,2.110380600367055,0.7468683105424606,0,0,1.0
18,1,2,3,0.0,1,0.9575116039672176,0.17531716697254562,0.7,-0.35667494393873245,1,0,1.0
18,1,3,1,0.0,0,0.9575116039672176,0.17531716697254562,0.7,-0.35667494393873245,0,0,0.0
18,1,3,2,2.7012686678901825,0,0.9575116039672176,0.17531716697254562,1.5103806003670548,0.4123616722899711,0,0,0.0
18,1,3,3,4.0,1,0.9575116039672176,0.17531716697254562,1.9,0.6418538861723947,1,0,1.0
18,1,4,1,0.0,0,0.9575116039672176,0.17531716697254562,0.7,-0.35667494393873245,0,0,0.0
18,1,4,2,0.0,0,0.9575116039672176,0.17531716697254562,0.7,-0.35667494393873245,0,0,0.0
18,1,4,3,2.0,1,0.9575116039672176,0.17531716697254562,1.2999999999999998,0.2623642644674909,1,0,1.0
18,1,5,1,0.0,0,0.9575116039672176,0.17531716697254562,0.7,-0.35667494393873245,0,0,0.0
18,1,5,2,0.0,0,0.9575116039672176,0.17531716697254562,0.7,-0.35667494393873245,0,0,0.0
18,1,5,3,2.0,1,0.9575116039672176,0.17531716697254562,1.2999999999999998,0.2623642644674909,1,0,1.0
18,1,6,1,0.0,0,0.9575116039672176,0.17531716697254562,0.7,-0.35667494393873245,0,0,0.0
18,1,6,2,0.0,0,0.9575116039672176,0.17531716697254562,0.7,-0.35667494393873245,0,0,0.0
18,1,6,3,2.0,1,0.9575116039672176,0.17531716697254562,1.2999999999999998,0.2623642644674909,1,0,1.0
18,1,7,1,0.0,0,0.9575116039672176,0.17531716697254562,0.7,-0.35667494393873245,0,0,0.0
18,1,7,2,0.0,0,0.9575116039672176,0.17531716697254562,0.7,-0.35667494393873245,0,0,0.0
18,1,7,3,2.0,1,0.9575116039672176,0.17531716697254562,1.2999999999999998,0.2623642644674909,1,0,1.0
18,1,8,1,0.0,0,0.9575116039672176,0.17531716697254562,0.7,-0.35667494393873245,0,0,0.0
18,1,8,2,0.0,0,0.9575116039672176,0.17531716697254562,0.7,-0.35667494393873245,0,0,0.0
18,1,8,3,2.0,1,0.9575116039672176,0.17531716697254562,1.2999999999999998,0.2623642644674909,1,0,1.0
18,1,9,1,0.0,0,0.9575116039672176,0.17531716697254562,0.7,-0.35667494393873245,0,0,0.0
18,1,9,2,0.0,0,0.9575116039672176,0.17531716697254562,0.7,-0.35667494393873245,0,0,0.0
18,1,9,3,2.0,1,0.9575116039672176,0.17531716697254562,1.2999999999999998,0.2623642644674909,1,0,1.0
18,1,10,1,0.0,0,0.9575116039672176,0.17531716697254562,0.7,-0.35667494393873245,0,0,0.0
18,1,10,2,0.0,0,0.9575116039672176,0.17531716697254562,0.7,-0.35667494393873245,0,0,0.0
18,1,10,3,2.0,1,0.9575116039672176,0.17531716697254562,1.2999999999999998,0.2623642644674909,1,0,1.0
18,1,11,1,0.0,0,0.9575116039672176,0.17531716697254562,0.7,-0.35667494393873245,0,0,0.0
18,1,11,2,0.0,0,0.9575116039672176,0.17531716697254562,0.7,-0.35667494393873245,0,0,0.0
18,1,11,3,2.0,1,0.9575116039672176,0.17531716697254562,1.2999999999999998,0.2623642644674909,1,0,1.0
18,1,12,1,0.0,0,0.9575116039672176,0.17531716697254562,0.7,-0.35667494393873245,0,0,0.0
18,1,12,2,0.0,0,0.9575116039672176,0.17531716697254562,0.7,-0.35667494393873245,0,0,0.0
18,1,12,3,2.0,1,0.9575116039672176,0.17531716697254562,1.2999999999999998,0.2623642644674909,1,0,1.0
18,1,13,1,0.0,0,0.9575116039672176,0.17531716697254562,0.7,-0.35667494393873245,0,0,0.0
18,1,13,2,0.0,0,0.9575116039672176,0.17531716697254562,0.7,-0.35667494393873245,0,0,0.0
18,1,13,3,2.0,1,0.9575116039672176,0.17531716697254562,1.2999999999999998,0.2623642644674909,1,0,1.0
18,1,14,1,0.0,0,0.9575116039672176,0.17531716697254562,0.7,-0.35667494393873245,0,0,0.0
18,1,14,2,0.0,0,0.9575116039672176,0.17531716697254562,0.7,-0.35667494393873245,0,0,0.0
18,1,14,3,2.0,1,0.9575116039672176,0.17531716697254562,1.2999999999999998,0.2623642644674909,1,0,1.0
18,1,15,1,0.0,0,0.9575116039672176,0.17531716697254562,0.7,-0.35667494393873245,0,0,0.0
18,1,15,2,0.0,0,0.9575116039672176,0.17531716697254562,0.7,-0.35667494393873245,0,0,0.0
18,1,15,3,2.0,1,0.9575116039672176,0.17531716697254562,1.2999999999999998,0.2623642644674909,1,0,1.0
18,1,16,1,0.0,0,0.9575116039672176,0.17531716697254562,0.7,-0.35667494393873245,0,0,0.0
18,1,16,2,0.0,0,0.9575116039672176,0.17531716697254562,0.7,-0.35667494393873245,0,0,0.0
18,1,16,3,2.0,1,0.9575116039672176,0.17531716697254562,1.2999999999999998,0.2623642644674909,1,0,1.0
18,1,17,1,0.0,0,0.9575116039672176,0.17531716697254562,0.7,-0.35667494393873245,0,0,0.0
18,1,17,2,0.0,0,0.9575116039672176,0.17531716697254562,0.7,-0.35667494393873245,0,0,0.0
18,1,17,3,2.0,1,0.9575116039672176,0.17531716697254562,1.2999999999999998,0.2623642644674909,1,0,1.0
18,1,18,1,0.0,0,0.9575116039672176,0.17531716697254562,0.7,-0.35667494393873245,0,0,0.0
18,1,18,2,0.0,0,0.9575116039672176,0.17531716697254562,0.7,-0.35667494393873245,0,0,0.0
18,1,18,3,2.0,1,0.9575116039672176,0.17531716697254562,1.2999999999999998,0.2623642644674909,1,0,1.0
18,1,19,1,0.0,0,0.9575116039672176,0.17531716697254562,0.7,-0.35667494393873245,0,0,0.0
18,1,19,2,0.0,0,0.9575116039672176,0.17531716697254562,0.7,-0.35667494393873245,0,0,0.0
18,1,19,3,2.0,1,0.9575116039672176,0.17531716697254562,1.2999999999999998,0.2623642644674909,1,0,1.0
18,1,20,1,0.0,0,0.9575116039672176,0.17531716697254562,0.7,-0.35667494393873245,0,0,0.0
18,1,20,2,0.0,0,0.9575116039672176,0.17531716697254562,0.7,-0.35667494393873245,0,0,0.0
18,1,20,3,2.0,1,0.9575116039672176,0.17531716697254562,1.2999999999999998,0.2623642644674909,1,0,1.0
19,3,1,1,13.746554019709308,1,0.8591596262318317,0.18373756259455476,4.823966205912792,1.5735964539925504,1,1,1.0
19,3,1,2,0.0,1,0.8591596262318317,0.18373756259455476,0.7,-0.35667494393873245,0,1,1.0
19,3,1,3,0.0,1,0.8591596262318317,0.18373756259455476,0.7,-0.35667494393873245,0,1,1.0
19,3,2,1,8.0,1,0.8591596262318317,0.18373756259455476,3.0999999999999996,1.1314021114911004,1,0,1.0
19,3,2,2,0.0,1,0.8591596262318317,0.18373756259455476,0.7,-0.35667494393873245,0,0,1.0
19,3,2,3,0.0,1,0.8591596262318317,0.18373756259455476,0.7,-0.35667494393873245,0,0,1.0
19,3,3,1,6.873277009854654,1,0.8591596262318317,0.18373756259455476,2.761983102956396,1.0159489372842438,1,0,1.0
19,3,3,2,0.0,1,0.8591596262318317,0.18373756259455476,0.7,-0.35667494393873245,0,0,1.0
19,3,3,3,0.0,1,0.8591596262318317,0.18373756259455476,0.7,-0.35667494393873245,0,0,1.0
19,3,4,1,6.873277009854654,1,0.8591596262318317,0.18373756259455476,2.761983102956396,1.0159489372842438,1,0,1.0
19,3,4,2,0.0,1,0.8591596262318317,0.18373756259455476,0.7,-0.35667494393873245,0,0,1.0
19,3,4,3,0.0,1,0.8591596262318317,0.18373756259455476,0.7,-0.35667494393873245,0,0,1.0
19,3,5,1,6.873277009854654,1,0.8591596262318317,0.18373756259455476,2.761983102956396,1.0159489372842438,1,0,1.0
19,3,5,2,0.0,1,0.8591596262318317,0.18373756259455476,0.7,-0.35667494393873245,0,0,1.0
19,3,5,3,0.0,1,0.8591596262318317,0.18373756259455476,0.7,-0.35667494393873245,0,0,1.0
19,3,6,1,6.873277009854654,1,0.8591596262318317,0.18373756259455476,2.761983102956396,1.0159489372842438,1,0,1.0
19,3,6,2,0.0,1,0.8591596262318317,0.18373756259455476,0.7,-0.35667494393873245,0,0,1.0
19,3,6,3,0.0,1,0.8591596262318317,0.18373756259455476,0.7,-0.35667494393873245,0,0,1.0
19,3,7,1,6.873277009854654,1,0.8591596262318317,0.18373756259455476,2.761983102956396,1.0159489372842438,1,0,1.0
19,3,7,2,0.0,1,0.8591596262318317,0.18373756259455476,0.7,-0.35667494393873245,0,0,1.0
19,3,7,3,0.0,1,0.8591596262318317,0.18373756259455476,0.7,-0.35667494393873245,0,0,1.0
19,3,8,1,6.873277009854654,1,0.8591596262318317,0.18373756259455476,2.761983102956396,1.0159489372842438,1,0,1.0
19,3,8,2,0.0,1,0.8591596262318317,0.18373756259455476,0.7,-0.35667494393873245,0,0,1.0
19,3,8,3,0.0,1,0.8591596262318317,0.18373756259455476,0.7,-0.35667494393873245,0,0,1.0
19,3,9,1,6.873277009854654,1,0.8591596262318317,0.18373756259455476,2.761983102956396,1.0159489372842438,1,0,1.0
19,3,9,2,0.0,1,0.8591596262318317,0.18373756259455476,0.7,-0.35667494393873245,0,0,1.0
19,3,9,3,0.0,1,0.8591596262318317,0.18373756259455476,0.7,-0.35667494393873245,0,0,1.0
19,3,10,1,6.873277009854654,1,0.8591596262318317,0.18373756259455476,2.761983102956396,1.0159489372842438,1,0,1.0
19,3,10,2,0.0,1,0.8591596262318317,0.18373756259455476,0.7,-0.35667494393873245,0,0,1.0
19,3,10,3,0.0,1,0.8591596262318317,0.18373756259455476,0.7,-0.35667494393873245,0,0,1.0
19,3,11,1,6.873277009854654,1,0.8591596262318317,0.18373756259455476,2.761983102956396,1.0159489372842438,1,0,1.0
19,3,11,2,0.0,1,0.8591596262318317,0.18373756259455476,0.7,-0.35667494393873245,0,0,1.0
19,3,11,3,0.0,1,0.8591596262318317,0.18373756259455476,0.7,-0.35667494393873245,0,0,1.0
19,3,12,1,6.873277009854654,1,0.8591596262318317,0.18373756259455476,2.761983102956396,1.0159489372842438,1,0,1.0
19,3,12,2,0.0,1,0.8591596262318317,0.18373756259455476,0.7,-0.35667494393873245,0,0,1.0
19,3,12,3,0.0,1,0.8591596262318317,0.18373756259455476,0.7,-0.35667494393873245,0,0,1.0
19,3,13,1,6.873277009854654,1,0.8591596262318317,0.18373756259455476,2.761983102956396,1.0159489372842438,1,0,1.0
19,3,13,2,0.0,1,0.8591596262318317,0.18373756259455476,0.7,-0.35667494393873245,0,0,1.0
19,3,13,3,0.0,1,0.8591596262318317,0.18373756259455476,0.7,-0.35667494393873245,0,0,1.0
19,3,14,1,6.873277009854654,1,0.8591596262318317,0.18373756259455476,2.761983102956396,1.0159489372842438,1,0,1.0
19,3,14,2,0.0,1,0.8591596262318317,0.18373756259455476,0.7,-0.35667494393873245,0,0,1.0
19,3,14,3,0.0,1,0.8591596262318317,0.18373756259455476,0.7,-0.35667494393873245,0,0,1.0
19,3,15,1,6.873277009854654,1,0.8591596262318317,0.18373756259455476,2.761983102956396,1.0159489372842438,1,0,1.0
19,3,15,2,0.0,1,0.8591596262318317,0.18373756259455476,0.7,-0.35667494393873245,0,0,1.0
19,3,15,3,0.0,1,0.8591596262318317,0.18373756259455476,0.7,-0.35667494393873245,0,0,1.0
19,3,16,1,6.873277009854654,1,0.8591596262318317,0.18373756259455476,2.761983102956396,1.0159489372842438,1,0,1.0
19,3,16,2,0.0,1,0.8591596262318317,0.18373756259455476,0.7,-0.35667494393873245,0,0,1.0
19,3,16,3,0.0,1,0.8591596262318317,0.18373756259455476,0.7,-0.35667494393873245,0,0,1.0
19,3,17,1,6.873277009854654,1,0.8591596262318317,0.18373756259455476,2.761983102956396,1.0159489372842438,1,0,1.0
19,3,17,2,0.0,1,0.8591596262318317,0.18373756259455476,0.7,-0.35667494393873245,0,0,1.0
19,3,17,3,0.0,1,0.8591596262318317,0.18373756259455476,0.7,-0.35667494393873245,0,0,1.0
19,3,18,1,6.873277009854654,1,0.8591596262318317,0.18373756259455476,2.761983102956396,1.0159489372842438,1,0,1.0
19,3,18,2,0.0,1,0.8591596262318317,0.18373756259455476,0.7,-0.35667494393873245,0,0,1.0
19,3,18,3,0.0,1,0.8591596262318317,0.18373756259455476,0.7,-0.35667494393873245,0,0,1.0
19,3,19,1,6.873277009854654,1,0.8591596262318317,0.18373756259455476,2.761983102956396,1.0159489372842438,1,0,1.0
19,3,19,2,0.0,1,0.8591596262318317,0.18373756259455476,0.7,-0.35667494393873245,0,0,1.0
19,3,19,3,0.0,1,0.8591596262318317,0.18373756259455476,0.7,-0.35667494393873245,0,0,1.0
19,3,20,1,6.873277009854654,1,0.8591596262318317,0.18373756259455476,2.761983102956396,1.0159489372842438,1,0,1.0
19,3,20,2,0.0,1,0.8591596262318317,0.18373756259455476,0.7,-0.35667494393873245,0,0,1.0
19,3,20,3,0.0,1,0.8591596262318317,0.18373756259455476,0.7,-0.35667494393873245,0,0,1.0
19,2,1,1,8.734950250378219,1,0.8591596262318317,0.18373756259455476,3.3204850751134654,1.2001108792177018,0,1,1.0
19,2,1,2,0.0,1,0.8591596262318317,0.18373756259455476,0.7,-0.35667494393873245,1,1,1.0
19,2,1,3,0.0,1,0.8591596262318317,0.18373756259455476,0.7,-0.35667494393873245,0,1,1.0
19,2,2,1,4.734950250378219,1,0.8591596262318317,0.18373756259455476,2.1204850751134656,0.7516448715269162,0,0,1.0
19,2,2,2,0.0,1,0.8591596262318317,0.18373756259455476,0.7,-0.35667494393873245,1,0,1.0
19,2,2,3,0.0,1,0.8591596262318317,0.18373756259455476,0.7,-0.35667494393873245,0,0,1.0
19,2,3,1,4.734950250378219,1,0.8591596262318317,0.18373756259455476,2.1204850751134656,0.7516448715269162,0,0,1.0
19,2,3,2,0.0,1,0.8591596262318317,0.18373756259455476,0.7,-0.35667494393873245,1,0,1.0
19,2,3,3,0.0,1,0.8591596262318317,0.18373756259455476,0.7,-0.35667494393873245,0,0,1.0
19,2,4,1,4.734950250378219,0,0.8591596262318317,0.18373756259455476,2.1204850751134656,0.7516448715269162,0,0,0.0
19,2,4,2,8.0,1,0.8591596262318317,0.18373756259455476,3.0999999999999996,1.1314021114911004,1,0,1.0
19,2,4,3,0.0,1,0.8591596262318317,0.18373756259455476,0.7,-0.35667494393873245,0,0,1.0
19,2,5,1,0.0,0,0.8591596262318317,0.18373756259455476,0.7,-0.35667494393873245,0,0,0.0
19,2,5,2,4.0,1,0.8591596262318317,0.18373756259455476,1.9,0.6418538861723947,1,0,1.0
19,2,5,3,0.0,1,0.8591596262318317,0.18373756259455476,0.7,-0.35667494393873245,0,0,1.0
19,2,6,1,0.0,0,0.8591596262318317,0.18373756259455476,0.7,-0.35667494393873245,0,0,0.0
19,2,6,2,4.0,1,0.8591596262318317,0.18373756259455476,1.9,0.6418538861723947,1,0,1.0
19,2,6,3,0.0,1,0.8591596262318317,0.18373756259455476,0.7,-0.35667494393873245,0,0,1.0
19,2,7,1,0.0,0,0.8591596262318317,0.18373756259455476,0.7,-0.35667494393873245,0,0,0.0
19,2,7,2,4.0,1,0.8591596262318317,0.18373756259455476,1.9,0.6418538861723947,1,0,1.0
19,2,7,3,0.0,1,0.8591596262318317,0.18373756259455476,0.7,-0.35667494393873245,0,0,1.0
19,2,8,1,0.0,0,0.8591596262318317,0.18373756259455476,0.7,-0.35667494393873245,0,0,0.0
19,2,8,2,4.0,1,0.8591596262318317,0.18373756259455476,1.9,0.6418538861723947,1,0,1.0
19,2,8,3,0.0,1,0.8591596262318317,0.18373756259455476,0.7,-0.35667494393873245,0,0,1.0
19,2,9,1,0.0,0,0.8591596262318317,0.18373756259455476,0.7,-0.35667494393873245,0,0,0.0
19,2,9,2,4.0,1,0.8591596262318317,0.18373756259455476,1.9,0.6418538861723947,1,0,1.0
19,2,9,3,0.0,1,0.8591596262318317,0.18373756259455476,0.7,-0.35667494393873245,0,0,1.0
19,2,10,1,0.0,0,0.8591596262318317,0.18373756259455476,0.7,-0.35667494393873245,0,0,0.0
19,2,10,2,4.0,1,0.8591596262318317,0.18373756259455476,1.9,0.6418538861723947,1,0,1.0
19,2,10,3,0.0,1,0.8591596262318317,0.18373756259455476,0.7,-0.35667494393873245,0,0,1.0
19,2,11,1,0.0,0,0.8591596262318317,0.18373756259455476,0.7,-0.35667494393873245,0,0,0.0
19,2,11,2,4.0,1,0.8591596262318317,0.18373756259455476,1.9,0.6418538861723947,1,0,1.0
19,2,11,3,0.0,1,0.8591596262318317,0.18373756259455476,0.7,-0.35667494393873245,0,0,1.0
19,2,12,1,0.0,0,0.8591596262318317,0.18373756259455476,0.7,-0.35667494393873245,0,0,0.0
19,2,12,2,4.0,1,0.8591596262318317,0.18373756259455476,1.9,0.6418538861723947,1,0,1.0
19,2,12,3,0.0,1,0.8591596262318317,0.18373756259455476,0.7,-0.35667494393873245,0,0,1.0
19,2,13,1,0.0,0,0.8591596262318317,0.18373756259455476,0.7,-0.35667494393873245,0,0,0.0
19,2,13,2,4.0,1,0.8591596262318317,0.18373756259455476,1.9,0.6418538861723947,1,0,1.0
19,2,13,3,0.0,1,0.8591596262318317,0.18373756259455476,0.7,-0.35667494393873245,0,0,1.0
19,2,14,1,0.0,0,0.8591596262318317,0.18373756259455476,0.7,-0.35667494393873245,0,0,0.0
19,2,14,2,4.0,1,0.8591596262318317,0.18373756259455476,1.9,0.6418538861723947,1,0,1.0
19,2,14,3,0.0,1,0.8591596262318317,0.18373756259455476,0.7,-0.35667494393873245,0,0,1.0
19,2,15,1,0.0,0,0.8591596262318317,0.18373756259455476,0.7,-0.35667494393873245,0,0,0.0
19,2,15,2,4.0,1,0.8591596262318317,0.18373756259455476,1.9,0.6418538861723947,1,0,1.0
19,2,15,3,0.0,1,0.8591596262318317,0.18373756259455476,0.7,-0.35667494393873245,0,0,1.0
19,2,16,1,0.0,0,0.8591596262318317,0.18373756259455476,0.7,-0.35667494393873245,0,0,0.0
19,2,16,2,4.0,1,0.8591596262318317,0.18373756259455476,1.9,0.6418538861723947,1,0,1.0
19,2,16,3,0.0,1,0.8591596262318317,0.18373756259455476,0.7,-0.35667494393873245,0,0,1.0
19,2,17,1,0.0,0,0.8591596262318317,0.18373756259455476,0.7,-0.35667494393873245,0,0,0.0
19,2,17,2,4.0,1,0.8591596262318317,0.18373756259455476,1.9,0.6418538861723947,1,0,1.0
19,2,17,3,0.0,1,0.8591596262318317,0.18373756259455476,0.7,-0.35667494393873245,0,0,1.0
19,2,18,1,0.0,0,0.8591596262318317,0.18373756259455476,0.7,-0.35667494393873245,0,0,0.0
19,2,18,2,4.0,1,0.8591596262318317,0.18373756259455476,1.9,0.6418538861723947,1,0,1.0
19,2,18,3,0.0,1,0.8591596262318317,0.18373756259455476,0.7,-0.35667494393873245,0,0,1.0
19,2,19,1,0.0,0,0.8591596262318317,0.18373756259455476,0.7,-0.35667494393873245,0,0,0.0
19,2,19,2,4.0,1,0.8591596262318317,0.18373756259455476,1.9,0.6418538861723947,1,0,1.0
19,2,19,3,0.0,1,0.8591596262318317,0.18373756259455476,0.7,-0.35667494393873245,0,0,1.0
19,2,20,1,0.0,0,0.8591596262318317,0.18373756259455476,0.7,-0.35667494393873245,0,0,0.0
19,2,20,2,4.0,1,0.8591596262318317,0.18373756259455476,1.9,0.6418538861723947,1,0,1.0
19,2,20,3,0.0,1,0.8591596262318317,0.18373756259455476,0.7,-0.35667494393873245,0,0,1.0
19,1,1,1,8.734950250378219,1,0.8591596262318317,0.18373756259455476,3.3204850751134654,1.2001108792177018,0,1,1.0
19,1,1,2,0.0,1,0.8591596262318317,0.18373756259455476,0.7,-0.35667494393873245,0,1,1.0
19,1,1,3,0.0,1,0.8591596262318317,0.18373756259455476,0.7,-0.35667494393873245,1,1,1.0
19,1,2,1,4.734950250378219,1,0.8591596262318317,0.18373756259455476,2.1204850751134656,0.7516448715269162,0,0,1.0
19,1,2,2,0.0,1,0.8591596262318317,0.18373756259455476,0.7,-0.35667494393873245,0,0,1.0
19,1,2,3,0.0,1,0.8591596262318317,0.18373756259455476,0.7,-0.35667494393873245,1,0,1.0
19,1,3,1,4.734950250378219,0,0.8591596262318317,0.18373756259455476,2.1204850751134656,0.7516448715269162,0,0,0.0
19,1,3,2,4.734950250378219,1,0.8591596262318317,0.18373756259455476,2.1204850751134656,0.7516448715269162,0,0,1.0
19,1,3,3,0.0,1,0.8591596262318317,0.18373756259455476,0.7,-0.35667494393873245,1,0,1.0
19,1,4,1,0.0,0,0.8591596262318317,0.18373756259455476,0.7,-0.35667494393873245,0,0,0.0
19,1,4,2,2.734950250378219,0,0.8591596262318317,0.18373756259455476,1.5204850751134655,0.4190294123116817,0,0,0.0
19,1,4,3,4.0,1,0.8591596262318317,0.18373756259455476,1.9,0.6418538861723947,1,0,1.0
19,1,5,1,0.0,0,0.8591596262318317,0.18373756259455476,0.7,-0.35667494393873245,0,0,0.0
19,1,5,2,0.0,0,0.8591596262318317,0.18373756259455476,0.7,-0.35667494393873245,0,0,0.0
19,1,5,3,2.0,1,0.8591596262318317,0.18373756259455476,1.2999999999999998,0.2623642644674909,1,0,1.0
19,1,6,1,0.0,0,0.8591596262318317,0.18373756259455476,0.7,-0.35667494393873245,0,0,0.0
19,1,6,2,0.0,0,0.8591596262318317,0.18373756259455476,0.7,-0.35667494393873245,0,0,0.0
19,1,6,3,2.0,1,0.8591596262318317,0.18373756259455476,1.2999999999999998,0.2623642644674909,1,0,1.0
19,1,7,1,0.0,0,0.8591596262318317,0.18373756259455476,0.7,-0.35667494393873245,0,0,0.0
19,1,7,2,0.0,0,0.8591596262318317,0.18373756259455476,0.7,-0.35667494393873245,0,0,0.0
19,1,7,3,2.0,1,0.8591596262318317,0.18373756259455476,1.2999999999999998,0.2623642644674909,1,0,1.0
19,1,8,1,0.0,0,0.8591596262318317,0.18373756259455476,0.7,-0.35667494393873245,0,0,0.0
19,1,8,2,0.0,0,0.8591596262318317,0.18373756259455476,0.7,-0.35667494393873245,0,0,0.0
19,1,8,3,2.0,1,0.8591596262318317,0.18373756259455476,1.2999999999999998,0.2623642644674909,1,0,1.0
19,1,9,1,0.0,0,0.8591596262318317,0.18373756259455476,0.7,-0.35667494393873245,0,0,0.0
19,1,9,2,0.0,0,0.8591596262318317,0.18373756259455476,0.7,-0.35667494393873245,0,0,0.0
19,1,9,3,2.0,1,0.8591596262318317,0.18373756259455476,1.2999999999999998,0.2623642644674909,1,0,1.0
19,1,10,1,0.0,0,0.8591596262318317,0.18373756259455476,0.7,-0.35667494393873245,0,0,0.0
19,1,10,2,0.0,0,0.8591596262318317,0.18373756259455476,0.7,-0.35667494393873245,0,0,0.0
19,1,10,3,2.0,1,0.8591596262318317,0.18373756259455476,1.2999999999999998,0.2623642644674909,1,0,1.0
19,1,11,1,0.0,0,0.8591596262318317,0.18373756259455476,0.7,-0.35667494393873245,0,0,0.0
19,1,11,2,0.0,0,0.8591596262318317,0.18373756259455476,0.7,-0.35667494393873245,0,0,0.0
19,1,11,3,2.0,1,0.8591596262318317,0.18373756259455476,1.2999999999999998,0.2623642644674909,1,0,1.0
19,1,12,1,0.0,0,0.8591596262318317,0.18373756259455476,0.7,-0.35667494393873245,0,0,0.0
19,1,12,2,0.0,0,0.8591596262318317,0.18373756259455476,0.7,-0.35667494393873245,0,0,0.0
19,1,12,3,2.0,1,0.8591596262318317,0.18373756259455476,1.2999999999999998,0.2623642644674909,1,0,1.0
19,1,13,1,0.0,0,0.8591596262318317,0.18373756259455476,0.7,-0.35667494393873245,0,0,0.0
19,1,13,2,0.0,0,0.8591596262318317,0.18373756259455476,0.7,-0.35667494393873245,0,0,0.0
19,1,13,3,2.0,1,0.8591596262318317,0.18373756259455476,1.2999999999999998,0.2623642644674909,1,0,1.0
19,1,14,1,0.0,0,0.8591596262318317,0.18373756259455476,0.7,-0.35667494393873245,0,0,0.0
19,1,14,2,0.0,0,0.8591596262318317,0.18373756259455476,0.7,-0.35667494393873245,0,0,0.0
19,1,14,3,2.0,1,0.8591596262318317,0.18373756259455476,1.2999999999999998,0.2623642644674909,1,0,1.0
19,1,15,1,0.0,0,0.8591596262318317,0.18373756259455476,0.7,-0.35667494393873245,0,0,0.0
19,1,15,2,0.0,0,0.8591596262318317,0.18373756259455476,0.7,-0.35667494393873245,0,0,0.0
19,1,15,3,2.0,1,0.8591596262318317,0.18373756259455476,1.2999999999999998,0.2623642644674909,1,0,1.0
19,1,16,1,0.0,0,0.8591596262318317,0.18373756259455476,0.7,-0.35667494393873245,0,0,0.0
19,1,16,2,0.0,0,0.8591596262318317,0.18373756259455476,0.7,-0.35667494393873245,0,0,0.0
19,1,16,3,2.0,1,0.8591596262318317,0.18373756259455476,1.2999999999999998,0.2623642644674909,1,0,1.0
19,1,17,1,0.0,0,0.8591596262318317,0.18373756259455476,0.7,-0.35667494393873245,0,0,0.0
19,1,17,2,0.0,0,0.8591596262318317,0.18373756259455476,0.7,-0.35667494393873245,0,0,0.0
19,1,17,3,2.0,1,0.8591596262318317,0.18373756259455476,1.2999999999999998,0.2623642644674909,1,0,1.0
19,1,18,1,0.0,0,0.8591596262318317,0.18373756259455476,0.7,-0.35667494393873245,0,0,0.0
19,1,18,2,0.0,0,0.8591596262318317,0.18373756259455476,0.7,-0.35667494393873245,0,0,0.0
19,1,18,3,2.0,1,0.8591596262318317,0.18373756259455476,1.2999999999999998,0.2623642644674909,1,0,1.0
19,1,19,1,0.0,0,0.8591596262318317,0.18373756259455476,0.7,-0.35667494393873245,0,0,0.0
19,1,19,2,0.0,0,0.8591596262318317,0.18373756259455476,0.7,-0.35667494393873245,0,0,0.0
19,1,19,3,2.0,1,0.8591596262318317,0.18373756259455476,1.2999999999999998,0.2623642644674909,1,0,1.0
19,1,20,1,0.0,0,0.8591596262318317,0.18373756259455476,0.7,-0.35667494393873245,0,0,0.0
19,1,20,2,0.0,0,0.8591596262318317,0.18373756259455476,0.7,-0.35667494393873245,0,0,0.0
19,1,20,3,2.0,1,0.8591596262318317,0.18373756259455476,1.2999999999999998,0.2623642644674909,1,0,1.0
